{
    "type": "FeatureCollection",
    "features": [
        {
            "type": "Feature",
            "geometry": {
                "type": "Point",
                "coordinates": [
                    56.0,
                    4.0
                ]
            },
            "properties": {
                "system_id": "INVEST_00",
                "confidence": 0.983432141670362,
                "uncertainty_std": 0.004963813349604607,
                "ci_95": [
                    0.9737030675051369,
                    0.993161215835587
                ],
                "lead_time_hrs": 48,
                "movement_vector": {
                    "dlat_24h": 0.0,
                    "dlon_24h": 0.0
                },
                "trajectory": {},
                "top_driver": "hgtprs",
                "ugrdprs": 0.0008899749373085797,
                "vgrdprs": 0.0009096122230403125,
                "vvelprs": 0.0008721892372705042,
                "tmpprs": 0.0008931400952860713,
                "rhprs": 0.0008766883984208107,
                "hgtprs": 0.0009231582516804338,
                "absvprs": 0.0008708921959623694,
                "pressfc": 7.215372897917405e-05,
                "capesfc": 3.5878609196515754e-05,
                "tmpsfc": 4.992512913304381e-05,
                "landmask": 5.7396355259697884e-05
            }
        },
        {
            "type": "Feature",
            "geometry": {
                "type": "Point",
                "coordinates": [
                    61.0,
                    4.0
                ]
            },
            "properties": {
                "system_id": "INVEST_00",
                "confidence": 0.9776676215124395,
                "uncertainty_std": 0.008383359760046005,
                "ci_95": [
                    0.9612362363827492,
                    0.9940990066421297
                ],
                "lead_time_hrs": 48,
                "movement_vector": {
                    "dlat_24h": 0.0,
                    "dlon_24h": 0.0
                },
                "trajectory": {},
                "top_driver": "hgtprs",
                "ugrdprs": 0.0018670832505449653,
                "vgrdprs": 0.0018020218703895807,
                "vvelprs": 0.0018250476568937302,
                "tmpprs": 0.0018988435622304678,
                "rhprs": 0.001894432003609836,
                "hgtprs": 0.0019834137056022882,
                "absvprs": 0.0018293337197974324,
                "pressfc": 0.00014870308223180473,
                "capesfc": 0.00011824015382444486,
                "tmpsfc": 8.766903192736208e-05,
                "landmask": 0.00015565555077046156
            }
        },
        {
            "type": "Feature",
            "geometry": {
                "type": "Point",
                "coordinates": [
                    8.0,
                    -11.0
                ]
            },
            "properties": {
                "system_id": "INVEST_00",
                "confidence": 0.9644249665998714,
                "uncertainty_std": 0.01480911299586296,
                "ci_95": [
                    0.93539910512798,
                    0.9934508280717629
                ],
                "lead_time_hrs": 48,
                "movement_vector": {
                    "dlat_24h": 0.0,
                    "dlon_24h": 0.0
                },
                "trajectory": {},
                "top_driver": "ugrdprs",
                "ugrdprs": 0.0014086911687627435,
                "vgrdprs": 0.001339482725597918,
                "vvelprs": 0.001287315972149372,
                "tmpprs": 0.0012650403659790754,
                "rhprs": 0.0012766752624884248,
                "hgtprs": 0.001361787668429315,
                "absvprs": 0.0012857753317803144,
                "pressfc": 8.807056292425841e-05,
                "capesfc": 5.5949025409063324e-05,
                "tmpsfc": 7.346540223807096e-05,
                "landmask": 9.05086490092799e-05
            }
        },
        {
            "type": "Feature",
            "geometry": {
                "type": "Point",
                "coordinates": [
                    43.0,
                    -3.0
                ]
            },
            "properties": {
                "system_id": "INVEST_00",
                "confidence": 0.9615021213627106,
                "uncertainty_std": 0.029510507360100746,
                "ci_95": [
                    0.9036615269369132,
                    1.0
                ],
                "lead_time_hrs": 48,
                "movement_vector": {
                    "dlat_24h": 0.0,
                    "dlon_24h": 0.0
                },
                "trajectory": {},
                "top_driver": "ugrdprs",
                "ugrdprs": 0.005283254664391279,
                "vgrdprs": 0.005258776713162661,
                "vvelprs": 0.004703503102064133,
                "tmpprs": 0.005155208520591259,
                "rhprs": 0.004632214084267616,
                "hgtprs": 0.004822789691388607,
                "absvprs": 0.004742207005620003,
                "pressfc": 0.00041771441465243697,
                "capesfc": 0.00019758690905291587,
                "tmpsfc": 0.00024750002194195986,
                "landmask": 0.0002474582870490849
            }
        },
        {
            "type": "Feature",
            "geometry": {
                "type": "Point",
                "coordinates": [
                    -3.0,
                    5.0
                ]
            },
            "properties": {
                "system_id": "INVEST_00",
                "confidence": 0.9548347386020587,
                "uncertainty_std": 0.011688070371747017,
                "ci_95": [
                    0.9319261206734345,
                    0.9777433565306829
                ],
                "lead_time_hrs": 48,
                "movement_vector": {
                    "dlat_24h": 0.0,
                    "dlon_24h": 0.0
                },
                "trajectory": {},
                "top_driver": "vvelprs",
                "ugrdprs": 0.0009578114841133356,
                "vgrdprs": 0.000899850856512785,
                "vvelprs": 0.0009895777329802513,
                "tmpprs": 0.000915235432330519,
                "rhprs": 0.000915367912966758,
                "hgtprs": 0.0009362188866361976,
                "absvprs": 0.000964456528890878,
                "pressfc": 4.492482912610285e-05,
                "capesfc": 4.451741187949665e-05,
                "tmpsfc": 4.2366656998638064e-05,
                "landmask": 5.003645128454082e-05
            }
        },
        {
            "type": "Feature",
            "geometry": {
                "type": "Point",
                "coordinates": [
                    13.0,
                    -11.0
                ]
            },
            "properties": {
                "system_id": "INVEST_00",
                "confidence": 0.9511932790692643,
                "uncertainty_std": 0.019890598952770233,
                "ci_95": [
                    0.9122077051218347,
                    0.990178853016694
                ],
                "lead_time_hrs": 48,
                "movement_vector": {
                    "dlat_24h": 0.0,
                    "dlon_24h": 0.0
                },
                "trajectory": {},
                "top_driver": "hgtprs",
                "ugrdprs": 0.0029651396907866,
                "vgrdprs": 0.002994616748765111,
                "vvelprs": 0.0029642554000020027,
                "tmpprs": 0.0030429603066295385,
                "rhprs": 0.00283932127058506,
                "hgtprs": 0.003163617104291916,
                "absvprs": 0.002997457282617688,
                "pressfc": 0.00015511825040448457,
                "capesfc": 0.00012662509107030928,
                "tmpsfc": 0.00011475655628601089,
                "landmask": 0.00020299965399317443
            }
        },
        {
            "type": "Feature",
            "geometry": {
                "type": "Point",
                "coordinates": [
                    -130.0,
                    22.0
                ]
            },
            "properties": {
                "system_id": "INVEST_00",
                "confidence": 0.945825951783443,
                "uncertainty_std": 0.01570727489888668,
                "ci_95": [
                    0.9150396929816251,
                    0.9766122105852608
                ],
                "lead_time_hrs": 48,
                "movement_vector": {
                    "dlat_24h": 0.0,
                    "dlon_24h": 0.0
                },
                "trajectory": {},
                "top_driver": "vvelprs",
                "ugrdprs": 0.0006553007406182587,
                "vgrdprs": 0.0006708705332130194,
                "vvelprs": 0.0007044125813990831,
                "tmpprs": 0.0006192150176502764,
                "rhprs": 0.0006348250899463892,
                "hgtprs": 0.0006879853317514062,
                "absvprs": 0.000604357395786792,
                "pressfc": 4.6381035645026714e-05,
                "capesfc": 4.0743936551734805e-05,
                "tmpsfc": 3.746434231288731e-05,
                "landmask": 4.2758914787555113e-05
            }
        },
        {
            "type": "Feature",
            "geometry": {
                "type": "Point",
                "coordinates": [
                    -9.0,
                    5.0
                ]
            },
            "properties": {
                "system_id": "INVEST_00",
                "confidence": 0.9453282366473159,
                "uncertainty_std": 0.02724876068532467,
                "ci_95": [
                    0.8919206657040796,
                    0.9987358075905522
                ],
                "lead_time_hrs": 48,
                "movement_vector": {
                    "dlat_24h": 0.0,
                    "dlon_24h": 0.0
                },
                "trajectory": {},
                "top_driver": "tmpprs",
                "ugrdprs": 0.0008983711013570428,
                "vgrdprs": 0.0008839002111926675,
                "vvelprs": 0.0009081372409127653,
                "tmpprs": 0.000924576073884964,
                "rhprs": 0.0008829836151562631,
                "hgtprs": 0.0008921021362766623,
                "absvprs": 0.0009050120715983212,
                "pressfc": 5.826794222230092e-05,
                "capesfc": 4.108918074052781e-05,
                "tmpsfc": 4.733884634333663e-05,
                "landmask": 4.740852091345005e-05
            }
        },
        {
            "type": "Feature",
            "geometry": {
                "type": "Point",
                "coordinates": [
                    53.0,
                    -1.0
                ]
            },
            "properties": {
                "system_id": "INVEST_00",
                "confidence": 0.9409010052003424,
                "uncertainty_std": 0.02413596399128437,
                "ci_95": [
                    0.893594515777425,
                    0.9882074946232597
                ],
                "lead_time_hrs": 48,
                "movement_vector": {
                    "dlat_24h": 0.0,
                    "dlon_24h": 0.0
                },
                "trajectory": {},
                "top_driver": "ugrdprs",
                "ugrdprs": 0.006821098737418652,
                "vgrdprs": 0.006247094366699457,
                "vvelprs": 0.006183480378240347,
                "tmpprs": 0.006574087776243687,
                "rhprs": 0.006413432769477367,
                "hgtprs": 0.006513696163892746,
                "absvprs": 0.006218285765498877,
                "pressfc": 0.0004571033641695976,
                "capesfc": 0.00032517907675355673,
                "tmpsfc": 0.0003848531632684171,
                "landmask": 0.0005498357932083309
            }
        },
        {
            "type": "Feature",
            "geometry": {
                "type": "Point",
                "coordinates": [
                    95.0,
                    4.0
                ]
            },
            "properties": {
                "system_id": "INVEST_00",
                "confidence": 0.9325694208115497,
                "uncertainty_std": 0.029754851013422012,
                "ci_95": [
                    0.8742499128252426,
                    0.9908889287978568
                ],
                "lead_time_hrs": 48,
                "movement_vector": {
                    "dlat_24h": 0.0,
                    "dlon_24h": 0.0
                },
                "trajectory": {},
                "top_driver": "tmpprs",
                "ugrdprs": 0.004181279335170984,
                "vgrdprs": 0.003944017458707094,
                "vvelprs": 0.0040956526063382626,
                "tmpprs": 0.004398242104798555,
                "rhprs": 0.004315911792218685,
                "hgtprs": 0.004214539658278227,
                "absvprs": 0.004280528519302607,
                "pressfc": 0.0002563282032497227,
                "capesfc": 0.00019293907098472118,
                "tmpsfc": 0.0002094884548569098,
                "landmask": 0.0004022739885840565
            }
        },
        {
            "type": "Feature",
            "geometry": {
                "type": "Point",
                "coordinates": [
                    -23.0,
                    19.0
                ]
            },
            "properties": {
                "system_id": "INVEST_00",
                "confidence": 0.9289126748596634,
                "uncertainty_std": 0.022730881348252296,
                "ci_95": [
                    0.8843601474170889,
                    0.973465202302238
                ],
                "lead_time_hrs": 48,
                "movement_vector": {
                    "dlat_24h": 0.0,
                    "dlon_24h": 0.0
                },
                "trajectory": {},
                "top_driver": "ugrdprs",
                "ugrdprs": 0.0003378630499355495,
                "vgrdprs": 0.0003194498422089964,
                "vvelprs": 0.0003307925653643906,
                "tmpprs": 0.00030831884942017496,
                "rhprs": 0.00031400410807691514,
                "hgtprs": 0.0003284925769548863,
                "absvprs": 0.00030918826814740896,
                "pressfc": 1.5196554159047082e-05,
                "capesfc": 2.063582905975636e-05,
                "tmpsfc": 1.7218228094861843e-05,
                "landmask": 2.6960660761687905e-05
            }
        },
        {
            "type": "Feature",
            "geometry": {
                "type": "Point",
                "coordinates": [
                    -125.0,
                    24.0
                ]
            },
            "properties": {
                "system_id": "INVEST_00",
                "confidence": 0.9199822739232217,
                "uncertainty_std": 0.02752898819744587,
                "ci_95": [
                    0.8660254570562278,
                    0.9739390907902157
                ],
                "lead_time_hrs": 48,
                "movement_vector": {
                    "dlat_24h": 0.0,
                    "dlon_24h": 0.0
                },
                "trajectory": {},
                "top_driver": "ugrdprs",
                "ugrdprs": 0.0003286667342763394,
                "vgrdprs": 0.00028843156178481877,
                "vvelprs": 0.0002985715982504189,
                "tmpprs": 0.00028386732446961105,
                "rhprs": 0.00030862758285366,
                "hgtprs": 0.0003175743331667036,
                "absvprs": 0.0002782570954877883,
                "pressfc": 1.7782887880457565e-05,
                "capesfc": 1.6840105672599748e-05,
                "tmpsfc": 1.6169322407222353e-05,
                "landmask": 2.810023579513654e-05
            }
        },
        {
            "type": "Feature",
            "geometry": {
                "type": "Point",
                "coordinates": [
                    6.0,
                    4.0
                ]
            },
            "properties": {
                "system_id": "INVEST_00",
                "confidence": 0.9105274188828031,
                "uncertainty_std": 0.03544890135526657,
                "ci_95": [
                    0.8410475722264806,
                    0.9800072655391255
                ],
                "lead_time_hrs": 48,
                "movement_vector": {
                    "dlat_24h": 0.0,
                    "dlon_24h": 0.0
                },
                "trajectory": {},
                "top_driver": "ugrdprs",
                "ugrdprs": 0.0017071394249796867,
                "vgrdprs": 0.0016977887134999037,
                "vvelprs": 0.001675597159191966,
                "tmpprs": 0.0016217292286455631,
                "rhprs": 0.001557515119202435,
                "hgtprs": 0.0016428736271336675,
                "absvprs": 0.0016687378520146012,
                "pressfc": 0.0001087284108507447,
                "capesfc": 7.987042772583663e-05,
                "tmpsfc": 6.626495451200753e-05,
                "landmask": 9.680218499852344e-05
            }
        },
        {
            "type": "Feature",
            "geometry": {
                "type": "Point",
                "coordinates": [
                    -17.0,
                    18.0
                ]
            },
            "properties": {
                "system_id": "INVEST_00",
                "confidence": 0.9100223092098637,
                "uncertainty_std": 0.054388467222452164,
                "ci_95": [
                    0.8034209134538575,
                    1.0
                ],
                "lead_time_hrs": 48,
                "movement_vector": {
                    "dlat_24h": 0.0,
                    "dlon_24h": 0.0
                },
                "trajectory": {},
                "top_driver": "vvelprs",
                "ugrdprs": 0.0013853376731276512,
                "vgrdprs": 0.0014421604573726654,
                "vvelprs": 0.0014576006215065718,
                "tmpprs": 0.001404694514349103,
                "rhprs": 0.0012935680570080876,
                "hgtprs": 0.0013525004032999277,
                "absvprs": 0.0013673952780663967,
                "pressfc": 8.918251842260361e-05,
                "capesfc": 6.988176028244197e-05,
                "tmpsfc": 5.460036845761351e-05,
                "landmask": 7.964661926962435e-05
            }
        },
        {
            "type": "Feature",
            "geometry": {
                "type": "Point",
                "coordinates": [
                    100.0,
                    4.0
                ]
            },
            "properties": {
                "system_id": "INVEST_00",
                "confidence": 0.9096517467473825,
                "uncertainty_std": 0.05063726752996445,
                "ci_95": [
                    0.8104027023886522,
                    1.0
                ],
                "lead_time_hrs": 48,
                "movement_vector": {
                    "dlat_24h": 0.0,
                    "dlon_24h": 0.0
                },
                "trajectory": {},
                "top_driver": "hgtprs",
                "ugrdprs": 0.009808245114982128,
                "vgrdprs": 0.009276757948100567,
                "vvelprs": 0.009434949606657028,
                "tmpprs": 0.009338293224573135,
                "rhprs": 0.009240043349564075,
                "hgtprs": 0.00989459827542305,
                "absvprs": 0.009298864752054214,
                "pressfc": 0.0006574433646164834,
                "capesfc": 0.000491963466629386,
                "tmpsfc": 0.00043445665505714715,
                "landmask": 0.0007810419774614275
            }
        },
        {
            "type": "Feature",
            "geometry": {
                "type": "Point",
                "coordinates": [
                    -31.0,
                    -8.0
                ]
            },
            "properties": {
                "system_id": "INVEST_00",
                "confidence": 0.901354423148445,
                "uncertainty_std": 0.024981215596199036,
                "ci_95": [
                    0.8523912405798949,
                    0.9503176057169952
                ],
                "lead_time_hrs": 48,
                "movement_vector": {
                    "dlat_24h": 0.0,
                    "dlon_24h": 0.0
                },
                "trajectory": {},
                "top_driver": "ugrdprs",
                "ugrdprs": 0.003751021809875965,
                "vgrdprs": 0.0036964546889066696,
                "vvelprs": 0.003603818593546748,
                "tmpprs": 0.0034694108180701733,
                "rhprs": 0.0035732039250433445,
                "hgtprs": 0.003663457464426756,
                "absvprs": 0.0036484375596046448,
                "pressfc": 0.0002121809811796993,
                "capesfc": 0.00015926749620120972,
                "tmpsfc": 0.00018454094242770225,
                "landmask": 0.000244371680309996
            }
        },
        {
            "type": "Feature",
            "geometry": {
                "type": "Point",
                "coordinates": [
                    32.0,
                    -2.0
                ]
            },
            "properties": {
                "system_id": "INVEST_00",
                "confidence": 0.8939823733026103,
                "uncertainty_std": 0.0551595538854599,
                "ci_95": [
                    0.7858696476871089,
                    1.0
                ],
                "lead_time_hrs": 48,
                "movement_vector": {
                    "dlat_24h": 0.0,
                    "dlon_24h": 0.0
                },
                "trajectory": {},
                "top_driver": "hgtprs",
                "ugrdprs": 0.007612233515828848,
                "vgrdprs": 0.0068496414460241795,
                "vvelprs": 0.00677862111479044,
                "tmpprs": 0.007415790110826492,
                "rhprs": 0.007297134026885033,
                "hgtprs": 0.007630778942257166,
                "absvprs": 0.0064070033840835094,
                "pressfc": 0.00034001265885308385,
                "capesfc": 0.0004272750811651349,
                "tmpsfc": 0.00035758211743086576,
                "landmask": 0.0007729237549938262
            }
        },
        {
            "type": "Feature",
            "geometry": {
                "type": "Point",
                "coordinates": [
                    -15.0,
                    9.0
                ]
            },
            "properties": {
                "system_id": "INVEST_00",
                "confidence": 0.8877713879006761,
                "uncertainty_std": 0.08708158135414124,
                "ci_95": [
                    0.7170914884465593,
                    1.0
                ],
                "lead_time_hrs": 48,
                "movement_vector": {
                    "dlat_24h": 0.0,
                    "dlon_24h": 0.0
                },
                "trajectory": {},
                "top_driver": "vgrdprs",
                "ugrdprs": 0.0021799716632813215,
                "vgrdprs": 0.002210464561358094,
                "vvelprs": 0.002160024829208851,
                "tmpprs": 0.0020400630310177803,
                "rhprs": 0.0020576706156134605,
                "hgtprs": 0.0021331619936972857,
                "absvprs": 0.002114084782078862,
                "pressfc": 0.0001571052271174267,
                "capesfc": 8.385720866499469e-05,
                "tmpsfc": 0.00011146568431286141,
                "landmask": 0.0001428984251106158
            }
        },
        {
            "type": "Feature",
            "geometry": {
                "type": "Point",
                "coordinates": [
                    142.0,
                    35.0
                ]
            },
            "properties": {
                "system_id": "INVEST_00",
                "confidence": 0.8866267057615782,
                "uncertainty_std": 0.04052405804395676,
                "ci_95": [
                    0.8071995519954229,
                    0.9660538595277335
                ],
                "lead_time_hrs": 48,
                "movement_vector": {
                    "dlat_24h": 0.0,
                    "dlon_24h": 0.0
                },
                "trajectory": {},
                "top_driver": "rhprs",
                "ugrdprs": 0.0025177057832479477,
                "vgrdprs": 0.0025200464297086,
                "vvelprs": 0.0023809229023754597,
                "tmpprs": 0.0024692697916179895,
                "rhprs": 0.0026479093357920647,
                "hgtprs": 0.002483365824446082,
                "absvprs": 0.0024862377904355526,
                "pressfc": 0.00014463430852629244,
                "capesfc": 0.00011296763841528445,
                "tmpsfc": 0.00012375149526633322,
                "landmask": 0.00011662904580589384
            }
        },
        {
            "type": "Feature",
            "geometry": {
                "type": "Point",
                "coordinates": [
                    -112.0,
                    7.0
                ]
            },
            "properties": {
                "system_id": "INVEST_00",
                "confidence": 0.8856972432714506,
                "uncertainty_std": 0.04527467489242554,
                "ci_95": [
                    0.7969588804822966,
                    0.9744356060606046
                ],
                "lead_time_hrs": 48,
                "movement_vector": {
                    "dlat_24h": 0.0,
                    "dlon_24h": 0.0
                },
                "trajectory": {},
                "top_driver": "ugrdprs",
                "ugrdprs": 0.0015386109007522464,
                "vgrdprs": 0.0014401964144781232,
                "vvelprs": 0.0014184161555022001,
                "tmpprs": 0.0014474353520199656,
                "rhprs": 0.0013573516625910997,
                "hgtprs": 0.0014046145370230079,
                "absvprs": 0.0014355054590851068,
                "pressfc": 6.253388710319996e-05,
                "capesfc": 7.358731818385422e-05,
                "tmpsfc": 7.083669333951548e-05,
                "landmask": 9.281558595830575e-05
            }
        },
        {
            "type": "Feature",
            "geometry": {
                "type": "Point",
                "coordinates": [
                    114.0,
                    16.0
                ]
            },
            "properties": {
                "system_id": "INVEST_00",
                "confidence": 0.8826989738139217,
                "uncertainty_std": 0.052025843411684036,
                "ci_95": [
                    0.780728320727021,
                    0.9846696269008224
                ],
                "lead_time_hrs": 48,
                "movement_vector": {
                    "dlat_24h": 0.0,
                    "dlon_24h": 0.0
                },
                "trajectory": {},
                "top_driver": "ugrdprs",
                "ugrdprs": 0.006431902758777142,
                "vgrdprs": 0.005874597001820803,
                "vvelprs": 0.005900688003748655,
                "tmpprs": 0.006258768495172262,
                "rhprs": 0.006380938459187746,
                "hgtprs": 0.006220076698809862,
                "absvprs": 0.006285334005951881,
                "pressfc": 0.0003748907765839249,
                "capesfc": 0.00026614079251885414,
                "tmpsfc": 0.00031894753919914365,
                "landmask": 0.00035847496474161744
            }
        },
        {
            "type": "Feature",
            "geometry": {
                "type": "Point",
                "coordinates": [
                    -98.0,
                    12.0
                ]
            },
            "properties": {
                "system_id": "INVEST_00",
                "confidence": 0.8701225698980285,
                "uncertainty_std": 0.01852770708501339,
                "ci_95": [
                    0.8338082640114023,
                    0.9064368757846547
                ],
                "lead_time_hrs": 48,
                "movement_vector": {
                    "dlat_24h": 0.0,
                    "dlon_24h": 0.0
                },
                "trajectory": {},
                "top_driver": "hgtprs",
                "ugrdprs": 0.002106072148308158,
                "vgrdprs": 0.0019890712574124336,
                "vvelprs": 0.0021598180755972862,
                "tmpprs": 0.0021515963599085808,
                "rhprs": 0.0019134825561195612,
                "hgtprs": 0.002161305397748947,
                "absvprs": 0.0020705575589090586,
                "pressfc": 9.356231021229178e-05,
                "capesfc": 0.00011730746336979792,
                "tmpsfc": 0.00012171362322987989,
                "landmask": 0.00014245092461351305
            }
        },
        {
            "type": "Feature",
            "geometry": {
                "type": "Point",
                "coordinates": [
                    -120.0,
                    27.0
                ]
            },
            "properties": {
                "system_id": "INVEST_00",
                "confidence": 0.8661247832233744,
                "uncertainty_std": 0.03379364311695099,
                "ci_95": [
                    0.7998892427141504,
                    0.9323603237325984
                ],
                "lead_time_hrs": 48,
                "movement_vector": {
                    "dlat_24h": 0.0,
                    "dlon_24h": 0.0
                },
                "trajectory": {},
                "top_driver": "vgrdprs",
                "ugrdprs": 0.001944507472217083,
                "vgrdprs": 0.0020838675554841757,
                "vvelprs": 0.0019858572632074356,
                "tmpprs": 0.00195703306235373,
                "rhprs": 0.001930063939653337,
                "hgtprs": 0.0020507914014160633,
                "absvprs": 0.0019945031963288784,
                "pressfc": 0.0001306248304899782,
                "capesfc": 9.065498306881636e-05,
                "tmpsfc": 9.24980704439804e-05,
                "landmask": 9.948897059075534e-05
            }
        },
        {
            "type": "Feature",
            "geometry": {
                "type": "Point",
                "coordinates": [
                    -102.0,
                    9.0
                ]
            },
            "properties": {
                "system_id": "INVEST_00",
                "confidence": 0.8627653946570404,
                "uncertainty_std": 0.08149024844169617,
                "ci_95": [
                    0.7030445077113159,
                    1.0
                ],
                "lead_time_hrs": 48,
                "movement_vector": {
                    "dlat_24h": 0.0,
                    "dlon_24h": 0.0
                },
                "trajectory": {},
                "top_driver": "ugrdprs",
                "ugrdprs": 0.001930237514898181,
                "vgrdprs": 0.001801793579943478,
                "vvelprs": 0.0018529730150476098,
                "tmpprs": 0.0017637332202866673,
                "rhprs": 0.001689840923063457,
                "hgtprs": 0.0019092425936833024,
                "absvprs": 0.0018263154197484255,
                "pressfc": 9.773950296221301e-05,
                "capesfc": 0.00010858609311981127,
                "tmpsfc": 8.810435974737629e-05,
                "landmask": 0.0001696805120445788
            }
        },
        {
            "type": "Feature",
            "geometry": {
                "type": "Point",
                "coordinates": [
                    -28.0,
                    17.0
                ]
            },
            "properties": {
                "system_id": "INVEST_00",
                "confidence": 0.8551909955933448,
                "uncertainty_std": 0.0791684165596962,
                "ci_95": [
                    0.7000208991363402,
                    1.0
                ],
                "lead_time_hrs": 48,
                "movement_vector": {
                    "dlat_24h": 0.0,
                    "dlon_24h": 0.0
                },
                "trajectory": {},
                "top_driver": "ugrdprs",
                "ugrdprs": 0.0019248205935582519,
                "vgrdprs": 0.0017692475812509656,
                "vvelprs": 0.0018953040707856417,
                "tmpprs": 0.0017045065760612488,
                "rhprs": 0.0018143148627132177,
                "hgtprs": 0.001887695980258286,
                "absvprs": 0.0017976115923374891,
                "pressfc": 7.715215906500816e-05,
                "capesfc": 9.575491276336834e-05,
                "tmpsfc": 8.154466922860593e-05,
                "landmask": 0.00017109100008383393
            }
        },
        {
            "type": "Feature",
            "geometry": {
                "type": "Point",
                "coordinates": [
                    -71.0,
                    32.0
                ]
            },
            "properties": {
                "system_id": "INVEST_00",
                "confidence": 0.8536816860398434,
                "uncertainty_std": 0.050376079976558685,
                "ci_95": [
                    0.7549445692857883,
                    0.9524188027938985
                ],
                "lead_time_hrs": 48,
                "movement_vector": {
                    "dlat_24h": 0.0,
                    "dlon_24h": 0.0
                },
                "trajectory": {},
                "top_driver": "ugrdprs",
                "ugrdprs": 0.0019882069900631905,
                "vgrdprs": 0.0019108504056930542,
                "vvelprs": 0.0018605835502967238,
                "tmpprs": 0.0019191121682524681,
                "rhprs": 0.0017870771698653698,
                "hgtprs": 0.0017944211140275002,
                "absvprs": 0.001749175600707531,
                "pressfc": 0.00011439061927376315,
                "capesfc": 0.00012383073044475168,
                "tmpsfc": 0.00010223664139630273,
                "landmask": 0.00011312621791148558
            }
        },
        {
            "type": "Feature",
            "geometry": {
                "type": "Point",
                "coordinates": [
                    110.0,
                    20.0
                ]
            },
            "properties": {
                "system_id": "INVEST_00",
                "confidence": 0.8532207047560915,
                "uncertainty_std": 0.08399239182472229,
                "ci_95": [
                    0.6885956167796358,
                    1.0
                ],
                "lead_time_hrs": 48,
                "movement_vector": {
                    "dlat_24h": 0.0,
                    "dlon_24h": 0.0
                },
                "trajectory": {},
                "top_driver": "ugrdprs",
                "ugrdprs": 0.0022997919004410505,
                "vgrdprs": 0.002178568858653307,
                "vvelprs": 0.0021569901145994663,
                "tmpprs": 0.002226753393188119,
                "rhprs": 0.002113743918016553,
                "hgtprs": 0.0022903934586793184,
                "absvprs": 0.002064526081085205,
                "pressfc": 0.00014625869516748935,
                "capesfc": 8.842499664751813e-05,
                "tmpsfc": 0.00012168718967586756,
                "landmask": 0.000170706189237535
            }
        },
        {
            "type": "Feature",
            "geometry": {
                "type": "Point",
                "coordinates": [
                    69.0,
                    -1.0
                ]
            },
            "properties": {
                "system_id": "INVEST_00",
                "confidence": 0.8517482066493273,
                "uncertainty_std": 0.04488738253712654,
                "ci_95": [
                    0.7637689368765592,
                    0.9397274764220953
                ],
                "lead_time_hrs": 48,
                "movement_vector": {
                    "dlat_24h": 0.0,
                    "dlon_24h": 0.0
                },
                "trajectory": {},
                "top_driver": "ugrdprs",
                "ugrdprs": 0.005608513485640287,
                "vgrdprs": 0.005270982161164284,
                "vvelprs": 0.005432351026684046,
                "tmpprs": 0.0054088737815618515,
                "rhprs": 0.005329749546945095,
                "hgtprs": 0.00560472346842289,
                "absvprs": 0.005245513282716274,
                "pressfc": 0.0003530439280439168,
                "capesfc": 0.00023701497411821038,
                "tmpsfc": 0.000279114959994331,
                "landmask": 0.000460373965324834
            }
        },
        {
            "type": "Feature",
            "geometry": {
                "type": "Point",
                "coordinates": [
                    42.0,
                    16.0
                ]
            },
            "properties": {
                "system_id": "INVEST_00",
                "confidence": 0.8495996997623737,
                "uncertainty_std": 0.10518195480108261,
                "ci_95": [
                    0.6434430683522518,
                    1.0
                ],
                "lead_time_hrs": 48,
                "movement_vector": {
                    "dlat_24h": 0.0,
                    "dlon_24h": 0.0
                },
                "trajectory": {},
                "top_driver": "tmpprs",
                "ugrdprs": 0.0016064891824498773,
                "vgrdprs": 0.0015853192890062928,
                "vvelprs": 0.0015281029045581818,
                "tmpprs": 0.0016571147134527564,
                "rhprs": 0.0015438997652381659,
                "hgtprs": 0.0015159667236730456,
                "absvprs": 0.0015890260692685843,
                "pressfc": 0.00010410002869321033,
                "capesfc": 7.899352203821763e-05,
                "tmpsfc": 5.7462475524516776e-05,
                "landmask": 7.552197348559275e-05
            }
        },
        {
            "type": "Feature",
            "geometry": {
                "type": "Point",
                "coordinates": [
                    101.0,
                    -3.0
                ]
            },
            "properties": {
                "system_id": "INVEST_00",
                "confidence": 0.8474607088528266,
                "uncertainty_std": 0.06503594666719437,
                "ci_95": [
                    0.7199902533851257,
                    0.9749311643205276
                ],
                "lead_time_hrs": 48,
                "movement_vector": {
                    "dlat_24h": 0.0,
                    "dlon_24h": 0.0
                },
                "trajectory": {},
                "top_driver": "ugrdprs",
                "ugrdprs": 0.00785831082612276,
                "vgrdprs": 0.007745472248643637,
                "vvelprs": 0.007838644087314606,
                "tmpprs": 0.0074443030171096325,
                "rhprs": 0.007370927836745977,
                "hgtprs": 0.007759107742458582,
                "absvprs": 0.007809145376086235,
                "pressfc": 0.0005066728335805237,
                "capesfc": 0.0003953960840590298,
                "tmpsfc": 0.00047150030150078237,
                "landmask": 0.0004075563920196146
            }
        },
        {
            "type": "Feature",
            "geometry": {
                "type": "Point",
                "coordinates": [
                    40.0,
                    -7.0
                ]
            },
            "properties": {
                "system_id": "INVEST_00",
                "confidence": 0.8431596204260859,
                "uncertainty_std": 0.1753443032503128,
                "ci_95": [
                    0.49948478605547286,
                    1.0
                ],
                "lead_time_hrs": 48,
                "movement_vector": {
                    "dlat_24h": 0.0,
                    "dlon_24h": 0.0
                },
                "trajectory": {},
                "top_driver": "tmpprs",
                "ugrdprs": 0.008667933754622936,
                "vgrdprs": 0.008714041672647,
                "vvelprs": 0.00804403331130743,
                "tmpprs": 0.009054905734956264,
                "rhprs": 0.00833364762365818,
                "hgtprs": 0.008602077141404152,
                "absvprs": 0.008262468501925468,
                "pressfc": 0.0006811320199631155,
                "capesfc": 0.0003564817307051271,
                "tmpsfc": 0.00046011211816221476,
                "landmask": 0.00040654317126609385
            }
        },
        {
            "type": "Feature",
            "geometry": {
                "type": "Point",
                "coordinates": [
                    14.0,
                    13.0
                ]
            },
            "properties": {
                "system_id": "INVEST_00",
                "confidence": 0.8407747010762453,
                "uncertainty_std": 0.11471571773290634,
                "ci_95": [
                    0.6159318943197489,
                    1.0
                ],
                "lead_time_hrs": 48,
                "movement_vector": {
                    "dlat_24h": 0.0,
                    "dlon_24h": 0.0
                },
                "trajectory": {},
                "top_driver": "ugrdprs",
                "ugrdprs": 0.0014800552744418383,
                "vgrdprs": 0.0013955235481262207,
                "vvelprs": 0.0013540491927415133,
                "tmpprs": 0.0014319047331809998,
                "rhprs": 0.0014477400109171867,
                "hgtprs": 0.0014048884622752666,
                "absvprs": 0.0013907371321693063,
                "pressfc": 9.075203706743196e-05,
                "capesfc": 5.8424495364306495e-05,
                "tmpsfc": 6.47283231955953e-05,
                "landmask": 6.68465654598549e-05
            }
        },
        {
            "type": "Feature",
            "geometry": {
                "type": "Point",
                "coordinates": [
                    -46.0,
                    -28.0
                ]
            },
            "properties": {
                "system_id": "INVEST_00",
                "confidence": 0.8366191864606767,
                "uncertainty_std": 0.07220558822154999,
                "ci_95": [
                    0.6950962335464387,
                    0.9781421393749147
                ],
                "lead_time_hrs": 48,
                "movement_vector": {
                    "dlat_24h": 0.0,
                    "dlon_24h": 0.0
                },
                "trajectory": {},
                "top_driver": "ugrdprs",
                "ugrdprs": 0.0014709013048559427,
                "vgrdprs": 0.0014081724220886827,
                "vvelprs": 0.001372671453282237,
                "tmpprs": 0.0014058954548090696,
                "rhprs": 0.00136781285982579,
                "hgtprs": 0.001419162261299789,
                "absvprs": 0.0013755308464169502,
                "pressfc": 8.81698215380311e-05,
                "capesfc": 7.18496012268588e-05,
                "tmpsfc": 6.563779606949538e-05,
                "landmask": 0.00010155879863305017
            }
        },
        {
            "type": "Feature",
            "geometry": {
                "type": "Point",
                "coordinates": [
                    146.0,
                    -16.0
                ]
            },
            "properties": {
                "system_id": "INVEST_00",
                "confidence": 0.8363354583710013,
                "uncertainty_std": 0.04767066612839699,
                "ci_95": [
                    0.7429009527593432,
                    0.9297699639826594
                ],
                "lead_time_hrs": 48,
                "movement_vector": {
                    "dlat_24h": 0.0,
                    "dlon_24h": 0.0
                },
                "trajectory": {},
                "top_driver": "tmpprs",
                "ugrdprs": 0.005353771150112152,
                "vgrdprs": 0.005331107415258884,
                "vvelprs": 0.004858603700995445,
                "tmpprs": 0.005383079871535301,
                "rhprs": 0.005041858181357384,
                "hgtprs": 0.00501168891787529,
                "absvprs": 0.004915135912597179,
                "pressfc": 0.00037814327515661716,
                "capesfc": 0.00020827585831284523,
                "tmpsfc": 0.00031532027060166,
                "landmask": 0.00028716979431919754
            }
        },
        {
            "type": "Feature",
            "geometry": {
                "type": "Point",
                "coordinates": [
                    -147.0,
                    6.0
                ]
            },
            "properties": {
                "system_id": "INVEST_00",
                "confidence": 0.8352864618842135,
                "uncertainty_std": 0.03603709116578102,
                "ci_95": [
                    0.7646537631992827,
                    0.9059191605691443
                ],
                "lead_time_hrs": 48,
                "movement_vector": {
                    "dlat_24h": 0.0,
                    "dlon_24h": 0.0
                },
                "trajectory": {},
                "top_driver": "ugrdprs",
                "ugrdprs": 0.003980842884629965,
                "vgrdprs": 0.0037328898906707764,
                "vvelprs": 0.0038674857933074236,
                "tmpprs": 0.003920015878975391,
                "rhprs": 0.0035867474507540464,
                "hgtprs": 0.0036137879360467196,
                "absvprs": 0.0039425622671842575,
                "pressfc": 0.0002674643765203655,
                "capesfc": 0.00021057679259683937,
                "tmpsfc": 0.00020866845443379134,
                "landmask": 0.00014527012535836548
            }
        },
        {
            "type": "Feature",
            "geometry": {
                "type": "Point",
                "coordinates": [
                    152.0,
                    -18.0
                ]
            },
            "properties": {
                "system_id": "INVEST_00",
                "confidence": 0.8350706069002207,
                "uncertainty_std": 0.05819638445973396,
                "ci_95": [
                    0.7210056933591422,
                    0.9491355204412992
                ],
                "lead_time_hrs": 48,
                "movement_vector": {
                    "dlat_24h": 0.0,
                    "dlon_24h": 0.0
                },
                "trajectory": {},
                "top_driver": "ugrdprs",
                "ugrdprs": 0.004625603090971708,
                "vgrdprs": 0.00412772037088871,
                "vvelprs": 0.0041641173884272575,
                "tmpprs": 0.0038357183802872896,
                "rhprs": 0.0038662937004119158,
                "hgtprs": 0.004469438921660185,
                "absvprs": 0.003847783198580146,
                "pressfc": 0.00029004501993767917,
                "capesfc": 0.0001823607599362731,
                "tmpsfc": 0.00024031760403886437,
                "landmask": 0.00042042764835059643
            }
        },
        {
            "type": "Feature",
            "geometry": {
                "type": "Point",
                "coordinates": [
                    132.0,
                    29.0
                ]
            },
            "properties": {
                "system_id": "INVEST_00",
                "confidence": 0.8347436946345598,
                "uncertainty_std": 0.08921485394239426,
                "ci_95": [
                    0.6598825809074671,
                    1.0
                ],
                "lead_time_hrs": 48,
                "movement_vector": {
                    "dlat_24h": 0.0,
                    "dlon_24h": 0.0
                },
                "trajectory": {},
                "top_driver": "vvelprs",
                "ugrdprs": 0.0010566579876467586,
                "vgrdprs": 0.001052193809300661,
                "vvelprs": 0.001105817616917193,
                "tmpprs": 0.0011030546156689525,
                "rhprs": 0.0010915308957919478,
                "hgtprs": 0.0010576768545433879,
                "absvprs": 0.0010407730005681515,
                "pressfc": 4.954929681844078e-05,
                "capesfc": 7.36651272745803e-05,
                "tmpsfc": 4.668827750720084e-05,
                "landmask": 5.9949681599391624e-05
            }
        },
        {
            "type": "Feature",
            "geometry": {
                "type": "Point",
                "coordinates": [
                    30.0,
                    -7.0
                ]
            },
            "properties": {
                "system_id": "INVEST_00",
                "confidence": 0.8342404514000316,
                "uncertainty_std": 0.08394306153059006,
                "ci_95": [
                    0.669712050800075,
                    0.9987688519999881
                ],
                "lead_time_hrs": 48,
                "movement_vector": {
                    "dlat_24h": 0.0,
                    "dlon_24h": 0.0
                },
                "trajectory": {},
                "top_driver": "ugrdprs",
                "ugrdprs": 0.006729268003255129,
                "vgrdprs": 0.00622782576829195,
                "vvelprs": 0.006278646178543568,
                "tmpprs": 0.00635320320725441,
                "rhprs": 0.0064802104607224464,
                "hgtprs": 0.006707476451992989,
                "absvprs": 0.006334586534649134,
                "pressfc": 0.00040664192056283355,
                "capesfc": 0.00031153857707977295,
                "tmpsfc": 0.0003827241307590157,
                "landmask": 0.0006472526583820581
            }
        },
        {
            "type": "Feature",
            "geometry": {
                "type": "Point",
                "coordinates": [
                    -110.0,
                    19.0
                ]
            },
            "properties": {
                "system_id": "INVEST_00",
                "confidence": 0.8321790816600785,
                "uncertainty_std": 0.04996393993496895,
                "ci_95": [
                    0.7342497593875393,
                    0.9301084039326176
                ],
                "lead_time_hrs": 48,
                "movement_vector": {
                    "dlat_24h": 0.0,
                    "dlon_24h": 0.0
                },
                "trajectory": {},
                "top_driver": "hgtprs",
                "ugrdprs": 0.0023044005502015352,
                "vgrdprs": 0.0021524892654269934,
                "vvelprs": 0.002225060947239399,
                "tmpprs": 0.0023110362235456705,
                "rhprs": 0.00236840290017426,
                "hgtprs": 0.002426300197839737,
                "absvprs": 0.0021365920547395945,
                "pressfc": 0.00010995767661370337,
                "capesfc": 0.00016493117436766624,
                "tmpsfc": 0.00014097077655605972,
                "landmask": 0.00013685536396224052
            }
        },
        {
            "type": "Feature",
            "geometry": {
                "type": "Point",
                "coordinates": [
                    34.0,
                    34.0
                ]
            },
            "properties": {
                "system_id": "INVEST_00",
                "confidence": 0.8311461246981114,
                "uncertainty_std": 0.06912823021411896,
                "ci_95": [
                    0.6956547934784383,
                    0.9666374559177846
                ],
                "lead_time_hrs": 48,
                "movement_vector": {
                    "dlat_24h": 0.0,
                    "dlon_24h": 0.0
                },
                "trajectory": {},
                "top_driver": "vgrdprs",
                "ugrdprs": 0.001491632079705596,
                "vgrdprs": 0.0015945022460073233,
                "vvelprs": 0.0015796009683981538,
                "tmpprs": 0.0015488176140934229,
                "rhprs": 0.0014937745872884989,
                "hgtprs": 0.0014842086238786578,
                "absvprs": 0.0015057200798764825,
                "pressfc": 0.0001199458638438955,
                "capesfc": 8.809623250272125e-05,
                "tmpsfc": 7.498508784919977e-05,
                "landmask": 9.749557648319751e-05
            }
        },
        {
            "type": "Feature",
            "geometry": {
                "type": "Point",
                "coordinates": [
                    137.0,
                    29.0
                ]
            },
            "properties": {
                "system_id": "INVEST_00",
                "confidence": 0.8259427665483431,
                "uncertainty_std": 0.056653909385204315,
                "ci_95": [
                    0.7149011041533426,
                    0.9369844289433436
                ],
                "lead_time_hrs": 48,
                "movement_vector": {
                    "dlat_24h": 0.0,
                    "dlon_24h": 0.0
                },
                "trajectory": {},
                "top_driver": "vgrdprs",
                "ugrdprs": 0.0019714138470590115,
                "vgrdprs": 0.001979724271222949,
                "vvelprs": 0.0018471338553354144,
                "tmpprs": 0.0018990824464708567,
                "rhprs": 0.001846394268795848,
                "hgtprs": 0.0018462748266756535,
                "absvprs": 0.001882811076939106,
                "pressfc": 0.00011670203093672171,
                "capesfc": 9.862895967671648e-05,
                "tmpsfc": 9.432029764866456e-05,
                "landmask": 0.0001122437824960798
            }
        },
        {
            "type": "Feature",
            "geometry": {
                "type": "Point",
                "coordinates": [
                    -2.0,
                    -1.0
                ]
            },
            "properties": {
                "system_id": "INVEST_00",
                "confidence": 0.824782701386306,
                "uncertainty_std": 0.09028186649084091,
                "ci_95": [
                    0.6478302430642578,
                    1.0
                ],
                "lead_time_hrs": 48,
                "movement_vector": {
                    "dlat_24h": 0.0,
                    "dlon_24h": 0.0
                },
                "trajectory": {},
                "top_driver": "ugrdprs",
                "ugrdprs": 0.002553422935307026,
                "vgrdprs": 0.0024080974981188774,
                "vvelprs": 0.002522986615076661,
                "tmpprs": 0.0022884521167725325,
                "rhprs": 0.0022281103301793337,
                "hgtprs": 0.002406502841040492,
                "absvprs": 0.002381859812885523,
                "pressfc": 0.0001261228899238631,
                "capesfc": 0.00011035846546292305,
                "tmpsfc": 0.00010648465831764042,
                "landmask": 0.00018337128858547658
            }
        },
        {
            "type": "Feature",
            "geometry": {
                "type": "Point",
                "coordinates": [
                    -25.0,
                    13.0
                ]
            },
            "properties": {
                "system_id": "INVEST_00",
                "confidence": 0.8159096054285002,
                "uncertainty_std": 0.2115027755498886,
                "ci_95": [
                    0.40136416535071856,
                    1.0
                ],
                "lead_time_hrs": 48,
                "movement_vector": {
                    "dlat_24h": 0.0,
                    "dlon_24h": 0.0
                },
                "trajectory": {},
                "top_driver": "vvelprs",
                "ugrdprs": 0.0018800286343321204,
                "vgrdprs": 0.001793173491023481,
                "vvelprs": 0.0019613809417933226,
                "tmpprs": 0.0016980526270344853,
                "rhprs": 0.0017568139592185616,
                "hgtprs": 0.0017872301395982504,
                "absvprs": 0.0017979651456698775,
                "pressfc": 8.550338679924607e-05,
                "capesfc": 9.684732503956184e-05,
                "tmpsfc": 8.67284179548733e-05,
                "landmask": 9.957327711163089e-05
            }
        },
        {
            "type": "Feature",
            "geometry": {
                "type": "Point",
                "coordinates": [
                    -155.0,
                    8.0
                ]
            },
            "properties": {
                "system_id": "INVEST_00",
                "confidence": 0.8148769827212343,
                "uncertainty_std": 0.055661529302597046,
                "ci_95": [
                    0.7057803852881441,
                    0.9239735801543245
                ],
                "lead_time_hrs": 48,
                "movement_vector": {
                    "dlat_24h": 0.0,
                    "dlon_24h": 0.0
                },
                "trajectory": {},
                "top_driver": "ugrdprs",
                "ugrdprs": 0.003538863267749548,
                "vgrdprs": 0.0031841667369008064,
                "vvelprs": 0.003342255251482129,
                "tmpprs": 0.00314325955696404,
                "rhprs": 0.002981039695441723,
                "hgtprs": 0.003330177627503872,
                "absvprs": 0.0034806602634489536,
                "pressfc": 0.00022154014732223004,
                "capesfc": 0.00019916397286579013,
                "tmpsfc": 0.0001551309396745637,
                "landmask": 0.00022552140580955893
            }
        },
        {
            "type": "Feature",
            "geometry": {
                "type": "Point",
                "coordinates": [
                    163.0,
                    2.0
                ]
            },
            "properties": {
                "system_id": "INVEST_00",
                "confidence": 0.8136740866052381,
                "uncertainty_std": 0.04820942133665085,
                "ci_95": [
                    0.7191836207854024,
                    0.9081645524250738
                ],
                "lead_time_hrs": 48,
                "movement_vector": {
                    "dlat_24h": 0.0,
                    "dlon_24h": 0.0
                },
                "trajectory": {},
                "top_driver": "hgtprs",
                "ugrdprs": 0.007483191788196564,
                "vgrdprs": 0.0071386913768947124,
                "vvelprs": 0.0074305227026343346,
                "tmpprs": 0.007233993615955114,
                "rhprs": 0.007273707073181868,
                "hgtprs": 0.007489824667572975,
                "absvprs": 0.007282322738319635,
                "pressfc": 0.0005495587829500437,
                "capesfc": 0.00042844805284403265,
                "tmpsfc": 0.00041808211244642735,
                "landmask": 0.0004891932476311922
            }
        },
        {
            "type": "Feature",
            "geometry": {
                "type": "Point",
                "coordinates": [
                    -37.0,
                    -14.0
                ]
            },
            "properties": {
                "system_id": "INVEST_00",
                "confidence": 0.8060250842707052,
                "uncertainty_std": 0.04445599764585495,
                "ci_95": [
                    0.7188913288848295,
                    0.8931588396565808
                ],
                "lead_time_hrs": 48,
                "movement_vector": {
                    "dlat_24h": 0.0,
                    "dlon_24h": 0.0
                },
                "trajectory": {},
                "top_driver": "ugrdprs",
                "ugrdprs": 0.003965534269809723,
                "vgrdprs": 0.003618080634623766,
                "vvelprs": 0.0037488536909222603,
                "tmpprs": 0.0034963078796863556,
                "rhprs": 0.003557960269972682,
                "hgtprs": 0.0038382119964808226,
                "absvprs": 0.0036590530071407557,
                "pressfc": 0.0002691787376534194,
                "capesfc": 0.00019966484978795052,
                "tmpsfc": 0.00020050056627951562,
                "landmask": 0.0002820999943651259
            }
        },
        {
            "type": "Feature",
            "geometry": {
                "type": "Point",
                "coordinates": [
                    109.0,
                    -2.0
                ]
            },
            "properties": {
                "system_id": "INVEST_00",
                "confidence": 0.8050652700723713,
                "uncertainty_std": 0.05381273850798607,
                "ci_95": [
                    0.6995923025967186,
                    0.910538237548024
                ],
                "lead_time_hrs": 48,
                "movement_vector": {
                    "dlat_24h": 0.0,
                    "dlon_24h": 0.0
                },
                "trajectory": {},
                "top_driver": "ugrdprs",
                "ugrdprs": 0.009004461579024792,
                "vgrdprs": 0.008286728523671627,
                "vvelprs": 0.008619128726422787,
                "tmpprs": 0.008396890945732594,
                "rhprs": 0.008683392778038979,
                "hgtprs": 0.008820305578410625,
                "absvprs": 0.00849966425448656,
                "pressfc": 0.0004591219185385853,
                "capesfc": 0.0003958461165893823,
                "tmpsfc": 0.0004993362817913294,
                "landmask": 0.0007083248347043991
            }
        },
        {
            "type": "Feature",
            "geometry": {
                "type": "Point",
                "coordinates": [
                    -142.0,
                    9.0
                ]
            },
            "properties": {
                "system_id": "INVEST_00",
                "confidence": 0.8046420502024149,
                "uncertainty_std": 0.10068917274475098,
                "ci_95": [
                    0.6072912716227029,
                    1.0
                ],
                "lead_time_hrs": 48,
                "movement_vector": {
                    "dlat_24h": 0.0,
                    "dlon_24h": 0.0
                },
                "trajectory": {},
                "top_driver": "ugrdprs",
                "ugrdprs": 0.0035746393259614706,
                "vgrdprs": 0.0032869952265173197,
                "vvelprs": 0.0035186035092920065,
                "tmpprs": 0.0034188460558652878,
                "rhprs": 0.0031424672342836857,
                "hgtprs": 0.003284256439656019,
                "absvprs": 0.0034953090362250805,
                "pressfc": 0.00023514567874372005,
                "capesfc": 0.00019377830903977156,
                "tmpsfc": 0.00017152715008705854,
                "landmask": 0.00013764692994300276
            }
        },
        {
            "type": "Feature",
            "geometry": {
                "type": "Point",
                "coordinates": [
                    111.0,
                    11.0
                ]
            },
            "properties": {
                "system_id": "INVEST_00",
                "confidence": 0.802861470624537,
                "uncertainty_std": 0.09322738647460938,
                "ci_95": [
                    0.6201357931343027,
                    0.9855871481147714
                ],
                "lead_time_hrs": 48,
                "movement_vector": {
                    "dlat_24h": 0.0,
                    "dlon_24h": 0.0
                },
                "trajectory": {},
                "top_driver": "tmpprs",
                "ugrdprs": 0.005332921165972948,
                "vgrdprs": 0.005170740187168121,
                "vvelprs": 0.0051156338304281235,
                "tmpprs": 0.005347668658941984,
                "rhprs": 0.0049942308105528355,
                "hgtprs": 0.0051812282763421535,
                "absvprs": 0.005070862825959921,
                "pressfc": 0.00024326825223397464,
                "capesfc": 0.0002775464963633567,
                "tmpsfc": 0.0002850375312846154,
                "landmask": 0.0003692682075779885
            }
        },
        {
            "type": "Feature",
            "geometry": {
                "type": "Point",
                "coordinates": [
                    -20.0,
                    26.0
                ]
            },
            "properties": {
                "system_id": "INVEST_00",
                "confidence": 0.8017920934102272,
                "uncertainty_std": 0.09268726408481598,
                "ci_95": [
                    0.6201250558039879,
                    0.9834591310164664
                ],
                "lead_time_hrs": 48,
                "movement_vector": {
                    "dlat_24h": 0.0,
                    "dlon_24h": 0.0
                },
                "trajectory": {},
                "top_driver": "hgtprs",
                "ugrdprs": 0.005651712417602539,
                "vgrdprs": 0.005290879402309656,
                "vvelprs": 0.005612286273390055,
                "tmpprs": 0.0056647262535989285,
                "rhprs": 0.005561517551541328,
                "hgtprs": 0.005849597044289112,
                "absvprs": 0.005398129113018513,
                "pressfc": 0.0005076866946183145,
                "capesfc": 0.0002609739312902093,
                "tmpsfc": 0.00034398367279209197,
                "landmask": 0.0003954242274630815
            }
        },
        {
            "type": "Feature",
            "geometry": {
                "type": "Point",
                "coordinates": [
                    6.0,
                    -1.0
                ]
            },
            "properties": {
                "system_id": "INVEST_00",
                "confidence": 0.8009104107734413,
                "uncertainty_std": 0.08961406350135803,
                "ci_95": [
                    0.6252668463107796,
                    0.976553975236103
                ],
                "lead_time_hrs": 48,
                "movement_vector": {
                    "dlat_24h": 0.0,
                    "dlon_24h": 0.0
                },
                "trajectory": {},
                "top_driver": "vvelprs",
                "ugrdprs": 0.005640899762511253,
                "vgrdprs": 0.005017215386033058,
                "vvelprs": 0.005676704458892345,
                "tmpprs": 0.0048288870602846146,
                "rhprs": 0.004703280981630087,
                "hgtprs": 0.005124283023178577,
                "absvprs": 0.00540291890501976,
                "pressfc": 0.0002890627656597644,
                "capesfc": 0.00030053395312279463,
                "tmpsfc": 0.00027286307886242867,
                "landmask": 0.00030005048029124737
            }
        },
        {
            "type": "Feature",
            "geometry": {
                "type": "Point",
                "coordinates": [
                    -64.0,
                    32.0
                ]
            },
            "properties": {
                "system_id": "INVEST_00",
                "confidence": 0.8003074288595557,
                "uncertainty_std": 0.11872004717588425,
                "ci_95": [
                    0.5676161363948227,
                    1.0
                ],
                "lead_time_hrs": 48,
                "movement_vector": {
                    "dlat_24h": 0.0,
                    "dlon_24h": 0.0
                },
                "trajectory": {},
                "top_driver": "ugrdprs",
                "ugrdprs": 0.002814335050061345,
                "vgrdprs": 0.002660101745277643,
                "vvelprs": 0.00258421222679317,
                "tmpprs": 0.0025349867064505816,
                "rhprs": 0.0024406888987869024,
                "hgtprs": 0.0027781929820775986,
                "absvprs": 0.0024986581411212683,
                "pressfc": 0.00022622020333074033,
                "capesfc": 0.00010486345126992092,
                "tmpsfc": 0.00013579658116213977,
                "landmask": 0.00012873331434093416
            }
        },
        {
            "type": "Feature",
            "geometry": {
                "type": "Point",
                "coordinates": [
                    149.0,
                    35.0
                ]
            },
            "properties": {
                "system_id": "INVEST_00",
                "confidence": 0.7987354984756946,
                "uncertainty_std": 0.05146350339055061,
                "ci_95": [
                    0.6978670318302154,
                    0.8996039651211738
                ],
                "lead_time_hrs": 48,
                "movement_vector": {
                    "dlat_24h": 0.0,
                    "dlon_24h": 0.0
                },
                "trajectory": {},
                "top_driver": "ugrdprs",
                "ugrdprs": 0.006739750038832426,
                "vgrdprs": 0.0062848650850355625,
                "vvelprs": 0.006179032381623983,
                "tmpprs": 0.006302776280790567,
                "rhprs": 0.006219575181603432,
                "hgtprs": 0.0063176508992910385,
                "absvprs": 0.006081212777644396,
                "pressfc": 0.0003010141081176698,
                "capesfc": 0.0003270087472628802,
                "tmpsfc": 0.00026723596965894103,
                "landmask": 0.00043106230441480875
            }
        },
        {
            "type": "Feature",
            "geometry": {
                "type": "Point",
                "coordinates": [
                    134.0,
                    -4.0
                ]
            },
            "properties": {
                "system_id": "INVEST_00",
                "confidence": 0.7937329056853895,
                "uncertainty_std": 0.07018861174583435,
                "ci_95": [
                    0.6561632266635542,
                    0.9313025847072247
                ],
                "lead_time_hrs": 48,
                "movement_vector": {
                    "dlat_24h": 0.0,
                    "dlon_24h": 0.0
                },
                "trajectory": {},
                "top_driver": "rhprs",
                "ugrdprs": 0.008626890368759632,
                "vgrdprs": 0.008155941031873226,
                "vvelprs": 0.00833115540444851,
                "tmpprs": 0.008533046580851078,
                "rhprs": 0.008786254562437534,
                "hgtprs": 0.008622429333627224,
                "absvprs": 0.00859788991510868,
                "pressfc": 0.000444824923761189,
                "capesfc": 0.00040793497464619577,
                "tmpsfc": 0.0005910077015869319,
                "landmask": 0.0006685820408165455
            }
        },
        {
            "type": "Feature",
            "geometry": {
                "type": "Point",
                "coordinates": [
                    -20.0,
                    5.0
                ]
            },
            "properties": {
                "system_id": "INVEST_00",
                "confidence": 0.7926982829965468,
                "uncertainty_std": 0.07508407533168793,
                "ci_95": [
                    0.6455334953464384,
                    0.9398630706466551
                ],
                "lead_time_hrs": 48,
                "movement_vector": {
                    "dlat_24h": 0.0,
                    "dlon_24h": 0.0
                },
                "trajectory": {},
                "top_driver": "ugrdprs",
                "ugrdprs": 0.004226546734571457,
                "vgrdprs": 0.0039488752372562885,
                "vvelprs": 0.004025462549179792,
                "tmpprs": 0.00411794101819396,
                "rhprs": 0.004104691091924906,
                "hgtprs": 0.003945528995245695,
                "absvprs": 0.00392321590334177,
                "pressfc": 0.00018326181452721357,
                "capesfc": 0.0002050992043223232,
                "tmpsfc": 0.00023699487792328,
                "landmask": 0.00023569032782688737
            }
        },
        {
            "type": "Feature",
            "geometry": {
                "type": "Point",
                "coordinates": [
                    127.0,
                    28.0
                ]
            },
            "properties": {
                "system_id": "INVEST_00",
                "confidence": 0.7906055578678161,
                "uncertainty_std": 0.06441696733236313,
                "ci_95": [
                    0.6643483018963843,
                    0.9168628138392478
                ],
                "lead_time_hrs": 48,
                "movement_vector": {
                    "dlat_24h": 0.0,
                    "dlon_24h": 0.0
                },
                "trajectory": {},
                "top_driver": "vgrdprs",
                "ugrdprs": 0.002150615444406867,
                "vgrdprs": 0.0021622790955007076,
                "vvelprs": 0.0020890352316200733,
                "tmpprs": 0.0020751666743308306,
                "rhprs": 0.00196515372954309,
                "hgtprs": 0.0020044853445142508,
                "absvprs": 0.002071769442409277,
                "pressfc": 0.0001495757169323042,
                "capesfc": 0.00010189971362706274,
                "tmpsfc": 9.131832484854385e-05,
                "landmask": 0.0001115838167606853
            }
        },
        {
            "type": "Feature",
            "geometry": {
                "type": "Point",
                "coordinates": [
                    177.0,
                    -2.0
                ]
            },
            "properties": {
                "system_id": "INVEST_00",
                "confidence": 0.7899260318213613,
                "uncertainty_std": 0.06853064149618149,
                "ci_95": [
                    0.6556059744888456,
                    0.9242460891538771
                ],
                "lead_time_hrs": 48,
                "movement_vector": {
                    "dlat_24h": 0.0,
                    "dlon_24h": 0.0
                },
                "trajectory": {},
                "top_driver": "ugrdprs",
                "ugrdprs": 0.006506673060357571,
                "vgrdprs": 0.006227169185876846,
                "vvelprs": 0.006420844700187445,
                "tmpprs": 0.006254404783248901,
                "rhprs": 0.006265444215387106,
                "hgtprs": 0.006433799397200346,
                "absvprs": 0.006330289877951145,
                "pressfc": 0.0005066286539658904,
                "capesfc": 0.0003700942324940115,
                "tmpsfc": 0.00042012688936665654,
                "landmask": 0.000314856122713536
            }
        },
        {
            "type": "Feature",
            "geometry": {
                "type": "Point",
                "coordinates": [
                    -116.0,
                    15.0
                ]
            },
            "properties": {
                "system_id": "INVEST_00",
                "confidence": 0.789410559553306,
                "uncertainty_std": 0.06596033275127411,
                "ci_95": [
                    0.6601283073608087,
                    0.9186928117458032
                ],
                "lead_time_hrs": 48,
                "movement_vector": {
                    "dlat_24h": 0.0,
                    "dlon_24h": 0.0
                },
                "trajectory": {},
                "top_driver": "ugrdprs",
                "ugrdprs": 0.0030355057679116726,
                "vgrdprs": 0.002780777867883444,
                "vvelprs": 0.0028295032680034637,
                "tmpprs": 0.0028011419344693422,
                "rhprs": 0.002853036392480135,
                "hgtprs": 0.0029496278148144484,
                "absvprs": 0.0027974415570497513,
                "pressfc": 0.00012558257731143385,
                "capesfc": 0.00013194631901569664,
                "tmpsfc": 0.00012420468556229025,
                "landmask": 0.0003140050102956593
            }
        },
        {
            "type": "Feature",
            "geometry": {
                "type": "Point",
                "coordinates": [
                    -146.0,
                    -8.0
                ]
            },
            "properties": {
                "system_id": "INVEST_00",
                "confidence": 0.7864377723177706,
                "uncertainty_std": 0.041048236191272736,
                "ci_95": [
                    0.705983229382876,
                    0.8668923152526651
                ],
                "lead_time_hrs": 48,
                "movement_vector": {
                    "dlat_24h": 0.0,
                    "dlon_24h": 0.0
                },
                "trajectory": {},
                "top_driver": "ugrdprs",
                "ugrdprs": 0.007900171913206577,
                "vgrdprs": 0.007875122129917145,
                "vvelprs": 0.007793596014380455,
                "tmpprs": 0.0076104989275336266,
                "rhprs": 0.007200660649687052,
                "hgtprs": 0.007585048209875822,
                "absvprs": 0.007255542557686567,
                "pressfc": 0.0004253369406796992,
                "capesfc": 0.0003917624708265066,
                "tmpsfc": 0.0005111909122206271,
                "landmask": 0.00042185522033832967
            }
        },
        {
            "type": "Feature",
            "geometry": {
                "type": "Point",
                "coordinates": [
                    -82.0,
                    10.0
                ]
            },
            "properties": {
                "system_id": "INVEST_00",
                "confidence": 0.7860559101024905,
                "uncertainty_std": 0.050941240042448044,
                "ci_95": [
                    0.6862110796192924,
                    0.8859007405856887
                ],
                "lead_time_hrs": 48,
                "movement_vector": {
                    "dlat_24h": 0.0,
                    "dlon_24h": 0.0
                },
                "trajectory": {},
                "top_driver": "hgtprs",
                "ugrdprs": 0.0033605468925088644,
                "vgrdprs": 0.0031403882894665003,
                "vvelprs": 0.0032859097700566053,
                "tmpprs": 0.0030560640152543783,
                "rhprs": 0.003069448284804821,
                "hgtprs": 0.00341493240557611,
                "absvprs": 0.0031458160374313593,
                "pressfc": 0.00021258289052639157,
                "capesfc": 0.00019885494839400053,
                "tmpsfc": 0.00014908763114362955,
                "landmask": 0.00018679193453863263
            }
        },
        {
            "type": "Feature",
            "geometry": {
                "type": "Point",
                "coordinates": [
                    139.0,
                    12.0
                ]
            },
            "properties": {
                "system_id": "INVEST_00",
                "confidence": 0.7856555251969424,
                "uncertainty_std": 0.0685339942574501,
                "ci_95": [
                    0.6513288964523402,
                    0.9199821539415446
                ],
                "lead_time_hrs": 48,
                "movement_vector": {
                    "dlat_24h": 0.0,
                    "dlon_24h": 0.0
                },
                "trajectory": {},
                "top_driver": "ugrdprs",
                "ugrdprs": 0.008445856161415577,
                "vgrdprs": 0.008010579273104668,
                "vvelprs": 0.0082390196621418,
                "tmpprs": 0.0077175237238407135,
                "rhprs": 0.007461900357156992,
                "hgtprs": 0.007878881879150867,
                "absvprs": 0.007740528788417578,
                "pressfc": 0.00039166046190075576,
                "capesfc": 0.00041577749652788043,
                "tmpsfc": 0.00043280248064547777,
                "landmask": 0.00044889701530337334
            }
        },
        {
            "type": "Feature",
            "geometry": {
                "type": "Point",
                "coordinates": [
                    120.0,
                    25.0
                ]
            },
            "properties": {
                "system_id": "INVEST_00",
                "confidence": 0.7850954045885675,
                "uncertainty_std": 0.09183204919099808,
                "ci_95": [
                    0.6051045881742113,
                    0.9650862210029237
                ],
                "lead_time_hrs": 48,
                "movement_vector": {
                    "dlat_24h": 0.0,
                    "dlon_24h": 0.0
                },
                "trajectory": {},
                "top_driver": "ugrdprs",
                "ugrdprs": 0.005965372547507286,
                "vgrdprs": 0.0057492004707455635,
                "vvelprs": 0.005154580809175968,
                "tmpprs": 0.005899096839129925,
                "rhprs": 0.005416457541286945,
                "hgtprs": 0.005391319282352924,
                "absvprs": 0.0055060191079974174,
                "pressfc": 0.0004434278525877744,
                "capesfc": 0.00021993643895257264,
                "tmpsfc": 0.00038729433435946703,
                "landmask": 0.0002987523330375552
            }
        },
        {
            "type": "Feature",
            "geometry": {
                "type": "Point",
                "coordinates": [
                    -59.0,
                    33.0
                ]
            },
            "properties": {
                "system_id": "INVEST_00",
                "confidence": 0.783620815477849,
                "uncertainty_std": 0.07598891109228134,
                "ci_95": [
                    0.6346825497369776,
                    0.9325590812187204
                ],
                "lead_time_hrs": 48,
                "movement_vector": {
                    "dlat_24h": 0.0,
                    "dlon_24h": 0.0
                },
                "trajectory": {},
                "top_driver": "ugrdprs",
                "ugrdprs": 0.003882487304508686,
                "vgrdprs": 0.0034483461640775204,
                "vvelprs": 0.0036442861892282963,
                "tmpprs": 0.0037175051402300596,
                "rhprs": 0.0036244532093405724,
                "hgtprs": 0.0036719264462590218,
                "absvprs": 0.0034372443333268166,
                "pressfc": 0.0002828914439305663,
                "capesfc": 0.00019106136460322887,
                "tmpsfc": 0.00017628628120291978,
                "landmask": 0.0002870794851332903
            }
        },
        {
            "type": "Feature",
            "geometry": {
                "type": "Point",
                "coordinates": [
                    -150.0,
                    11.0
                ]
            },
            "properties": {
                "system_id": "INVEST_00",
                "confidence": 0.7804188356724252,
                "uncertainty_std": 0.06098160892724991,
                "ci_95": [
                    0.6608948821750154,
                    0.8999427891698351
                ],
                "lead_time_hrs": 48,
                "movement_vector": {
                    "dlat_24h": 0.0,
                    "dlon_24h": 0.0
                },
                "trajectory": {},
                "top_driver": "ugrdprs",
                "ugrdprs": 0.0030292398296296597,
                "vgrdprs": 0.0027674937155097723,
                "vvelprs": 0.002866319613531232,
                "tmpprs": 0.0027417512610554695,
                "rhprs": 0.002633031690493226,
                "hgtprs": 0.002792813815176487,
                "absvprs": 0.0028511551208794117,
                "pressfc": 0.00016986958507914096,
                "capesfc": 0.00015370555047411472,
                "tmpsfc": 0.00013856498117092997,
                "landmask": 0.0002398466458544135
            }
        },
        {
            "type": "Feature",
            "geometry": {
                "type": "Point",
                "coordinates": [
                    -93.0,
                    12.0
                ]
            },
            "properties": {
                "system_id": "INVEST_00",
                "confidence": 0.7764396727490457,
                "uncertainty_std": 0.10037317126989365,
                "ci_95": [
                    0.5797082570600541,
                    0.9731710884380372
                ],
                "lead_time_hrs": 48,
                "movement_vector": {
                    "dlat_24h": 0.0,
                    "dlon_24h": 0.0
                },
                "trajectory": {},
                "top_driver": "absvprs",
                "ugrdprs": 0.0033941923175007105,
                "vgrdprs": 0.003189146751537919,
                "vvelprs": 0.0032985867001116276,
                "tmpprs": 0.0031927176751196384,
                "rhprs": 0.00305302650667727,
                "hgtprs": 0.003407518845051527,
                "absvprs": 0.0034597350750118494,
                "pressfc": 0.00023047685681376606,
                "capesfc": 0.00021651314455084503,
                "tmpsfc": 0.00015613922732882202,
                "landmask": 0.00017298337479587644
            }
        },
        {
            "type": "Feature",
            "geometry": {
                "type": "Point",
                "coordinates": [
                    -37.0,
                    -4.0
                ]
            },
            "properties": {
                "system_id": "INVEST_00",
                "confidence": 0.7749418929933088,
                "uncertainty_std": 0.06837424635887146,
                "ci_95": [
                    0.6409283701299208,
                    0.9089554158566969
                ],
                "lead_time_hrs": 48,
                "movement_vector": {
                    "dlat_24h": 0.0,
                    "dlon_24h": 0.0
                },
                "trajectory": {},
                "top_driver": "ugrdprs",
                "ugrdprs": 0.004220438655465841,
                "vgrdprs": 0.004071041475981474,
                "vvelprs": 0.00414291862398386,
                "tmpprs": 0.004017522092908621,
                "rhprs": 0.0038301984313875437,
                "hgtprs": 0.004056249745190144,
                "absvprs": 0.00420290045440197,
                "pressfc": 0.00017830688739195466,
                "capesfc": 0.00018182861094828695,
                "tmpsfc": 0.00023207603953778744,
                "landmask": 0.00040813226951286197
            }
        },
        {
            "type": "Feature",
            "geometry": {
                "type": "Point",
                "coordinates": [
                    -115.0,
                    27.0
                ]
            },
            "properties": {
                "system_id": "INVEST_00",
                "confidence": 0.7733454373116398,
                "uncertainty_std": 0.09604743868112564,
                "ci_95": [
                    0.5850924574966336,
                    0.9615984171266461
                ],
                "lead_time_hrs": 48,
                "movement_vector": {
                    "dlat_24h": 0.0,
                    "dlon_24h": 0.0
                },
                "trajectory": {},
                "top_driver": "vgrdprs",
                "ugrdprs": 0.005549371708184481,
                "vgrdprs": 0.005842417012900114,
                "vvelprs": 0.005508942063897848,
                "tmpprs": 0.00578290456905961,
                "rhprs": 0.005737429019063711,
                "hgtprs": 0.0055768792517483234,
                "absvprs": 0.005429627373814583,
                "pressfc": 0.00035465820110403,
                "capesfc": 0.0003382528084330261,
                "tmpsfc": 0.0003518787561915815,
                "landmask": 0.00031659408705309033
            }
        },
        {
            "type": "Feature",
            "geometry": {
                "type": "Point",
                "coordinates": [
                    -88.0,
                    11.0
                ]
            },
            "properties": {
                "system_id": "INVEST_00",
                "confidence": 0.770343121543351,
                "uncertainty_std": 0.06315651535987854,
                "ci_95": [
                    0.6465563514379891,
                    0.894129891648713
                ],
                "lead_time_hrs": 48,
                "movement_vector": {
                    "dlat_24h": 0.0,
                    "dlon_24h": 0.0
                },
                "trajectory": {},
                "top_driver": "vvelprs",
                "ugrdprs": 0.003156048711389303,
                "vgrdprs": 0.002964124083518982,
                "vvelprs": 0.003264940809458494,
                "tmpprs": 0.002974757459014654,
                "rhprs": 0.002944235224276781,
                "hgtprs": 0.0031757173128426075,
                "absvprs": 0.0031645626295357943,
                "pressfc": 0.00022950964921619743,
                "capesfc": 0.00019193250045645982,
                "tmpsfc": 0.00015440143761225045,
                "landmask": 0.00016943732043728232
            }
        },
        {
            "type": "Feature",
            "geometry": {
                "type": "Point",
                "coordinates": [
                    -107.0,
                    8.0
                ]
            },
            "properties": {
                "system_id": "INVEST_00",
                "confidence": 0.7687780446136062,
                "uncertainty_std": 0.14219467341899872,
                "ci_95": [
                    0.49007648471236875,
                    1.0
                ],
                "lead_time_hrs": 48,
                "movement_vector": {
                    "dlat_24h": 0.0,
                    "dlon_24h": 0.0
                },
                "trajectory": {},
                "top_driver": "ugrdprs",
                "ugrdprs": 0.0036549479700624943,
                "vgrdprs": 0.00340876798145473,
                "vvelprs": 0.003197925630956888,
                "tmpprs": 0.003546609077602625,
                "rhprs": 0.0033062759321182966,
                "hgtprs": 0.003517525503411889,
                "absvprs": 0.0033970859367400408,
                "pressfc": 0.00020071242761332542,
                "capesfc": 0.00019680534023791552,
                "tmpsfc": 0.00019628183508757502,
                "landmask": 0.0001996622740989551
            }
        },
        {
            "type": "Feature",
            "geometry": {
                "type": "Point",
                "coordinates": [
                    60.0,
                    21.0
                ]
            },
            "properties": {
                "system_id": "INVEST_00",
                "confidence": 0.7666057614045791,
                "uncertainty_std": 0.18093016743659973,
                "ci_95": [
                    0.41198263322884365,
                    1.0
                ],
                "lead_time_hrs": 48,
                "movement_vector": {
                    "dlat_24h": 0.0,
                    "dlon_24h": 0.0
                },
                "trajectory": {},
                "top_driver": "vvelprs",
                "ugrdprs": 0.0020883718971163034,
                "vgrdprs": 0.002021048218011856,
                "vvelprs": 0.002231512451544404,
                "tmpprs": 0.002189742401242256,
                "rhprs": 0.0022272812202572823,
                "hgtprs": 0.00208801100961864,
                "absvprs": 0.0020228226203471422,
                "pressfc": 0.00015256166807375848,
                "capesfc": 0.00011098258255515248,
                "tmpsfc": 0.00010541566007304937,
                "landmask": 0.0001245283492607996
            }
        },
        {
            "type": "Feature",
            "geometry": {
                "type": "Point",
                "coordinates": [
                    90.0,
                    4.0
                ]
            },
            "properties": {
                "system_id": "INVEST_00",
                "confidence": 0.7665012799884616,
                "uncertainty_std": 0.11082027852535248,
                "ci_95": [
                    0.5492935340787708,
                    0.9837090258981525
                ],
                "lead_time_hrs": 48,
                "movement_vector": {
                    "dlat_24h": 0.0,
                    "dlon_24h": 0.0
                },
                "trajectory": {},
                "top_driver": "tmpprs",
                "ugrdprs": 0.007778428494930267,
                "vgrdprs": 0.007536071818321943,
                "vvelprs": 0.007404569536447525,
                "tmpprs": 0.00820851605385542,
                "rhprs": 0.00814000703394413,
                "hgtprs": 0.007504537235945463,
                "absvprs": 0.00788157805800438,
                "pressfc": 0.00042265193769708276,
                "capesfc": 0.00030506314942613244,
                "tmpsfc": 0.00035568224848248065,
                "landmask": 0.000428338156780228
            }
        },
        {
            "type": "Feature",
            "geometry": {
                "type": "Point",
                "coordinates": [
                    -96.0,
                    28.0
                ]
            },
            "properties": {
                "system_id": "INVEST_00",
                "confidence": 0.7652393905898353,
                "uncertainty_std": 0.08328476548194885,
                "ci_95": [
                    0.6020012502452154,
                    0.9284775309344551
                ],
                "lead_time_hrs": 48,
                "movement_vector": {
                    "dlat_24h": 0.0,
                    "dlon_24h": 0.0
                },
                "trajectory": {},
                "top_driver": "vgrdprs",
                "ugrdprs": 0.0014171693474054337,
                "vgrdprs": 0.001473341602832079,
                "vvelprs": 0.0013834589626640081,
                "tmpprs": 0.0013891399139538407,
                "rhprs": 0.0013680754927918315,
                "hgtprs": 0.0013443412026390433,
                "absvprs": 0.0013657128438353539,
                "pressfc": 0.00010919399937847629,
                "capesfc": 7.117928907973692e-05,
                "tmpsfc": 6.242589006433263e-05,
                "landmask": 6.649626448052004e-05
            }
        },
        {
            "type": "Feature",
            "geometry": {
                "type": "Point",
                "coordinates": [
                    -113.0,
                    23.0
                ]
            },
            "properties": {
                "system_id": "INVEST_00",
                "confidence": 0.7646036668103899,
                "uncertainty_std": 0.11248854547739029,
                "ci_95": [
                    0.544126117674705,
                    0.9850812159460749
                ],
                "lead_time_hrs": 48,
                "movement_vector": {
                    "dlat_24h": 0.0,
                    "dlon_24h": 0.0
                },
                "trajectory": {},
                "top_driver": "tmpprs",
                "ugrdprs": 0.003106549847871065,
                "vgrdprs": 0.002801525639370084,
                "vvelprs": 0.0028031154070049524,
                "tmpprs": 0.003136661369353533,
                "rhprs": 0.002834614831954241,
                "hgtprs": 0.0029832201544195414,
                "absvprs": 0.0029179274570196867,
                "pressfc": 0.00011922010889975354,
                "capesfc": 0.00021729283616878092,
                "tmpsfc": 0.0001545230916235596,
                "landmask": 0.0002201134484494105
            }
        },
        {
            "type": "Feature",
            "geometry": {
                "type": "Point",
                "coordinates": [
                    138.0,
                    -10.0
                ]
            },
            "properties": {
                "system_id": "INVEST_00",
                "confidence": 0.7617766102784392,
                "uncertainty_std": 0.07186689972877502,
                "ci_95": [
                    0.6209174868100402,
                    0.9026357337468383
                ],
                "lead_time_hrs": 48,
                "movement_vector": {
                    "dlat_24h": 0.0,
                    "dlon_24h": 0.0
                },
                "trajectory": {},
                "top_driver": "vvelprs",
                "ugrdprs": 0.006217713933438063,
                "vgrdprs": 0.006022595334798098,
                "vvelprs": 0.006283532362431288,
                "tmpprs": 0.005914480425417423,
                "rhprs": 0.005702710710465908,
                "hgtprs": 0.006145316641777754,
                "absvprs": 0.006165503058582544,
                "pressfc": 0.0003336559748277068,
                "capesfc": 0.00032327414373867214,
                "tmpsfc": 0.0003090689133387059,
                "landmask": 0.00036697910400107503
            }
        },
        {
            "type": "Feature",
            "geometry": {
                "type": "Point",
                "coordinates": [
                    -152.0,
                    4.0
                ]
            },
            "properties": {
                "system_id": "INVEST_00",
                "confidence": 0.7609677890521171,
                "uncertainty_std": 0.10070552676916122,
                "ci_95": [
                    0.5635849565845612,
                    0.9583506215196731
                ],
                "lead_time_hrs": 48,
                "movement_vector": {
                    "dlat_24h": 0.0,
                    "dlon_24h": 0.0
                },
                "trajectory": {},
                "top_driver": "ugrdprs",
                "ugrdprs": 0.0042428383603692055,
                "vgrdprs": 0.003938506823033094,
                "vvelprs": 0.00396506953984499,
                "tmpprs": 0.0040915245190262794,
                "rhprs": 0.0038877318147569895,
                "hgtprs": 0.003865232225507498,
                "absvprs": 0.004146559163928032,
                "pressfc": 0.0002553838421590626,
                "capesfc": 0.00022446038201451302,
                "tmpsfc": 0.00021348358131945133,
                "landmask": 0.00018802900740411133
            }
        },
        {
            "type": "Feature",
            "geometry": {
                "type": "Point",
                "coordinates": [
                    104.0,
                    7.0
                ]
            },
            "properties": {
                "system_id": "INVEST_00",
                "confidence": 0.7604146714618542,
                "uncertainty_std": 0.08323991298675537,
                "ci_95": [
                    0.5972644420078136,
                    0.9235649009158947
                ],
                "lead_time_hrs": 48,
                "movement_vector": {
                    "dlat_24h": 0.0,
                    "dlon_24h": 0.0
                },
                "trajectory": {},
                "top_driver": "ugrdprs",
                "ugrdprs": 0.009861093945801258,
                "vgrdprs": 0.009111926890909672,
                "vvelprs": 0.009322232566773891,
                "tmpprs": 0.009449438191950321,
                "rhprs": 0.009482244960963726,
                "hgtprs": 0.009578933008015156,
                "absvprs": 0.009744358249008656,
                "pressfc": 0.0004907523398287594,
                "capesfc": 0.00045243866043165326,
                "tmpsfc": 0.0005117952241562307,
                "landmask": 0.0006867148913443089
            }
        },
        {
            "type": "Feature",
            "geometry": {
                "type": "Point",
                "coordinates": [
                    -105.0,
                    17.0
                ]
            },
            "properties": {
                "system_id": "INVEST_00",
                "confidence": 0.7584169412252054,
                "uncertainty_std": 0.06413853168487549,
                "ci_95": [
                    0.6327054191228495,
                    0.8841284633275613
                ],
                "lead_time_hrs": 48,
                "movement_vector": {
                    "dlat_24h": 0.0,
                    "dlon_24h": 0.0
                },
                "trajectory": {},
                "top_driver": "ugrdprs",
                "ugrdprs": 0.003033451735973358,
                "vgrdprs": 0.0028854322154074907,
                "vvelprs": 0.002926456741988659,
                "tmpprs": 0.002907917369157076,
                "rhprs": 0.0028316883835941553,
                "hgtprs": 0.0030161740723997355,
                "absvprs": 0.002964428160339594,
                "pressfc": 0.00018915699911303818,
                "capesfc": 0.00014580212882719934,
                "tmpsfc": 0.00017433679022360593,
                "landmask": 0.00018198223551735282
            }
        },
        {
            "type": "Feature",
            "geometry": {
                "type": "Point",
                "coordinates": [
                    105.0,
                    2.0
                ]
            },
            "properties": {
                "system_id": "INVEST_00",
                "confidence": 0.7545886673870842,
                "uncertainty_std": 0.09404265135526657,
                "ci_95": [
                    0.5702650707307617,
                    0.9389122640434067
                ],
                "lead_time_hrs": 48,
                "movement_vector": {
                    "dlat_24h": 0.0,
                    "dlon_24h": 0.0
                },
                "trajectory": {},
                "top_driver": "vvelprs",
                "ugrdprs": 0.008087466470897198,
                "vgrdprs": 0.007701480761170387,
                "vvelprs": 0.008176283910870552,
                "tmpprs": 0.007956008426845074,
                "rhprs": 0.007859213277697563,
                "hgtprs": 0.007897797971963882,
                "absvprs": 0.007638873066753149,
                "pressfc": 0.00041435848106630147,
                "capesfc": 0.0004373755946289748,
                "tmpsfc": 0.0005485036526806653,
                "landmask": 0.000608842063229531
            }
        },
        {
            "type": "Feature",
            "geometry": {
                "type": "Point",
                "coordinates": [
                    -34.0,
                    17.0
                ]
            },
            "properties": {
                "system_id": "INVEST_00",
                "confidence": 0.7523807913354771,
                "uncertainty_std": 0.08435163646936417,
                "ci_95": [
                    0.5870515838555234,
                    0.9177099988154308
                ],
                "lead_time_hrs": 48,
                "movement_vector": {
                    "dlat_24h": 0.0,
                    "dlon_24h": 0.0
                },
                "trajectory": {},
                "top_driver": "ugrdprs",
                "ugrdprs": 0.003942028619349003,
                "vgrdprs": 0.0035031051374971867,
                "vvelprs": 0.003933945205062628,
                "tmpprs": 0.003517976263538003,
                "rhprs": 0.003587481565773487,
                "hgtprs": 0.003743666922673583,
                "absvprs": 0.003635548986494541,
                "pressfc": 0.00017326681700069457,
                "capesfc": 0.00018836784875020385,
                "tmpsfc": 0.00016536354087293148,
                "landmask": 0.00025345009635202587
            }
        },
        {
            "type": "Feature",
            "geometry": {
                "type": "Point",
                "coordinates": [
                    -95.0,
                    7.0
                ]
            },
            "properties": {
                "system_id": "INVEST_00",
                "confidence": 0.7506452442986017,
                "uncertainty_std": 0.09814349561929703,
                "ci_95": [
                    0.5582839928847795,
                    0.9430064957124239
                ],
                "lead_time_hrs": 48,
                "movement_vector": {
                    "dlat_24h": 0.0,
                    "dlon_24h": 0.0
                },
                "trajectory": {},
                "top_driver": "hgtprs",
                "ugrdprs": 0.0036654716823250055,
                "vgrdprs": 0.0034308251924812794,
                "vvelprs": 0.0036808548029512167,
                "tmpprs": 0.003369484096765518,
                "rhprs": 0.003243495477363467,
                "hgtprs": 0.003774940501898527,
                "absvprs": 0.003539645578712225,
                "pressfc": 0.00027359568048268557,
                "capesfc": 0.00022306572645902634,
                "tmpsfc": 0.00015131874533835799,
                "landmask": 0.000217857159441337
            }
        },
        {
            "type": "Feature",
            "geometry": {
                "type": "Point",
                "coordinates": [
                    -87.0,
                    30.0
                ]
            },
            "properties": {
                "system_id": "INVEST_00",
                "confidence": 0.7461496130005538,
                "uncertainty_std": 0.18272154033184052,
                "ci_95": [
                    0.38801539395014645,
                    1.0
                ],
                "lead_time_hrs": 48,
                "movement_vector": {
                    "dlat_24h": 0.0,
                    "dlon_24h": 0.0
                },
                "trajectory": {},
                "top_driver": "hgtprs",
                "ugrdprs": 0.0013831793330609798,
                "vgrdprs": 0.0014310702681541443,
                "vvelprs": 0.0013705763267353177,
                "tmpprs": 0.0014144355664029717,
                "rhprs": 0.001397239277139306,
                "hgtprs": 0.0014456810895353556,
                "absvprs": 0.0013364126207306981,
                "pressfc": 9.589579713065177e-05,
                "capesfc": 8.22766960482113e-05,
                "tmpsfc": 6.523380579892546e-05,
                "landmask": 7.055123569443822e-05
            }
        },
        {
            "type": "Feature",
            "geometry": {
                "type": "Point",
                "coordinates": [
                    171.0,
                    -4.0
                ]
            },
            "properties": {
                "system_id": "INVEST_00",
                "confidence": 0.7455660057840858,
                "uncertainty_std": 0.09258271753787994,
                "ci_95": [
                    0.5641038794098412,
                    0.9270281321583305
                ],
                "lead_time_hrs": 48,
                "movement_vector": {
                    "dlat_24h": 0.0,
                    "dlon_24h": 0.0
                },
                "trajectory": {},
                "top_driver": "ugrdprs",
                "ugrdprs": 0.007091175764799118,
                "vgrdprs": 0.006692132912576199,
                "vvelprs": 0.0066312034614384174,
                "tmpprs": 0.006431533955037594,
                "rhprs": 0.006569151300936937,
                "hgtprs": 0.006785123143345118,
                "absvprs": 0.006560471374541521,
                "pressfc": 0.00045936094829812646,
                "capesfc": 0.0003359503753017634,
                "tmpsfc": 0.00036384607665240765,
                "landmask": 0.00038837522151879966
            }
        },
        {
            "type": "Feature",
            "geometry": {
                "type": "Point",
                "coordinates": [
                    37.0,
                    12.0
                ]
            },
            "properties": {
                "system_id": "INVEST_00",
                "confidence": 0.7452958030587281,
                "uncertainty_std": 0.22757086157798767,
                "ci_95": [
                    0.29925691436587226,
                    1.0
                ],
                "lead_time_hrs": 48,
                "movement_vector": {
                    "dlat_24h": 0.0,
                    "dlon_24h": 0.0
                },
                "trajectory": {},
                "top_driver": "vgrdprs",
                "ugrdprs": 0.0021700221113860607,
                "vgrdprs": 0.002340518869459629,
                "vvelprs": 0.0022063779179006815,
                "tmpprs": 0.0022966281976550817,
                "rhprs": 0.002147213788703084,
                "hgtprs": 0.0021797900553792715,
                "absvprs": 0.0020921104587614536,
                "pressfc": 0.00014690485841128975,
                "capesfc": 0.00014058426313567907,
                "tmpsfc": 0.0001327330246567726,
                "landmask": 0.00011724475189112127
            }
        },
        {
            "type": "Feature",
            "geometry": {
                "type": "Point",
                "coordinates": [
                    129.0,
                    15.0
                ]
            },
            "properties": {
                "system_id": "INVEST_00",
                "confidence": 0.7442702218924965,
                "uncertainty_std": 0.022470464929938316,
                "ci_95": [
                    0.7002281106298174,
                    0.7883123331551756
                ],
                "lead_time_hrs": 48,
                "movement_vector": {
                    "dlat_24h": 0.0,
                    "dlon_24h": 0.0
                },
                "trajectory": {},
                "top_driver": "ugrdprs",
                "ugrdprs": 0.00401568878442049,
                "vgrdprs": 0.0038505196571350098,
                "vvelprs": 0.0038884873501956463,
                "tmpprs": 0.0038408220279961824,
                "rhprs": 0.0037187919951975346,
                "hgtprs": 0.003897263901308179,
                "absvprs": 0.003971084952354431,
                "pressfc": 0.00021014740923419595,
                "capesfc": 0.00019300187705084682,
                "tmpsfc": 0.00021158203890081495,
                "landmask": 0.0003022403398063034
            }
        },
        {
            "type": "Feature",
            "geometry": {
                "type": "Point",
                "coordinates": [
                    -81.0,
                    31.0
                ]
            },
            "properties": {
                "system_id": "INVEST_00",
                "confidence": 0.7421060393924989,
                "uncertainty_std": 0.1594228297472,
                "ci_95": [
                    0.42963729308798687,
                    1.0
                ],
                "lead_time_hrs": 48,
                "movement_vector": {
                    "dlat_24h": 0.0,
                    "dlon_24h": 0.0
                },
                "trajectory": {},
                "top_driver": "tmpprs",
                "ugrdprs": 0.005397307686507702,
                "vgrdprs": 0.0052728657610714436,
                "vvelprs": 0.005299649201333523,
                "tmpprs": 0.005659264978021383,
                "rhprs": 0.005313823465257883,
                "hgtprs": 0.005216164048761129,
                "absvprs": 0.004952830728143454,
                "pressfc": 0.00035754306009039283,
                "capesfc": 0.0003654920437838882,
                "tmpsfc": 0.000259349966654554,
                "landmask": 0.000267350667854771
            }
        },
        {
            "type": "Feature",
            "geometry": {
                "type": "Point",
                "coordinates": [
                    -122.0,
                    16.0
                ]
            },
            "properties": {
                "system_id": "INVEST_00",
                "confidence": 0.7413804935002498,
                "uncertainty_std": 0.11120869219303131,
                "ci_95": [
                    0.5234114568019085,
                    0.9593495301985911
                ],
                "lead_time_hrs": 48,
                "movement_vector": {
                    "dlat_24h": 0.0,
                    "dlon_24h": 0.0
                },
                "trajectory": {},
                "top_driver": "hgtprs",
                "ugrdprs": 0.005327038932591677,
                "vgrdprs": 0.005389218684285879,
                "vvelprs": 0.005572617053985596,
                "tmpprs": 0.0050232126377522945,
                "rhprs": 0.00548715703189373,
                "hgtprs": 0.005662910174578428,
                "absvprs": 0.005158069543540478,
                "pressfc": 0.0002982912410516292,
                "capesfc": 0.0003384777228347957,
                "tmpsfc": 0.00026768018142320216,
                "landmask": 0.00045937555842101574
            }
        },
        {
            "type": "Feature",
            "geometry": {
                "type": "Point",
                "coordinates": [
                    3.0,
                    -11.0
                ]
            },
            "properties": {
                "system_id": "INVEST_00",
                "confidence": 0.7395988781338411,
                "uncertainty_std": 0.11023369431495667,
                "ci_95": [
                    0.523540837276526,
                    0.9556569189911561
                ],
                "lead_time_hrs": 48,
                "movement_vector": {
                    "dlat_24h": 0.0,
                    "dlon_24h": 0.0
                },
                "trajectory": {},
                "top_driver": "hgtprs",
                "ugrdprs": 0.005576902534812689,
                "vgrdprs": 0.005801795050501823,
                "vvelprs": 0.005474255420267582,
                "tmpprs": 0.005660647060722113,
                "rhprs": 0.0053759608417749405,
                "hgtprs": 0.0061174677684903145,
                "absvprs": 0.005523561034351587,
                "pressfc": 0.0002626666973810643,
                "capesfc": 0.00026566407177597284,
                "tmpsfc": 0.0002731640124693513,
                "landmask": 0.00033642794005572796
            }
        },
        {
            "type": "Feature",
            "geometry": {
                "type": "Point",
                "coordinates": [
                    -90.0,
                    22.0
                ]
            },
            "properties": {
                "system_id": "INVEST_00",
                "confidence": 0.7391353723908536,
                "uncertainty_std": 0.07409030944108963,
                "ci_95": [
                    0.5939183658863179,
                    0.8843523788953893
                ],
                "lead_time_hrs": 48,
                "movement_vector": {
                    "dlat_24h": 0.0,
                    "dlon_24h": 0.0
                },
                "trajectory": {},
                "top_driver": "ugrdprs",
                "ugrdprs": 0.0021127150394022465,
                "vgrdprs": 0.0018739061197265983,
                "vvelprs": 0.0018159071914851665,
                "tmpprs": 0.001814569579437375,
                "rhprs": 0.001825345098040998,
                "hgtprs": 0.0019236900843679905,
                "absvprs": 0.0018939460860565305,
                "pressfc": 0.0001244165759999305,
                "capesfc": 8.53974197525531e-05,
                "tmpsfc": 0.00012457172852009535,
                "landmask": 0.00014447217108681798
            }
        },
        {
            "type": "Feature",
            "geometry": {
                "type": "Point",
                "coordinates": [
                    155.0,
                    1.0
                ]
            },
            "properties": {
                "system_id": "INVEST_00",
                "confidence": 0.7380957613359569,
                "uncertainty_std": 0.05371706560254097,
                "ci_95": [
                    0.6328103127549766,
                    0.8433812099169372
                ],
                "lead_time_hrs": 48,
                "movement_vector": {
                    "dlat_24h": 0.0,
                    "dlon_24h": 0.0
                },
                "trajectory": {},
                "top_driver": "ugrdprs",
                "ugrdprs": 0.0051523009315133095,
                "vgrdprs": 0.004682548809796572,
                "vvelprs": 0.005148781929165125,
                "tmpprs": 0.004767282400280237,
                "rhprs": 0.004278263542801142,
                "hgtprs": 0.004784434102475643,
                "absvprs": 0.0049166991375386715,
                "pressfc": 0.0003126142546534538,
                "capesfc": 0.0002835331833921373,
                "tmpsfc": 0.0002432143228361383,
                "landmask": 0.0002852204779628664
            }
        },
        {
            "type": "Feature",
            "geometry": {
                "type": "Point",
                "coordinates": [
                    65.0,
                    25.0
                ]
            },
            "properties": {
                "system_id": "INVEST_00",
                "confidence": 0.7375487994556326,
                "uncertainty_std": 0.19485214352607727,
                "ci_95": [
                    0.35563859814452115,
                    1.0
                ],
                "lead_time_hrs": 48,
                "movement_vector": {
                    "dlat_24h": 0.0,
                    "dlon_24h": 0.0
                },
                "trajectory": {},
                "top_driver": "vgrdprs",
                "ugrdprs": 0.004839635919779539,
                "vgrdprs": 0.004860099870711565,
                "vvelprs": 0.0045011467300355434,
                "tmpprs": 0.004699105862528086,
                "rhprs": 0.004428845830261707,
                "hgtprs": 0.0044150687754154205,
                "absvprs": 0.004730076529085636,
                "pressfc": 0.0002969241177197546,
                "capesfc": 0.00018855628150049597,
                "tmpsfc": 0.00023448800493497401,
                "landmask": 0.00022244466526899487
            }
        },
        {
            "type": "Feature",
            "geometry": {
                "type": "Point",
                "coordinates": [
                    121.0,
                    33.0
                ]
            },
            "properties": {
                "system_id": "INVEST_00",
                "confidence": 0.7353808647994934,
                "uncertainty_std": 0.05468745902180672,
                "ci_95": [
                    0.6281934451167522,
                    0.8425682844822345
                ],
                "lead_time_hrs": 48,
                "movement_vector": {
                    "dlat_24h": 0.0,
                    "dlon_24h": 0.0
                },
                "trajectory": {},
                "top_driver": "hgtprs",
                "ugrdprs": 0.003837076248601079,
                "vgrdprs": 0.0036537291016429663,
                "vvelprs": 0.003765612840652466,
                "tmpprs": 0.003476836485788226,
                "rhprs": 0.0038222186267375946,
                "hgtprs": 0.003943516872823238,
                "absvprs": 0.0035911311861127615,
                "pressfc": 0.00018410300253890455,
                "capesfc": 0.0002057754754787311,
                "tmpsfc": 0.0001606861042091623,
                "landmask": 0.0003125547955278307
            }
        },
        {
            "type": "Feature",
            "geometry": {
                "type": "Point",
                "coordinates": [
                    160.0,
                    -5.0
                ]
            },
            "properties": {
                "system_id": "INVEST_00",
                "confidence": 0.7350199148775114,
                "uncertainty_std": 0.032572053372859955,
                "ci_95": [
                    0.6711786902667058,
                    0.7988611394883169
                ],
                "lead_time_hrs": 48,
                "movement_vector": {
                    "dlat_24h": 0.0,
                    "dlon_24h": 0.0
                },
                "trajectory": {},
                "top_driver": "ugrdprs",
                "ugrdprs": 0.0052550737746059895,
                "vgrdprs": 0.005087079480290413,
                "vvelprs": 0.005124020855873823,
                "tmpprs": 0.004899686202406883,
                "rhprs": 0.004878270905464888,
                "hgtprs": 0.004734824877232313,
                "absvprs": 0.004816937725991011,
                "pressfc": 0.00027911682263948023,
                "capesfc": 0.00024676372413523495,
                "tmpsfc": 0.00024344274424947798,
                "landmask": 0.0004042498185299337
            }
        },
        {
            "type": "Feature",
            "geometry": {
                "type": "Point",
                "coordinates": [
                    -136.0,
                    -14.0
                ]
            },
            "properties": {
                "system_id": "INVEST_00",
                "confidence": 0.7347249585069558,
                "uncertainty_std": 0.09699342399835587,
                "ci_95": [
                    0.5446178474701784,
                    0.9248320695437333
                ],
                "lead_time_hrs": 48,
                "movement_vector": {
                    "dlat_24h": 0.0,
                    "dlon_24h": 0.0
                },
                "trajectory": {},
                "top_driver": "ugrdprs",
                "ugrdprs": 0.0033988875802606344,
                "vgrdprs": 0.0031898499000817537,
                "vvelprs": 0.0032698530703783035,
                "tmpprs": 0.0029299920424818993,
                "rhprs": 0.0032894774340093136,
                "hgtprs": 0.0033157106954604387,
                "absvprs": 0.0032496994826942682,
                "pressfc": 0.00017417217895854264,
                "capesfc": 0.00014196746633388102,
                "tmpsfc": 0.00012464252358768135,
                "landmask": 0.00028939027106389403
            }
        },
        {
            "type": "Feature",
            "geometry": {
                "type": "Point",
                "coordinates": [
                    138.0,
                    -15.0
                ]
            },
            "properties": {
                "system_id": "INVEST_00",
                "confidence": 0.7326468670667982,
                "uncertainty_std": 0.13520672917366028,
                "ci_95": [
                    0.467641677886424,
                    0.9976520562471722
                ],
                "lead_time_hrs": 48,
                "movement_vector": {
                    "dlat_24h": 0.0,
                    "dlon_24h": 0.0
                },
                "trajectory": {},
                "top_driver": "ugrdprs",
                "ugrdprs": 0.008548338897526264,
                "vgrdprs": 0.007476255297660828,
                "vvelprs": 0.008049413561820984,
                "tmpprs": 0.008226337842643261,
                "rhprs": 0.008154542185366154,
                "hgtprs": 0.00824938714504242,
                "absvprs": 0.0081107746809721,
                "pressfc": 0.00037479406455531716,
                "capesfc": 0.00043398208799771965,
                "tmpsfc": 0.000495468731969595,
                "landmask": 0.0007515784236602485
            }
        },
        {
            "type": "Feature",
            "geometry": {
                "type": "Point",
                "coordinates": [
                    -160.0,
                    8.0
                ]
            },
            "properties": {
                "system_id": "INVEST_00",
                "confidence": 0.7323440075654906,
                "uncertainty_std": 0.0918593630194664,
                "ci_95": [
                    0.5522996560473364,
                    0.9123883590836447
                ],
                "lead_time_hrs": 48,
                "movement_vector": {
                    "dlat_24h": 0.0,
                    "dlon_24h": 0.0
                },
                "trajectory": {},
                "top_driver": "ugrdprs",
                "ugrdprs": 0.003650215221568942,
                "vgrdprs": 0.0032633324153721333,
                "vvelprs": 0.003418769221752882,
                "tmpprs": 0.0033258211333304644,
                "rhprs": 0.0030880128033459187,
                "hgtprs": 0.0034761601127684116,
                "absvprs": 0.003440029453486204,
                "pressfc": 0.00022806072956882417,
                "capesfc": 0.00017391075380146503,
                "tmpsfc": 0.0001710582000669092,
                "landmask": 0.00019988026178907603
            }
        },
        {
            "type": "Feature",
            "geometry": {
                "type": "Point",
                "coordinates": [
                    -153.0,
                    15.0
                ]
            },
            "properties": {
                "system_id": "INVEST_00",
                "confidence": 0.7318476872042416,
                "uncertainty_std": 0.07540859282016754,
                "ci_95": [
                    0.5840468452767132,
                    0.87964852913177
                ],
                "lead_time_hrs": 48,
                "movement_vector": {
                    "dlat_24h": 0.0,
                    "dlon_24h": 0.0
                },
                "trajectory": {},
                "top_driver": "vvelprs",
                "ugrdprs": 0.004295313265174627,
                "vgrdprs": 0.00393923744559288,
                "vvelprs": 0.004397892393171787,
                "tmpprs": 0.004181909374892712,
                "rhprs": 0.003658561035990715,
                "hgtprs": 0.004091175738722086,
                "absvprs": 0.004032745957374573,
                "pressfc": 0.00025821381132118404,
                "capesfc": 0.0002257290470879525,
                "tmpsfc": 0.00020035867055412382,
                "landmask": 0.00018324748089071363
            }
        },
        {
            "type": "Feature",
            "geometry": {
                "type": "Point",
                "coordinates": [
                    103.0,
                    -8.0
                ]
            },
            "properties": {
                "system_id": "INVEST_00",
                "confidence": 0.7301202294239195,
                "uncertainty_std": 0.0698312520980835,
                "ci_95": [
                    0.5932509753116759,
                    0.8669894835361631
                ],
                "lead_time_hrs": 48,
                "movement_vector": {
                    "dlat_24h": 0.0,
                    "dlon_24h": 0.0
                },
                "trajectory": {},
                "top_driver": "ugrdprs",
                "ugrdprs": 0.008947130292654037,
                "vgrdprs": 0.008042359724640846,
                "vvelprs": 0.008344598114490509,
                "tmpprs": 0.007792404852807522,
                "rhprs": 0.008218291215598583,
                "hgtprs": 0.008126325905323029,
                "absvprs": 0.008066154085099697,
                "pressfc": 0.00045287024113349617,
                "capesfc": 0.000345957261743024,
                "tmpsfc": 0.0005748075782321393,
                "landmask": 0.0006119717145338655
            }
        },
        {
            "type": "Feature",
            "geometry": {
                "type": "Point",
                "coordinates": [
                    -118.0,
                    23.0
                ]
            },
            "properties": {
                "system_id": "INVEST_00",
                "confidence": 0.725365633211746,
                "uncertainty_std": 0.09089498221874237,
                "ci_95": [
                    0.5472114680630109,
                    0.903519798360481
                ],
                "lead_time_hrs": 48,
                "movement_vector": {
                    "dlat_24h": 0.0,
                    "dlon_24h": 0.0
                },
                "trajectory": {},
                "top_driver": "absvprs",
                "ugrdprs": 0.005223133135586977,
                "vgrdprs": 0.0052085621282458305,
                "vvelprs": 0.005046910140663385,
                "tmpprs": 0.005196755286306143,
                "rhprs": 0.005083042662590742,
                "hgtprs": 0.005068663507699966,
                "absvprs": 0.005281348247081041,
                "pressfc": 0.0003209557035006583,
                "capesfc": 0.000287107948679477,
                "tmpsfc": 0.00031301280250772834,
                "landmask": 0.00032125820871442556
            }
        },
        {
            "type": "Feature",
            "geometry": {
                "type": "Point",
                "coordinates": [
                    96.0,
                    -3.0
                ]
            },
            "properties": {
                "system_id": "INVEST_00",
                "confidence": 0.725057020030726,
                "uncertainty_std": 0.09167025983333588,
                "ci_95": [
                    0.5453833107573878,
                    0.9047307293040643
                ],
                "lead_time_hrs": 48,
                "movement_vector": {
                    "dlat_24h": 0.0,
                    "dlon_24h": 0.0
                },
                "trajectory": {},
                "top_driver": "ugrdprs",
                "ugrdprs": 0.009888025000691414,
                "vgrdprs": 0.009284683503210545,
                "vvelprs": 0.009632098488509655,
                "tmpprs": 0.009097176603972912,
                "rhprs": 0.009112875908613205,
                "hgtprs": 0.00931808352470398,
                "absvprs": 0.009175245650112629,
                "pressfc": 0.0004547120479401201,
                "capesfc": 0.00037627809797413647,
                "tmpsfc": 0.0007215719087980688,
                "landmask": 0.0006755481008440256
            }
        },
        {
            "type": "Feature",
            "geometry": {
                "type": "Point",
                "coordinates": [
                    -82.0,
                    26.0
                ]
            },
            "properties": {
                "system_id": "INVEST_00",
                "confidence": 0.7228435944675583,
                "uncertainty_std": 0.16904431581497192,
                "ci_95": [
                    0.3915167354702133,
                    1.0
                ],
                "lead_time_hrs": 48,
                "movement_vector": {
                    "dlat_24h": 0.0,
                    "dlon_24h": 0.0
                },
                "trajectory": {},
                "top_driver": "ugrdprs",
                "ugrdprs": 0.005547656677663326,
                "vgrdprs": 0.0048044174909591675,
                "vvelprs": 0.005066334269940853,
                "tmpprs": 0.005145578645169735,
                "rhprs": 0.004807007033377886,
                "hgtprs": 0.00525834271684289,
                "absvprs": 0.00479509774595499,
                "pressfc": 0.00039459983236156404,
                "capesfc": 0.0002694741706363857,
                "tmpsfc": 0.0002489962207619101,
                "landmask": 0.0003193154698237777
            }
        },
        {
            "type": "Feature",
            "geometry": {
                "type": "Point",
                "coordinates": [
                    77.0,
                    1.0
                ]
            },
            "properties": {
                "system_id": "INVEST_00",
                "confidence": 0.7226688737664057,
                "uncertainty_std": 0.13606679439544678,
                "ci_95": [
                    0.45597795675132996,
                    0.9893597907814813
                ],
                "lead_time_hrs": 48,
                "movement_vector": {
                    "dlat_24h": 0.0,
                    "dlon_24h": 0.0
                },
                "trajectory": {},
                "top_driver": "tmpprs",
                "ugrdprs": 0.00855792686343193,
                "vgrdprs": 0.008224070072174072,
                "vvelprs": 0.008301266469061375,
                "tmpprs": 0.008673561736941338,
                "rhprs": 0.008479406125843525,
                "hgtprs": 0.008627980947494507,
                "absvprs": 0.00819175411015749,
                "pressfc": 0.0004354031989350915,
                "capesfc": 0.0004369137459434569,
                "tmpsfc": 0.0005035585490986705,
                "landmask": 0.0007647336460649967
            }
        },
        {
            "type": "Feature",
            "geometry": {
                "type": "Point",
                "coordinates": [
                    -7.0,
                    -5.0
                ]
            },
            "properties": {
                "system_id": "INVEST_00",
                "confidence": 0.7196026945715109,
                "uncertainty_std": 0.06947148591279984,
                "ci_95": [
                    0.5834385821824233,
                    0.8557668069605986
                ],
                "lead_time_hrs": 48,
                "movement_vector": {
                    "dlat_24h": 0.0,
                    "dlon_24h": 0.0
                },
                "trajectory": {},
                "top_driver": "ugrdprs",
                "ugrdprs": 0.003920054063200951,
                "vgrdprs": 0.0037312647327780724,
                "vvelprs": 0.0037825575564056635,
                "tmpprs": 0.0036515635438263416,
                "rhprs": 0.003661621594801545,
                "hgtprs": 0.003913521766662598,
                "absvprs": 0.003728069132193923,
                "pressfc": 0.00021698411728721112,
                "capesfc": 0.0001497541379649192,
                "tmpsfc": 0.00015855404490139335,
                "landmask": 0.0003462771128397435
            }
        },
        {
            "type": "Feature",
            "geometry": {
                "type": "Point",
                "coordinates": [
                    129.0,
                    35.0
                ]
            },
            "properties": {
                "system_id": "INVEST_00",
                "confidence": 0.7184561506922404,
                "uncertainty_std": 0.1624375432729721,
                "ci_95": [
                    0.40007856587721513,
                    1.0
                ],
                "lead_time_hrs": 48,
                "movement_vector": {
                    "dlat_24h": 0.0,
                    "dlon_24h": 0.0
                },
                "trajectory": {},
                "top_driver": "ugrdprs",
                "ugrdprs": 0.008632454089820385,
                "vgrdprs": 0.008631880395114422,
                "vvelprs": 0.008628140203654766,
                "tmpprs": 0.008262918330729008,
                "rhprs": 0.008515691384673119,
                "hgtprs": 0.008098631165921688,
                "absvprs": 0.00807291641831398,
                "pressfc": 0.0004316696722526103,
                "capesfc": 0.00044119791709817946,
                "tmpsfc": 0.000561663240659982,
                "landmask": 0.0004961540107615292
            }
        },
        {
            "type": "Feature",
            "geometry": {
                "type": "Point",
                "coordinates": [
                    133.0,
                    24.0
                ]
            },
            "properties": {
                "system_id": "INVEST_00",
                "confidence": 0.7161633349045112,
                "uncertainty_std": 0.10875508189201355,
                "ci_95": [
                    0.5030033743961647,
                    0.9293232954128577
                ],
                "lead_time_hrs": 48,
                "movement_vector": {
                    "dlat_24h": 0.0,
                    "dlon_24h": 0.0
                },
                "trajectory": {},
                "top_driver": "ugrdprs",
                "ugrdprs": 0.003092290833592415,
                "vgrdprs": 0.003029938554391265,
                "vvelprs": 0.00297349551692605,
                "tmpprs": 0.00293997791595757,
                "rhprs": 0.002938233083114028,
                "hgtprs": 0.0028625642880797386,
                "absvprs": 0.0029557780362665653,
                "pressfc": 0.00016832855180837214,
                "capesfc": 0.00021167582599446177,
                "tmpsfc": 0.00014683786139357835,
                "landmask": 0.0001415377191733569
            }
        },
        {
            "type": "Feature",
            "geometry": {
                "type": "Point",
                "coordinates": [
                    82.0,
                    -3.0
                ]
            },
            "properties": {
                "system_id": "INVEST_00",
                "confidence": 0.7158682299386853,
                "uncertainty_std": 0.08717697113752365,
                "ci_95": [
                    0.5450013665091389,
                    0.8867350933682316
                ],
                "lead_time_hrs": 48,
                "movement_vector": {
                    "dlat_24h": 0.0,
                    "dlon_24h": 0.0
                },
                "trajectory": {},
                "top_driver": "ugrdprs",
                "ugrdprs": 0.007960844784975052,
                "vgrdprs": 0.0077403211034834385,
                "vvelprs": 0.007550361100584269,
                "tmpprs": 0.007642089854925871,
                "rhprs": 0.0076147690415382385,
                "hgtprs": 0.007658938877284527,
                "absvprs": 0.0075299390591681,
                "pressfc": 0.00035230623325333,
                "capesfc": 0.00036169911618344486,
                "tmpsfc": 0.0006369506590999663,
                "landmask": 0.0005595322581939399
            }
        },
        {
            "type": "Feature",
            "geometry": {
                "type": "Point",
                "coordinates": [
                    -143.0,
                    -14.0
                ]
            },
            "properties": {
                "system_id": "INVEST_00",
                "confidence": 0.7152474221773099,
                "uncertainty_std": 0.07914720475673676,
                "ci_95": [
                    0.5601189008541059,
                    0.8703759435005138
                ],
                "lead_time_hrs": 48,
                "movement_vector": {
                    "dlat_24h": 0.0,
                    "dlon_24h": 0.0
                },
                "trajectory": {},
                "top_driver": "absvprs",
                "ugrdprs": 0.004553494043648243,
                "vgrdprs": 0.004648291971534491,
                "vvelprs": 0.004580934997648001,
                "tmpprs": 0.004545839037746191,
                "rhprs": 0.004435757640749216,
                "hgtprs": 0.00464160181581974,
                "absvprs": 0.004854111932218075,
                "pressfc": 0.0003317521477583796,
                "capesfc": 0.00022970230202190578,
                "tmpsfc": 0.0002863026747945696,
                "landmask": 0.0002459043462295085
            }
        },
        {
            "type": "Feature",
            "geometry": {
                "type": "Point",
                "coordinates": [
                    67.0,
                    -7.0
                ]
            },
            "properties": {
                "system_id": "INVEST_00",
                "confidence": 0.7137307640238401,
                "uncertainty_std": 0.05533663555979729,
                "ci_95": [
                    0.6052709583266374,
                    0.8221905697210428
                ],
                "lead_time_hrs": 48,
                "movement_vector": {
                    "dlat_24h": 0.0,
                    "dlon_24h": 0.0
                },
                "trajectory": {},
                "top_driver": "vvelprs",
                "ugrdprs": 0.0056969472207129,
                "vgrdprs": 0.005507247056812048,
                "vvelprs": 0.005772558506578207,
                "tmpprs": 0.005596930161118507,
                "rhprs": 0.005687348544597626,
                "hgtprs": 0.005550897214561701,
                "absvprs": 0.0055587273091077805,
                "pressfc": 0.0003296337672509253,
                "capesfc": 0.00032089443993754685,
                "tmpsfc": 0.00025439998717047274,
                "landmask": 0.0003333287313580513
            }
        },
        {
            "type": "Feature",
            "geometry": {
                "type": "Point",
                "coordinates": [
                    91.0,
                    -3.0
                ]
            },
            "properties": {
                "system_id": "INVEST_00",
                "confidence": 0.7107463072986785,
                "uncertainty_std": 0.08846095204353333,
                "ci_95": [
                    0.5373628412933532,
                    0.8841297733040038
                ],
                "lead_time_hrs": 48,
                "movement_vector": {
                    "dlat_24h": 0.0,
                    "dlon_24h": 0.0
                },
                "trajectory": {},
                "top_driver": "ugrdprs",
                "ugrdprs": 0.008256207220256329,
                "vgrdprs": 0.007850218564271927,
                "vvelprs": 0.008081388659775257,
                "tmpprs": 0.0076300823129713535,
                "rhprs": 0.007726771291345358,
                "hgtprs": 0.007948596030473709,
                "absvprs": 0.0076277367770671844,
                "pressfc": 0.0003784272412303835,
                "capesfc": 0.0003515914431773126,
                "tmpsfc": 0.0005930440966039896,
                "landmask": 0.0006281317328102887
            }
        },
        {
            "type": "Feature",
            "geometry": {
                "type": "Point",
                "coordinates": [
                    -177.0,
                    -10.0
                ]
            },
            "properties": {
                "system_id": "INVEST_00",
                "confidence": 0.7102712154341402,
                "uncertainty_std": 0.11024840921163559,
                "ci_95": [
                    0.49418433337933443,
                    0.9263580974889459
                ],
                "lead_time_hrs": 48,
                "movement_vector": {
                    "dlat_24h": 0.0,
                    "dlon_24h": 0.0
                },
                "trajectory": {},
                "top_driver": "ugrdprs",
                "ugrdprs": 0.005788690410554409,
                "vgrdprs": 0.005689808167517185,
                "vvelprs": 0.005549163557589054,
                "tmpprs": 0.005210566334426403,
                "rhprs": 0.005242699291557074,
                "hgtprs": 0.005561326630413532,
                "absvprs": 0.005386481061577797,
                "pressfc": 0.0002821529342327267,
                "capesfc": 0.00026080451789312065,
                "tmpsfc": 0.00031222845427691936,
                "landmask": 0.00035582040436565876
            }
        },
        {
            "type": "Feature",
            "geometry": {
                "type": "Point",
                "coordinates": [
                    124.0,
                    -3.0
                ]
            },
            "properties": {
                "system_id": "INVEST_00",
                "confidence": 0.7096430595401131,
                "uncertainty_std": 0.1607448011636734,
                "ci_95": [
                    0.3945832492593132,
                    1.0
                ],
                "lead_time_hrs": 48,
                "movement_vector": {
                    "dlat_24h": 0.0,
                    "dlon_24h": 0.0
                },
                "trajectory": {},
                "top_driver": "ugrdprs",
                "ugrdprs": 0.006801500916481018,
                "vgrdprs": 0.006353532895445824,
                "vvelprs": 0.006160051561892033,
                "tmpprs": 0.0059032803401350975,
                "rhprs": 0.006340289022773504,
                "hgtprs": 0.0066841114312410355,
                "absvprs": 0.006197172682732344,
                "pressfc": 0.0004247173492331058,
                "capesfc": 0.0002797201741486788,
                "tmpsfc": 0.0003720301319845021,
                "landmask": 0.0005598035641014576
            }
        },
        {
            "type": "Feature",
            "geometry": {
                "type": "Point",
                "coordinates": [
                    -119.0,
                    33.0
                ]
            },
            "properties": {
                "system_id": "INVEST_00",
                "confidence": 0.7091902404958593,
                "uncertainty_std": 0.07666940987110138,
                "ci_95": [
                    0.5589181971485007,
                    0.859462283843218
                ],
                "lead_time_hrs": 48,
                "movement_vector": {
                    "dlat_24h": 0.0,
                    "dlon_24h": 0.0
                },
                "trajectory": {},
                "top_driver": "tmpprs",
                "ugrdprs": 0.00812190305441618,
                "vgrdprs": 0.0076261404901742935,
                "vvelprs": 0.007809307426214218,
                "tmpprs": 0.008277010172605515,
                "rhprs": 0.007924919947981834,
                "hgtprs": 0.00790493842214346,
                "absvprs": 0.007414756342768669,
                "pressfc": 0.00044328731019049883,
                "capesfc": 0.0004623461572919041,
                "tmpsfc": 0.0003589461848605424,
                "landmask": 0.0004612887860275805
            }
        },
        {
            "type": "Feature",
            "geometry": {
                "type": "Point",
                "coordinates": [
                    117.0,
                    12.0
                ]
            },
            "properties": {
                "system_id": "INVEST_00",
                "confidence": 0.7082619114288586,
                "uncertainty_std": 0.07339578866958618,
                "ci_95": [
                    0.5644061656364697,
                    0.8521176572212475
                ],
                "lead_time_hrs": 48,
                "movement_vector": {
                    "dlat_24h": 0.0,
                    "dlon_24h": 0.0
                },
                "trajectory": {},
                "top_driver": "ugrdprs",
                "ugrdprs": 0.004491755738854408,
                "vgrdprs": 0.0042632464319467545,
                "vvelprs": 0.00428368616849184,
                "tmpprs": 0.004160059615969658,
                "rhprs": 0.004051485098898411,
                "hgtprs": 0.0043105739168822765,
                "absvprs": 0.00427307840436697,
                "pressfc": 0.00021239736815914512,
                "capesfc": 0.00022102707589510828,
                "tmpsfc": 0.0002169651706935838,
                "landmask": 0.0003449144714977592
            }
        },
        {
            "type": "Feature",
            "geometry": {
                "type": "Point",
                "coordinates": [
                    63.0,
                    -4.0
                ]
            },
            "properties": {
                "system_id": "INVEST_00",
                "confidence": 0.7070668358085825,
                "uncertainty_std": 0.07858163118362427,
                "ci_95": [
                    0.553046838688679,
                    0.8610868329284861
                ],
                "lead_time_hrs": 48,
                "movement_vector": {
                    "dlat_24h": 0.0,
                    "dlon_24h": 0.0
                },
                "trajectory": {},
                "top_driver": "ugrdprs",
                "ugrdprs": 0.007595968898385763,
                "vgrdprs": 0.007287940476089716,
                "vvelprs": 0.007209602743387222,
                "tmpprs": 0.0067397113889455795,
                "rhprs": 0.007130404002964497,
                "hgtprs": 0.007214155048131943,
                "absvprs": 0.007156173698604107,
                "pressfc": 0.0005472343764267862,
                "capesfc": 0.00035494391340762377,
                "tmpsfc": 0.0004502068622969091,
                "landmask": 0.0004343869804870337
            }
        },
        {
            "type": "Feature",
            "geometry": {
                "type": "Point",
                "coordinates": [
                    -140.0,
                    -8.0
                ]
            },
            "properties": {
                "system_id": "INVEST_00",
                "confidence": 0.7046216476370292,
                "uncertainty_std": 0.08971788734197617,
                "ci_95": [
                    0.5287745884467558,
                    0.8804687068273025
                ],
                "lead_time_hrs": 48,
                "movement_vector": {
                    "dlat_24h": 0.0,
                    "dlon_24h": 0.0
                },
                "trajectory": {},
                "top_driver": "ugrdprs",
                "ugrdprs": 0.007889301516115665,
                "vgrdprs": 0.007844340987503529,
                "vvelprs": 0.007724931463599205,
                "tmpprs": 0.007499310187995434,
                "rhprs": 0.007274423725903034,
                "hgtprs": 0.0076250857673585415,
                "absvprs": 0.0074085635133087635,
                "pressfc": 0.00043037583236582577,
                "capesfc": 0.0003635593457147479,
                "tmpsfc": 0.0005356906913220882,
                "landmask": 0.000446990568889305
            }
        },
        {
            "type": "Feature",
            "geometry": {
                "type": "Point",
                "coordinates": [
                    76.0,
                    32.0
                ]
            },
            "properties": {
                "system_id": "INVEST_00",
                "confidence": 0.7039317406495662,
                "uncertainty_std": 0.24267049133777618,
                "ci_95": [
                    0.2282975776275249,
                    1.0
                ],
                "lead_time_hrs": 48,
                "movement_vector": {
                    "dlat_24h": 0.0,
                    "dlon_24h": 0.0
                },
                "trajectory": {},
                "top_driver": "vvelprs",
                "ugrdprs": 0.002768852049484849,
                "vgrdprs": 0.0026872893795371056,
                "vvelprs": 0.002939525293186307,
                "tmpprs": 0.002821586560457945,
                "rhprs": 0.0026701779570430517,
                "hgtprs": 0.002633336465805769,
                "absvprs": 0.0025805889163166285,
                "pressfc": 0.0001857872848631814,
                "capesfc": 0.00015905845793895423,
                "tmpsfc": 0.00014061482215765864,
                "landmask": 0.00013414972636383027
            }
        },
        {
            "type": "Feature",
            "geometry": {
                "type": "Point",
                "coordinates": [
                    -67.0,
                    35.0
                ]
            },
            "properties": {
                "system_id": "INVEST_00",
                "confidence": 0.7034335900211632,
                "uncertainty_std": 0.15358340740203857,
                "ci_95": [
                    0.40241011151316763,
                    1.0
                ],
                "lead_time_hrs": 48,
                "movement_vector": {
                    "dlat_24h": 0.0,
                    "dlon_24h": 0.0
                },
                "trajectory": {},
                "top_driver": "tmpprs",
                "ugrdprs": 0.004448016174137592,
                "vgrdprs": 0.00424572080373764,
                "vvelprs": 0.004167886916548014,
                "tmpprs": 0.00451735919341445,
                "rhprs": 0.004159180913120508,
                "hgtprs": 0.004090591799467802,
                "absvprs": 0.003892804030328989,
                "pressfc": 0.0002581936423666775,
                "capesfc": 0.0002560173161327839,
                "tmpsfc": 0.00022556794283445925,
                "landmask": 0.00021862825087737292
            }
        },
        {
            "type": "Feature",
            "geometry": {
                "type": "Point",
                "coordinates": [
                    171.0,
                    34.0
                ]
            },
            "properties": {
                "system_id": "INVEST_00",
                "confidence": 0.7028032391144297,
                "uncertainty_std": 0.13057632744312286,
                "ci_95": [
                    0.44687363732590885,
                    0.9587328409029505
                ],
                "lead_time_hrs": 48,
                "movement_vector": {
                    "dlat_24h": 0.0,
                    "dlon_24h": 0.0
                },
                "trajectory": {},
                "top_driver": "ugrdprs",
                "ugrdprs": 0.0066683534532785416,
                "vgrdprs": 0.006283576600253582,
                "vvelprs": 0.005674644839018583,
                "tmpprs": 0.0064691766165196896,
                "rhprs": 0.006091700866818428,
                "hgtprs": 0.006230816710740328,
                "absvprs": 0.006367656867951155,
                "pressfc": 0.0004959312500432134,
                "capesfc": 0.0003001063014380634,
                "tmpsfc": 0.00041097175562754273,
                "landmask": 0.00033937484840862453
            }
        },
        {
            "type": "Feature",
            "geometry": {
                "type": "Point",
                "coordinates": [
                    170.0,
                    1.0
                ]
            },
            "properties": {
                "system_id": "INVEST_00",
                "confidence": 0.7012185031016733,
                "uncertainty_std": 0.0845102071762085,
                "ci_95": [
                    0.5355784970363047,
                    0.866858509167042
                ],
                "lead_time_hrs": 48,
                "movement_vector": {
                    "dlat_24h": 0.0,
                    "dlon_24h": 0.0
                },
                "trajectory": {},
                "top_driver": "ugrdprs",
                "ugrdprs": 0.004870662000030279,
                "vgrdprs": 0.004582956898957491,
                "vvelprs": 0.004842621739953756,
                "tmpprs": 0.004499346017837524,
                "rhprs": 0.004731860011816025,
                "hgtprs": 0.004760634154081345,
                "absvprs": 0.004522700794041157,
                "pressfc": 0.0003208524140063673,
                "capesfc": 0.00024194605066441,
                "tmpsfc": 0.0001854257279774174,
                "landmask": 0.0003330744802951813
            }
        },
        {
            "type": "Feature",
            "geometry": {
                "type": "Point",
                "coordinates": [
                    124.0,
                    3.0
                ]
            },
            "properties": {
                "system_id": "INVEST_00",
                "confidence": 0.6985936008077112,
                "uncertainty_std": 0.1028420701622963,
                "ci_95": [
                    0.4970231432896104,
                    0.9001640583258119
                ],
                "lead_time_hrs": 48,
                "movement_vector": {
                    "dlat_24h": 0.0,
                    "dlon_24h": 0.0
                },
                "trajectory": {},
                "top_driver": "ugrdprs",
                "ugrdprs": 0.0049235024489462376,
                "vgrdprs": 0.0046541872434318066,
                "vvelprs": 0.00437541538849473,
                "tmpprs": 0.00421143276616931,
                "rhprs": 0.004387438762933016,
                "hgtprs": 0.004783456679433584,
                "absvprs": 0.00431862473487854,
                "pressfc": 0.0002534786472097039,
                "capesfc": 0.0001855503796832636,
                "tmpsfc": 0.0002369527646806091,
                "landmask": 0.00044769482337869704
            }
        },
        {
            "type": "Feature",
            "geometry": {
                "type": "Point",
                "coordinates": [
                    122.0,
                    16.0
                ]
            },
            "properties": {
                "system_id": "INVEST_00",
                "confidence": 0.6985013937936047,
                "uncertainty_std": 0.055196721106767654,
                "ci_95": [
                    0.59031582042434,
                    0.8066869671628693
                ],
                "lead_time_hrs": 48,
                "movement_vector": {
                    "dlat_24h": 0.0,
                    "dlon_24h": 0.0
                },
                "trajectory": {},
                "top_driver": "ugrdprs",
                "ugrdprs": 0.004326438531279564,
                "vgrdprs": 0.004141462966799736,
                "vvelprs": 0.004232009872794151,
                "tmpprs": 0.004079875070601702,
                "rhprs": 0.003885325975716114,
                "hgtprs": 0.004229562822729349,
                "absvprs": 0.004109865520149469,
                "pressfc": 0.00021845278388354927,
                "capesfc": 0.00022032318520359695,
                "tmpsfc": 0.00019000156316906214,
                "landmask": 0.00028356138500384986
            }
        },
        {
            "type": "Feature",
            "geometry": {
                "type": "Point",
                "coordinates": [
                    -163.0,
                    -12.0
                ]
            },
            "properties": {
                "system_id": "INVEST_00",
                "confidence": 0.695602182344246,
                "uncertainty_std": 0.07119888067245483,
                "ci_95": [
                    0.5560523762262345,
                    0.8351519884622575
                ],
                "lead_time_hrs": 48,
                "movement_vector": {
                    "dlat_24h": 0.0,
                    "dlon_24h": 0.0
                },
                "trajectory": {},
                "top_driver": "absvprs",
                "ugrdprs": 0.0035856401082128286,
                "vgrdprs": 0.003344873432070017,
                "vvelprs": 0.0034556298051029444,
                "tmpprs": 0.0033441828563809395,
                "rhprs": 0.003122578375041485,
                "hgtprs": 0.0035072704777121544,
                "absvprs": 0.003587661311030388,
                "pressfc": 0.00023395696189254522,
                "capesfc": 0.000203878284082748,
                "tmpsfc": 0.00016887421952560544,
                "landmask": 0.0002465006255079061
            }
        },
        {
            "type": "Feature",
            "geometry": {
                "type": "Point",
                "coordinates": [
                    166.0,
                    33.0
                ]
            },
            "properties": {
                "system_id": "INVEST_00",
                "confidence": 0.6930414523715424,
                "uncertainty_std": 0.09609224647283554,
                "ci_95": [
                    0.5047006492847848,
                    0.8813822554583
                ],
                "lead_time_hrs": 48,
                "movement_vector": {
                    "dlat_24h": 0.0,
                    "dlon_24h": 0.0
                },
                "trajectory": {},
                "top_driver": "ugrdprs",
                "ugrdprs": 0.004849647171795368,
                "vgrdprs": 0.004364552907645702,
                "vvelprs": 0.004369599279016256,
                "tmpprs": 0.004480574280023575,
                "rhprs": 0.00436634523794055,
                "hgtprs": 0.004314998164772987,
                "absvprs": 0.004315403755754232,
                "pressfc": 0.00025345507310703397,
                "capesfc": 0.0002500250411685556,
                "tmpsfc": 0.00025698766694404185,
                "landmask": 0.0003417358675505966
            }
        },
        {
            "type": "Feature",
            "geometry": {
                "type": "Point",
                "coordinates": [
                    -56.0,
                    10.0
                ]
            },
            "properties": {
                "system_id": "INVEST_00",
                "confidence": 0.6919830082788234,
                "uncertainty_std": 0.08386169373989105,
                "ci_95": [
                    0.5276140885486369,
                    0.8563519280090099
                ],
                "lead_time_hrs": 48,
                "movement_vector": {
                    "dlat_24h": 0.0,
                    "dlon_24h": 0.0
                },
                "trajectory": {},
                "top_driver": "vvelprs",
                "ugrdprs": 0.003787279361858964,
                "vgrdprs": 0.0034086904488503933,
                "vvelprs": 0.0037937092129141092,
                "tmpprs": 0.0035632054787129164,
                "rhprs": 0.0032702009193599224,
                "hgtprs": 0.003610396757721901,
                "absvprs": 0.003535273252055049,
                "pressfc": 0.000268709147349,
                "capesfc": 0.00015702018572483212,
                "tmpsfc": 0.00021277338964864612,
                "landmask": 0.00023635585966985673
            }
        },
        {
            "type": "Feature",
            "geometry": {
                "type": "Point",
                "coordinates": [
                    164.0,
                    26.0
                ]
            },
            "properties": {
                "system_id": "INVEST_00",
                "confidence": 0.6887861958766556,
                "uncertainty_std": 0.13113847374916077,
                "ci_95": [
                    0.43175478732830047,
                    0.9458176044250106
                ],
                "lead_time_hrs": 48,
                "movement_vector": {
                    "dlat_24h": 0.0,
                    "dlon_24h": 0.0
                },
                "trajectory": {},
                "top_driver": "ugrdprs",
                "ugrdprs": 0.004914372693747282,
                "vgrdprs": 0.004718764219433069,
                "vvelprs": 0.004602855071425438,
                "tmpprs": 0.004600305110216141,
                "rhprs": 0.004551437683403492,
                "hgtprs": 0.0048669613897800446,
                "absvprs": 0.004649448674172163,
                "pressfc": 0.0002464072604198009,
                "capesfc": 0.00024257945187855512,
                "tmpsfc": 0.00022063184587750584,
                "landmask": 0.00042415171628817916
            }
        },
        {
            "type": "Feature",
            "geometry": {
                "type": "Point",
                "coordinates": [
                    -44.0,
                    -24.0
                ]
            },
            "properties": {
                "system_id": "INVEST_00",
                "confidence": 0.6876605666177044,
                "uncertainty_std": 0.11464514583349228,
                "ci_95": [
                    0.4629560807840595,
                    0.9123650524513492
                ],
                "lead_time_hrs": 48,
                "movement_vector": {
                    "dlat_24h": 0.0,
                    "dlon_24h": 0.0
                },
                "trajectory": {},
                "top_driver": "ugrdprs",
                "ugrdprs": 0.004250043537467718,
                "vgrdprs": 0.003759761108085513,
                "vvelprs": 0.003930883016437292,
                "tmpprs": 0.003617872716858983,
                "rhprs": 0.0037878307048231363,
                "hgtprs": 0.003920731134712696,
                "absvprs": 0.003854630747810006,
                "pressfc": 0.00021031098731327802,
                "capesfc": 0.00020645697077270597,
                "tmpsfc": 0.0002109166089212522,
                "landmask": 0.00031436121207661927
            }
        },
        {
            "type": "Feature",
            "geometry": {
                "type": "Point",
                "coordinates": [
                    -61.0,
                    29.0
                ]
            },
            "properties": {
                "system_id": "INVEST_00",
                "confidence": 0.6875023646468666,
                "uncertainty_std": 0.05870469659566879,
                "ci_95": [
                    0.5724411593193558,
                    0.8025635699743775
                ],
                "lead_time_hrs": 48,
                "movement_vector": {
                    "dlat_24h": 0.0,
                    "dlon_24h": 0.0
                },
                "trajectory": {},
                "top_driver": "ugrdprs",
                "ugrdprs": 0.002761892508715391,
                "vgrdprs": 0.0026356203015893698,
                "vvelprs": 0.002720833523198962,
                "tmpprs": 0.0025799432769417763,
                "rhprs": 0.0024824028369039297,
                "hgtprs": 0.0026883305981755257,
                "absvprs": 0.0027051307260990143,
                "pressfc": 0.00013445832883007824,
                "capesfc": 0.00015218222688417882,
                "tmpsfc": 0.0001542209938634187,
                "landmask": 0.00017854190082289279
            }
        },
        {
            "type": "Feature",
            "geometry": {
                "type": "Point",
                "coordinates": [
                    80.0,
                    10.0
                ]
            },
            "properties": {
                "system_id": "INVEST_00",
                "confidence": 0.6838560754402093,
                "uncertainty_std": 0.28253692388534546,
                "ci_95": [
                    0.13008370462493224,
                    1.0
                ],
                "lead_time_hrs": 48,
                "movement_vector": {
                    "dlat_24h": 0.0,
                    "dlon_24h": 0.0
                },
                "trajectory": {},
                "top_driver": "tmpprs",
                "ugrdprs": 0.010352425277233124,
                "vgrdprs": 0.009698314592242241,
                "vvelprs": 0.009570206515491009,
                "tmpprs": 0.010416433215141296,
                "rhprs": 0.010073414072394371,
                "hgtprs": 0.010072476230561733,
                "absvprs": 0.009568638168275356,
                "pressfc": 0.0008252115803770721,
                "capesfc": 0.0004952118615619838,
                "tmpsfc": 0.0003861419972963631,
                "landmask": 0.000684971921145916
            }
        },
        {
            "type": "Feature",
            "geometry": {
                "type": "Point",
                "coordinates": [
                    -119.0,
                    11.0
                ]
            },
            "properties": {
                "system_id": "INVEST_00",
                "confidence": 0.681510468412423,
                "uncertainty_std": 0.1386910378932953,
                "ci_95": [
                    0.4096760341415643,
                    0.9533449026832818
                ],
                "lead_time_hrs": 48,
                "movement_vector": {
                    "dlat_24h": 0.0,
                    "dlon_24h": 0.0
                },
                "trajectory": {},
                "top_driver": "vvelprs",
                "ugrdprs": 0.004403473809361458,
                "vgrdprs": 0.0043780505657196045,
                "vvelprs": 0.004518549889326096,
                "tmpprs": 0.004308806266635656,
                "rhprs": 0.00417884299531579,
                "hgtprs": 0.004489398095756769,
                "absvprs": 0.004204743541777134,
                "pressfc": 0.00024913495872169733,
                "capesfc": 0.00021611385454889387,
                "tmpsfc": 0.0002205270720878616,
                "landmask": 0.0003285895800217986
            }
        },
        {
            "type": "Feature",
            "geometry": {
                "type": "Point",
                "coordinates": [
                    134.0,
                    13.0
                ]
            },
            "properties": {
                "system_id": "INVEST_00",
                "confidence": 0.6806058623154146,
                "uncertainty_std": 0.0550159215927124,
                "ci_95": [
                    0.5727746559936984,
                    0.7884370686371309
                ],
                "lead_time_hrs": 48,
                "movement_vector": {
                    "dlat_24h": 0.0,
                    "dlon_24h": 0.0
                },
                "trajectory": {},
                "top_driver": "ugrdprs",
                "ugrdprs": 0.008460203185677528,
                "vgrdprs": 0.008283588103950024,
                "vvelprs": 0.008066271431744099,
                "tmpprs": 0.00781788770109415,
                "rhprs": 0.007434718310832977,
                "hgtprs": 0.00792586337774992,
                "absvprs": 0.007600006647408009,
                "pressfc": 0.0004928576527163386,
                "capesfc": 0.0004237974062561989,
                "tmpsfc": 0.0005076301749795675,
                "landmask": 0.00036396420910023153
            }
        },
        {
            "type": "Feature",
            "geometry": {
                "type": "Point",
                "coordinates": [
                    -32.0,
                    0.0
                ]
            },
            "properties": {
                "system_id": "INVEST_00",
                "confidence": 0.6799792075318051,
                "uncertainty_std": 0.09355243295431137,
                "ci_95": [
                    0.49661643894135477,
                    0.8633419761222554
                ],
                "lead_time_hrs": 48,
                "movement_vector": {
                    "dlat_24h": 0.0,
                    "dlon_24h": 0.0
                },
                "trajectory": {},
                "top_driver": "ugrdprs",
                "ugrdprs": 0.003963139373809099,
                "vgrdprs": 0.0036436645314097404,
                "vvelprs": 0.003928006626665592,
                "tmpprs": 0.003572446061298251,
                "rhprs": 0.003455531783401966,
                "hgtprs": 0.0038853168953210115,
                "absvprs": 0.003892037784680724,
                "pressfc": 0.00032011655275709927,
                "capesfc": 0.00022187082504387945,
                "tmpsfc": 0.00019234271894674748,
                "landmask": 0.00023707211948931217
            }
        },
        {
            "type": "Feature",
            "geometry": {
                "type": "Point",
                "coordinates": [
                    -25.0,
                    6.0
                ]
            },
            "properties": {
                "system_id": "INVEST_00",
                "confidence": 0.6792208826054655,
                "uncertainty_std": 0.09898541122674942,
                "ci_95": [
                    0.48520947660103664,
                    0.8732322886098944
                ],
                "lead_time_hrs": 48,
                "movement_vector": {
                    "dlat_24h": 0.0,
                    "dlon_24h": 0.0
                },
                "trajectory": {},
                "top_driver": "ugrdprs",
                "ugrdprs": 0.0036291859578341246,
                "vgrdprs": 0.00323884398676455,
                "vvelprs": 0.003415931249037385,
                "tmpprs": 0.0031105366069823503,
                "rhprs": 0.0032047810964286327,
                "hgtprs": 0.003408975200727582,
                "absvprs": 0.003354394342750311,
                "pressfc": 0.00023725297069177032,
                "capesfc": 0.00022143751266412437,
                "tmpsfc": 0.00015524419723078609,
                "landmask": 0.0002243787021143362
            }
        },
        {
            "type": "Feature",
            "geometry": {
                "type": "Point",
                "coordinates": [
                    157.0,
                    -18.0
                ]
            },
            "properties": {
                "system_id": "INVEST_00",
                "confidence": 0.6774404077569899,
                "uncertainty_std": 0.1040833368897438,
                "ci_95": [
                    0.473437067453092,
                    0.8814437480608878
                ],
                "lead_time_hrs": 48,
                "movement_vector": {
                    "dlat_24h": 0.0,
                    "dlon_24h": 0.0
                },
                "trajectory": {},
                "top_driver": "ugrdprs",
                "ugrdprs": 0.00648872135207057,
                "vgrdprs": 0.005894349422305822,
                "vvelprs": 0.005818342790007591,
                "tmpprs": 0.005757101345807314,
                "rhprs": 0.005808408837765455,
                "hgtprs": 0.006327365525066853,
                "absvprs": 0.00598694896325469,
                "pressfc": 0.00042419048259034753,
                "capesfc": 0.0002804906398523599,
                "tmpsfc": 0.00045187276555225253,
                "landmask": 0.0004988401778973639
            }
        },
        {
            "type": "Feature",
            "geometry": {
                "type": "Point",
                "coordinates": [
                    92.0,
                    19.0
                ]
            },
            "properties": {
                "system_id": "INVEST_00",
                "confidence": 0.6761619575603157,
                "uncertainty_std": 0.19582295417785645,
                "ci_95": [
                    0.2923489673717171,
                    1.0
                ],
                "lead_time_hrs": 48,
                "movement_vector": {
                    "dlat_24h": 0.0,
                    "dlon_24h": 0.0
                },
                "trajectory": {},
                "top_driver": "vvelprs",
                "ugrdprs": 0.004231804981827736,
                "vgrdprs": 0.004192276857793331,
                "vvelprs": 0.004342428408563137,
                "tmpprs": 0.0039627752266824245,
                "rhprs": 0.0038299341686069965,
                "hgtprs": 0.004038621671497822,
                "absvprs": 0.003964223433285952,
                "pressfc": 0.0002346240944461897,
                "capesfc": 0.0001992972393054515,
                "tmpsfc": 0.00019515106396283954,
                "landmask": 0.00021017603285145015
            }
        },
        {
            "type": "Feature",
            "geometry": {
                "type": "Point",
                "coordinates": [
                    -39.0,
                    19.0
                ]
            },
            "properties": {
                "system_id": "INVEST_00",
                "confidence": 0.6741497770233318,
                "uncertainty_std": 0.0926392525434494,
                "ci_95": [
                    0.492576842038171,
                    0.8557227120084926
                ],
                "lead_time_hrs": 48,
                "movement_vector": {
                    "dlat_24h": 0.0,
                    "dlon_24h": 0.0
                },
                "trajectory": {},
                "top_driver": "hgtprs",
                "ugrdprs": 0.0037839936558157206,
                "vgrdprs": 0.0035126633010804653,
                "vvelprs": 0.0038297201972454786,
                "tmpprs": 0.0037193279713392258,
                "rhprs": 0.003412451595067978,
                "hgtprs": 0.003841114230453968,
                "absvprs": 0.0037261443212628365,
                "pressfc": 0.00018822179117705673,
                "capesfc": 0.00016499146295245737,
                "tmpsfc": 0.00019746895122807473,
                "landmask": 0.0002196785935666412
            }
        },
        {
            "type": "Feature",
            "geometry": {
                "type": "Point",
                "coordinates": [
                    102.0,
                    12.0
                ]
            },
            "properties": {
                "system_id": "INVEST_00",
                "confidence": 0.6735430910362277,
                "uncertainty_std": 0.2408982813358307,
                "ci_95": [
                    0.20138245961799955,
                    1.0
                ],
                "lead_time_hrs": 48,
                "movement_vector": {
                    "dlat_24h": 0.0,
                    "dlon_24h": 0.0
                },
                "trajectory": {},
                "top_driver": "hgtprs",
                "ugrdprs": 0.00984687265008688,
                "vgrdprs": 0.00942146684974432,
                "vvelprs": 0.009091644547879696,
                "tmpprs": 0.009533400647342205,
                "rhprs": 0.009524176828563213,
                "hgtprs": 0.009993392042815685,
                "absvprs": 0.009538255631923676,
                "pressfc": 0.0005331950960680842,
                "capesfc": 0.00044874942977912724,
                "tmpsfc": 0.0005386380362324417,
                "landmask": 0.0007044873782433569
            }
        },
        {
            "type": "Feature",
            "geometry": {
                "type": "Point",
                "coordinates": [
                    165.0,
                    -6.0
                ]
            },
            "properties": {
                "system_id": "INVEST_00",
                "confidence": 0.67340732222788,
                "uncertainty_std": 0.08685821294784546,
                "ci_95": [
                    0.503165224850103,
                    0.8436494196056571
                ],
                "lead_time_hrs": 48,
                "movement_vector": {
                    "dlat_24h": 0.0,
                    "dlon_24h": 0.0
                },
                "trajectory": {},
                "top_driver": "ugrdprs",
                "ugrdprs": 0.0068826680071651936,
                "vgrdprs": 0.006560368929058313,
                "vvelprs": 0.006781128700822592,
                "tmpprs": 0.006309850141406059,
                "rhprs": 0.006581153254956007,
                "hgtprs": 0.006676073186099529,
                "absvprs": 0.00646679662168026,
                "pressfc": 0.0003974949650000781,
                "capesfc": 0.00036411406472325325,
                "tmpsfc": 0.0003925942291971296,
                "landmask": 0.00046258181100711226
            }
        },
        {
            "type": "Feature",
            "geometry": {
                "type": "Point",
                "coordinates": [
                    -31.0,
                    13.0
                ]
            },
            "properties": {
                "system_id": "INVEST_00",
                "confidence": 0.6716733041669163,
                "uncertainty_std": 0.05442139506340027,
                "ci_95": [
                    0.5650073698426518,
                    0.7783392384911808
                ],
                "lead_time_hrs": 48,
                "movement_vector": {
                    "dlat_24h": 0.0,
                    "dlon_24h": 0.0
                },
                "trajectory": {},
                "top_driver": "ugrdprs",
                "ugrdprs": 0.004115690477192402,
                "vgrdprs": 0.0037250437308102846,
                "vvelprs": 0.004062882158905268,
                "tmpprs": 0.003799504367634654,
                "rhprs": 0.003426173236221075,
                "hgtprs": 0.003915969282388687,
                "absvprs": 0.004014656879007816,
                "pressfc": 0.00021069362992420793,
                "capesfc": 0.0002046195004368201,
                "tmpsfc": 0.0001969002914847806,
                "landmask": 0.0002349479909753427
            }
        },
        {
            "type": "Feature",
            "geometry": {
                "type": "Point",
                "coordinates": [
                    -112.0,
                    12.0
                ]
            },
            "properties": {
                "system_id": "INVEST_00",
                "confidence": 0.6705567313987909,
                "uncertainty_std": 0.11778446286916733,
                "ci_95": [
                    0.4396991841752229,
                    0.9014142786223589
                ],
                "lead_time_hrs": 48,
                "movement_vector": {
                    "dlat_24h": 0.0,
                    "dlon_24h": 0.0
                },
                "trajectory": {},
                "top_driver": "hgtprs",
                "ugrdprs": 0.004214536864310503,
                "vgrdprs": 0.004227640572935343,
                "vvelprs": 0.004374680574983358,
                "tmpprs": 0.004036688711494207,
                "rhprs": 0.004101893398910761,
                "hgtprs": 0.004404398612678051,
                "absvprs": 0.003992660436779261,
                "pressfc": 0.00025001069298014045,
                "capesfc": 0.00018384626309853047,
                "tmpsfc": 0.00020364146621432155,
                "landmask": 0.00033500391873531044
            }
        },
        {
            "type": "Feature",
            "geometry": {
                "type": "Point",
                "coordinates": [
                    -93.0,
                    -2.0
                ]
            },
            "properties": {
                "system_id": "INVEST_00",
                "confidence": 0.6703887226711859,
                "uncertainty_std": 0.15820324420928955,
                "ci_95": [
                    0.3603103640209784,
                    0.9804670813213934
                ],
                "lead_time_hrs": 48,
                "movement_vector": {
                    "dlat_24h": 0.0,
                    "dlon_24h": 0.0
                },
                "trajectory": {},
                "top_driver": "vvelprs",
                "ugrdprs": 0.0039406330324709415,
                "vgrdprs": 0.003863451536744833,
                "vvelprs": 0.004152700770646334,
                "tmpprs": 0.0037674512714147568,
                "rhprs": 0.003593643195927143,
                "hgtprs": 0.004142899997532368,
                "absvprs": 0.0036792901810258627,
                "pressfc": 0.00021513571846298873,
                "capesfc": 0.00021357725199777633,
                "tmpsfc": 0.00018343119882047176,
                "landmask": 0.000251423945883289
            }
        },
        {
            "type": "Feature",
            "geometry": {
                "type": "Point",
                "coordinates": [
                    71.0,
                    24.0
                ]
            },
            "properties": {
                "system_id": "INVEST_00",
                "confidence": 0.6703284911351934,
                "uncertainty_std": 0.2497941553592682,
                "ci_95": [
                    0.18073194663102782,
                    1.0
                ],
                "lead_time_hrs": 48,
                "movement_vector": {
                    "dlat_24h": 0.0,
                    "dlon_24h": 0.0
                },
                "trajectory": {},
                "top_driver": "tmpprs",
                "ugrdprs": 0.0036105504259467125,
                "vgrdprs": 0.003491717390716076,
                "vvelprs": 0.003596940776333213,
                "tmpprs": 0.003807900007814169,
                "rhprs": 0.00369914504699409,
                "hgtprs": 0.0035467417910695076,
                "absvprs": 0.003245272673666477,
                "pressfc": 0.0002482690033502877,
                "capesfc": 0.00017808032862376422,
                "tmpsfc": 0.00022116312175057828,
                "landmask": 0.00016545725520700216
            }
        },
        {
            "type": "Feature",
            "geometry": {
                "type": "Point",
                "coordinates": [
                    58.0,
                    -1.0
                ]
            },
            "properties": {
                "system_id": "INVEST_00",
                "confidence": 0.6703043899815667,
                "uncertainty_std": 0.17429804801940918,
                "ci_95": [
                    0.32868021586352475,
                    1.0
                ],
                "lead_time_hrs": 48,
                "movement_vector": {
                    "dlat_24h": 0.0,
                    "dlon_24h": 0.0
                },
                "trajectory": {},
                "top_driver": "hgtprs",
                "ugrdprs": 0.00819791853427887,
                "vgrdprs": 0.007920491509139538,
                "vvelprs": 0.007832824252545834,
                "tmpprs": 0.007835729978978634,
                "rhprs": 0.007616284303367138,
                "hgtprs": 0.008283605799078941,
                "absvprs": 0.007885226048529148,
                "pressfc": 0.0006434665992856026,
                "capesfc": 0.000385572318919003,
                "tmpsfc": 0.0005321488133631647,
                "landmask": 0.0004485688405111432
            }
        },
        {
            "type": "Feature",
            "geometry": {
                "type": "Point",
                "coordinates": [
                    -47.0,
                    3.0
                ]
            },
            "properties": {
                "system_id": "INVEST_00",
                "confidence": 0.6702404643816906,
                "uncertainty_std": 0.12308648228645325,
                "ci_95": [
                    0.4289909591002422,
                    0.911489969663139
                ],
                "lead_time_hrs": 48,
                "movement_vector": {
                    "dlat_24h": 0.0,
                    "dlon_24h": 0.0
                },
                "trajectory": {},
                "top_driver": "ugrdprs",
                "ugrdprs": 0.004088572226464748,
                "vgrdprs": 0.0036378430668264627,
                "vvelprs": 0.0040160235948860645,
                "tmpprs": 0.003801227081567049,
                "rhprs": 0.003524225438013673,
                "hgtprs": 0.0039467038586735725,
                "absvprs": 0.003870538901537657,
                "pressfc": 0.00023253167455550283,
                "capesfc": 0.00016216606309171766,
                "tmpsfc": 0.00023733197303954512,
                "landmask": 0.00020471691095735878
            }
        },
        {
            "type": "Feature",
            "geometry": {
                "type": "Point",
                "coordinates": [
                    142.0,
                    29.0
                ]
            },
            "properties": {
                "system_id": "INVEST_00",
                "confidence": 0.6702096961230875,
                "uncertainty_std": 0.1560560017824173,
                "ci_95": [
                    0.36433993262954956,
                    0.9760794596166253
                ],
                "lead_time_hrs": 48,
                "movement_vector": {
                    "dlat_24h": 0.0,
                    "dlon_24h": 0.0
                },
                "trajectory": {},
                "top_driver": "ugrdprs",
                "ugrdprs": 0.0063606020994484425,
                "vgrdprs": 0.006305142771452665,
                "vvelprs": 0.006044614128768444,
                "tmpprs": 0.006314856931567192,
                "rhprs": 0.005861584562808275,
                "hgtprs": 0.005978819448500872,
                "absvprs": 0.005726345349103212,
                "pressfc": 0.0003522919141687453,
                "capesfc": 0.0002805005933623761,
                "tmpsfc": 0.00027835037326440215,
                "landmask": 0.00023789900296833366
            }
        },
        {
            "type": "Feature",
            "geometry": {
                "type": "Point",
                "coordinates": [
                    -26.0,
                    23.0
                ]
            },
            "properties": {
                "system_id": "INVEST_00",
                "confidence": 0.6698207588101994,
                "uncertainty_std": 0.08995310962200165,
                "ci_95": [
                    0.4935126639510762,
                    0.8461288536693227
                ],
                "lead_time_hrs": 48,
                "movement_vector": {
                    "dlat_24h": 0.0,
                    "dlon_24h": 0.0
                },
                "trajectory": {},
                "top_driver": "hgtprs",
                "ugrdprs": 0.0033378442749381065,
                "vgrdprs": 0.003098010318353772,
                "vvelprs": 0.0035578287206590176,
                "tmpprs": 0.0033328919671475887,
                "rhprs": 0.0030618503224104643,
                "hgtprs": 0.0036405252758413553,
                "absvprs": 0.003335642395541072,
                "pressfc": 0.00016419617168139666,
                "capesfc": 0.00020947991288267076,
                "tmpsfc": 0.0002007151342695579,
                "landmask": 0.00019941062782891095
            }
        },
        {
            "type": "Feature",
            "geometry": {
                "type": "Point",
                "coordinates": [
                    151.0,
                    24.0
                ]
            },
            "properties": {
                "system_id": "INVEST_00",
                "confidence": 0.6696644260814104,
                "uncertainty_std": 0.13255177438259125,
                "ci_95": [
                    0.4098629482915316,
                    0.9294659038712892
                ],
                "lead_time_hrs": 48,
                "movement_vector": {
                    "dlat_24h": 0.0,
                    "dlon_24h": 0.0
                },
                "trajectory": {},
                "top_driver": "ugrdprs",
                "ugrdprs": 0.005890721920877695,
                "vgrdprs": 0.005250866990536451,
                "vvelprs": 0.005609906278550625,
                "tmpprs": 0.0054620411247015,
                "rhprs": 0.004896268248558044,
                "hgtprs": 0.005383410956710577,
                "absvprs": 0.005392139311879873,
                "pressfc": 0.00033753507887013257,
                "capesfc": 0.0003225450054742396,
                "tmpsfc": 0.0003003671008627862,
                "landmask": 0.00024365040007978678
            }
        },
        {
            "type": "Feature",
            "geometry": {
                "type": "Point",
                "coordinates": [
                    -85.0,
                    -8.0
                ]
            },
            "properties": {
                "system_id": "INVEST_00",
                "confidence": 0.6680893161518648,
                "uncertainty_std": 0.18956220149993896,
                "ci_95": [
                    0.2965474012119845,
                    1.0
                ],
                "lead_time_hrs": 48,
                "movement_vector": {
                    "dlat_24h": 0.0,
                    "dlon_24h": 0.0
                },
                "trajectory": {},
                "top_driver": "ugrdprs",
                "ugrdprs": 0.00533696636557579,
                "vgrdprs": 0.004887235350906849,
                "vvelprs": 0.005009331740438938,
                "tmpprs": 0.00470194173976779,
                "rhprs": 0.00490197679027915,
                "hgtprs": 0.004848056007176638,
                "absvprs": 0.004846171475946903,
                "pressfc": 0.0002933148352894932,
                "capesfc": 0.00020717480219900608,
                "tmpsfc": 0.00031706507434137166,
                "landmask": 0.000343801686540246
            }
        },
        {
            "type": "Feature",
            "geometry": {
                "type": "Point",
                "coordinates": [
                    137.0,
                    21.0
                ]
            },
            "properties": {
                "system_id": "INVEST_00",
                "confidence": 0.6651139186384513,
                "uncertainty_std": 0.0883304551243782,
                "ci_95": [
                    0.49198622659466995,
                    0.8382416106822326
                ],
                "lead_time_hrs": 48,
                "movement_vector": {
                    "dlat_24h": 0.0,
                    "dlon_24h": 0.0
                },
                "trajectory": {},
                "top_driver": "ugrdprs",
                "ugrdprs": 0.004618396516889334,
                "vgrdprs": 0.00444445013999939,
                "vvelprs": 0.004550892859697342,
                "tmpprs": 0.004441925790160894,
                "rhprs": 0.004253999795764685,
                "hgtprs": 0.004402430262416601,
                "absvprs": 0.004618044942617416,
                "pressfc": 0.000292672571958974,
                "capesfc": 0.00030141734168864787,
                "tmpsfc": 0.00023175650858320296,
                "landmask": 0.00022117109620012343
            }
        },
        {
            "type": "Feature",
            "geometry": {
                "type": "Point",
                "coordinates": [
                    11.0,
                    -4.0
                ]
            },
            "properties": {
                "system_id": "INVEST_00",
                "confidence": 0.6637494261453681,
                "uncertainty_std": 0.1162063479423523,
                "ci_95": [
                    0.4359849841783576,
                    0.8915138681123786
                ],
                "lead_time_hrs": 48,
                "movement_vector": {
                    "dlat_24h": 0.0,
                    "dlon_24h": 0.0
                },
                "trajectory": {},
                "top_driver": "vvelprs",
                "ugrdprs": 0.00547945499420166,
                "vgrdprs": 0.005262708757072687,
                "vvelprs": 0.005648893304169178,
                "tmpprs": 0.005072785075753927,
                "rhprs": 0.004921983927488327,
                "hgtprs": 0.0054472037591040134,
                "absvprs": 0.005206143017858267,
                "pressfc": 0.00026508281007409096,
                "capesfc": 0.0002772855223156512,
                "tmpsfc": 0.00021588976960629225,
                "landmask": 0.0003520302416291088
            }
        },
        {
            "type": "Feature",
            "geometry": {
                "type": "Point",
                "coordinates": [
                    86.0,
                    -7.0
                ]
            },
            "properties": {
                "system_id": "INVEST_00",
                "confidence": 0.6627736758640441,
                "uncertainty_std": 0.11035064607858658,
                "ci_95": [
                    0.4464864095500144,
                    0.8790609421780738
                ],
                "lead_time_hrs": 48,
                "movement_vector": {
                    "dlat_24h": 0.0,
                    "dlon_24h": 0.0
                },
                "trajectory": {},
                "top_driver": "ugrdprs",
                "ugrdprs": 0.005499040242284536,
                "vgrdprs": 0.004890396725386381,
                "vvelprs": 0.0049605052918195724,
                "tmpprs": 0.004711500369012356,
                "rhprs": 0.0047256299294531345,
                "hgtprs": 0.004756908398121595,
                "absvprs": 0.004997000563889742,
                "pressfc": 0.0002676144358702004,
                "capesfc": 0.00023890839656814933,
                "tmpsfc": 0.0003407398471608758,
                "landmask": 0.00034344702726230025
            }
        },
        {
            "type": "Feature",
            "geometry": {
                "type": "Point",
                "coordinates": [
                    -76.0,
                    31.0
                ]
            },
            "properties": {
                "system_id": "INVEST_00",
                "confidence": 0.6611286566760125,
                "uncertainty_std": 0.24034593999385834,
                "ci_95": [
                    0.19005061428805015,
                    1.0
                ],
                "lead_time_hrs": 48,
                "movement_vector": {
                    "dlat_24h": 0.0,
                    "dlon_24h": 0.0
                },
                "trajectory": {},
                "top_driver": "rhprs",
                "ugrdprs": 0.0035074602346867323,
                "vgrdprs": 0.0032446798868477345,
                "vvelprs": 0.0034461035393178463,
                "tmpprs": 0.0034632834140211344,
                "rhprs": 0.003542505670338869,
                "hgtprs": 0.0033344351686537266,
                "absvprs": 0.003166861366480589,
                "pressfc": 0.00021353921329136938,
                "capesfc": 0.00018621319031808525,
                "tmpsfc": 0.00015067111235111952,
                "landmask": 0.0001682208094280213
            }
        },
        {
            "type": "Feature",
            "geometry": {
                "type": "Point",
                "coordinates": [
                    -121.0,
                    -7.0
                ]
            },
            "properties": {
                "system_id": "INVEST_00",
                "confidence": 0.660182417038167,
                "uncertainty_std": 0.12474803626537323,
                "ci_95": [
                    0.41567626595803553,
                    0.9046885681182986
                ],
                "lead_time_hrs": 48,
                "movement_vector": {
                    "dlat_24h": 0.0,
                    "dlon_24h": 0.0
                },
                "trajectory": {},
                "top_driver": "ugrdprs",
                "ugrdprs": 0.0069887833669781685,
                "vgrdprs": 0.006666513159871101,
                "vvelprs": 0.006754616741091013,
                "tmpprs": 0.006647001951932907,
                "rhprs": 0.00620440486818552,
                "hgtprs": 0.00668006855994463,
                "absvprs": 0.006374926306307316,
                "pressfc": 0.00035585282603278756,
                "capesfc": 0.0003042526659555733,
                "tmpsfc": 0.000460137176560238,
                "landmask": 0.0003575936716515571
            }
        },
        {
            "type": "Feature",
            "geometry": {
                "type": "Point",
                "coordinates": [
                    -68.0,
                    16.0
                ]
            },
            "properties": {
                "system_id": "INVEST_00",
                "confidence": 0.6596201493874709,
                "uncertainty_std": 0.11096853762865067,
                "ci_95": [
                    0.4421218156353156,
                    0.8771184831396263
                ],
                "lead_time_hrs": 48,
                "movement_vector": {
                    "dlat_24h": 0.0,
                    "dlon_24h": 0.0
                },
                "trajectory": {},
                "top_driver": "vvelprs",
                "ugrdprs": 0.003265075385570526,
                "vgrdprs": 0.0029485870618373156,
                "vvelprs": 0.003329151077196002,
                "tmpprs": 0.0029067727737128735,
                "rhprs": 0.0028052139095962048,
                "hgtprs": 0.0032660653814673424,
                "absvprs": 0.0030094084795564413,
                "pressfc": 0.00017913132614921778,
                "capesfc": 0.00013409882376436144,
                "tmpsfc": 0.00013159301306586713,
                "landmask": 0.000165766294230707
            }
        },
        {
            "type": "Feature",
            "geometry": {
                "type": "Point",
                "coordinates": [
                    140.0,
                    25.0
                ]
            },
            "properties": {
                "system_id": "INVEST_00",
                "confidence": 0.6575524655170388,
                "uncertainty_std": 0.21088799834251404,
                "ci_95": [
                    0.24421198876571132,
                    1.0
                ],
                "lead_time_hrs": 48,
                "movement_vector": {
                    "dlat_24h": 0.0,
                    "dlon_24h": 0.0
                },
                "trajectory": {},
                "top_driver": "hgtprs",
                "ugrdprs": 0.007320979610085487,
                "vgrdprs": 0.007113718893378973,
                "vvelprs": 0.006986524444073439,
                "tmpprs": 0.007265656255185604,
                "rhprs": 0.007231096737086773,
                "hgtprs": 0.007352745160460472,
                "absvprs": 0.007085852324962616,
                "pressfc": 0.00035541452234610915,
                "capesfc": 0.00041269525536336005,
                "tmpsfc": 0.000320208549965173,
                "landmask": 0.0005113265942782164
            }
        },
        {
            "type": "Feature",
            "geometry": {
                "type": "Point",
                "coordinates": [
                    -88.0,
                    17.0
                ]
            },
            "properties": {
                "system_id": "INVEST_00",
                "confidence": 0.6570900394003019,
                "uncertainty_std": 0.09169802069664001,
                "ci_95": [
                    0.47736191883488743,
                    0.8368181599657163
                ],
                "lead_time_hrs": 48,
                "movement_vector": {
                    "dlat_24h": 0.0,
                    "dlon_24h": 0.0
                },
                "trajectory": {},
                "top_driver": "tmpprs",
                "ugrdprs": 0.004649212583899498,
                "vgrdprs": 0.0046013882383704185,
                "vvelprs": 0.004536640364676714,
                "tmpprs": 0.0046929046511650085,
                "rhprs": 0.004603146575391293,
                "hgtprs": 0.004571190103888512,
                "absvprs": 0.004482015501707792,
                "pressfc": 0.00021409413602668792,
                "capesfc": 0.0002562760200817138,
                "tmpsfc": 0.000270717719104141,
                "landmask": 0.00032870579161681235
            }
        },
        {
            "type": "Feature",
            "geometry": {
                "type": "Point",
                "coordinates": [
                    154.0,
                    7.0
                ]
            },
            "properties": {
                "system_id": "INVEST_00",
                "confidence": 0.6560767513586936,
                "uncertainty_std": 0.07015378028154373,
                "ci_95": [
                    0.518575342006868,
                    0.7935781607105192
                ],
                "lead_time_hrs": 48,
                "movement_vector": {
                    "dlat_24h": 0.0,
                    "dlon_24h": 0.0
                },
                "trajectory": {},
                "top_driver": "ugrdprs",
                "ugrdprs": 0.004173905123025179,
                "vgrdprs": 0.003764316439628601,
                "vvelprs": 0.004052281845360994,
                "tmpprs": 0.0038232149090617895,
                "rhprs": 0.003567822277545929,
                "hgtprs": 0.004042911808937788,
                "absvprs": 0.003949876409024,
                "pressfc": 0.00026485873968340456,
                "capesfc": 0.0002065234148176387,
                "tmpsfc": 0.00017969509644899517,
                "landmask": 0.00027473937370814383
            }
        },
        {
            "type": "Feature",
            "geometry": {
                "type": "Point",
                "coordinates": [
                    -134.0,
                    5.0
                ]
            },
            "properties": {
                "system_id": "INVEST_00",
                "confidence": 0.6555231586720064,
                "uncertainty_std": 0.10035115480422974,
                "ci_95": [
                    0.4588348952557161,
                    0.8522114220882967
                ],
                "lead_time_hrs": 48,
                "movement_vector": {
                    "dlat_24h": 0.0,
                    "dlon_24h": 0.0
                },
                "trajectory": {},
                "top_driver": "ugrdprs",
                "ugrdprs": 0.005006787367165089,
                "vgrdprs": 0.004707802087068558,
                "vvelprs": 0.004816918168216944,
                "tmpprs": 0.0048708319664001465,
                "rhprs": 0.004679203033447266,
                "hgtprs": 0.004680762533098459,
                "absvprs": 0.004889572039246559,
                "pressfc": 0.0003107566444668919,
                "capesfc": 0.0003049997321795672,
                "tmpsfc": 0.0002503239084035158,
                "landmask": 0.00033804718987084925
            }
        },
        {
            "type": "Feature",
            "geometry": {
                "type": "Point",
                "coordinates": [
                    -157.0,
                    3.0
                ]
            },
            "properties": {
                "system_id": "INVEST_00",
                "confidence": 0.6550495330842493,
                "uncertainty_std": 0.0952024757862091,
                "ci_95": [
                    0.4684526805432795,
                    0.8416463856252191
                ],
                "lead_time_hrs": 48,
                "movement_vector": {
                    "dlat_24h": 0.0,
                    "dlon_24h": 0.0
                },
                "trajectory": {},
                "top_driver": "ugrdprs",
                "ugrdprs": 0.003974312916398048,
                "vgrdprs": 0.00351603701710701,
                "vvelprs": 0.003854806302115321,
                "tmpprs": 0.0035882429219782352,
                "rhprs": 0.0034266430884599686,
                "hgtprs": 0.003726688912138343,
                "absvprs": 0.0037690154276788235,
                "pressfc": 0.0002250957186333835,
                "capesfc": 0.0001722750603221357,
                "tmpsfc": 0.00022161535162013024,
                "landmask": 0.00023726274957880378
            }
        },
        {
            "type": "Feature",
            "geometry": {
                "type": "Point",
                "coordinates": [
                    142.0,
                    18.0
                ]
            },
            "properties": {
                "system_id": "INVEST_00",
                "confidence": 0.6539464159408521,
                "uncertainty_std": 0.08595354855060577,
                "ci_95": [
                    0.4854774607816648,
                    0.8224153711000395
                ],
                "lead_time_hrs": 48,
                "movement_vector": {
                    "dlat_24h": 0.0,
                    "dlon_24h": 0.0
                },
                "trajectory": {},
                "top_driver": "ugrdprs",
                "ugrdprs": 0.004139077849686146,
                "vgrdprs": 0.003724038368090987,
                "vvelprs": 0.0038697232957929373,
                "tmpprs": 0.0038263187743723392,
                "rhprs": 0.003470818744972348,
                "hgtprs": 0.003834246890619397,
                "absvprs": 0.003918149508535862,
                "pressfc": 0.0002445128047838807,
                "capesfc": 0.0002618304861243814,
                "tmpsfc": 0.0001697004772722721,
                "landmask": 0.0002222078328486532
            }
        },
        {
            "type": "Feature",
            "geometry": {
                "type": "Point",
                "coordinates": [
                    -168.0,
                    -3.0
                ]
            },
            "properties": {
                "system_id": "INVEST_00",
                "confidence": 0.6532135332107557,
                "uncertainty_std": 0.1590585708618164,
                "ci_95": [
                    0.34145873432159557,
                    0.9649683320999158
                ],
                "lead_time_hrs": 48,
                "movement_vector": {
                    "dlat_24h": 0.0,
                    "dlon_24h": 0.0
                },
                "trajectory": {},
                "top_driver": "hgtprs",
                "ugrdprs": 0.00488345418125391,
                "vgrdprs": 0.005033417604863644,
                "vvelprs": 0.005049524828791618,
                "tmpprs": 0.004867237992584705,
                "rhprs": 0.004807931371033192,
                "hgtprs": 0.005082806572318077,
                "absvprs": 0.004753944929689169,
                "pressfc": 0.0002757447655312717,
                "capesfc": 0.0002492080384399742,
                "tmpsfc": 0.00021257948537822813,
                "landmask": 0.0002801966620609164
            }
        },
        {
            "type": "Feature",
            "geometry": {
                "type": "Point",
                "coordinates": [
                    144.0,
                    3.0
                ]
            },
            "properties": {
                "system_id": "INVEST_00",
                "confidence": 0.6531463232251853,
                "uncertainty_std": 0.0834234356880188,
                "ci_95": [
                    0.4896363892766684,
                    0.8166562571737022
                ],
                "lead_time_hrs": 48,
                "movement_vector": {
                    "dlat_24h": 0.0,
                    "dlon_24h": 0.0
                },
                "trajectory": {},
                "top_driver": "ugrdprs",
                "ugrdprs": 0.0043459609150886536,
                "vgrdprs": 0.0039179627783596516,
                "vvelprs": 0.004176305141299963,
                "tmpprs": 0.0038928126450628042,
                "rhprs": 0.003638175316154957,
                "hgtprs": 0.004107076674699783,
                "absvprs": 0.004054666962474585,
                "pressfc": 0.0002700157347135246,
                "capesfc": 0.00021927950729150325,
                "tmpsfc": 0.0001770491653587669,
                "landmask": 0.00028342261794023216
            }
        },
        {
            "type": "Feature",
            "geometry": {
                "type": "Point",
                "coordinates": [
                    -165.0,
                    10.0
                ]
            },
            "properties": {
                "system_id": "INVEST_00",
                "confidence": 0.6513310042476175,
                "uncertainty_std": 0.11410639435052872,
                "ci_95": [
                    0.4276824713205812,
                    0.8749795371746538
                ],
                "lead_time_hrs": 48,
                "movement_vector": {
                    "dlat_24h": 0.0,
                    "dlon_24h": 0.0
                },
                "trajectory": {},
                "top_driver": "vvelprs",
                "ugrdprs": 0.004235683940351009,
                "vgrdprs": 0.00392342871055007,
                "vvelprs": 0.004293925128877163,
                "tmpprs": 0.004043299704790115,
                "rhprs": 0.003642064519226551,
                "hgtprs": 0.004093268886208534,
                "absvprs": 0.003946482203900814,
                "pressfc": 0.0002682360354810953,
                "capesfc": 0.00016788995708338916,
                "tmpsfc": 0.0002128384221578017,
                "landmask": 0.00024927034974098206
            }
        },
        {
            "type": "Feature",
            "geometry": {
                "type": "Point",
                "coordinates": [
                    -143.0,
                    -4.0
                ]
            },
            "properties": {
                "system_id": "INVEST_00",
                "confidence": 0.6480920781695724,
                "uncertainty_std": 0.09543415158987045,
                "ci_95": [
                    0.4610411410534263,
                    0.8351430152857184
                ],
                "lead_time_hrs": 48,
                "movement_vector": {
                    "dlat_24h": 0.0,
                    "dlon_24h": 0.0
                },
                "trajectory": {},
                "top_driver": "vvelprs",
                "ugrdprs": 0.006744398269802332,
                "vgrdprs": 0.006681887432932854,
                "vvelprs": 0.007124336436390877,
                "tmpprs": 0.006335164420306683,
                "rhprs": 0.0063676992431283,
                "hgtprs": 0.006625599227845669,
                "absvprs": 0.006567579228430986,
                "pressfc": 0.0003540717880241573,
                "capesfc": 0.00033938587876036763,
                "tmpsfc": 0.00043479015585035086,
                "landmask": 0.00034276058431714773
            }
        },
        {
            "type": "Feature",
            "geometry": {
                "type": "Point",
                "coordinates": [
                    -108.0,
                    25.0
                ]
            },
            "properties": {
                "system_id": "INVEST_00",
                "confidence": 0.6479516236278584,
                "uncertainty_std": 0.22458626329898834,
                "ci_95": [
                    0.20776254756184126,
                    1.0
                ],
                "lead_time_hrs": 48,
                "movement_vector": {
                    "dlat_24h": 0.0,
                    "dlon_24h": 0.0
                },
                "trajectory": {},
                "top_driver": "vgrdprs",
                "ugrdprs": 0.007809862494468689,
                "vgrdprs": 0.007951565086841583,
                "vvelprs": 0.0071385204792022705,
                "tmpprs": 0.007949002087116241,
                "rhprs": 0.007723842281848192,
                "hgtprs": 0.007436453364789486,
                "absvprs": 0.007542645558714867,
                "pressfc": 0.000505525094922632,
                "capesfc": 0.0004951091832481325,
                "tmpsfc": 0.0004628067254088819,
                "landmask": 0.000483778741909191
            }
        },
        {
            "type": "Feature",
            "geometry": {
                "type": "Point",
                "coordinates": [
                    35.0,
                    -14.0
                ]
            },
            "properties": {
                "system_id": "INVEST_00",
                "confidence": 0.6473207741737778,
                "uncertainty_std": 0.14338070154190063,
                "ci_95": [
                    0.3662945991516525,
                    0.928346949195903
                ],
                "lead_time_hrs": 48,
                "movement_vector": {
                    "dlat_24h": 0.0,
                    "dlon_24h": 0.0
                },
                "trajectory": {},
                "top_driver": "vgrdprs",
                "ugrdprs": 0.0035441594664007425,
                "vgrdprs": 0.0037153828889131546,
                "vvelprs": 0.0035790076944977045,
                "tmpprs": 0.0032656306866556406,
                "rhprs": 0.0032052877359092236,
                "hgtprs": 0.00338772707618773,
                "absvprs": 0.0034459636081010103,
                "pressfc": 0.0002498863323125988,
                "capesfc": 0.00015010996139608324,
                "tmpsfc": 0.00022634860943071544,
                "landmask": 0.00018671914585866034
            }
        },
        {
            "type": "Feature",
            "geometry": {
                "type": "Point",
                "coordinates": [
                    119.0,
                    -4.0
                ]
            },
            "properties": {
                "system_id": "INVEST_00",
                "confidence": 0.6465324664257464,
                "uncertainty_std": 0.2536681890487671,
                "ci_95": [
                    0.14934281589016285,
                    1.0
                ],
                "lead_time_hrs": 48,
                "movement_vector": {
                    "dlat_24h": 0.0,
                    "dlon_24h": 0.0
                },
                "trajectory": {},
                "top_driver": "ugrdprs",
                "ugrdprs": 0.008240969851613045,
                "vgrdprs": 0.007531282026320696,
                "vvelprs": 0.007379473187029362,
                "tmpprs": 0.007990159094333649,
                "rhprs": 0.007958343252539635,
                "hgtprs": 0.008184797130525112,
                "absvprs": 0.007685169577598572,
                "pressfc": 0.0004662749415729195,
                "capesfc": 0.0004899686318822205,
                "tmpsfc": 0.0004690692585427314,
                "landmask": 0.0003242891689296812
            }
        },
        {
            "type": "Feature",
            "geometry": {
                "type": "Point",
                "coordinates": [
                    157.0,
                    33.0
                ]
            },
            "properties": {
                "system_id": "INVEST_00",
                "confidence": 0.6457718019951816,
                "uncertainty_std": 0.085438072681427,
                "ci_95": [
                    0.47831317953958463,
                    0.8132304244507785
                ],
                "lead_time_hrs": 48,
                "movement_vector": {
                    "dlat_24h": 0.0,
                    "dlon_24h": 0.0
                },
                "trajectory": {},
                "top_driver": "tmpprs",
                "ugrdprs": 0.006647290196269751,
                "vgrdprs": 0.0066407229751348495,
                "vvelprs": 0.006965097971260548,
                "tmpprs": 0.007674470078200102,
                "rhprs": 0.006811568047851324,
                "hgtprs": 0.006859402172267437,
                "absvprs": 0.006708886474370956,
                "pressfc": 0.00046916306018829346,
                "capesfc": 0.00031884279451332986,
                "tmpsfc": 0.00031956261955201626,
                "landmask": 0.0003253229660913348
            }
        },
        {
            "type": "Feature",
            "geometry": {
                "type": "Point",
                "coordinates": [
                    72.0,
                    -5.0
                ]
            },
            "properties": {
                "system_id": "INVEST_00",
                "confidence": 0.6428363882516902,
                "uncertainty_std": 0.1371367871761322,
                "ci_95": [
                    0.3740482853864711,
                    0.9116244911169094
                ],
                "lead_time_hrs": 48,
                "movement_vector": {
                    "dlat_24h": 0.0,
                    "dlon_24h": 0.0
                },
                "trajectory": {},
                "top_driver": "hgtprs",
                "ugrdprs": 0.005397989880293608,
                "vgrdprs": 0.005339173600077629,
                "vvelprs": 0.00493993004783988,
                "tmpprs": 0.005194658413529396,
                "rhprs": 0.005245352629572153,
                "hgtprs": 0.005496169440448284,
                "absvprs": 0.005097794346511364,
                "pressfc": 0.0003635894681792706,
                "capesfc": 0.00024295524053741246,
                "tmpsfc": 0.0002955390664283186,
                "landmask": 0.00034389656502753496
            }
        },
        {
            "type": "Feature",
            "geometry": {
                "type": "Point",
                "coordinates": [
                    128.0,
                    21.0
                ]
            },
            "properties": {
                "system_id": "INVEST_00",
                "confidence": 0.6426225082030476,
                "uncertainty_std": 0.08542820811271667,
                "ci_95": [
                    0.4751832203021229,
                    0.8100617961039722
                ],
                "lead_time_hrs": 48,
                "movement_vector": {
                    "dlat_24h": 0.0,
                    "dlon_24h": 0.0
                },
                "trajectory": {},
                "top_driver": "absvprs",
                "ugrdprs": 0.005245854612439871,
                "vgrdprs": 0.005003547295928001,
                "vvelprs": 0.005266394931823015,
                "tmpprs": 0.00515880947932601,
                "rhprs": 0.00506250886246562,
                "hgtprs": 0.005123224575072527,
                "absvprs": 0.005488696973770857,
                "pressfc": 0.00036140476004220545,
                "capesfc": 0.00033561387681402266,
                "tmpsfc": 0.00030684031662531197,
                "landmask": 0.00037129074917174876
            }
        },
        {
            "type": "Feature",
            "geometry": {
                "type": "Point",
                "coordinates": [
                    135.0,
                    33.0
                ]
            },
            "properties": {
                "system_id": "INVEST_00",
                "confidence": 0.6424646672402458,
                "uncertainty_std": 0.14285728335380554,
                "ci_95": [
                    0.3624643918667869,
                    0.9224649426137046
                ],
                "lead_time_hrs": 48,
                "movement_vector": {
                    "dlat_24h": 0.0,
                    "dlon_24h": 0.0
                },
                "trajectory": {},
                "top_driver": "ugrdprs",
                "ugrdprs": 0.006459725089371204,
                "vgrdprs": 0.005874652415513992,
                "vvelprs": 0.006418522447347641,
                "tmpprs": 0.006131671369075775,
                "rhprs": 0.006262429989874363,
                "hgtprs": 0.006318406667560339,
                "absvprs": 0.006291885394603014,
                "pressfc": 0.0003086766810156405,
                "capesfc": 0.00033446584711782634,
                "tmpsfc": 0.0002979770943056792,
                "landmask": 0.0003577478928491473
            }
        },
        {
            "type": "Feature",
            "geometry": {
                "type": "Point",
                "coordinates": [
                    -127.0,
                    -17.0
                ]
            },
            "properties": {
                "system_id": "INVEST_00",
                "confidence": 0.6417305987504388,
                "uncertainty_std": 0.09858789294958115,
                "ci_95": [
                    0.44849832856925975,
                    0.8349628689316179
                ],
                "lead_time_hrs": 48,
                "movement_vector": {
                    "dlat_24h": 0.0,
                    "dlon_24h": 0.0
                },
                "trajectory": {},
                "top_driver": "hgtprs",
                "ugrdprs": 0.003283160040155053,
                "vgrdprs": 0.0032491779420524836,
                "vvelprs": 0.003367522032931447,
                "tmpprs": 0.0032991005573421717,
                "rhprs": 0.0030094326939433813,
                "hgtprs": 0.003437975887209177,
                "absvprs": 0.0031821574084460735,
                "pressfc": 0.00020904786651954055,
                "capesfc": 0.00017809066048357636,
                "tmpsfc": 0.00017310456314589828,
                "landmask": 0.00022191504831425846
            }
        },
        {
            "type": "Feature",
            "geometry": {
                "type": "Point",
                "coordinates": [
                    173.0,
                    28.0
                ]
            },
            "properties": {
                "system_id": "INVEST_00",
                "confidence": 0.6407318440028182,
                "uncertainty_std": 0.1264468878507614,
                "ci_95": [
                    0.3928959438153259,
                    0.8885677441903106
                ],
                "lead_time_hrs": 48,
                "movement_vector": {
                    "dlat_24h": 0.0,
                    "dlon_24h": 0.0
                },
                "trajectory": {},
                "top_driver": "ugrdprs",
                "ugrdprs": 0.004332362674176693,
                "vgrdprs": 0.004146292805671692,
                "vvelprs": 0.003909251652657986,
                "tmpprs": 0.004163352306932211,
                "rhprs": 0.00396203575655818,
                "hgtprs": 0.0040552509017288685,
                "absvprs": 0.004048652481287718,
                "pressfc": 0.00025683161220513284,
                "capesfc": 0.00021622604981530458,
                "tmpsfc": 0.00024318904615938663,
                "landmask": 0.00014623269089497626
            }
        },
        {
            "type": "Feature",
            "geometry": {
                "type": "Point",
                "coordinates": [
                    82.0,
                    2.0
                ]
            },
            "properties": {
                "system_id": "INVEST_00",
                "confidence": 0.6405725452467678,
                "uncertainty_std": 0.22248272597789764,
                "ci_95": [
                    0.20450640233008838,
                    1.0
                ],
                "lead_time_hrs": 48,
                "movement_vector": {
                    "dlat_24h": 0.0,
                    "dlon_24h": 0.0
                },
                "trajectory": {},
                "top_driver": "tmpprs",
                "ugrdprs": 0.007418124470859766,
                "vgrdprs": 0.007244199514389038,
                "vvelprs": 0.0072836922481656075,
                "tmpprs": 0.007659263908863068,
                "rhprs": 0.007581265177577734,
                "hgtprs": 0.007461366709321737,
                "absvprs": 0.007211187854409218,
                "pressfc": 0.000415518821682781,
                "capesfc": 0.00040222518146038055,
                "tmpsfc": 0.00044894195161759853,
                "landmask": 0.0006794375949539244
            }
        },
        {
            "type": "Feature",
            "geometry": {
                "type": "Point",
                "coordinates": [
                    -45.0,
                    33.0
                ]
            },
            "properties": {
                "system_id": "INVEST_00",
                "confidence": 0.6382612098654264,
                "uncertainty_std": 0.1310679018497467,
                "ci_95": [
                    0.3813681222399229,
                    0.89515429749093
                ],
                "lead_time_hrs": 48,
                "movement_vector": {
                    "dlat_24h": 0.0,
                    "dlon_24h": 0.0
                },
                "trajectory": {},
                "top_driver": "ugrdprs",
                "ugrdprs": 0.003654411993920803,
                "vgrdprs": 0.0033316444605588913,
                "vvelprs": 0.0036330625880509615,
                "tmpprs": 0.00336009101010859,
                "rhprs": 0.0032223029993474483,
                "hgtprs": 0.003557424293830991,
                "absvprs": 0.003520954865962267,
                "pressfc": 0.0002327079710084945,
                "capesfc": 0.0001821629557525739,
                "tmpsfc": 0.00019243198039475828,
                "landmask": 0.00022467426606453955
            }
        },
        {
            "type": "Feature",
            "geometry": {
                "type": "Point",
                "coordinates": [
                    -158.0,
                    13.0
                ]
            },
            "properties": {
                "system_id": "INVEST_00",
                "confidence": 0.6330653638420685,
                "uncertainty_std": 0.11206921190023422,
                "ci_95": [
                    0.4134097085176094,
                    0.8527210191665275
                ],
                "lead_time_hrs": 48,
                "movement_vector": {
                    "dlat_24h": 0.0,
                    "dlon_24h": 0.0
                },
                "trajectory": {},
                "top_driver": "ugrdprs",
                "ugrdprs": 0.004153123125433922,
                "vgrdprs": 0.0040505994111299515,
                "vvelprs": 0.004078655503690243,
                "tmpprs": 0.004044501576572657,
                "rhprs": 0.0036026397719979286,
                "hgtprs": 0.004100641701370478,
                "absvprs": 0.0038633248768746853,
                "pressfc": 0.000261979759670794,
                "capesfc": 0.00019363692263141274,
                "tmpsfc": 0.000214870844502002,
                "landmask": 0.0002018411469180137
            }
        },
        {
            "type": "Feature",
            "geometry": {
                "type": "Point",
                "coordinates": [
                    -56.0,
                    -2.0
                ]
            },
            "properties": {
                "system_id": "INVEST_00",
                "confidence": 0.63281072312772,
                "uncertainty_std": 0.18455272912979126,
                "ci_95": [
                    0.27108737403332916,
                    0.9945340722221109
                ],
                "lead_time_hrs": 48,
                "movement_vector": {
                    "dlat_24h": 0.0,
                    "dlon_24h": 0.0
                },
                "trajectory": {},
                "top_driver": "vvelprs",
                "ugrdprs": 0.0037278502713888884,
                "vgrdprs": 0.003541967598721385,
                "vvelprs": 0.003816569223999977,
                "tmpprs": 0.0034929385874420404,
                "rhprs": 0.0032487756107002497,
                "hgtprs": 0.0036255880258977413,
                "absvprs": 0.0036601198371499777,
                "pressfc": 0.00026789610274136066,
                "capesfc": 0.00019141373923048377,
                "tmpsfc": 0.0001806969230528921,
                "landmask": 0.00023020518710836768
            }
        },
        {
            "type": "Feature",
            "geometry": {
                "type": "Point",
                "coordinates": [
                    -41.0,
                    31.0
                ]
            },
            "properties": {
                "system_id": "INVEST_00",
                "confidence": 0.6327284937248574,
                "uncertainty_std": 0.09453834593296051,
                "ci_95": [
                    0.44743333569625476,
                    0.81802365175346
                ],
                "lead_time_hrs": 48,
                "movement_vector": {
                    "dlat_24h": 0.0,
                    "dlon_24h": 0.0
                },
                "trajectory": {},
                "top_driver": "ugrdprs",
                "ugrdprs": 0.002967198146507144,
                "vgrdprs": 0.0026892516762018204,
                "vvelprs": 0.0027367575094103813,
                "tmpprs": 0.002666657557711005,
                "rhprs": 0.0026103961281478405,
                "hgtprs": 0.0029108820017427206,
                "absvprs": 0.0027404280845075846,
                "pressfc": 0.00019724930461961776,
                "capesfc": 0.00013385505008045584,
                "tmpsfc": 0.000135924739879556,
                "landmask": 0.00021806890435982496
            }
        },
        {
            "type": "Feature",
            "geometry": {
                "type": "Point",
                "coordinates": [
                    -179.0,
                    11.0
                ]
            },
            "properties": {
                "system_id": "INVEST_00",
                "confidence": 0.6308085013198553,
                "uncertainty_std": 0.10036098212003708,
                "ci_95": [
                    0.43410097636458267,
                    0.827516026275128
                ],
                "lead_time_hrs": 48,
                "movement_vector": {
                    "dlat_24h": 0.0,
                    "dlon_24h": 0.0
                },
                "trajectory": {},
                "top_driver": "ugrdprs",
                "ugrdprs": 0.004439189098775387,
                "vgrdprs": 0.004006972536444664,
                "vvelprs": 0.004372151102870703,
                "tmpprs": 0.004037753213196993,
                "rhprs": 0.0036943054292351007,
                "hgtprs": 0.0042673381976783276,
                "absvprs": 0.004271709825843573,
                "pressfc": 0.0002620563900563866,
                "capesfc": 0.00018790463218465447,
                "tmpsfc": 0.00022061821073293686,
                "landmask": 0.00022052596614230424
            }
        },
        {
            "type": "Feature",
            "geometry": {
                "type": "Point",
                "coordinates": [
                    175.0,
                    -8.0
                ]
            },
            "properties": {
                "system_id": "INVEST_00",
                "confidence": 0.6298593530506665,
                "uncertainty_std": 0.1410605013370514,
                "ci_95": [
                    0.3533807704300458,
                    0.9063379356712873
                ],
                "lead_time_hrs": 48,
                "movement_vector": {
                    "dlat_24h": 0.0,
                    "dlon_24h": 0.0
                },
                "trajectory": {},
                "top_driver": "ugrdprs",
                "ugrdprs": 0.0046176849864423275,
                "vgrdprs": 0.004356990568339825,
                "vvelprs": 0.004484220407903194,
                "tmpprs": 0.0042225513607263565,
                "rhprs": 0.004493460059165955,
                "hgtprs": 0.004571087192744017,
                "absvprs": 0.0045099821873009205,
                "pressfc": 0.0003182590298820287,
                "capesfc": 0.0002267688832944259,
                "tmpsfc": 0.000293204648187384,
                "landmask": 0.00030747061828151345
            }
        },
        {
            "type": "Feature",
            "geometry": {
                "type": "Point",
                "coordinates": [
                    -156.0,
                    -8.0
                ]
            },
            "properties": {
                "system_id": "INVEST_00",
                "confidence": 0.6292970508188229,
                "uncertainty_std": 0.11691689491271973,
                "ci_95": [
                    0.40013993678989224,
                    0.8584541648477536
                ],
                "lead_time_hrs": 48,
                "movement_vector": {
                    "dlat_24h": 0.0,
                    "dlon_24h": 0.0
                },
                "trajectory": {},
                "top_driver": "ugrdprs",
                "ugrdprs": 0.00322661898098886,
                "vgrdprs": 0.0030286796391010284,
                "vvelprs": 0.0031954613514244556,
                "tmpprs": 0.003162011504173279,
                "rhprs": 0.002872939221560955,
                "hgtprs": 0.003086451441049576,
                "absvprs": 0.0032229276839643717,
                "pressfc": 0.0002085192099912092,
                "capesfc": 0.00013725648750551045,
                "tmpsfc": 0.00019969871209468693,
                "landmask": 0.00017561062122695148
            }
        },
        {
            "type": "Feature",
            "geometry": {
                "type": "Point",
                "coordinates": [
                    -174.0,
                    -4.0
                ]
            },
            "properties": {
                "system_id": "INVEST_00",
                "confidence": 0.6289244364631598,
                "uncertainty_std": 0.1811201572418213,
                "ci_95": [
                    0.27392892826919,
                    0.9839199446571295
                ],
                "lead_time_hrs": 48,
                "movement_vector": {
                    "dlat_24h": 0.0,
                    "dlon_24h": 0.0
                },
                "trajectory": {},
                "top_driver": "tmpprs",
                "ugrdprs": 0.007032161578536034,
                "vgrdprs": 0.007199765648692846,
                "vvelprs": 0.007246902212500572,
                "tmpprs": 0.00737243564799428,
                "rhprs": 0.006925275549292564,
                "hgtprs": 0.007143409922719002,
                "absvprs": 0.006731664761900902,
                "pressfc": 0.0004803193733096123,
                "capesfc": 0.0004043821827508509,
                "tmpsfc": 0.00041591262561269104,
                "landmask": 0.00046275591012090445
            }
        },
        {
            "type": "Feature",
            "geometry": {
                "type": "Point",
                "coordinates": [
                    144.0,
                    12.0
                ]
            },
            "properties": {
                "system_id": "INVEST_00",
                "confidence": 0.6264730778966353,
                "uncertainty_std": 0.16656066477298737,
                "ci_95": [
                    0.30001417494158006,
                    0.9529319808516905
                ],
                "lead_time_hrs": 48,
                "movement_vector": {
                    "dlat_24h": 0.0,
                    "dlon_24h": 0.0
                },
                "trajectory": {},
                "top_driver": "ugrdprs",
                "ugrdprs": 0.009857908822596073,
                "vgrdprs": 0.009448365308344364,
                "vvelprs": 0.009814482182264328,
                "tmpprs": 0.009318140335381031,
                "rhprs": 0.008911400102078915,
                "hgtprs": 0.00948939099907875,
                "absvprs": 0.009082327596843243,
                "pressfc": 0.000566049013286829,
                "capesfc": 0.0004151314788032323,
                "tmpsfc": 0.0005387865821830928,
                "landmask": 0.0004769827937707305
            }
        },
        {
            "type": "Feature",
            "geometry": {
                "type": "Point",
                "coordinates": [
                    -49.0,
                    31.0
                ]
            },
            "properties": {
                "system_id": "INVEST_00",
                "confidence": 0.6261041177250443,
                "uncertainty_std": 0.1522466242313385,
                "ci_95": [
                    0.3277007342316208,
                    0.9245075012184677
                ],
                "lead_time_hrs": 48,
                "movement_vector": {
                    "dlat_24h": 0.0,
                    "dlon_24h": 0.0
                },
                "trajectory": {},
                "top_driver": "ugrdprs",
                "ugrdprs": 0.004109150730073452,
                "vgrdprs": 0.003715244820341468,
                "vvelprs": 0.004024745896458626,
                "tmpprs": 0.003660797141492367,
                "rhprs": 0.003513908013701439,
                "hgtprs": 0.003885438200086355,
                "absvprs": 0.0038613497745245695,
                "pressfc": 0.00025137074408121407,
                "capesfc": 0.0002065974404104054,
                "tmpsfc": 0.0001698420528555289,
                "landmask": 0.0002545835741329938
            }
        },
        {
            "type": "Feature",
            "geometry": {
                "type": "Point",
                "coordinates": [
                    -37.0,
                    4.0
                ]
            },
            "properties": {
                "system_id": "INVEST_00",
                "confidence": 0.6255880288115411,
                "uncertainty_std": 0.07803841680288315,
                "ci_95": [
                    0.4726327318778901,
                    0.778543325745192
                ],
                "lead_time_hrs": 48,
                "movement_vector": {
                    "dlat_24h": 0.0,
                    "dlon_24h": 0.0
                },
                "trajectory": {},
                "top_driver": "vvelprs",
                "ugrdprs": 0.0031577139161527157,
                "vgrdprs": 0.0029288209043443203,
                "vvelprs": 0.003183789784088731,
                "tmpprs": 0.002792039653286338,
                "rhprs": 0.0026940051466226578,
                "hgtprs": 0.003116265870630741,
                "absvprs": 0.0029432070441544056,
                "pressfc": 0.0001997768267756328,
                "capesfc": 0.00015185381926130503,
                "tmpsfc": 0.00012464525934774429,
                "landmask": 0.00018926346092484891
            }
        },
        {
            "type": "Feature",
            "geometry": {
                "type": "Point",
                "coordinates": [
                    -33.0,
                    34.0
                ]
            },
            "properties": {
                "system_id": "INVEST_00",
                "confidence": 0.6248564056428104,
                "uncertainty_std": 0.13244329392910004,
                "ci_95": [
                    0.3652675495417744,
                    0.8844452617438465
                ],
                "lead_time_hrs": 48,
                "movement_vector": {
                    "dlat_24h": 0.0,
                    "dlon_24h": 0.0
                },
                "trajectory": {},
                "top_driver": "ugrdprs",
                "ugrdprs": 0.0036382246762514114,
                "vgrdprs": 0.003330642357468605,
                "vvelprs": 0.003513171337544918,
                "tmpprs": 0.003265013452619314,
                "rhprs": 0.0032530762255191803,
                "hgtprs": 0.0034935162402689457,
                "absvprs": 0.0035505788400769234,
                "pressfc": 0.00023225999029818922,
                "capesfc": 0.0001826135558076203,
                "tmpsfc": 0.0001741518353810534,
                "landmask": 0.00021667168766725808
            }
        },
        {
            "type": "Feature",
            "geometry": {
                "type": "Point",
                "coordinates": [
                    -86.0,
                    6.0
                ]
            },
            "properties": {
                "system_id": "INVEST_00",
                "confidence": 0.6233065847456506,
                "uncertainty_std": 0.14062337577342987,
                "ci_95": [
                    0.34768476822972805,
                    0.8989284012615731
                ],
                "lead_time_hrs": 48,
                "movement_vector": {
                    "dlat_24h": 0.0,
                    "dlon_24h": 0.0
                },
                "trajectory": {},
                "top_driver": "ugrdprs",
                "ugrdprs": 0.007049094885587692,
                "vgrdprs": 0.0068343221209943295,
                "vvelprs": 0.006956920027732849,
                "tmpprs": 0.0064507219940423965,
                "rhprs": 0.006189907435327768,
                "hgtprs": 0.006702542770653963,
                "absvprs": 0.006632354576140642,
                "pressfc": 0.00033625680953264236,
                "capesfc": 0.00033790231100283563,
                "tmpsfc": 0.00035541821853257716,
                "landmask": 0.0003176284080836922
            }
        },
        {
            "type": "Feature",
            "geometry": {
                "type": "Point",
                "coordinates": [
                    -150.0,
                    -11.0
                ]
            },
            "properties": {
                "system_id": "INVEST_00",
                "confidence": 0.6148251469082054,
                "uncertainty_std": 0.1226886585354805,
                "ci_95": [
                    0.37435537617866366,
                    0.8552949176377472
                ],
                "lead_time_hrs": 48,
                "movement_vector": {
                    "dlat_24h": 0.0,
                    "dlon_24h": 0.0
                },
                "trajectory": {},
                "top_driver": "ugrdprs",
                "ugrdprs": 0.007108714431524277,
                "vgrdprs": 0.006801936309784651,
                "vvelprs": 0.006799705326557159,
                "tmpprs": 0.00653815409168601,
                "rhprs": 0.006174133624881506,
                "hgtprs": 0.006597688887268305,
                "absvprs": 0.006400911137461662,
                "pressfc": 0.00038893267628736794,
                "capesfc": 0.0003171888820361346,
                "tmpsfc": 0.0004349382652435452,
                "landmask": 0.000372122012777254
            }
        },
        {
            "type": "Feature",
            "geometry": {
                "type": "Point",
                "coordinates": [
                    168.0,
                    29.0
                ]
            },
            "properties": {
                "system_id": "INVEST_00",
                "confidence": 0.6141425480883244,
                "uncertainty_std": 0.1466086506843567,
                "ci_95": [
                    0.32678959274698527,
                    0.9014955034296634
                ],
                "lead_time_hrs": 48,
                "movement_vector": {
                    "dlat_24h": 0.0,
                    "dlon_24h": 0.0
                },
                "trajectory": {},
                "top_driver": "ugrdprs",
                "ugrdprs": 0.005587362218648195,
                "vgrdprs": 0.005544440820813179,
                "vvelprs": 0.005093574058264494,
                "tmpprs": 0.005246421322226524,
                "rhprs": 0.004841845482587814,
                "hgtprs": 0.005250661168247461,
                "absvprs": 0.005355864763259888,
                "pressfc": 0.00042577789281494915,
                "capesfc": 0.0002849533047992736,
                "tmpsfc": 0.00034237440559081733,
                "landmask": 0.00023040565429255366
            }
        },
        {
            "type": "Feature",
            "geometry": {
                "type": "Point",
                "coordinates": [
                    -65.0,
                    26.0
                ]
            },
            "properties": {
                "system_id": "INVEST_00",
                "confidence": 0.6126543906225345,
                "uncertainty_std": 0.10149434208869934,
                "ci_95": [
                    0.41372548012868376,
                    0.8115833011163851
                ],
                "lead_time_hrs": 48,
                "movement_vector": {
                    "dlat_24h": 0.0,
                    "dlon_24h": 0.0
                },
                "trajectory": {},
                "top_driver": "vvelprs",
                "ugrdprs": 0.0036419813986867666,
                "vgrdprs": 0.003570370376110077,
                "vvelprs": 0.00367692019790411,
                "tmpprs": 0.0036122985184192657,
                "rhprs": 0.0036053855437785387,
                "hgtprs": 0.0036676882300525904,
                "absvprs": 0.0036611510440707207,
                "pressfc": 0.00015441789582837373,
                "capesfc": 0.00018828469910658896,
                "tmpsfc": 0.000212802566238679,
                "landmask": 0.00023418432101607323
            }
        },
        {
            "type": "Feature",
            "geometry": {
                "type": "Point",
                "coordinates": [
                    -171.0,
                    9.0
                ]
            },
            "properties": {
                "system_id": "INVEST_00",
                "confidence": 0.6124970793315387,
                "uncertainty_std": 0.13831301033496857,
                "ci_95": [
                    0.34140357907500035,
                    0.8835905795880772
                ],
                "lead_time_hrs": 48,
                "movement_vector": {
                    "dlat_24h": 0.0,
                    "dlon_24h": 0.0
                },
                "trajectory": {},
                "top_driver": "ugrdprs",
                "ugrdprs": 0.004020847380161285,
                "vgrdprs": 0.0035742688924074173,
                "vvelprs": 0.003978871740400791,
                "tmpprs": 0.003756204154342413,
                "rhprs": 0.0034799284767359495,
                "hgtprs": 0.003786267712712288,
                "absvprs": 0.0038006592076271772,
                "pressfc": 0.0002261353947687894,
                "capesfc": 0.0001800024474505335,
                "tmpsfc": 0.00020346988458186388,
                "landmask": 0.0002491650520823896
            }
        },
        {
            "type": "Feature",
            "geometry": {
                "type": "Point",
                "coordinates": [
                    -178.0,
                    -1.0
                ]
            },
            "properties": {
                "system_id": "INVEST_00",
                "confidence": 0.6104794250771843,
                "uncertainty_std": 0.1398686021566391,
                "ci_95": [
                    0.3363369648501717,
                    0.8846218853041969
                ],
                "lead_time_hrs": 48,
                "movement_vector": {
                    "dlat_24h": 0.0,
                    "dlon_24h": 0.0
                },
                "trajectory": {},
                "top_driver": "ugrdprs",
                "ugrdprs": 0.007712321821600199,
                "vgrdprs": 0.007557646371424198,
                "vvelprs": 0.007706883363425732,
                "tmpprs": 0.007012329064309597,
                "rhprs": 0.006809205282479525,
                "hgtprs": 0.007607446052134037,
                "absvprs": 0.0074180178344249725,
                "pressfc": 0.0003753280034288764,
                "capesfc": 0.0003383044386282563,
                "tmpsfc": 0.00041947831050492823,
                "landmask": 0.00037503158091567457
            }
        },
        {
            "type": "Feature",
            "geometry": {
                "type": "Point",
                "coordinates": [
                    150.0,
                    4.0
                ]
            },
            "properties": {
                "system_id": "INVEST_00",
                "confidence": 0.6095732976679106,
                "uncertainty_std": 0.10922537744045258,
                "ci_95": [
                    0.39549155788462353,
                    0.8236550374511976
                ],
                "lead_time_hrs": 48,
                "movement_vector": {
                    "dlat_24h": 0.0,
                    "dlon_24h": 0.0
                },
                "trajectory": {},
                "top_driver": "ugrdprs",
                "ugrdprs": 0.009110075421631336,
                "vgrdprs": 0.008716745302081108,
                "vvelprs": 0.008929186500608921,
                "tmpprs": 0.008630483411252499,
                "rhprs": 0.007960395887494087,
                "hgtprs": 0.008554213680326939,
                "absvprs": 0.008827555924654007,
                "pressfc": 0.0004375451826490462,
                "capesfc": 0.00043848593486472964,
                "tmpsfc": 0.00048316631000488997,
                "landmask": 0.0004168204904999584
            }
        },
        {
            "type": "Feature",
            "geometry": {
                "type": "Point",
                "coordinates": [
                    92.0,
                    -13.0
                ]
            },
            "properties": {
                "system_id": "INVEST_00",
                "confidence": 0.6090833013029161,
                "uncertainty_std": 0.14842809736728668,
                "ci_95": [
                    0.3181642304630342,
                    0.900002372142798
                ],
                "lead_time_hrs": 48,
                "movement_vector": {
                    "dlat_24h": 0.0,
                    "dlon_24h": 0.0
                },
                "trajectory": {},
                "top_driver": "vvelprs",
                "ugrdprs": 0.007350163068622351,
                "vgrdprs": 0.00733591616153717,
                "vvelprs": 0.0074345627799630165,
                "tmpprs": 0.0072173187509179115,
                "rhprs": 0.006907038390636444,
                "hgtprs": 0.007096914574503899,
                "absvprs": 0.006775369867682457,
                "pressfc": 0.0004255867679603398,
                "capesfc": 0.00028463624767027795,
                "tmpsfc": 0.0005746974493376911,
                "landmask": 0.0003690059238579124
            }
        },
        {
            "type": "Feature",
            "geometry": {
                "type": "Point",
                "coordinates": [
                    149.0,
                    -8.0
                ]
            },
            "properties": {
                "system_id": "INVEST_00",
                "confidence": 0.6089220443358508,
                "uncertainty_std": 0.1170678585767746,
                "ci_95": [
                    0.37946904152537264,
                    0.838375047146329
                ],
                "lead_time_hrs": 48,
                "movement_vector": {
                    "dlat_24h": 0.0,
                    "dlon_24h": 0.0
                },
                "trajectory": {},
                "top_driver": "hgtprs",
                "ugrdprs": 0.005087176337838173,
                "vgrdprs": 0.005086539778858423,
                "vvelprs": 0.0050786337815225124,
                "tmpprs": 0.004821268375962973,
                "rhprs": 0.004859057255089283,
                "hgtprs": 0.005121042486280203,
                "absvprs": 0.004970226436853409,
                "pressfc": 0.00031667802250012755,
                "capesfc": 0.0002568054769653827,
                "tmpsfc": 0.0002891576732508838,
                "landmask": 0.0003126304072793573
            }
        },
        {
            "type": "Feature",
            "geometry": {
                "type": "Point",
                "coordinates": [
                    174.0,
                    4.0
                ]
            },
            "properties": {
                "system_id": "INVEST_00",
                "confidence": 0.6064406262082261,
                "uncertainty_std": 0.08690737932920456,
                "ci_95": [
                    0.4361021627229852,
                    0.7767790896934671
                ],
                "lead_time_hrs": 48,
                "movement_vector": {
                    "dlat_24h": 0.0,
                    "dlon_24h": 0.0
                },
                "trajectory": {},
                "top_driver": "vvelprs",
                "ugrdprs": 0.004066151101142168,
                "vgrdprs": 0.0036356551572680473,
                "vvelprs": 0.004093639552593231,
                "tmpprs": 0.003828425193205476,
                "rhprs": 0.003523978404700756,
                "hgtprs": 0.003914279863238335,
                "absvprs": 0.003884595353156328,
                "pressfc": 0.00022703538706991822,
                "capesfc": 0.00018086050113197416,
                "tmpsfc": 0.00019738888659048826,
                "landmask": 0.00022485954104922712
            }
        },
        {
            "type": "Feature",
            "geometry": {
                "type": "Point",
                "coordinates": [
                    -56.0,
                    28.0
                ]
            },
            "properties": {
                "system_id": "INVEST_00",
                "confidence": 0.6057545987797986,
                "uncertainty_std": 0.09702448546886444,
                "ci_95": [
                    0.41558660726082436,
                    0.795922590298773
                ],
                "lead_time_hrs": 48,
                "movement_vector": {
                    "dlat_24h": 0.0,
                    "dlon_24h": 0.0
                },
                "trajectory": {},
                "top_driver": "vvelprs",
                "ugrdprs": 0.0035549530293792486,
                "vgrdprs": 0.00320309866219759,
                "vvelprs": 0.003576513845473528,
                "tmpprs": 0.003286761697381735,
                "rhprs": 0.0030883848667144775,
                "hgtprs": 0.003385123098269105,
                "absvprs": 0.003435393562540412,
                "pressfc": 0.00022192376491148025,
                "capesfc": 0.0001904970413306728,
                "tmpsfc": 0.00016502519429195672,
                "landmask": 0.00021503538300748914
            }
        },
        {
            "type": "Feature",
            "geometry": {
                "type": "Point",
                "coordinates": [
                    -176.0,
                    6.0
                ]
            },
            "properties": {
                "system_id": "INVEST_00",
                "confidence": 0.6044533998562839,
                "uncertainty_std": 0.08504756540060043,
                "ci_95": [
                    0.43776017167110703,
                    0.7711466280414607
                ],
                "lead_time_hrs": 48,
                "movement_vector": {
                    "dlat_24h": 0.0,
                    "dlon_24h": 0.0
                },
                "trajectory": {},
                "top_driver": "absvprs",
                "ugrdprs": 0.003596492810174823,
                "vgrdprs": 0.0033965115435421467,
                "vvelprs": 0.0035053035244345665,
                "tmpprs": 0.003291308879852295,
                "rhprs": 0.003177198814228177,
                "hgtprs": 0.0034771240316331387,
                "absvprs": 0.0036690267734229565,
                "pressfc": 0.00021098331490065902,
                "capesfc": 0.00016884134674910456,
                "tmpsfc": 0.00014790314889978617,
                "landmask": 0.0002329917042516172
            }
        },
        {
            "type": "Feature",
            "geometry": {
                "type": "Point",
                "coordinates": [
                    179.0,
                    6.0
                ]
            },
            "properties": {
                "system_id": "INVEST_00",
                "confidence": 0.6032454132490783,
                "uncertainty_std": 0.10521690547466278,
                "ci_95": [
                    0.3970202785187393,
                    0.8094705479794173
                ],
                "lead_time_hrs": 48,
                "movement_vector": {
                    "dlat_24h": 0.0,
                    "dlon_24h": 0.0
                },
                "trajectory": {},
                "top_driver": "ugrdprs",
                "ugrdprs": 0.0037321862764656544,
                "vgrdprs": 0.0034553129225969315,
                "vvelprs": 0.003729226067662239,
                "tmpprs": 0.0035362315829843283,
                "rhprs": 0.003208603011444211,
                "hgtprs": 0.003556727198883891,
                "absvprs": 0.003651603125035763,
                "pressfc": 0.0002225189673481509,
                "capesfc": 0.00017685358761809766,
                "tmpsfc": 0.00017146948084700853,
                "landmask": 0.0001861684868345037
            }
        },
        {
            "type": "Feature",
            "geometry": {
                "type": "Point",
                "coordinates": [
                    -43.0,
                    -2.0
                ]
            },
            "properties": {
                "system_id": "INVEST_00",
                "confidence": 0.602443468843524,
                "uncertainty_std": 0.08822282403707504,
                "ci_95": [
                    0.42952673373085687,
                    0.7753602039561911
                ],
                "lead_time_hrs": 48,
                "movement_vector": {
                    "dlat_24h": 0.0,
                    "dlon_24h": 0.0
                },
                "trajectory": {},
                "top_driver": "vvelprs",
                "ugrdprs": 0.0032096896320581436,
                "vgrdprs": 0.0032326183281838894,
                "vvelprs": 0.0034988131374120712,
                "tmpprs": 0.003149842843413353,
                "rhprs": 0.0029206431936472654,
                "hgtprs": 0.0033853258937597275,
                "absvprs": 0.0031993233133107424,
                "pressfc": 0.00016066421812865883,
                "capesfc": 0.00015519293083343655,
                "tmpsfc": 0.00017928679881151766,
                "landmask": 0.00021401778212748468
            }
        },
        {
            "type": "Feature",
            "geometry": {
                "type": "Point",
                "coordinates": [
                    -79.0,
                    6.0
                ]
            },
            "properties": {
                "system_id": "INVEST_00",
                "confidence": 0.6014443188618447,
                "uncertainty_std": 0.12520286440849304,
                "ci_95": [
                    0.35604670462119836,
                    0.846841933102491
                ],
                "lead_time_hrs": 48,
                "movement_vector": {
                    "dlat_24h": 0.0,
                    "dlon_24h": 0.0
                },
                "trajectory": {},
                "top_driver": "ugrdprs",
                "ugrdprs": 0.007533102296292782,
                "vgrdprs": 0.007248155772686005,
                "vvelprs": 0.007405935786664486,
                "tmpprs": 0.0069334302097558975,
                "rhprs": 0.006626103539019823,
                "hgtprs": 0.007237259764224291,
                "absvprs": 0.0072606648318469524,
                "pressfc": 0.00044124608393758535,
                "capesfc": 0.000341588951414451,
                "tmpsfc": 0.00039927742909640074,
                "landmask": 0.00034400602453388274
            }
        },
        {
            "type": "Feature",
            "geometry": {
                "type": "Point",
                "coordinates": [
                    -137.0,
                    10.0
                ]
            },
            "properties": {
                "system_id": "INVEST_00",
                "confidence": 0.6012839734095212,
                "uncertainty_std": 0.10842984914779663,
                "ci_95": [
                    0.3887614690798398,
                    0.8138064777392027
                ],
                "lead_time_hrs": 48,
                "movement_vector": {
                    "dlat_24h": 0.0,
                    "dlon_24h": 0.0
                },
                "trajectory": {},
                "top_driver": "ugrdprs",
                "ugrdprs": 0.0038234766107052565,
                "vgrdprs": 0.0035372558049857616,
                "vvelprs": 0.003795662894845009,
                "tmpprs": 0.003514412324875593,
                "rhprs": 0.0034124921075999737,
                "hgtprs": 0.0037620654329657555,
                "absvprs": 0.0037006335332989693,
                "pressfc": 0.00027933373348787427,
                "capesfc": 0.00022434118727687746,
                "tmpsfc": 0.0001594912464497611,
                "landmask": 0.00021047198970336467
            }
        },
        {
            "type": "Feature",
            "geometry": {
                "type": "Point",
                "coordinates": [
                    147.0,
                    21.0
                ]
            },
            "properties": {
                "system_id": "INVEST_00",
                "confidence": 0.6000791514261055,
                "uncertainty_std": 0.13121935725212097,
                "ci_95": [
                    0.3428892112119484,
                    0.8572690916402625
                ],
                "lead_time_hrs": 48,
                "movement_vector": {
                    "dlat_24h": 0.0,
                    "dlon_24h": 0.0
                },
                "trajectory": {},
                "top_driver": "ugrdprs",
                "ugrdprs": 0.006695710122585297,
                "vgrdprs": 0.00616185599938035,
                "vvelprs": 0.006287101656198502,
                "tmpprs": 0.00643281452357769,
                "rhprs": 0.005962027702480555,
                "hgtprs": 0.006236575078219175,
                "absvprs": 0.006432729307562113,
                "pressfc": 0.0004695830575656146,
                "capesfc": 0.00037105701630935073,
                "tmpsfc": 0.00031552332802675664,
                "landmask": 0.0003655051696114242
            }
        },
        {
            "type": "Feature",
            "geometry": {
                "type": "Point",
                "coordinates": [
                    -71.0,
                    26.0
                ]
            },
            "properties": {
                "system_id": "INVEST_00",
                "confidence": 0.6000184475671838,
                "uncertainty_std": 0.08782896399497986,
                "ci_95": [
                    0.42787367813702326,
                    0.7721632169973444
                ],
                "lead_time_hrs": 48,
                "movement_vector": {
                    "dlat_24h": 0.0,
                    "dlon_24h": 0.0
                },
                "trajectory": {},
                "top_driver": "vgrdprs",
                "ugrdprs": 0.005807573441416025,
                "vgrdprs": 0.00588069437071681,
                "vvelprs": 0.005154090002179146,
                "tmpprs": 0.00547702657058835,
                "rhprs": 0.005325612612068653,
                "hgtprs": 0.005747655406594276,
                "absvprs": 0.0054485690779984,
                "pressfc": 0.00035153355565853417,
                "capesfc": 0.0002765691315289587,
                "tmpsfc": 0.0003286634455434978,
                "landmask": 0.00024647332611493766
            }
        },
        {
            "type": "Feature",
            "geometry": {
                "type": "Point",
                "coordinates": [
                    -51.0,
                    10.0
                ]
            },
            "properties": {
                "system_id": "INVEST_00",
                "confidence": 0.5999947143979962,
                "uncertainty_std": 0.07037236541509628,
                "ci_95": [
                    0.46206487818440756,
                    0.7379245506115849
                ],
                "lead_time_hrs": 48,
                "movement_vector": {
                    "dlat_24h": 0.0,
                    "dlon_24h": 0.0
                },
                "trajectory": {},
                "top_driver": "ugrdprs",
                "ugrdprs": 0.003440693486481905,
                "vgrdprs": 0.0030522386077791452,
                "vvelprs": 0.003265855833888054,
                "tmpprs": 0.0031063819769769907,
                "rhprs": 0.002950086025521159,
                "hgtprs": 0.003302031196653843,
                "absvprs": 0.0032256105914711952,
                "pressfc": 0.00019943724328186363,
                "capesfc": 0.00012430778588168323,
                "tmpsfc": 0.0001818591554183513,
                "landmask": 0.00022217165678739548
            }
        },
        {
            "type": "Feature",
            "geometry": {
                "type": "Point",
                "coordinates": [
                    -80.0,
                    1.0
                ]
            },
            "properties": {
                "system_id": "INVEST_00",
                "confidence": 0.5957656457369194,
                "uncertainty_std": 0.22976452112197876,
                "ci_95": [
                    0.14542718433784102,
                    1.0
                ],
                "lead_time_hrs": 48,
                "movement_vector": {
                    "dlat_24h": 0.0,
                    "dlon_24h": 0.0
                },
                "trajectory": {},
                "top_driver": "ugrdprs",
                "ugrdprs": 0.005089490674436092,
                "vgrdprs": 0.0046853735111653805,
                "vvelprs": 0.004883685614913702,
                "tmpprs": 0.004704298451542854,
                "rhprs": 0.004416169598698616,
                "hgtprs": 0.004994734190404415,
                "absvprs": 0.004566206131130457,
                "pressfc": 0.00020676043641287833,
                "capesfc": 0.00020989503536839038,
                "tmpsfc": 0.00021317429491318762,
                "landmask": 0.0003633516316767782
            }
        },
        {
            "type": "Feature",
            "geometry": {
                "type": "Point",
                "coordinates": [
                    36.0,
                    4.0
                ]
            },
            "properties": {
                "system_id": "INVEST_00",
                "confidence": 0.5956265148629978,
                "uncertainty_std": 0.24637098610401154,
                "ci_95": [
                    0.1127393820991352,
                    1.0
                ],
                "lead_time_hrs": 48,
                "movement_vector": {
                    "dlat_24h": 0.0,
                    "dlon_24h": 0.0
                },
                "trajectory": {},
                "top_driver": "ugrdprs",
                "ugrdprs": 0.008517410606145859,
                "vgrdprs": 0.008500286377966404,
                "vvelprs": 0.00818291213363409,
                "tmpprs": 0.007967215031385422,
                "rhprs": 0.008203007280826569,
                "hgtprs": 0.008173455484211445,
                "absvprs": 0.00828413013368845,
                "pressfc": 0.0005852614995092154,
                "capesfc": 0.0004106877604499459,
                "tmpsfc": 0.0003339007671456784,
                "landmask": 0.0006063631735742092
            }
        },
        {
            "type": "Feature",
            "geometry": {
                "type": "Point",
                "coordinates": [
                    -51.0,
                    0.0
                ]
            },
            "properties": {
                "system_id": "INVEST_00",
                "confidence": 0.5953215806574832,
                "uncertainty_std": 0.11827761679887772,
                "ci_95": [
                    0.3634974517316829,
                    0.8271457095832835
                ],
                "lead_time_hrs": 48,
                "movement_vector": {
                    "dlat_24h": 0.0,
                    "dlon_24h": 0.0
                },
                "trajectory": {},
                "top_driver": "vvelprs",
                "ugrdprs": 0.00631313631311059,
                "vgrdprs": 0.006291035562753677,
                "vvelprs": 0.0063595338724553585,
                "tmpprs": 0.006019074935466051,
                "rhprs": 0.005514002870768309,
                "hgtprs": 0.006070619449019432,
                "absvprs": 0.006067703943699598,
                "pressfc": 0.00033607552177272737,
                "capesfc": 0.0003176057944074273,
                "tmpsfc": 0.0003398340195417404,
                "landmask": 0.00029744862695224583
            }
        },
        {
            "type": "Feature",
            "geometry": {
                "type": "Point",
                "coordinates": [
                    -132.0,
                    -17.0
                ]
            },
            "properties": {
                "system_id": "INVEST_00",
                "confidence": 0.5941134363345592,
                "uncertainty_std": 0.13612832129001617,
                "ci_95": [
                    0.32730192660612745,
                    0.8609249460629909
                ],
                "lead_time_hrs": 48,
                "movement_vector": {
                    "dlat_24h": 0.0,
                    "dlon_24h": 0.0
                },
                "trajectory": {},
                "top_driver": "ugrdprs",
                "ugrdprs": 0.003976881504058838,
                "vgrdprs": 0.0038062836974859238,
                "vvelprs": 0.00393415242433548,
                "tmpprs": 0.0038621469866484404,
                "rhprs": 0.0036384209524840117,
                "hgtprs": 0.003889207262545824,
                "absvprs": 0.0038421740755438805,
                "pressfc": 0.00024321065575350076,
                "capesfc": 0.0002123098383890465,
                "tmpsfc": 0.00018558251031208783,
                "landmask": 0.0002175286936108023
            }
        },
        {
            "type": "Feature",
            "geometry": {
                "type": "Point",
                "coordinates": [
                    -88.0,
                    -3.0
                ]
            },
            "properties": {
                "system_id": "INVEST_00",
                "confidence": 0.593888119784446,
                "uncertainty_std": 0.11314744502305984,
                "ci_95": [
                    0.3721191275392487,
                    0.8156571120296433
                ],
                "lead_time_hrs": 48,
                "movement_vector": {
                    "dlat_24h": 0.0,
                    "dlon_24h": 0.0
                },
                "trajectory": {},
                "top_driver": "ugrdprs",
                "ugrdprs": 0.005749936681240797,
                "vgrdprs": 0.005631027743220329,
                "vvelprs": 0.005715088918805122,
                "tmpprs": 0.005154806189239025,
                "rhprs": 0.005039700306952,
                "hgtprs": 0.005524015054106712,
                "absvprs": 0.005564022343605757,
                "pressfc": 0.00035787190427072346,
                "capesfc": 0.0002538762055337429,
                "tmpsfc": 0.0003673351020552218,
                "landmask": 0.000318544713081792
            }
        },
        {
            "type": "Feature",
            "geometry": {
                "type": "Point",
                "coordinates": [
                    -110.0,
                    2.0
                ]
            },
            "properties": {
                "system_id": "INVEST_00",
                "confidence": 0.5909322360424067,
                "uncertainty_std": 0.06900687515735626,
                "ci_95": [
                    0.4556787607339885,
                    0.726185711350825
                ],
                "lead_time_hrs": 48,
                "movement_vector": {
                    "dlat_24h": 0.0,
                    "dlon_24h": 0.0
                },
                "trajectory": {},
                "top_driver": "ugrdprs",
                "ugrdprs": 0.008087269961833954,
                "vgrdprs": 0.007841662503778934,
                "vvelprs": 0.007905594073235989,
                "tmpprs": 0.0073688095435500145,
                "rhprs": 0.007078332826495171,
                "hgtprs": 0.007794724777340889,
                "absvprs": 0.007656600791960955,
                "pressfc": 0.00040508751408196986,
                "capesfc": 0.00042420823592692614,
                "tmpsfc": 0.00045693019637838006,
                "landmask": 0.0004018494510091841
            }
        },
        {
            "type": "Feature",
            "geometry": {
                "type": "Point",
                "coordinates": [
                    77.0,
                    -5.0
                ]
            },
            "properties": {
                "system_id": "INVEST_00",
                "confidence": 0.5900897469002362,
                "uncertainty_std": 0.19791309535503387,
                "ci_95": [
                    0.20218008000436982,
                    0.9779994137961026
                ],
                "lead_time_hrs": 48,
                "movement_vector": {
                    "dlat_24h": 0.0,
                    "dlon_24h": 0.0
                },
                "trajectory": {},
                "top_driver": "ugrdprs",
                "ugrdprs": 0.0052978829480707645,
                "vgrdprs": 0.005084739997982979,
                "vvelprs": 0.004960960708558559,
                "tmpprs": 0.00490561593323946,
                "rhprs": 0.004780403338372707,
                "hgtprs": 0.005040443502366543,
                "absvprs": 0.004897052887827158,
                "pressfc": 0.00023193702509161085,
                "capesfc": 0.00022994179744273424,
                "tmpsfc": 0.0003450716321822256,
                "landmask": 0.00031330224010162055
            }
        },
        {
            "type": "Feature",
            "geometry": {
                "type": "Point",
                "coordinates": [
                    -20.0,
                    13.0
                ]
            },
            "properties": {
                "system_id": "INVEST_00",
                "confidence": 0.588327841043745,
                "uncertainty_std": 0.11381303519010544,
                "ci_95": [
                    0.36525429207113835,
                    0.8114013900163517
                ],
                "lead_time_hrs": 48,
                "movement_vector": {
                    "dlat_24h": 0.0,
                    "dlon_24h": 0.0
                },
                "trajectory": {},
                "top_driver": "ugrdprs",
                "ugrdprs": 0.0045399428345263,
                "vgrdprs": 0.004339578095823526,
                "vvelprs": 0.004300197586417198,
                "tmpprs": 0.004229189828038216,
                "rhprs": 0.004242891911417246,
                "hgtprs": 0.004427262116223574,
                "absvprs": 0.004318590275943279,
                "pressfc": 0.0002277838357258588,
                "capesfc": 0.00022141374938655645,
                "tmpsfc": 0.00019277130195405334,
                "landmask": 0.0002999909920617938
            }
        },
        {
            "type": "Feature",
            "geometry": {
                "type": "Point",
                "coordinates": [
                    133.0,
                    18.0
                ]
            },
            "properties": {
                "system_id": "INVEST_00",
                "confidence": 0.5881460797075674,
                "uncertainty_std": 0.11286386847496033,
                "ci_95": [
                    0.36693289749664515,
                    0.8093592619184896
                ],
                "lead_time_hrs": 48,
                "movement_vector": {
                    "dlat_24h": 0.0,
                    "dlon_24h": 0.0
                },
                "trajectory": {},
                "top_driver": "vvelprs",
                "ugrdprs": 0.004830086603760719,
                "vgrdprs": 0.004522955510765314,
                "vvelprs": 0.0049368273466825485,
                "tmpprs": 0.004525161348283291,
                "rhprs": 0.0045398445799946785,
                "hgtprs": 0.0046311416663229465,
                "absvprs": 0.004769456572830677,
                "pressfc": 0.00029852089937776327,
                "capesfc": 0.00028293850482441485,
                "tmpsfc": 0.0002396324707660824,
                "landmask": 0.0002903664717450738
            }
        },
        {
            "type": "Feature",
            "geometry": {
                "type": "Point",
                "coordinates": [
                    -48.0,
                    26.0
                ]
            },
            "properties": {
                "system_id": "INVEST_00",
                "confidence": 0.58669137106411,
                "uncertainty_std": 0.20611844956874847,
                "ci_95": [
                    0.18269920990936295,
                    0.990683532218857
                ],
                "lead_time_hrs": 48,
                "movement_vector": {
                    "dlat_24h": 0.0,
                    "dlon_24h": 0.0
                },
                "trajectory": {},
                "top_driver": "ugrdprs",
                "ugrdprs": 0.00310898432508111,
                "vgrdprs": 0.0027696683537214994,
                "vvelprs": 0.002845276612788439,
                "tmpprs": 0.002811142709106207,
                "rhprs": 0.002677635056897998,
                "hgtprs": 0.00295980554074049,
                "absvprs": 0.003088677767664194,
                "pressfc": 0.00021155884314794093,
                "capesfc": 0.00013090587162878364,
                "tmpsfc": 0.000155858404468745,
                "landmask": 0.00016995880287140608
            }
        },
        {
            "type": "Feature",
            "geometry": {
                "type": "Point",
                "coordinates": [
                    151.0,
                    -3.0
                ]
            },
            "properties": {
                "system_id": "INVEST_00",
                "confidence": 0.5858929229439017,
                "uncertainty_std": 0.10662700980901718,
                "ci_95": [
                    0.3769039837182281,
                    0.7948818621695753
                ],
                "lead_time_hrs": 48,
                "movement_vector": {
                    "dlat_24h": 0.0,
                    "dlon_24h": 0.0
                },
                "trajectory": {},
                "top_driver": "vvelprs",
                "ugrdprs": 0.00551215372979641,
                "vgrdprs": 0.005415609106421471,
                "vvelprs": 0.00553511967882514,
                "tmpprs": 0.004975082818418741,
                "rhprs": 0.004781647585332394,
                "hgtprs": 0.005239618010818958,
                "absvprs": 0.005259043537080288,
                "pressfc": 0.0002787200501188636,
                "capesfc": 0.00022958044428378344,
                "tmpsfc": 0.0003418120613787323,
                "landmask": 0.0002949131012428552
            }
        },
        {
            "type": "Feature",
            "geometry": {
                "type": "Point",
                "coordinates": [
                    -72.0,
                    10.0
                ]
            },
            "properties": {
                "system_id": "INVEST_00",
                "confidence": 0.5852435365610215,
                "uncertainty_std": 0.06409655511379242,
                "ci_95": [
                    0.45961428853798836,
                    0.7108727845840546
                ],
                "lead_time_hrs": 48,
                "movement_vector": {
                    "dlat_24h": 0.0,
                    "dlon_24h": 0.0
                },
                "trajectory": {},
                "top_driver": "ugrdprs",
                "ugrdprs": 0.0035094839986413717,
                "vgrdprs": 0.003141948953270912,
                "vvelprs": 0.003449181094765663,
                "tmpprs": 0.003212365321815014,
                "rhprs": 0.0029626854229718447,
                "hgtprs": 0.0032878911588340998,
                "absvprs": 0.0031480214092880487,
                "pressfc": 0.00019703927682712674,
                "capesfc": 0.00016323974705301225,
                "tmpsfc": 0.00016335607506334782,
                "landmask": 0.00017512586782686412
            }
        },
        {
            "type": "Feature",
            "geometry": {
                "type": "Point",
                "coordinates": [
                    -100.0,
                    3.0
                ]
            },
            "properties": {
                "system_id": "INVEST_00",
                "confidence": 0.584472825116835,
                "uncertainty_std": 0.12631100416183472,
                "ci_95": [
                    0.3369032569596389,
                    0.8320423932740311
                ],
                "lead_time_hrs": 48,
                "movement_vector": {
                    "dlat_24h": 0.0,
                    "dlon_24h": 0.0
                },
                "trajectory": {},
                "top_driver": "vvelprs",
                "ugrdprs": 0.005171806551516056,
                "vgrdprs": 0.004954885691404343,
                "vvelprs": 0.005286544095724821,
                "tmpprs": 0.004862782079726458,
                "rhprs": 0.004572033882141113,
                "hgtprs": 0.0050739808939397335,
                "absvprs": 0.005053166765719652,
                "pressfc": 0.00029913848266005516,
                "capesfc": 0.0002854072372429073,
                "tmpsfc": 0.00024447604664601386,
                "landmask": 0.00024389686586800963
            }
        },
        {
            "type": "Feature",
            "geometry": {
                "type": "Point",
                "coordinates": [
                    156.0,
                    18.0
                ]
            },
            "properties": {
                "system_id": "INVEST_00",
                "confidence": 0.583521753935288,
                "uncertainty_std": 0.15163151919841766,
                "ci_95": [
                    0.28632397630638945,
                    0.8807195315641867
                ],
                "lead_time_hrs": 48,
                "movement_vector": {
                    "dlat_24h": 0.0,
                    "dlon_24h": 0.0
                },
                "trajectory": {},
                "top_driver": "hgtprs",
                "ugrdprs": 0.006609503645449877,
                "vgrdprs": 0.006354117300361395,
                "vvelprs": 0.006594912149012089,
                "tmpprs": 0.006114976014941931,
                "rhprs": 0.006053187884390354,
                "hgtprs": 0.006617363542318344,
                "absvprs": 0.006123608909547329,
                "pressfc": 0.0003737194638233632,
                "capesfc": 0.0003368323377799243,
                "tmpsfc": 0.00029141499544493854,
                "landmask": 0.00042346573900431395
            }
        },
        {
            "type": "Feature",
            "geometry": {
                "type": "Point",
                "coordinates": [
                    -85.0,
                    1.0
                ]
            },
            "properties": {
                "system_id": "INVEST_00",
                "confidence": 0.5803604623327374,
                "uncertainty_std": 0.13167321681976318,
                "ci_95": [
                    0.3222809573660016,
                    0.8384399672994732
                ],
                "lead_time_hrs": 48,
                "movement_vector": {
                    "dlat_24h": 0.0,
                    "dlon_24h": 0.0
                },
                "trajectory": {},
                "top_driver": "vvelprs",
                "ugrdprs": 0.003964830655604601,
                "vgrdprs": 0.004029333591461182,
                "vvelprs": 0.0042587760835886,
                "tmpprs": 0.003936626948416233,
                "rhprs": 0.0035884601529687643,
                "hgtprs": 0.004111607093364,
                "absvprs": 0.0037258451338857412,
                "pressfc": 0.00018715090118348598,
                "capesfc": 0.00016807344218250364,
                "tmpsfc": 0.00022465796791948378,
                "landmask": 0.00021639486658386886
            }
        },
        {
            "type": "Feature",
            "geometry": {
                "type": "Point",
                "coordinates": [
                    134.0,
                    2.0
                ]
            },
            "properties": {
                "system_id": "INVEST_00",
                "confidence": 0.5802380072472909,
                "uncertainty_std": 0.1458781361579895,
                "ci_95": [
                    0.2943168603776315,
                    0.8661591541169503
                ],
                "lead_time_hrs": 48,
                "movement_vector": {
                    "dlat_24h": 0.0,
                    "dlon_24h": 0.0
                },
                "trajectory": {},
                "top_driver": "vgrdprs",
                "ugrdprs": 0.005298555828630924,
                "vgrdprs": 0.0054055009968578815,
                "vvelprs": 0.005395357497036457,
                "tmpprs": 0.005285495892167091,
                "rhprs": 0.005051224492490292,
                "hgtprs": 0.005073262378573418,
                "absvprs": 0.00512860668823123,
                "pressfc": 0.0002175573754357174,
                "capesfc": 0.0002377864730078727,
                "tmpsfc": 0.0002901125408243388,
                "landmask": 0.00038607168244197965
            }
        },
        {
            "type": "Feature",
            "geometry": {
                "type": "Point",
                "coordinates": [
                    -61.0,
                    10.0
                ]
            },
            "properties": {
                "system_id": "INVEST_00",
                "confidence": 0.5764915338302702,
                "uncertainty_std": 0.09501224756240845,
                "ci_95": [
                    0.39026752860794967,
                    0.7627155390525907
                ],
                "lead_time_hrs": 48,
                "movement_vector": {
                    "dlat_24h": 0.0,
                    "dlon_24h": 0.0
                },
                "trajectory": {},
                "top_driver": "ugrdprs",
                "ugrdprs": 0.003871844382956624,
                "vgrdprs": 0.003530117217451334,
                "vvelprs": 0.003822940867394209,
                "tmpprs": 0.0035621258430182934,
                "rhprs": 0.0033295757602900267,
                "hgtprs": 0.0036586448550224304,
                "absvprs": 0.0036800748202949762,
                "pressfc": 0.00023003706883173436,
                "capesfc": 0.00017988514446187764,
                "tmpsfc": 0.0001929156860569492,
                "landmask": 0.00022615284251514822
            }
        },
        {
            "type": "Feature",
            "geometry": {
                "type": "Point",
                "coordinates": [
                    -36.0,
                    30.0
                ]
            },
            "properties": {
                "system_id": "INVEST_00",
                "confidence": 0.5741795301780721,
                "uncertainty_std": 0.16933199763298035,
                "ci_95": [
                    0.24228881481743064,
                    0.9060702455387135
                ],
                "lead_time_hrs": 48,
                "movement_vector": {
                    "dlat_24h": 0.0,
                    "dlon_24h": 0.0
                },
                "trajectory": {},
                "top_driver": "ugrdprs",
                "ugrdprs": 0.0037154601886868477,
                "vgrdprs": 0.0033078293781727552,
                "vvelprs": 0.003396644489839673,
                "tmpprs": 0.003253314411267638,
                "rhprs": 0.003108651377260685,
                "hgtprs": 0.003471994772553444,
                "absvprs": 0.003616503905504942,
                "pressfc": 0.0002441679243929684,
                "capesfc": 0.00016419014718849212,
                "tmpsfc": 0.00017447829304728657,
                "landmask": 0.000210005950066261
            }
        },
        {
            "type": "Feature",
            "geometry": {
                "type": "Point",
                "coordinates": [
                    115.0,
                    22.0
                ]
            },
            "properties": {
                "system_id": "INVEST_00",
                "confidence": 0.5741664013902563,
                "uncertainty_std": 0.31581825017929077,
                "ci_95": [
                    0.0,
                    1.0
                ],
                "lead_time_hrs": 48,
                "movement_vector": {
                    "dlat_24h": 0.0,
                    "dlon_24h": 0.0
                },
                "trajectory": {},
                "top_driver": "vgrdprs",
                "ugrdprs": 0.010359840467572212,
                "vgrdprs": 0.010673647746443748,
                "vvelprs": 0.009465833194553852,
                "tmpprs": 0.010007870383560658,
                "rhprs": 0.00985099095851183,
                "hgtprs": 0.010378221049904823,
                "absvprs": 0.010111070238053799,
                "pressfc": 0.0006783346179872751,
                "capesfc": 0.0004632654890883714,
                "tmpsfc": 0.0004987254505977035,
                "landmask": 0.0005865087732672691
            }
        },
        {
            "type": "Feature",
            "geometry": {
                "type": "Point",
                "coordinates": [
                    -27.0,
                    -1.0
                ]
            },
            "properties": {
                "system_id": "INVEST_00",
                "confidence": 0.5736514779873517,
                "uncertainty_std": 0.09675762802362442,
                "ci_95": [
                    0.3840065270610479,
                    0.7632964289136556
                ],
                "lead_time_hrs": 48,
                "movement_vector": {
                    "dlat_24h": 0.0,
                    "dlon_24h": 0.0
                },
                "trajectory": {},
                "top_driver": "ugrdprs",
                "ugrdprs": 0.0037063038907945156,
                "vgrdprs": 0.0034829536452889442,
                "vvelprs": 0.003582136472687125,
                "tmpprs": 0.0034207773860543966,
                "rhprs": 0.003365462878718972,
                "hgtprs": 0.0036372309550642967,
                "absvprs": 0.003450819058343768,
                "pressfc": 0.00018403922149445862,
                "capesfc": 0.00015701325901318341,
                "tmpsfc": 0.00019346630142536014,
                "landmask": 0.0002075189840979874
            }
        },
        {
            "type": "Feature",
            "geometry": {
                "type": "Point",
                "coordinates": [
                    51.0,
                    -6.0
                ]
            },
            "properties": {
                "system_id": "INVEST_00",
                "confidence": 0.5697777320613884,
                "uncertainty_std": 0.13574381172657013,
                "ci_95": [
                    0.3037198610773109,
                    0.8358356030454659
                ],
                "lead_time_hrs": 48,
                "movement_vector": {
                    "dlat_24h": 0.0,
                    "dlon_24h": 0.0
                },
                "trajectory": {},
                "top_driver": "ugrdprs",
                "ugrdprs": 0.004759036470204592,
                "vgrdprs": 0.0045905811712145805,
                "vvelprs": 0.004705263767391443,
                "tmpprs": 0.004414706025272608,
                "rhprs": 0.004355922341346741,
                "hgtprs": 0.0045124320313334465,
                "absvprs": 0.004600179381668568,
                "pressfc": 0.00024642248172312975,
                "capesfc": 0.00024337018840014935,
                "tmpsfc": 0.00029399743652902544,
                "landmask": 0.0003359272377565503
            }
        },
        {
            "type": "Feature",
            "geometry": {
                "type": "Point",
                "coordinates": [
                    152.0,
                    12.0
                ]
            },
            "properties": {
                "system_id": "INVEST_00",
                "confidence": 0.5677067863022067,
                "uncertainty_std": 0.16965310275554657,
                "ci_95": [
                    0.23518670490133547,
                    0.900226867703078
                ],
                "lead_time_hrs": 48,
                "movement_vector": {
                    "dlat_24h": 0.0,
                    "dlon_24h": 0.0
                },
                "trajectory": {},
                "top_driver": "tmpprs",
                "ugrdprs": 0.005200624465942383,
                "vgrdprs": 0.005201057996600866,
                "vvelprs": 0.005268414039164782,
                "tmpprs": 0.005281013902276754,
                "rhprs": 0.004926756024360657,
                "hgtprs": 0.0052556670270860195,
                "absvprs": 0.005266325548291206,
                "pressfc": 0.00037532293936237693,
                "capesfc": 0.00029907352291047573,
                "tmpsfc": 0.00024803439737297595,
                "landmask": 0.0003309867752250284
            }
        },
        {
            "type": "Feature",
            "geometry": {
                "type": "Point",
                "coordinates": [
                    -126.0,
                    19.0
                ]
            },
            "properties": {
                "system_id": "INVEST_00",
                "confidence": 0.5672144379324976,
                "uncertainty_std": 0.0975690558552742,
                "ci_95": [
                    0.3759790884561601,
                    0.7584497874088351
                ],
                "lead_time_hrs": 48,
                "movement_vector": {
                    "dlat_24h": 0.0,
                    "dlon_24h": 0.0
                },
                "trajectory": {},
                "top_driver": "ugrdprs",
                "ugrdprs": 0.00523472111672163,
                "vgrdprs": 0.004798492416739464,
                "vvelprs": 0.00507269287481904,
                "tmpprs": 0.004759097471833229,
                "rhprs": 0.004561923444271088,
                "hgtprs": 0.004908445756882429,
                "absvprs": 0.005032987333834171,
                "pressfc": 0.00031347619369626045,
                "capesfc": 0.00030515441903844476,
                "tmpsfc": 0.00019093546143267304,
                "landmask": 0.0003508522058837116
            }
        },
        {
            "type": "Feature",
            "geometry": {
                "type": "Point",
                "coordinates": [
                    -140.0,
                    0.0
                ]
            },
            "properties": {
                "system_id": "INVEST_00",
                "confidence": 0.5661194217071123,
                "uncertainty_std": 0.10644490271806717,
                "ci_95": [
                    0.3574874123797006,
                    0.7747514310345239
                ],
                "lead_time_hrs": 48,
                "movement_vector": {
                    "dlat_24h": 0.0,
                    "dlon_24h": 0.0
                },
                "trajectory": {},
                "top_driver": "vvelprs",
                "ugrdprs": 0.0045746080577373505,
                "vgrdprs": 0.004413421265780926,
                "vvelprs": 0.004668450448662043,
                "tmpprs": 0.004360363818705082,
                "rhprs": 0.004354632459580898,
                "hgtprs": 0.004562890622764826,
                "absvprs": 0.004522524308413267,
                "pressfc": 0.0003680252411868423,
                "capesfc": 0.00029584302683360875,
                "tmpsfc": 0.00023782014613971114,
                "landmask": 0.00027732926537282765
            }
        },
        {
            "type": "Feature",
            "geometry": {
                "type": "Point",
                "coordinates": [
                    -131.0,
                    16.0
                ]
            },
            "properties": {
                "system_id": "INVEST_00",
                "confidence": 0.5653188784599712,
                "uncertainty_std": 0.10715753585100174,
                "ci_95": [
                    0.3552901081920078,
                    0.7753476487279346
                ],
                "lead_time_hrs": 48,
                "movement_vector": {
                    "dlat_24h": 0.0,
                    "dlon_24h": 0.0
                },
                "trajectory": {},
                "top_driver": "ugrdprs",
                "ugrdprs": 0.003931649029254913,
                "vgrdprs": 0.00348355108872056,
                "vvelprs": 0.003610884537920356,
                "tmpprs": 0.003617243841290474,
                "rhprs": 0.003245341358706355,
                "hgtprs": 0.0037148045375943184,
                "absvprs": 0.00376300816424191,
                "pressfc": 0.00027750819572247565,
                "capesfc": 0.0001963387621799484,
                "tmpsfc": 0.00018560477474238724,
                "landmask": 0.00022662260744255036
            }
        },
        {
            "type": "Feature",
            "geometry": {
                "type": "Point",
                "coordinates": [
                    -59.0,
                    24.0
                ]
            },
            "properties": {
                "system_id": "INVEST_00",
                "confidence": 0.5640350936427914,
                "uncertainty_std": 0.046032000333070755,
                "ci_95": [
                    0.4738123729899727,
                    0.65425781429561
                ],
                "lead_time_hrs": 48,
                "movement_vector": {
                    "dlat_24h": 0.0,
                    "dlon_24h": 0.0
                },
                "trajectory": {},
                "top_driver": "vvelprs",
                "ugrdprs": 0.0033550069201737642,
                "vgrdprs": 0.003118890570476651,
                "vvelprs": 0.003440482309088111,
                "tmpprs": 0.0032348735257983208,
                "rhprs": 0.003025658428668976,
                "hgtprs": 0.003338513197377324,
                "absvprs": 0.0032982882112264633,
                "pressfc": 0.00021492283849511296,
                "capesfc": 0.0001599789975443855,
                "tmpsfc": 0.00019388747750781476,
                "landmask": 0.00019808417710009962
            }
        },
        {
            "type": "Feature",
            "geometry": {
                "type": "Point",
                "coordinates": [
                    112.0,
                    3.0
                ]
            },
            "properties": {
                "system_id": "INVEST_00",
                "confidence": 0.5632246171734699,
                "uncertainty_std": 0.07968215644359589,
                "ci_95": [
                    0.407047590544022,
                    0.7194016438029178
                ],
                "lead_time_hrs": 48,
                "movement_vector": {
                    "dlat_24h": 0.0,
                    "dlon_24h": 0.0
                },
                "trajectory": {},
                "top_driver": "vvelprs",
                "ugrdprs": 0.0058148265816271305,
                "vgrdprs": 0.005942906718701124,
                "vvelprs": 0.006073757540434599,
                "tmpprs": 0.0058619175106287,
                "rhprs": 0.005573654547333717,
                "hgtprs": 0.00572195602580905,
                "absvprs": 0.005743830464780331,
                "pressfc": 0.0002230958198197186,
                "capesfc": 0.00029246765188872814,
                "tmpsfc": 0.0003162841312587261,
                "landmask": 0.00039123129681684077
            }
        },
        {
            "type": "Feature",
            "geometry": {
                "type": "Point",
                "coordinates": [
                    -171.0,
                    -9.0
                ]
            },
            "properties": {
                "system_id": "INVEST_00",
                "confidence": 0.5619949513915536,
                "uncertainty_std": 0.11087717115879059,
                "ci_95": [
                    0.3446756959203241,
                    0.7793142068627832
                ],
                "lead_time_hrs": 48,
                "movement_vector": {
                    "dlat_24h": 0.0,
                    "dlon_24h": 0.0
                },
                "trajectory": {},
                "top_driver": "ugrdprs",
                "ugrdprs": 0.005664150230586529,
                "vgrdprs": 0.0053389123640954494,
                "vvelprs": 0.005458190571516752,
                "tmpprs": 0.005257123149931431,
                "rhprs": 0.005209713242948055,
                "hgtprs": 0.005431491881608963,
                "absvprs": 0.005427560769021511,
                "pressfc": 0.0003500332240946591,
                "capesfc": 0.00028323623700998724,
                "tmpsfc": 0.0003388549666851759,
                "landmask": 0.00042959206621162593
            }
        },
        {
            "type": "Feature",
            "geometry": {
                "type": "Point",
                "coordinates": [
                    -91.0,
                    3.0
                ]
            },
            "properties": {
                "system_id": "INVEST_00",
                "confidence": 0.5599013835237664,
                "uncertainty_std": 0.090908482670784,
                "ci_95": [
                    0.3817207574890298,
                    0.738082009558503
                ],
                "lead_time_hrs": 48,
                "movement_vector": {
                    "dlat_24h": 0.0,
                    "dlon_24h": 0.0
                },
                "trajectory": {},
                "top_driver": "ugrdprs",
                "ugrdprs": 0.00535581586882472,
                "vgrdprs": 0.00508027384057641,
                "vvelprs": 0.005309558939188719,
                "tmpprs": 0.004929405637085438,
                "rhprs": 0.00468774838373065,
                "hgtprs": 0.005183978471904993,
                "absvprs": 0.005052448716014624,
                "pressfc": 0.0002937157405540347,
                "capesfc": 0.00025602569803595543,
                "tmpsfc": 0.0002649204107001424,
                "landmask": 0.00024079560535028577
            }
        },
        {
            "type": "Feature",
            "geometry": {
                "type": "Point",
                "coordinates": [
                    165.0,
                    21.0
                ]
            },
            "properties": {
                "system_id": "INVEST_00",
                "confidence": 0.5583798137829977,
                "uncertainty_std": 0.07330652326345444,
                "ci_95": [
                    0.414699028186627,
                    0.7020605993793685
                ],
                "lead_time_hrs": 48,
                "movement_vector": {
                    "dlat_24h": 0.0,
                    "dlon_24h": 0.0
                },
                "trajectory": {},
                "top_driver": "vvelprs",
                "ugrdprs": 0.004151863045990467,
                "vgrdprs": 0.0038343786727637053,
                "vvelprs": 0.004236576147377491,
                "tmpprs": 0.0038696450646966696,
                "rhprs": 0.0038367079105228186,
                "hgtprs": 0.004006852861493826,
                "absvprs": 0.0040230778977274895,
                "pressfc": 0.00025553355226293206,
                "capesfc": 0.00022546709806192666,
                "tmpsfc": 0.00018192823335994035,
                "landmask": 0.0002615571138449013
            }
        },
        {
            "type": "Feature",
            "geometry": {
                "type": "Point",
                "coordinates": [
                    175.0,
                    10.0
                ]
            },
            "properties": {
                "system_id": "INVEST_00",
                "confidence": 0.5571341753877588,
                "uncertainty_std": 0.1204821914434433,
                "ci_95": [
                    0.32098908015860994,
                    0.7932792706169076
                ],
                "lead_time_hrs": 48,
                "movement_vector": {
                    "dlat_24h": 0.0,
                    "dlon_24h": 0.0
                },
                "trajectory": {},
                "top_driver": "ugrdprs",
                "ugrdprs": 0.003844629740342498,
                "vgrdprs": 0.003504473017528653,
                "vvelprs": 0.0038238458801060915,
                "tmpprs": 0.0035792153794318438,
                "rhprs": 0.003291688160970807,
                "hgtprs": 0.0036470945924520493,
                "absvprs": 0.0037433470133692026,
                "pressfc": 0.00024701555958017707,
                "capesfc": 0.0001720141153782606,
                "tmpsfc": 0.00019098419579677284,
                "landmask": 0.00018815635121427476
            }
        },
        {
            "type": "Feature",
            "geometry": {
                "type": "Point",
                "coordinates": [
                    -105.0,
                    3.0
                ]
            },
            "properties": {
                "system_id": "INVEST_00",
                "confidence": 0.5552638243940388,
                "uncertainty_std": 0.07419325411319733,
                "ci_95": [
                    0.409845046332172,
                    0.7006826024559055
                ],
                "lead_time_hrs": 48,
                "movement_vector": {
                    "dlat_24h": 0.0,
                    "dlon_24h": 0.0
                },
                "trajectory": {},
                "top_driver": "vvelprs",
                "ugrdprs": 0.006070430390536785,
                "vgrdprs": 0.005785434506833553,
                "vvelprs": 0.006085127126425505,
                "tmpprs": 0.0057500991970300674,
                "rhprs": 0.005369995255023241,
                "hgtprs": 0.005887742154300213,
                "absvprs": 0.0059443567879498005,
                "pressfc": 0.0003690450103022158,
                "capesfc": 0.0003332431078888476,
                "tmpsfc": 0.0003109387762378901,
                "landmask": 0.0003027364728040993
            }
        },
        {
            "type": "Feature",
            "geometry": {
                "type": "Point",
                "coordinates": [
                    155.0,
                    27.0
                ]
            },
            "properties": {
                "system_id": "INVEST_00",
                "confidence": 0.5523937371937808,
                "uncertainty_std": 0.18161600828170776,
                "ci_95": [
                    0.19642636096163363,
                    0.908361113425928
                ],
                "lead_time_hrs": 48,
                "movement_vector": {
                    "dlat_24h": 0.0,
                    "dlon_24h": 0.0
                },
                "trajectory": {},
                "top_driver": "vvelprs",
                "ugrdprs": 0.015206034295260906,
                "vgrdprs": 0.015035538002848625,
                "vvelprs": 0.015640608966350555,
                "tmpprs": 0.015042722225189209,
                "rhprs": 0.015147261321544647,
                "hgtprs": 0.014932201243937016,
                "absvprs": 0.014321752823889256,
                "pressfc": 0.0008966577588580549,
                "capesfc": 0.0009694459149613976,
                "tmpsfc": 0.0008473217021673918,
                "landmask": 0.0008988834451884031
            }
        },
        {
            "type": "Feature",
            "geometry": {
                "type": "Point",
                "coordinates": [
                    180.0,
                    -6.0
                ]
            },
            "properties": {
                "system_id": "INVEST_00",
                "confidence": 0.5523678074526376,
                "uncertainty_std": 0.12880466878414154,
                "ci_95": [
                    0.29991065663572014,
                    0.804824958269555
                ],
                "lead_time_hrs": 48,
                "movement_vector": {
                    "dlat_24h": 0.0,
                    "dlon_24h": 0.0
                },
                "trajectory": {},
                "top_driver": "ugrdprs",
                "ugrdprs": 0.002929951995611191,
                "vgrdprs": 0.0027750912122428417,
                "vvelprs": 0.002803016919642687,
                "tmpprs": 0.002654831390827894,
                "rhprs": 0.0027181801851838827,
                "hgtprs": 0.0028264301363378763,
                "absvprs": 0.0027344906702637672,
                "pressfc": 0.00014639314031228423,
                "capesfc": 0.0001576580252731219,
                "tmpsfc": 0.00017472085892222822,
                "landmask": 0.00019285603775642812
            }
        },
        {
            "type": "Feature",
            "geometry": {
                "type": "Point",
                "coordinates": [
                    85.0,
                    -13.0
                ]
            },
            "properties": {
                "system_id": "INVEST_00",
                "confidence": 0.5498510393584469,
                "uncertainty_std": 0.1164122074842453,
                "ci_95": [
                    0.32168311268932614,
                    0.7780189660275677
                ],
                "lead_time_hrs": 48,
                "movement_vector": {
                    "dlat_24h": 0.0,
                    "dlon_24h": 0.0
                },
                "trajectory": {},
                "top_driver": "ugrdprs",
                "ugrdprs": 0.006238698493689299,
                "vgrdprs": 0.006000555586069822,
                "vvelprs": 0.006115794647485018,
                "tmpprs": 0.0058899493888020515,
                "rhprs": 0.005548948887735605,
                "hgtprs": 0.005764356814324856,
                "absvprs": 0.005585992243140936,
                "pressfc": 0.00034183499519713223,
                "capesfc": 0.0002533432561904192,
                "tmpsfc": 0.000420365046011284,
                "landmask": 0.00030954627436585724
            }
        },
        {
            "type": "Feature",
            "geometry": {
                "type": "Point",
                "coordinates": [
                    -41.0,
                    -28.0
                ]
            },
            "properties": {
                "system_id": "INVEST_00",
                "confidence": 0.5472495339378791,
                "uncertainty_std": 0.10538528859615326,
                "ci_95": [
                    0.34069436828941874,
                    0.7538046995863394
                ],
                "lead_time_hrs": 48,
                "movement_vector": {
                    "dlat_24h": 0.0,
                    "dlon_24h": 0.0
                },
                "trajectory": {},
                "top_driver": "hgtprs",
                "ugrdprs": 0.006704819388687611,
                "vgrdprs": 0.006941833533346653,
                "vvelprs": 0.006869805045425892,
                "tmpprs": 0.006733759772032499,
                "rhprs": 0.007087725680321455,
                "hgtprs": 0.0073541440069675446,
                "absvprs": 0.006554910913109779,
                "pressfc": 0.0003221492515876889,
                "capesfc": 0.00032274684053845704,
                "tmpsfc": 0.00030453005456365645,
                "landmask": 0.0003394321247469634
            }
        },
        {
            "type": "Feature",
            "geometry": {
                "type": "Point",
                "coordinates": [
                    -43.0,
                    -11.0
                ]
            },
            "properties": {
                "system_id": "INVEST_00",
                "confidence": 0.5462923833942581,
                "uncertainty_std": 0.12200266867876053,
                "ci_95": [
                    0.3071671527838875,
                    0.7854176140046287
                ],
                "lead_time_hrs": 48,
                "movement_vector": {
                    "dlat_24h": 0.0,
                    "dlon_24h": 0.0
                },
                "trajectory": {},
                "top_driver": "vvelprs",
                "ugrdprs": 0.00967113021761179,
                "vgrdprs": 0.009764903225004673,
                "vvelprs": 0.009859603829681873,
                "tmpprs": 0.009098021313548088,
                "rhprs": 0.00862550362944603,
                "hgtprs": 0.009148065000772476,
                "absvprs": 0.009008600376546383,
                "pressfc": 0.0005644069169647992,
                "capesfc": 0.00043185974936932325,
                "tmpsfc": 0.0005579426069743931,
                "landmask": 0.0004565554263535887
            }
        },
        {
            "type": "Feature",
            "geometry": {
                "type": "Point",
                "coordinates": [
                    156.0,
                    -13.0
                ]
            },
            "properties": {
                "system_id": "INVEST_00",
                "confidence": 0.5462160387261296,
                "uncertainty_std": 0.2173558622598648,
                "ci_95": [
                    0.12019854869679453,
                    0.9722335287554646
                ],
                "lead_time_hrs": 48,
                "movement_vector": {
                    "dlat_24h": 0.0,
                    "dlon_24h": 0.0
                },
                "trajectory": {},
                "top_driver": "ugrdprs",
                "ugrdprs": 0.008287036791443825,
                "vgrdprs": 0.007718064356595278,
                "vvelprs": 0.007314589340239763,
                "tmpprs": 0.007325916551053524,
                "rhprs": 0.007877583615481853,
                "hgtprs": 0.007728174328804016,
                "absvprs": 0.007413541432470083,
                "pressfc": 0.0003708398144226521,
                "capesfc": 0.00031584245152771473,
                "tmpsfc": 0.0005817539058625698,
                "landmask": 0.0005210004164837301
            }
        },
        {
            "type": "Feature",
            "geometry": {
                "type": "Point",
                "coordinates": [
                    176.0,
                    18.0
                ]
            },
            "properties": {
                "system_id": "INVEST_00",
                "confidence": 0.5451822914826719,
                "uncertainty_std": 0.11318191885948181,
                "ci_95": [
                    0.32334573051808757,
                    0.7670188524472563
                ],
                "lead_time_hrs": 48,
                "movement_vector": {
                    "dlat_24h": 0.0,
                    "dlon_24h": 0.0
                },
                "trajectory": {},
                "top_driver": "hgtprs",
                "ugrdprs": 0.007609120570123196,
                "vgrdprs": 0.007567359134554863,
                "vvelprs": 0.007991491816937923,
                "tmpprs": 0.007227195426821709,
                "rhprs": 0.007391549181193113,
                "hgtprs": 0.008349964395165443,
                "absvprs": 0.0076534864492714405,
                "pressfc": 0.0003672283492051065,
                "capesfc": 0.00031422439496964216,
                "tmpsfc": 0.0003612720756791532,
                "landmask": 0.0005377612542361021
            }
        },
        {
            "type": "Feature",
            "geometry": {
                "type": "Point",
                "coordinates": [
                    -166.0,
                    -8.0
                ]
            },
            "properties": {
                "system_id": "INVEST_00",
                "confidence": 0.5451818469866491,
                "uncertainty_std": 0.16386368870735168,
                "ci_95": [
                    0.2240090171202398,
                    0.8663546768530583
                ],
                "lead_time_hrs": 48,
                "movement_vector": {
                    "dlat_24h": 0.0,
                    "dlon_24h": 0.0
                },
                "trajectory": {},
                "top_driver": "hgtprs",
                "ugrdprs": 0.004165281541645527,
                "vgrdprs": 0.0039123352617025375,
                "vvelprs": 0.003974322695285082,
                "tmpprs": 0.0038670962676405907,
                "rhprs": 0.0038844547234475613,
                "hgtprs": 0.0041836765594780445,
                "absvprs": 0.004068854730576277,
                "pressfc": 0.0002560391731094569,
                "capesfc": 0.00018508691573515534,
                "tmpsfc": 0.00032224724418483675,
                "landmask": 0.00026314606657251716
            }
        },
        {
            "type": "Feature",
            "geometry": {
                "type": "Point",
                "coordinates": [
                    -139.0,
                    5.0
                ]
            },
            "properties": {
                "system_id": "INVEST_00",
                "confidence": 0.545110106100447,
                "uncertainty_std": 0.09692642837762833,
                "ci_95": [
                    0.3551343064802954,
                    0.7350859057205985
                ],
                "lead_time_hrs": 48,
                "movement_vector": {
                    "dlat_24h": 0.0,
                    "dlon_24h": 0.0
                },
                "trajectory": {},
                "top_driver": "ugrdprs",
                "ugrdprs": 0.003957196604460478,
                "vgrdprs": 0.003520495491102338,
                "vvelprs": 0.00393584044650197,
                "tmpprs": 0.0035439140629023314,
                "rhprs": 0.0034172004088759422,
                "hgtprs": 0.003841515863314271,
                "absvprs": 0.003720821812748909,
                "pressfc": 0.0002535571693442762,
                "capesfc": 0.00021739528165198863,
                "tmpsfc": 0.00014284445205703378,
                "landmask": 0.00020037547801621258
            }
        },
        {
            "type": "Feature",
            "geometry": {
                "type": "Point",
                "coordinates": [
                    151.0,
                    18.0
                ]
            },
            "properties": {
                "system_id": "INVEST_00",
                "confidence": 0.5433654106584442,
                "uncertainty_std": 0.1797274351119995,
                "ci_95": [
                    0.1910996378389252,
                    0.8956311834779633
                ],
                "lead_time_hrs": 48,
                "movement_vector": {
                    "dlat_24h": 0.0,
                    "dlon_24h": 0.0
                },
                "trajectory": {},
                "top_driver": "vvelprs",
                "ugrdprs": 0.006321276072412729,
                "vgrdprs": 0.005943435709923506,
                "vvelprs": 0.0064109996892511845,
                "tmpprs": 0.006029330659657717,
                "rhprs": 0.0057060266844928265,
                "hgtprs": 0.005922358948737383,
                "absvprs": 0.006152900401502848,
                "pressfc": 0.000397509487811476,
                "capesfc": 0.00036693838774226606,
                "tmpsfc": 0.0003780520928557962,
                "landmask": 0.00034296431113034487
            }
        },
        {
            "type": "Feature",
            "geometry": {
                "type": "Point",
                "coordinates": [
                    148.0,
                    30.0
                ]
            },
            "properties": {
                "system_id": "INVEST_00",
                "confidence": 0.5409868816188236,
                "uncertainty_std": 0.21262097358703613,
                "ci_95": [
                    0.12424977338823279,
                    0.9577239898494143
                ],
                "lead_time_hrs": 48,
                "movement_vector": {
                    "dlat_24h": 0.0,
                    "dlon_24h": 0.0
                },
                "trajectory": {},
                "top_driver": "tmpprs",
                "ugrdprs": 0.009729168377816677,
                "vgrdprs": 0.009942078962922096,
                "vvelprs": 0.00975074339658022,
                "tmpprs": 0.009976416826248169,
                "rhprs": 0.008971527218818665,
                "hgtprs": 0.009460585191845894,
                "absvprs": 0.009612216614186764,
                "pressfc": 0.0005670656682923436,
                "capesfc": 0.0005311061977408826,
                "tmpsfc": 0.0003542757185641676,
                "landmask": 0.0005433024489320815
            }
        },
        {
            "type": "Feature",
            "geometry": {
                "type": "Point",
                "coordinates": [
                    150.0,
                    -13.0
                ]
            },
            "properties": {
                "system_id": "INVEST_00",
                "confidence": 0.5402854812666651,
                "uncertainty_std": 0.16194361448287964,
                "ci_95": [
                    0.22287599688022103,
                    0.8576949656531092
                ],
                "lead_time_hrs": 48,
                "movement_vector": {
                    "dlat_24h": 0.0,
                    "dlon_24h": 0.0
                },
                "trajectory": {},
                "top_driver": "ugrdprs",
                "ugrdprs": 0.008668122813105583,
                "vgrdprs": 0.00816626287996769,
                "vvelprs": 0.007924825884401798,
                "tmpprs": 0.0077668530866503716,
                "rhprs": 0.008155780844390392,
                "hgtprs": 0.00835820846259594,
                "absvprs": 0.007908028550446033,
                "pressfc": 0.00043258644291199744,
                "capesfc": 0.0003505923959892243,
                "tmpsfc": 0.00062118488131091,
                "landmask": 0.0006002028239890933
            }
        },
        {
            "type": "Feature",
            "geometry": {
                "type": "Point",
                "coordinates": [
                    -45.0,
                    13.0
                ]
            },
            "properties": {
                "system_id": "INVEST_00",
                "confidence": 0.5395150237346722,
                "uncertainty_std": 0.05977393686771393,
                "ci_95": [
                    0.4223581074739529,
                    0.6566719399953915
                ],
                "lead_time_hrs": 48,
                "movement_vector": {
                    "dlat_24h": 0.0,
                    "dlon_24h": 0.0
                },
                "trajectory": {},
                "top_driver": "ugrdprs",
                "ugrdprs": 0.0030986934434622526,
                "vgrdprs": 0.002796267857775092,
                "vvelprs": 0.0030226861126720905,
                "tmpprs": 0.0028269938193261623,
                "rhprs": 0.0026709376834332943,
                "hgtprs": 0.0029687045607715845,
                "absvprs": 0.0029720948077738285,
                "pressfc": 0.00016948756820056587,
                "capesfc": 0.00011530471965670586,
                "tmpsfc": 0.0001653931540204212,
                "landmask": 0.00019461900228634477
            }
        },
        {
            "type": "Feature",
            "geometry": {
                "type": "Point",
                "coordinates": [
                    -115.0,
                    3.0
                ]
            },
            "properties": {
                "system_id": "INVEST_00",
                "confidence": 0.539491192143094,
                "uncertainty_std": 0.11375288665294647,
                "ci_95": [
                    0.31653553430331893,
                    0.7624468499828692
                ],
                "lead_time_hrs": 48,
                "movement_vector": {
                    "dlat_24h": 0.0,
                    "dlon_24h": 0.0
                },
                "trajectory": {},
                "top_driver": "ugrdprs",
                "ugrdprs": 0.007722104899585247,
                "vgrdprs": 0.007598126772791147,
                "vvelprs": 0.007643475662916899,
                "tmpprs": 0.007057693786919117,
                "rhprs": 0.007060549687594175,
                "hgtprs": 0.0072744470089674,
                "absvprs": 0.007108726538717747,
                "pressfc": 0.00033091771183535457,
                "capesfc": 0.00036738443304784596,
                "tmpsfc": 0.0004280331777408719,
                "landmask": 0.0003828836779575795
            }
        },
        {
            "type": "Feature",
            "geometry": {
                "type": "Point",
                "coordinates": [
                    -28.0,
                    35.0
                ]
            },
            "properties": {
                "system_id": "INVEST_00",
                "confidence": 0.5393714151159905,
                "uncertainty_std": 0.11944808810949326,
                "ci_95": [
                    0.30525316242138373,
                    0.7734896678105974
                ],
                "lead_time_hrs": 48,
                "movement_vector": {
                    "dlat_24h": 0.0,
                    "dlon_24h": 0.0
                },
                "trajectory": {},
                "top_driver": "ugrdprs",
                "ugrdprs": 0.003575500100851059,
                "vgrdprs": 0.003301581833511591,
                "vvelprs": 0.0033933494705706835,
                "tmpprs": 0.003223166335374117,
                "rhprs": 0.003144550835713744,
                "hgtprs": 0.0034257774241268635,
                "absvprs": 0.003554699942469597,
                "pressfc": 0.0002593095996417105,
                "capesfc": 0.00016280525596812367,
                "tmpsfc": 0.00017404583923052996,
                "landmask": 0.00020095135550945997
            }
        },
        {
            "type": "Feature",
            "geometry": {
                "type": "Point",
                "coordinates": [
                    -96.0,
                    19.0
                ]
            },
            "properties": {
                "system_id": "INVEST_00",
                "confidence": 0.5386814491548204,
                "uncertainty_std": 0.23332847654819489,
                "ci_95": [
                    0.08135763512035843,
                    0.9960052631892824
                ],
                "lead_time_hrs": 48,
                "movement_vector": {
                    "dlat_24h": 0.0,
                    "dlon_24h": 0.0
                },
                "trajectory": {},
                "top_driver": "hgtprs",
                "ugrdprs": 0.00715713482350111,
                "vgrdprs": 0.006746141240000725,
                "vvelprs": 0.006604542024433613,
                "tmpprs": 0.00729373749345541,
                "rhprs": 0.007047814782708883,
                "hgtprs": 0.007537694647908211,
                "absvprs": 0.006534559186547995,
                "pressfc": 0.00037083853385411203,
                "capesfc": 0.0004324440669734031,
                "tmpsfc": 0.0004416001320350915,
                "landmask": 0.0005586455808952451
            }
        },
        {
            "type": "Feature",
            "geometry": {
                "type": "Point",
                "coordinates": [
                    -100.0,
                    -2.0
                ]
            },
            "properties": {
                "system_id": "INVEST_00",
                "confidence": 0.5363197245485923,
                "uncertainty_std": 0.13424378633499146,
                "ci_95": [
                    0.2732019033320091,
                    0.7994375457651756
                ],
                "lead_time_hrs": 48,
                "movement_vector": {
                    "dlat_24h": 0.0,
                    "dlon_24h": 0.0
                },
                "trajectory": {},
                "top_driver": "vgrdprs",
                "ugrdprs": 0.0032339654862880707,
                "vgrdprs": 0.0033367553260177374,
                "vvelprs": 0.003310880856588483,
                "tmpprs": 0.0032164393924176693,
                "rhprs": 0.003181123174726963,
                "hgtprs": 0.0033366282004863024,
                "absvprs": 0.0033362586982548237,
                "pressfc": 0.00013111409498378634,
                "capesfc": 0.0001803057675715536,
                "tmpsfc": 0.00010639454558258876,
                "landmask": 0.00017785948875825852
            }
        },
        {
            "type": "Feature",
            "geometry": {
                "type": "Point",
                "coordinates": [
                    28.0,
                    -35.0
                ]
            },
            "properties": {
                "system_id": "INVEST_00",
                "confidence": 0.5362180010650427,
                "uncertainty_std": 0.22842934727668762,
                "ci_95": [
                    0.08849648040273494,
                    0.9839395217273504
                ],
                "lead_time_hrs": 48,
                "movement_vector": {
                    "dlat_24h": 0.0,
                    "dlon_24h": 0.0
                },
                "trajectory": {},
                "top_driver": "ugrdprs",
                "ugrdprs": 0.007295187097042799,
                "vgrdprs": 0.007052198983728886,
                "vvelprs": 0.0071550048887729645,
                "tmpprs": 0.007007025182247162,
                "rhprs": 0.00680236192420125,
                "hgtprs": 0.007244994398206472,
                "absvprs": 0.006955498363822699,
                "pressfc": 0.0004181198892183602,
                "capesfc": 0.00031102754292078316,
                "tmpsfc": 0.00036677956813946366,
                "landmask": 0.0004012964782305062
            }
        },
        {
            "type": "Feature",
            "geometry": {
                "type": "Point",
                "coordinates": [
                    96.0,
                    13.0
                ]
            },
            "properties": {
                "system_id": "INVEST_00",
                "confidence": 0.5346930619478485,
                "uncertainty_std": 0.2213379293680191,
                "ci_95": [
                    0.10087072038653105,
                    0.9685154035091659
                ],
                "lead_time_hrs": 48,
                "movement_vector": {
                    "dlat_24h": 0.0,
                    "dlon_24h": 0.0
                },
                "trajectory": {},
                "top_driver": "ugrdprs",
                "ugrdprs": 0.007054004352539778,
                "vgrdprs": 0.006218641065061092,
                "vvelprs": 0.006641474552452564,
                "tmpprs": 0.006423116661608219,
                "rhprs": 0.006111297756433487,
                "hgtprs": 0.006076787132769823,
                "absvprs": 0.006505209021270275,
                "pressfc": 0.0003111775731667876,
                "capesfc": 0.00032607861794531345,
                "tmpsfc": 0.00037923152558505535,
                "landmask": 0.00047792692203074694
            }
        },
        {
            "type": "Feature",
            "geometry": {
                "type": "Point",
                "coordinates": [
                    -125.0,
                    -4.0
                ]
            },
            "properties": {
                "system_id": "INVEST_00",
                "confidence": 0.5344581354817761,
                "uncertainty_std": 0.08002330362796783,
                "ci_95": [
                    0.3776124603709592,
                    0.691303810592593
                ],
                "lead_time_hrs": 48,
                "movement_vector": {
                    "dlat_24h": 0.0,
                    "dlon_24h": 0.0
                },
                "trajectory": {},
                "top_driver": "ugrdprs",
                "ugrdprs": 0.006462431512773037,
                "vgrdprs": 0.006190632935613394,
                "vvelprs": 0.006230414845049381,
                "tmpprs": 0.005955253262072802,
                "rhprs": 0.005973168183118105,
                "hgtprs": 0.006149276625365019,
                "absvprs": 0.006137340795248747,
                "pressfc": 0.00030817987862974405,
                "capesfc": 0.0003477386781014502,
                "tmpsfc": 0.00039284874219447374,
                "landmask": 0.0003215278557036072
            }
        },
        {
            "type": "Feature",
            "geometry": {
                "type": "Point",
                "coordinates": [
                    -166.0,
                    15.0
                ]
            },
            "properties": {
                "system_id": "INVEST_00",
                "confidence": 0.5342487068936751,
                "uncertainty_std": 0.17072421312332153,
                "ci_95": [
                    0.1996292491719649,
                    0.8688681646153853
                ],
                "lead_time_hrs": 48,
                "movement_vector": {
                    "dlat_24h": 0.0,
                    "dlon_24h": 0.0
                },
                "trajectory": {},
                "top_driver": "hgtprs",
                "ugrdprs": 0.007753266487270594,
                "vgrdprs": 0.00732176098972559,
                "vvelprs": 0.007607847917824984,
                "tmpprs": 0.00688524916768074,
                "rhprs": 0.006808949168771505,
                "hgtprs": 0.007926310412585735,
                "absvprs": 0.007521347142755985,
                "pressfc": 0.00040337847894988954,
                "capesfc": 0.0003366304445080459,
                "tmpsfc": 0.00038706898340024054,
                "landmask": 0.00047066350816749036
            }
        },
        {
            "type": "Feature",
            "geometry": {
                "type": "Point",
                "coordinates": [
                    -83.0,
                    19.0
                ]
            },
            "properties": {
                "system_id": "INVEST_00",
                "confidence": 0.533110650697843,
                "uncertainty_std": 0.07826566696166992,
                "ci_95": [
                    0.37970994345297,
                    0.686511357942716
                ],
                "lead_time_hrs": 48,
                "movement_vector": {
                    "dlat_24h": 0.0,
                    "dlon_24h": 0.0
                },
                "trajectory": {},
                "top_driver": "ugrdprs",
                "ugrdprs": 0.003681769361719489,
                "vgrdprs": 0.003500310704112053,
                "vvelprs": 0.0036686090752482414,
                "tmpprs": 0.003515207674354315,
                "rhprs": 0.0034404261969029903,
                "hgtprs": 0.0036190086975693703,
                "absvprs": 0.0035758845042437315,
                "pressfc": 0.0001924457319546491,
                "capesfc": 0.000205161893973127,
                "tmpsfc": 0.0001800413301680237,
                "landmask": 0.00021646663662977517
            }
        },
        {
            "type": "Feature",
            "geometry": {
                "type": "Point",
                "coordinates": [
                    119.0,
                    4.0
                ]
            },
            "properties": {
                "system_id": "INVEST_00",
                "confidence": 0.5322923384421034,
                "uncertainty_std": 0.17317791283130646,
                "ci_95": [
                    0.1928636292927428,
                    0.8717210475914641
                ],
                "lead_time_hrs": 48,
                "movement_vector": {
                    "dlat_24h": 0.0,
                    "dlon_24h": 0.0
                },
                "trajectory": {},
                "top_driver": "ugrdprs",
                "ugrdprs": 0.005179733503609896,
                "vgrdprs": 0.004940630868077278,
                "vvelprs": 0.005020159762352705,
                "tmpprs": 0.004998627584427595,
                "rhprs": 0.004680145997554064,
                "hgtprs": 0.004950544331222773,
                "absvprs": 0.0048499563708901405,
                "pressfc": 0.00033563110628165305,
                "capesfc": 0.00029959355015307665,
                "tmpsfc": 0.0002528626937419176,
                "landmask": 0.0003229250432923436
            }
        },
        {
            "type": "Feature",
            "geometry": {
                "type": "Point",
                "coordinates": [
                    54.0,
                    -13.0
                ]
            },
            "properties": {
                "system_id": "INVEST_00",
                "confidence": 0.5304519723555748,
                "uncertainty_std": 0.13114053010940552,
                "ci_95": [
                    0.27341653334114,
                    0.7874874113700097
                ],
                "lead_time_hrs": 48,
                "movement_vector": {
                    "dlat_24h": 0.0,
                    "dlon_24h": 0.0
                },
                "trajectory": {},
                "top_driver": "ugrdprs",
                "ugrdprs": 0.009228276088833809,
                "vgrdprs": 0.009048482403159142,
                "vvelprs": 0.008997689932584763,
                "tmpprs": 0.008739182725548744,
                "rhprs": 0.008434035815298557,
                "hgtprs": 0.008933094330132008,
                "absvprs": 0.00879763811826706,
                "pressfc": 0.0004685535386670381,
                "capesfc": 0.0004004746733698994,
                "tmpsfc": 0.0006490894011221826,
                "landmask": 0.0005395078915171325
            }
        },
        {
            "type": "Feature",
            "geometry": {
                "type": "Point",
                "coordinates": [
                    -146.0,
                    1.0
                ]
            },
            "properties": {
                "system_id": "INVEST_00",
                "confidence": 0.5302291714657917,
                "uncertainty_std": 0.0742541030049324,
                "ci_95": [
                    0.3846911295761242,
                    0.6757672133554593
                ],
                "lead_time_hrs": 48,
                "movement_vector": {
                    "dlat_24h": 0.0,
                    "dlon_24h": 0.0
                },
                "trajectory": {},
                "top_driver": "vvelprs",
                "ugrdprs": 0.00294858543202281,
                "vgrdprs": 0.002744742901995778,
                "vvelprs": 0.0030062973964959383,
                "tmpprs": 0.0026194730307906866,
                "rhprs": 0.0025596865452826023,
                "hgtprs": 0.002879389328882098,
                "absvprs": 0.002883823588490486,
                "pressfc": 0.00020289870735723525,
                "capesfc": 0.00015536104911006987,
                "tmpsfc": 0.0001297816343139857,
                "landmask": 0.00011265947250649333
            }
        },
        {
            "type": "Feature",
            "geometry": {
                "type": "Point",
                "coordinates": [
                    123.0,
                    21.0
                ]
            },
            "properties": {
                "system_id": "INVEST_00",
                "confidence": 0.5301229780639154,
                "uncertainty_std": 0.16692616045475006,
                "ci_95": [
                    0.20294770357260528,
                    0.8572982525552255
                ],
                "lead_time_hrs": 48,
                "movement_vector": {
                    "dlat_24h": 0.0,
                    "dlon_24h": 0.0
                },
                "trajectory": {},
                "top_driver": "ugrdprs",
                "ugrdprs": 0.0060695805586874485,
                "vgrdprs": 0.005588108208030462,
                "vvelprs": 0.005755786318331957,
                "tmpprs": 0.00587056577205658,
                "rhprs": 0.005446384660899639,
                "hgtprs": 0.005839741323143244,
                "absvprs": 0.005896212067455053,
                "pressfc": 0.00023170854547061026,
                "capesfc": 0.0002849576994776726,
                "tmpsfc": 0.0002725723315961659,
                "landmask": 0.00037322830758057535
            }
        },
        {
            "type": "Feature",
            "geometry": {
                "type": "Point",
                "coordinates": [
                    -163.0,
                    35.0
                ]
            },
            "properties": {
                "system_id": "INVEST_00",
                "confidence": 0.5292369386409501,
                "uncertainty_std": 0.14537489414215088,
                "ci_95": [
                    0.24430214612233442,
                    0.8141717311595658
                ],
                "lead_time_hrs": 48,
                "movement_vector": {
                    "dlat_24h": 0.0,
                    "dlon_24h": 0.0
                },
                "trajectory": {},
                "top_driver": "ugrdprs",
                "ugrdprs": 0.00658674631267786,
                "vgrdprs": 0.006352679338306189,
                "vvelprs": 0.006569181103259325,
                "tmpprs": 0.00639699399471283,
                "rhprs": 0.00608602212741971,
                "hgtprs": 0.0065753273665905,
                "absvprs": 0.006417435593903065,
                "pressfc": 0.0004803307238034904,
                "capesfc": 0.0003778570971917361,
                "tmpsfc": 0.0003414592647459358,
                "landmask": 0.0004050266579724848
            }
        },
        {
            "type": "Feature",
            "geometry": {
                "type": "Point",
                "coordinates": [
                    159.0,
                    6.0
                ]
            },
            "properties": {
                "system_id": "INVEST_00",
                "confidence": 0.5289442824090319,
                "uncertainty_std": 0.11992707848548889,
                "ci_95": [
                    0.2938872085774737,
                    0.7640013562405901
                ],
                "lead_time_hrs": 48,
                "movement_vector": {
                    "dlat_24h": 0.0,
                    "dlon_24h": 0.0
                },
                "trajectory": {},
                "top_driver": "ugrdprs",
                "ugrdprs": 0.0037685558199882507,
                "vgrdprs": 0.0033706563990563154,
                "vvelprs": 0.0037053765263408422,
                "tmpprs": 0.0034308801405131817,
                "rhprs": 0.003250541863963008,
                "hgtprs": 0.003579842858016491,
                "absvprs": 0.0034603839740157127,
                "pressfc": 0.00026166255702264607,
                "capesfc": 0.0002012292534345761,
                "tmpsfc": 0.00012673843593802303,
                "landmask": 0.0002193866384914145
            }
        },
        {
            "type": "Feature",
            "geometry": {
                "type": "Point",
                "coordinates": [
                    -162.0,
                    3.0
                ]
            },
            "properties": {
                "system_id": "INVEST_00",
                "confidence": 0.5283986836234853,
                "uncertainty_std": 0.12891900539398193,
                "ci_95": [
                    0.2757174330512807,
                    0.7810799341956899
                ],
                "lead_time_hrs": 48,
                "movement_vector": {
                    "dlat_24h": 0.0,
                    "dlon_24h": 0.0
                },
                "trajectory": {},
                "top_driver": "ugrdprs",
                "ugrdprs": 0.003164388705044985,
                "vgrdprs": 0.0027798747178167105,
                "vvelprs": 0.003035173751413822,
                "tmpprs": 0.0029266842175275087,
                "rhprs": 0.002714302157983184,
                "hgtprs": 0.002912424970418215,
                "absvprs": 0.0029654204845428467,
                "pressfc": 0.00019106191757600754,
                "capesfc": 0.00012421206338331103,
                "tmpsfc": 0.00019230904581490904,
                "landmask": 0.0001676573301665485
            }
        },
        {
            "type": "Feature",
            "geometry": {
                "type": "Point",
                "coordinates": [
                    -77.0,
                    11.0
                ]
            },
            "properties": {
                "system_id": "INVEST_00",
                "confidence": 0.5254565973160416,
                "uncertainty_std": 0.09722254425287247,
                "ci_95": [
                    0.33490041058041153,
                    0.7160127840516716
                ],
                "lead_time_hrs": 48,
                "movement_vector": {
                    "dlat_24h": 0.0,
                    "dlon_24h": 0.0
                },
                "trajectory": {},
                "top_driver": "ugrdprs",
                "ugrdprs": 0.003029491286724806,
                "vgrdprs": 0.002716067945584655,
                "vvelprs": 0.0029844697564840317,
                "tmpprs": 0.0028070176485925913,
                "rhprs": 0.0026857436168938875,
                "hgtprs": 0.002863975940272212,
                "absvprs": 0.0027517732232809067,
                "pressfc": 0.00018263915262650698,
                "capesfc": 0.00013922025391366333,
                "tmpsfc": 0.0001406138326274231,
                "landmask": 0.00015744274423923343
            }
        },
        {
            "type": "Feature",
            "geometry": {
                "type": "Point",
                "coordinates": [
                    146.0,
                    -4.0
                ]
            },
            "properties": {
                "system_id": "INVEST_00",
                "confidence": 0.5254333240335783,
                "uncertainty_std": 0.1318967342376709,
                "ci_95": [
                    0.2669157249277434,
                    0.7839509231394133
                ],
                "lead_time_hrs": 48,
                "movement_vector": {
                    "dlat_24h": 0.0,
                    "dlon_24h": 0.0
                },
                "trajectory": {},
                "top_driver": "vvelprs",
                "ugrdprs": 0.005081980023533106,
                "vgrdprs": 0.004939306061714888,
                "vvelprs": 0.005168579518795013,
                "tmpprs": 0.004746252670884132,
                "rhprs": 0.004504192154854536,
                "hgtprs": 0.004970083944499493,
                "absvprs": 0.004737768322229385,
                "pressfc": 0.0002606831840239465,
                "capesfc": 0.0002104006998706609,
                "tmpsfc": 0.0003379864792805165,
                "landmask": 0.00033896425156854093
            }
        },
        {
            "type": "Feature",
            "geometry": {
                "type": "Point",
                "coordinates": [
                    -14.0,
                    4.0
                ]
            },
            "properties": {
                "system_id": "INVEST_00",
                "confidence": 0.5240746462817378,
                "uncertainty_std": 0.21812760829925537,
                "ci_95": [
                    0.0965445340151973,
                    0.9516047585482783
                ],
                "lead_time_hrs": 48,
                "movement_vector": {
                    "dlat_24h": 0.0,
                    "dlon_24h": 0.0
                },
                "trajectory": {},
                "top_driver": "vvelprs",
                "ugrdprs": 0.005307426210492849,
                "vgrdprs": 0.00525150541216135,
                "vvelprs": 0.0055213975720107555,
                "tmpprs": 0.005492658354341984,
                "rhprs": 0.005392543040215969,
                "hgtprs": 0.005372476298362017,
                "absvprs": 0.005270521622151136,
                "pressfc": 0.0002378056524321437,
                "capesfc": 0.0002928613976109773,
                "tmpsfc": 0.00026687164790928364,
                "landmask": 0.00035543343983590603
            }
        },
        {
            "type": "Feature",
            "geometry": {
                "type": "Point",
                "coordinates": [
                    171.0,
                    17.0
                ]
            },
            "properties": {
                "system_id": "INVEST_00",
                "confidence": 0.5237937545615102,
                "uncertainty_std": 0.11110300570726395,
                "ci_95": [
                    0.3060318633752729,
                    0.7415556457477476
                ],
                "lead_time_hrs": 48,
                "movement_vector": {
                    "dlat_24h": 0.0,
                    "dlon_24h": 0.0
                },
                "trajectory": {},
                "top_driver": "ugrdprs",
                "ugrdprs": 0.004368941765278578,
                "vgrdprs": 0.0039583793841302395,
                "vvelprs": 0.0040826681070029736,
                "tmpprs": 0.003957095090299845,
                "rhprs": 0.0037937338929623365,
                "hgtprs": 0.004208573140203953,
                "absvprs": 0.0041024088859558105,
                "pressfc": 0.00030193544807843864,
                "capesfc": 0.00022158182400744408,
                "tmpsfc": 0.00022186538262758404,
                "landmask": 0.000307432230329141
            }
        },
        {
            "type": "Feature",
            "geometry": {
                "type": "Point",
                "coordinates": [
                    -127.0,
                    5.0
                ]
            },
            "properties": {
                "system_id": "INVEST_00",
                "confidence": 0.5228990081460596,
                "uncertainty_std": 0.11925922334194183,
                "ci_95": [
                    0.2891509303958536,
                    0.7566470858962656
                ],
                "lead_time_hrs": 48,
                "movement_vector": {
                    "dlat_24h": 0.0,
                    "dlon_24h": 0.0
                },
                "trajectory": {},
                "top_driver": "ugrdprs",
                "ugrdprs": 0.0060887522995471954,
                "vgrdprs": 0.005537304561585188,
                "vvelprs": 0.005505467299371958,
                "tmpprs": 0.00534407701343298,
                "rhprs": 0.005478715058416128,
                "hgtprs": 0.005748363211750984,
                "absvprs": 0.005080655217170715,
                "pressfc": 0.00030719093047082424,
                "capesfc": 0.00026800480554811656,
                "tmpsfc": 0.000307459820760414,
                "landmask": 0.00046319919056259096
            }
        },
        {
            "type": "Feature",
            "geometry": {
                "type": "Point",
                "coordinates": [
                    -39.0,
                    12.0
                ]
            },
            "properties": {
                "system_id": "INVEST_00",
                "confidence": 0.5195869080312493,
                "uncertainty_std": 0.09370001405477524,
                "ci_95": [
                    0.33593488048388986,
                    0.7032389355786087
                ],
                "lead_time_hrs": 48,
                "movement_vector": {
                    "dlat_24h": 0.0,
                    "dlon_24h": 0.0
                },
                "trajectory": {},
                "top_driver": "ugrdprs",
                "ugrdprs": 0.002672705566510558,
                "vgrdprs": 0.0023859795182943344,
                "vvelprs": 0.002593963174149394,
                "tmpprs": 0.0024121978785842657,
                "rhprs": 0.0022658996749669313,
                "hgtprs": 0.0025895158760249615,
                "absvprs": 0.0025296807289123535,
                "pressfc": 0.00014412518066819757,
                "capesfc": 9.701277303975075e-05,
                "tmpsfc": 0.000143261015182361,
                "landmask": 0.00016365644114557654
            }
        },
        {
            "type": "Feature",
            "geometry": {
                "type": "Point",
                "coordinates": [
                    -162.0,
                    -4.0
                ]
            },
            "properties": {
                "system_id": "INVEST_00",
                "confidence": 0.5191951079537651,
                "uncertainty_std": 0.21327784657478333,
                "ci_95": [
                    0.10117052866718979,
                    0.9372196872403404
                ],
                "lead_time_hrs": 48,
                "movement_vector": {
                    "dlat_24h": 0.0,
                    "dlon_24h": 0.0
                },
                "trajectory": {},
                "top_driver": "vvelprs",
                "ugrdprs": 0.0039986190386116505,
                "vgrdprs": 0.003915789537131786,
                "vvelprs": 0.004017827101051807,
                "tmpprs": 0.003739826614037156,
                "rhprs": 0.003483504056930542,
                "hgtprs": 0.0039035966619849205,
                "absvprs": 0.0037074817810207605,
                "pressfc": 0.0002104436862282455,
                "capesfc": 0.00019554290338419378,
                "tmpsfc": 0.00019763752061408013,
                "landmask": 0.00019532136502675712
            }
        },
        {
            "type": "Feature",
            "geometry": {
                "type": "Point",
                "coordinates": [
                    170.0,
                    23.0
                ]
            },
            "properties": {
                "system_id": "INVEST_00",
                "confidence": 0.5149191075822083,
                "uncertainty_std": 0.0949280634522438,
                "ci_95": [
                    0.3288601032158104,
                    0.7009781119486062
                ],
                "lead_time_hrs": 48,
                "movement_vector": {
                    "dlat_24h": 0.0,
                    "dlon_24h": 0.0
                },
                "trajectory": {},
                "top_driver": "ugrdprs",
                "ugrdprs": 0.004719119518995285,
                "vgrdprs": 0.004599373321980238,
                "vvelprs": 0.004434889182448387,
                "tmpprs": 0.004432311747223139,
                "rhprs": 0.004295924212783575,
                "hgtprs": 0.004468538332730532,
                "absvprs": 0.004570134915411472,
                "pressfc": 0.00028266655863262713,
                "capesfc": 0.0002016141515923664,
                "tmpsfc": 0.00026740971952676773,
                "landmask": 0.00023085142311174423
            }
        },
        {
            "type": "Feature",
            "geometry": {
                "type": "Point",
                "coordinates": [
                    -130.0,
                    27.0
                ]
            },
            "properties": {
                "system_id": "INVEST_00",
                "confidence": 0.5142105540316273,
                "uncertainty_std": 0.19669021666049957,
                "ci_95": [
                    0.12869772937704815,
                    0.8997233786862064
                ],
                "lead_time_hrs": 48,
                "movement_vector": {
                    "dlat_24h": 0.0,
                    "dlon_24h": 0.0
                },
                "trajectory": {},
                "top_driver": "ugrdprs",
                "ugrdprs": 0.00781560130417347,
                "vgrdprs": 0.0072319395840168,
                "vvelprs": 0.007334979251027107,
                "tmpprs": 0.007552154362201691,
                "rhprs": 0.007508410140872002,
                "hgtprs": 0.007765810005366802,
                "absvprs": 0.007612466346472502,
                "pressfc": 0.000623282277956605,
                "capesfc": 0.000361984217306599,
                "tmpsfc": 0.0004297870327718556,
                "landmask": 0.0005103913717903197
            }
        },
        {
            "type": "Feature",
            "geometry": {
                "type": "Point",
                "coordinates": [
                    162.0,
                    17.0
                ]
            },
            "properties": {
                "system_id": "INVEST_00",
                "confidence": 0.5130701707080277,
                "uncertainty_std": 0.11054788529872894,
                "ci_95": [
                    0.296396315522519,
                    0.7297440258935365
                ],
                "lead_time_hrs": 48,
                "movement_vector": {
                    "dlat_24h": 0.0,
                    "dlon_24h": 0.0
                },
                "trajectory": {},
                "top_driver": "ugrdprs",
                "ugrdprs": 0.004622445907443762,
                "vgrdprs": 0.004226332530379295,
                "vvelprs": 0.004448180552572012,
                "tmpprs": 0.004359785933047533,
                "rhprs": 0.004154152702540159,
                "hgtprs": 0.0044356463477015495,
                "absvprs": 0.004210431594401598,
                "pressfc": 0.0002564969763625413,
                "capesfc": 0.00023192533990368247,
                "tmpsfc": 0.00022157530474942178,
                "landmask": 0.00028621318051591516
            }
        },
        {
            "type": "Feature",
            "geometry": {
                "type": "Point",
                "coordinates": [
                    114.0,
                    -5.0
                ]
            },
            "properties": {
                "system_id": "INVEST_00",
                "confidence": 0.5103266747704241,
                "uncertainty_std": 0.1921537071466446,
                "ci_95": [
                    0.13370540876300074,
                    0.8869479407778476
                ],
                "lead_time_hrs": 48,
                "movement_vector": {
                    "dlat_24h": 0.0,
                    "dlon_24h": 0.0
                },
                "trajectory": {},
                "top_driver": "ugrdprs",
                "ugrdprs": 0.0021030171774327755,
                "vgrdprs": 0.0020549800246953964,
                "vvelprs": 0.002081377664580941,
                "tmpprs": 0.0019649656023830175,
                "rhprs": 0.0020256403367966413,
                "hgtprs": 0.002070006914436817,
                "absvprs": 0.001964961178600788,
                "pressfc": 0.00011119063128717244,
                "capesfc": 0.00011420161172281951,
                "tmpsfc": 0.00014151712821330875,
                "landmask": 0.00013267877511680126
            }
        },
        {
            "type": "Feature",
            "geometry": {
                "type": "Point",
                "coordinates": [
                    -178.0,
                    33.0
                ]
            },
            "properties": {
                "system_id": "INVEST_00",
                "confidence": 0.5101389216905097,
                "uncertainty_std": 0.081291563808918,
                "ci_95": [
                    0.35080745662503043,
                    0.6694703867559889
                ],
                "lead_time_hrs": 48,
                "movement_vector": {
                    "dlat_24h": 0.0,
                    "dlon_24h": 0.0
                },
                "trajectory": {},
                "top_driver": "ugrdprs",
                "ugrdprs": 0.005811912473291159,
                "vgrdprs": 0.005229209084063768,
                "vvelprs": 0.005292412359267473,
                "tmpprs": 0.005319563671946526,
                "rhprs": 0.00514777097851038,
                "hgtprs": 0.005489756353199482,
                "absvprs": 0.005552125629037619,
                "pressfc": 0.00029452479793690145,
                "capesfc": 0.00026810774579644203,
                "tmpsfc": 0.00031567394034937024,
                "landmask": 0.0002819465007632971
            }
        },
        {
            "type": "Feature",
            "geometry": {
                "type": "Point",
                "coordinates": [
                    -109.0,
                    -3.0
                ]
            },
            "properties": {
                "system_id": "INVEST_00",
                "confidence": 0.5085517889474772,
                "uncertainty_std": 0.1678619384765625,
                "ci_95": [
                    0.17954238953341473,
                    0.8375611883615397
                ],
                "lead_time_hrs": 48,
                "movement_vector": {
                    "dlat_24h": 0.0,
                    "dlon_24h": 0.0
                },
                "trajectory": {},
                "top_driver": "ugrdprs",
                "ugrdprs": 0.004373261705040932,
                "vgrdprs": 0.004109028726816177,
                "vvelprs": 0.0042517646215856075,
                "tmpprs": 0.004088336601853371,
                "rhprs": 0.0038075100164860487,
                "hgtprs": 0.004191597457975149,
                "absvprs": 0.004115467891097069,
                "pressfc": 0.00023548482568003237,
                "capesfc": 0.00021075818222016096,
                "tmpsfc": 0.00022179591178428382,
                "landmask": 0.00022832815011497587
            }
        },
        {
            "type": "Feature",
            "geometry": {
                "type": "Point",
                "coordinates": [
                    179.0,
                    27.0
                ]
            },
            "properties": {
                "system_id": "INVEST_00",
                "confidence": 0.5058018212320515,
                "uncertainty_std": 0.13512550294399261,
                "ci_95": [
                    0.24095583546182603,
                    0.7706478070022771
                ],
                "lead_time_hrs": 48,
                "movement_vector": {
                    "dlat_24h": 0.0,
                    "dlon_24h": 0.0
                },
                "trajectory": {},
                "top_driver": "ugrdprs",
                "ugrdprs": 0.00584742147475481,
                "vgrdprs": 0.005604807287454605,
                "vvelprs": 0.005484189372509718,
                "tmpprs": 0.0056277732364833355,
                "rhprs": 0.005344598088413477,
                "hgtprs": 0.005625160876661539,
                "absvprs": 0.0055972556583583355,
                "pressfc": 0.0004088116402272135,
                "capesfc": 0.00035957901854999363,
                "tmpsfc": 0.0003159071784466505,
                "landmask": 0.00035920465597882867
            }
        },
        {
            "type": "Feature",
            "geometry": {
                "type": "Point",
                "coordinates": [
                    169.0,
                    7.0
                ]
            },
            "properties": {
                "system_id": "INVEST_00",
                "confidence": 0.5055925645053426,
                "uncertainty_std": 0.0660228580236435,
                "ci_95": [
                    0.37618776277900134,
                    0.6349973662316839
                ],
                "lead_time_hrs": 48,
                "movement_vector": {
                    "dlat_24h": 0.0,
                    "dlon_24h": 0.0
                },
                "trajectory": {},
                "top_driver": "vvelprs",
                "ugrdprs": 0.006382722873240709,
                "vgrdprs": 0.006134954281151295,
                "vvelprs": 0.0065245782025158405,
                "tmpprs": 0.0058736857026815414,
                "rhprs": 0.005679095163941383,
                "hgtprs": 0.006069914437830448,
                "absvprs": 0.006304836831986904,
                "pressfc": 0.00036542920861393213,
                "capesfc": 0.0003493551630526781,
                "tmpsfc": 0.0003165487723890692,
                "landmask": 0.00031174824107438326
            }
        },
        {
            "type": "Feature",
            "geometry": {
                "type": "Point",
                "coordinates": [
                    -164.0,
                    29.0
                ]
            },
            "properties": {
                "system_id": "INVEST_00",
                "confidence": 0.5046632254007151,
                "uncertainty_std": 0.11953124403953552,
                "ci_95": [
                    0.2703819870832255,
                    0.7389444637182047
                ],
                "lead_time_hrs": 48,
                "movement_vector": {
                    "dlat_24h": 0.0,
                    "dlon_24h": 0.0
                },
                "trajectory": {},
                "top_driver": "hgtprs",
                "ugrdprs": 0.0074215177446603775,
                "vgrdprs": 0.007163250353187323,
                "vvelprs": 0.0074849724769592285,
                "tmpprs": 0.006746529135853052,
                "rhprs": 0.006654917728155851,
                "hgtprs": 0.007838230580091476,
                "absvprs": 0.007399770896881819,
                "pressfc": 0.00036261367495171726,
                "capesfc": 0.0002926078741438687,
                "tmpsfc": 0.0003322897828184068,
                "landmask": 0.0005587152554653585
            }
        },
        {
            "type": "Feature",
            "geometry": {
                "type": "Point",
                "coordinates": [
                    -125.0,
                    11.0
                ]
            },
            "properties": {
                "system_id": "INVEST_00",
                "confidence": 0.5038053975614472,
                "uncertainty_std": 0.07487040758132935,
                "ci_95": [
                    0.3570593987020416,
                    0.6505513964208527
                ],
                "lead_time_hrs": 48,
                "movement_vector": {
                    "dlat_24h": 0.0,
                    "dlon_24h": 0.0
                },
                "trajectory": {},
                "top_driver": "vvelprs",
                "ugrdprs": 0.0030250707641243935,
                "vgrdprs": 0.0028310706838965416,
                "vvelprs": 0.003052226733416319,
                "tmpprs": 0.0027827639132738113,
                "rhprs": 0.0027036734391003847,
                "hgtprs": 0.0030130723025649786,
                "absvprs": 0.0026860968209803104,
                "pressfc": 0.0002336662873858586,
                "capesfc": 0.000172113737789914,
                "tmpsfc": 0.0001548768050270155,
                "landmask": 0.00018378494132775813
            }
        },
        {
            "type": "Feature",
            "geometry": {
                "type": "Point",
                "coordinates": [
                    -51.0,
                    15.0
                ]
            },
            "properties": {
                "system_id": "INVEST_00",
                "confidence": 0.5036165968120973,
                "uncertainty_std": 0.06912267953157425,
                "ci_95": [
                    0.36813614493021174,
                    0.6390970486939828
                ],
                "lead_time_hrs": 48,
                "movement_vector": {
                    "dlat_24h": 0.0,
                    "dlon_24h": 0.0
                },
                "trajectory": {},
                "top_driver": "ugrdprs",
                "ugrdprs": 0.003639066591858864,
                "vgrdprs": 0.003277180716395378,
                "vvelprs": 0.0033653280697762966,
                "tmpprs": 0.0033451856579631567,
                "rhprs": 0.002998665440827608,
                "hgtprs": 0.003441809443756938,
                "absvprs": 0.0034858917351812124,
                "pressfc": 0.00024545894120819867,
                "capesfc": 0.00017021020175889134,
                "tmpsfc": 0.00018298735085409135,
                "landmask": 0.00018291192827746272
            }
        },
        {
            "type": "Feature",
            "geometry": {
                "type": "Point",
                "coordinates": [
                    -168.0,
                    -13.0
                ]
            },
            "properties": {
                "system_id": "INVEST_00",
                "confidence": 0.5031352381126429,
                "uncertainty_std": 0.13708563148975372,
                "ci_95": [
                    0.23444740039272566,
                    0.7718230758325602
                ],
                "lead_time_hrs": 48,
                "movement_vector": {
                    "dlat_24h": 0.0,
                    "dlon_24h": 0.0
                },
                "trajectory": {},
                "top_driver": "vvelprs",
                "ugrdprs": 0.007150762714445591,
                "vgrdprs": 0.00717161176726222,
                "vvelprs": 0.0072894771583378315,
                "tmpprs": 0.007234308402985334,
                "rhprs": 0.0067873247899115086,
                "hgtprs": 0.007128385826945305,
                "absvprs": 0.007041327655315399,
                "pressfc": 0.00035582779673859477,
                "capesfc": 0.00033162871841341257,
                "tmpsfc": 0.0004340004816185683,
                "landmask": 0.00037350875209085643
            }
        },
        {
            "type": "Feature",
            "geometry": {
                "type": "Point",
                "coordinates": [
                    -155.0,
                    -14.0
                ]
            },
            "properties": {
                "system_id": "INVEST_00",
                "confidence": 0.4978174210368218,
                "uncertainty_std": 0.1606942117214203,
                "ci_95": [
                    0.18285676606283807,
                    0.8127780760108055
                ],
                "lead_time_hrs": 48,
                "movement_vector": {
                    "dlat_24h": 0.0,
                    "dlon_24h": 0.0
                },
                "trajectory": {},
                "top_driver": "vvelprs",
                "ugrdprs": 0.006172404158860445,
                "vgrdprs": 0.006027003284543753,
                "vvelprs": 0.006204388104379177,
                "tmpprs": 0.0059831286780536175,
                "rhprs": 0.005355795845389366,
                "hgtprs": 0.006049292627722025,
                "absvprs": 0.006005727220326662,
                "pressfc": 0.00033318615169264376,
                "capesfc": 0.00029385590460151434,
                "tmpsfc": 0.0003627494443207979,
                "landmask": 0.00024633482098579407
            }
        },
        {
            "type": "Feature",
            "geometry": {
                "type": "Point",
                "coordinates": [
                    139.0,
                    1.0
                ]
            },
            "properties": {
                "system_id": "INVEST_00",
                "confidence": 0.49695863111068395,
                "uncertainty_std": 0.10547587275505066,
                "ci_95": [
                    0.29022592051078466,
                    0.7036913417105832
                ],
                "lead_time_hrs": 48,
                "movement_vector": {
                    "dlat_24h": 0.0,
                    "dlon_24h": 0.0
                },
                "trajectory": {},
                "top_driver": "ugrdprs",
                "ugrdprs": 0.005187022499740124,
                "vgrdprs": 0.005073321983218193,
                "vvelprs": 0.005107021890580654,
                "tmpprs": 0.004790805280208588,
                "rhprs": 0.004654635675251484,
                "hgtprs": 0.005057432688772678,
                "absvprs": 0.00489965220913291,
                "pressfc": 0.00025496151647530496,
                "capesfc": 0.00026003344100899994,
                "tmpsfc": 0.00028699671383947134,
                "landmask": 0.0002781331422738731
            }
        },
        {
            "type": "Feature",
            "geometry": {
                "type": "Point",
                "coordinates": [
                    -119.0,
                    6.0
                ]
            },
            "properties": {
                "system_id": "INVEST_00",
                "confidence": 0.4965055536389445,
                "uncertainty_std": 0.2081834077835083,
                "ci_95": [
                    0.08846607438326826,
                    0.9045450328946207
                ],
                "lead_time_hrs": 48,
                "movement_vector": {
                    "dlat_24h": 0.0,
                    "dlon_24h": 0.0
                },
                "trajectory": {},
                "top_driver": "vvelprs",
                "ugrdprs": 0.0046293120831251144,
                "vgrdprs": 0.004713000729680061,
                "vvelprs": 0.004834684077650309,
                "tmpprs": 0.004467545077204704,
                "rhprs": 0.004511727020144463,
                "hgtprs": 0.0047067259438335896,
                "absvprs": 0.004462164361029863,
                "pressfc": 0.00022864055063109845,
                "capesfc": 0.00019648000306915492,
                "tmpsfc": 0.0002477667876519263,
                "landmask": 0.00027131769456900656
            }
        },
        {
            "type": "Feature",
            "geometry": {
                "type": "Point",
                "coordinates": [
                    66.0,
                    3.0
                ]
            },
            "properties": {
                "system_id": "INVEST_00",
                "confidence": 0.496446277709094,
                "uncertainty_std": 0.2628304660320282,
                "ci_95": [
                    0.0,
                    1.0
                ],
                "lead_time_hrs": 48,
                "movement_vector": {
                    "dlat_24h": 0.0,
                    "dlon_24h": 0.0
                },
                "trajectory": {},
                "top_driver": "tmpprs",
                "ugrdprs": 0.010468716733157635,
                "vgrdprs": 0.010505671612918377,
                "vvelprs": 0.010664078406989574,
                "tmpprs": 0.010975974611938,
                "rhprs": 0.010242137126624584,
                "hgtprs": 0.0106080062687397,
                "absvprs": 0.009428738616406918,
                "pressfc": 0.0005415380583144724,
                "capesfc": 0.000649931957013905,
                "tmpsfc": 0.0004273421363905072,
                "landmask": 0.0005699573084712029
            }
        },
        {
            "type": "Feature",
            "geometry": {
                "type": "Point",
                "coordinates": [
                    -42.0,
                    3.0
                ]
            },
            "properties": {
                "system_id": "INVEST_00",
                "confidence": 0.4958225174837214,
                "uncertainty_std": 0.12361110001802444,
                "ci_95": [
                    0.2535447614483935,
                    0.7381002735190494
                ],
                "lead_time_hrs": 48,
                "movement_vector": {
                    "dlat_24h": 0.0,
                    "dlon_24h": 0.0
                },
                "trajectory": {},
                "top_driver": "hgtprs",
                "ugrdprs": 0.00472489045932889,
                "vgrdprs": 0.004649133421480656,
                "vvelprs": 0.004833567421883345,
                "tmpprs": 0.004607005510479212,
                "rhprs": 0.004433906637132168,
                "hgtprs": 0.0050046853721141815,
                "absvprs": 0.004917010199278593,
                "pressfc": 0.00023861786758061498,
                "capesfc": 0.00021846183517482132,
                "tmpsfc": 0.00017878739163279533,
                "landmask": 0.00034101924393326044
            }
        },
        {
            "type": "Feature",
            "geometry": {
                "type": "Point",
                "coordinates": [
                    -76.0,
                    18.0
                ]
            },
            "properties": {
                "system_id": "INVEST_00",
                "confidence": 0.4958038182074823,
                "uncertainty_std": 0.14729218184947968,
                "ci_95": [
                    0.20711114178250217,
                    0.7844964946324624
                ],
                "lead_time_hrs": 48,
                "movement_vector": {
                    "dlat_24h": 0.0,
                    "dlon_24h": 0.0
                },
                "trajectory": {},
                "top_driver": "ugrdprs",
                "ugrdprs": 0.006975516211241484,
                "vgrdprs": 0.006329614203423262,
                "vvelprs": 0.00685295881703496,
                "tmpprs": 0.006267864257097244,
                "rhprs": 0.0059808650985360146,
                "hgtprs": 0.00665986817330122,
                "absvprs": 0.006583884358406067,
                "pressfc": 0.0003688207361847162,
                "capesfc": 0.0002902460691984743,
                "tmpsfc": 0.00039396321517415345,
                "landmask": 0.0003504444321151823
            }
        },
        {
            "type": "Feature",
            "geometry": {
                "type": "Point",
                "coordinates": [
                    161.0,
                    35.0
                ]
            },
            "properties": {
                "system_id": "INVEST_00",
                "confidence": 0.4957661767779381,
                "uncertainty_std": 0.16317252814769745,
                "ci_95": [
                    0.17594802160845113,
                    0.8155843319474251
                ],
                "lead_time_hrs": 48,
                "movement_vector": {
                    "dlat_24h": 0.0,
                    "dlon_24h": 0.0
                },
                "trajectory": {},
                "top_driver": "ugrdprs",
                "ugrdprs": 0.010913698934018612,
                "vgrdprs": 0.009825021028518677,
                "vvelprs": 0.009724786505103111,
                "tmpprs": 0.009696525521576405,
                "rhprs": 0.009622042998671532,
                "hgtprs": 0.009642236866056919,
                "absvprs": 0.009993095882236958,
                "pressfc": 0.000836830644402653,
                "capesfc": 0.0004961091326549649,
                "tmpsfc": 0.0006294032209552824,
                "landmask": 0.0005993121885694563
            }
        },
        {
            "type": "Feature",
            "geometry": {
                "type": "Point",
                "coordinates": [
                    -174.0,
                    29.0
                ]
            },
            "properties": {
                "system_id": "INVEST_00",
                "confidence": 0.4939949036202911,
                "uncertainty_std": 0.20007699728012085,
                "ci_95": [
                    0.10184398895125424,
                    0.8861458182893279
                ],
                "lead_time_hrs": 48,
                "movement_vector": {
                    "dlat_24h": 0.0,
                    "dlon_24h": 0.0
                },
                "trajectory": {},
                "top_driver": "ugrdprs",
                "ugrdprs": 0.006071049254387617,
                "vgrdprs": 0.005429746117442846,
                "vvelprs": 0.0057598608545959,
                "tmpprs": 0.005444156471639872,
                "rhprs": 0.005464800167828798,
                "hgtprs": 0.005981730297207832,
                "absvprs": 0.005566924810409546,
                "pressfc": 0.00037222448736429214,
                "capesfc": 0.00032309797825291753,
                "tmpsfc": 0.00035778561141341925,
                "landmask": 0.00035071629099547863
            }
        },
        {
            "type": "Feature",
            "geometry": {
                "type": "Point",
                "coordinates": [
                    160.0,
                    30.0
                ]
            },
            "properties": {
                "system_id": "INVEST_00",
                "confidence": 0.48758092751872395,
                "uncertainty_std": 0.18356597423553467,
                "ci_95": [
                    0.127791618017076,
                    0.847370237020372
                ],
                "lead_time_hrs": 48,
                "movement_vector": {
                    "dlat_24h": 0.0,
                    "dlon_24h": 0.0
                },
                "trajectory": {},
                "top_driver": "ugrdprs",
                "ugrdprs": 0.011050611734390259,
                "vgrdprs": 0.010691546835005283,
                "vvelprs": 0.010313304141163826,
                "tmpprs": 0.010713797993957996,
                "rhprs": 0.010133463889360428,
                "hgtprs": 0.010314831510186195,
                "absvprs": 0.010921230539679527,
                "pressfc": 0.0008834970649331808,
                "capesfc": 0.0005448341253213584,
                "tmpsfc": 0.0006196927279233932,
                "landmask": 0.0005303389625623822
            }
        },
        {
            "type": "Feature",
            "geometry": {
                "type": "Point",
                "coordinates": [
                    -174.0,
                    14.0
                ]
            },
            "properties": {
                "system_id": "INVEST_00",
                "confidence": 0.4867891928258704,
                "uncertainty_std": 0.12053126841783524,
                "ci_95": [
                    0.25054790672691335,
                    0.7230304789248274
                ],
                "lead_time_hrs": 48,
                "movement_vector": {
                    "dlat_24h": 0.0,
                    "dlon_24h": 0.0
                },
                "trajectory": {},
                "top_driver": "hgtprs",
                "ugrdprs": 0.0065050143748521805,
                "vgrdprs": 0.006200042087584734,
                "vvelprs": 0.00659308023750782,
                "tmpprs": 0.006147726438939571,
                "rhprs": 0.005929117556661367,
                "hgtprs": 0.007066350430250168,
                "absvprs": 0.006555994041264057,
                "pressfc": 0.00031143761589191854,
                "capesfc": 0.00027511021471582353,
                "tmpsfc": 0.00029330479446798563,
                "landmask": 0.0004561778041534126
            }
        },
        {
            "type": "Feature",
            "geometry": {
                "type": "Point",
                "coordinates": [
                    128.0,
                    10.0
                ]
            },
            "properties": {
                "system_id": "INVEST_00",
                "confidence": 0.48604794552254554,
                "uncertainty_std": 0.04631452634930611,
                "ci_95": [
                    0.39527147387790557,
                    0.5768244171671855
                ],
                "lead_time_hrs": 48,
                "movement_vector": {
                    "dlat_24h": 0.0,
                    "dlon_24h": 0.0
                },
                "trajectory": {},
                "top_driver": "ugrdprs",
                "ugrdprs": 0.00593861099332571,
                "vgrdprs": 0.00563122658059001,
                "vvelprs": 0.005919781979173422,
                "tmpprs": 0.005541362799704075,
                "rhprs": 0.005250530317425728,
                "hgtprs": 0.005682550370693207,
                "absvprs": 0.005466977134346962,
                "pressfc": 0.0003345918084960431,
                "capesfc": 0.0002819211804307997,
                "tmpsfc": 0.00032672143424861133,
                "landmask": 0.00028259766986593604
            }
        },
        {
            "type": "Feature",
            "geometry": {
                "type": "Point",
                "coordinates": [
                    165.0,
                    10.0
                ]
            },
            "properties": {
                "system_id": "INVEST_00",
                "confidence": 0.4856403121729222,
                "uncertainty_std": 0.09469319134950638,
                "ci_95": [
                    0.30004165712788966,
                    0.6712389672179547
                ],
                "lead_time_hrs": 48,
                "movement_vector": {
                    "dlat_24h": 0.0,
                    "dlon_24h": 0.0
                },
                "trajectory": {},
                "top_driver": "vvelprs",
                "ugrdprs": 0.00418739253655076,
                "vgrdprs": 0.004014125559478998,
                "vvelprs": 0.004378556739538908,
                "tmpprs": 0.003848130814731121,
                "rhprs": 0.0037360379938036203,
                "hgtprs": 0.004225121811032295,
                "absvprs": 0.004012790508568287,
                "pressfc": 0.00023415236501023173,
                "capesfc": 0.0001918035704875365,
                "tmpsfc": 0.00019074867304880172,
                "landmask": 0.0002577114209998399
            }
        },
        {
            "type": "Feature",
            "geometry": {
                "type": "Point",
                "coordinates": [
                    -117.0,
                    -2.0
                ]
            },
            "properties": {
                "system_id": "INVEST_00",
                "confidence": 0.4845720131457208,
                "uncertainty_std": 0.13269244134426117,
                "ci_95": [
                    0.22449482811096888,
                    0.7446491981804727
                ],
                "lead_time_hrs": 48,
                "movement_vector": {
                    "dlat_24h": 0.0,
                    "dlon_24h": 0.0
                },
                "trajectory": {},
                "top_driver": "vvelprs",
                "ugrdprs": 0.0035639838315546513,
                "vgrdprs": 0.0034849222283810377,
                "vvelprs": 0.003624215954914689,
                "tmpprs": 0.00338466907851398,
                "rhprs": 0.0033366093412041664,
                "hgtprs": 0.0034692552872002125,
                "absvprs": 0.003366774646565318,
                "pressfc": 0.0001835777802625671,
                "capesfc": 0.00018670294957701117,
                "tmpsfc": 0.0002026680886046961,
                "landmask": 0.00019931384304072708
            }
        },
        {
            "type": "Feature",
            "geometry": {
                "type": "Point",
                "coordinates": [
                    161.0,
                    -15.0
                ]
            },
            "properties": {
                "system_id": "INVEST_00",
                "confidence": 0.4837569867589175,
                "uncertainty_std": 0.17081548273563385,
                "ci_95": [
                    0.14895864059707514,
                    0.8185553329207598
                ],
                "lead_time_hrs": 48,
                "movement_vector": {
                    "dlat_24h": 0.0,
                    "dlon_24h": 0.0
                },
                "trajectory": {},
                "top_driver": "ugrdprs",
                "ugrdprs": 0.006968759000301361,
                "vgrdprs": 0.006697934586554766,
                "vvelprs": 0.006746113765984774,
                "tmpprs": 0.006707755848765373,
                "rhprs": 0.006732224021106958,
                "hgtprs": 0.006724257953464985,
                "absvprs": 0.006690516136586666,
                "pressfc": 0.0003770713519770652,
                "capesfc": 0.0003721376124303788,
                "tmpsfc": 0.00042904942529276013,
                "landmask": 0.00048232852714136243
            }
        },
        {
            "type": "Feature",
            "geometry": {
                "type": "Point",
                "coordinates": [
                    157.0,
                    12.0
                ]
            },
            "properties": {
                "system_id": "INVEST_00",
                "confidence": 0.483674859398469,
                "uncertainty_std": 0.09467168152332306,
                "ci_95": [
                    0.2981183636127558,
                    0.6692313551841822
                ],
                "lead_time_hrs": 48,
                "movement_vector": {
                    "dlat_24h": 0.0,
                    "dlon_24h": 0.0
                },
                "trajectory": {},
                "top_driver": "ugrdprs",
                "ugrdprs": 0.007359817624092102,
                "vgrdprs": 0.007053624372929335,
                "vvelprs": 0.007273159455507994,
                "tmpprs": 0.006911383010447025,
                "rhprs": 0.006450041197240353,
                "hgtprs": 0.006975381635129452,
                "absvprs": 0.00684095174074173,
                "pressfc": 0.0003895171103067696,
                "capesfc": 0.00033219667966477573,
                "tmpsfc": 0.0004071044677402824,
                "landmask": 0.00034719036193564534
            }
        },
        {
            "type": "Feature",
            "geometry": {
                "type": "Point",
                "coordinates": [
                    -53.0,
                    23.0
                ]
            },
            "properties": {
                "system_id": "INVEST_00",
                "confidence": 0.4833809448657441,
                "uncertainty_std": 0.09827003628015518,
                "ci_95": [
                    0.29077167375664,
                    0.6759902159748483
                ],
                "lead_time_hrs": 48,
                "movement_vector": {
                    "dlat_24h": 0.0,
                    "dlon_24h": 0.0
                },
                "trajectory": {},
                "top_driver": "ugrdprs",
                "ugrdprs": 0.0031161229126155376,
                "vgrdprs": 0.0028446181677281857,
                "vvelprs": 0.0030179184395819902,
                "tmpprs": 0.0028556177858263254,
                "rhprs": 0.0028282266575843096,
                "hgtprs": 0.0030611243564635515,
                "absvprs": 0.003064854070544243,
                "pressfc": 0.0002111462817993015,
                "capesfc": 0.00013528908311855048,
                "tmpsfc": 0.00018769314920064062,
                "landmask": 0.00020041064999531955
            }
        },
        {
            "type": "Feature",
            "geometry": {
                "type": "Point",
                "coordinates": [
                    87.0,
                    21.0
                ]
            },
            "properties": {
                "system_id": "INVEST_00",
                "confidence": 0.4831893937751372,
                "uncertainty_std": 0.24457336962223053,
                "ci_95": [
                    0.0038255893155653697,
                    0.9625531982347091
                ],
                "lead_time_hrs": 48,
                "movement_vector": {
                    "dlat_24h": 0.0,
                    "dlon_24h": 0.0
                },
                "trajectory": {},
                "top_driver": "vgrdprs",
                "ugrdprs": 0.010176405310630798,
                "vgrdprs": 0.010543017648160458,
                "vvelprs": 0.009739839471876621,
                "tmpprs": 0.010435866191983223,
                "rhprs": 0.009554066695272923,
                "hgtprs": 0.009937389753758907,
                "absvprs": 0.010172117501497269,
                "pressfc": 0.0008200472802855074,
                "capesfc": 0.000487757584778592,
                "tmpsfc": 0.0005624339100904763,
                "landmask": 0.0006450344226323068
            }
        },
        {
            "type": "Feature",
            "geometry": {
                "type": "Point",
                "coordinates": [
                    122.0,
                    11.0
                ]
            },
            "properties": {
                "system_id": "INVEST_00",
                "confidence": 0.48042427642499325,
                "uncertainty_std": 0.1013556644320488,
                "ci_95": [
                    0.28176717413817765,
                    0.6790813787118088
                ],
                "lead_time_hrs": 48,
                "movement_vector": {
                    "dlat_24h": 0.0,
                    "dlon_24h": 0.0
                },
                "trajectory": {},
                "top_driver": "ugrdprs",
                "ugrdprs": 0.0055150133557617664,
                "vgrdprs": 0.005164801143109798,
                "vvelprs": 0.005334644578397274,
                "tmpprs": 0.004982809070497751,
                "rhprs": 0.004771636798977852,
                "hgtprs": 0.005211581010371447,
                "absvprs": 0.005014094524085522,
                "pressfc": 0.0003176688333041966,
                "capesfc": 0.00027036230312660336,
                "tmpsfc": 0.00026058932417072356,
                "landmask": 0.00027458416298031807
            }
        },
        {
            "type": "Feature",
            "geometry": {
                "type": "Point",
                "coordinates": [
                    -67.0,
                    11.0
                ]
            },
            "properties": {
                "system_id": "INVEST_00",
                "confidence": 0.48024861670393076,
                "uncertainty_std": 0.10979637503623962,
                "ci_95": [
                    0.26504772163290113,
                    0.6954495117749604
                ],
                "lead_time_hrs": 48,
                "movement_vector": {
                    "dlat_24h": 0.0,
                    "dlon_24h": 0.0
                },
                "trajectory": {},
                "top_driver": "ugrdprs",
                "ugrdprs": 0.007178391329944134,
                "vgrdprs": 0.006862585432827473,
                "vvelprs": 0.007085185497999191,
                "tmpprs": 0.006728919688612223,
                "rhprs": 0.006424717139452696,
                "hgtprs": 0.006495927460491657,
                "absvprs": 0.006751521956175566,
                "pressfc": 0.0004230036574881524,
                "capesfc": 0.0003324435674585402,
                "tmpsfc": 0.00038420778582803905,
                "landmask": 0.00036148616345599294
            }
        },
        {
            "type": "Feature",
            "geometry": {
                "type": "Point",
                "coordinates": [
                    -151.0,
                    -1.0
                ]
            },
            "properties": {
                "system_id": "INVEST_00",
                "confidence": 0.47723197135382905,
                "uncertainty_std": 0.18514789640903473,
                "ci_95": [
                    0.11434209439212101,
                    0.840121848315537
                ],
                "lead_time_hrs": 48,
                "movement_vector": {
                    "dlat_24h": 0.0,
                    "dlon_24h": 0.0
                },
                "trajectory": {},
                "top_driver": "absvprs",
                "ugrdprs": 0.003859179560095072,
                "vgrdprs": 0.003866460407152772,
                "vvelprs": 0.003957223147153854,
                "tmpprs": 0.0038966257125139236,
                "rhprs": 0.003731787670403719,
                "hgtprs": 0.004025339148938656,
                "absvprs": 0.004049565643072128,
                "pressfc": 0.00017721230688039213,
                "capesfc": 0.00019065052038058639,
                "tmpsfc": 0.0001613804925000295,
                "landmask": 0.00022833152615930885
            }
        },
        {
            "type": "Feature",
            "geometry": {
                "type": "Point",
                "coordinates": [
                    -172.0,
                    3.0
                ]
            },
            "properties": {
                "system_id": "INVEST_00",
                "confidence": 0.4765194804252005,
                "uncertainty_std": 0.087215356528759,
                "ci_95": [
                    0.30557738162883286,
                    0.6474615792215681
                ],
                "lead_time_hrs": 48,
                "movement_vector": {
                    "dlat_24h": 0.0,
                    "dlon_24h": 0.0
                },
                "trajectory": {},
                "top_driver": "vvelprs",
                "ugrdprs": 0.005130363628268242,
                "vgrdprs": 0.004982640966773033,
                "vvelprs": 0.005175169091671705,
                "tmpprs": 0.004796241410076618,
                "rhprs": 0.004593622405081987,
                "hgtprs": 0.005082172807306051,
                "absvprs": 0.004937227349728346,
                "pressfc": 0.0002670453686732799,
                "capesfc": 0.0002613501565065235,
                "tmpsfc": 0.00026290136156603694,
                "landmask": 0.00026915990747511387
            }
        },
        {
            "type": "Feature",
            "geometry": {
                "type": "Point",
                "coordinates": [
                    115.0,
                    7.0
                ]
            },
            "properties": {
                "system_id": "INVEST_00",
                "confidence": 0.4752880588928388,
                "uncertainty_std": 0.09665890038013458,
                "ci_95": [
                    0.28583661414777506,
                    0.6647395036379026
                ],
                "lead_time_hrs": 48,
                "movement_vector": {
                    "dlat_24h": 0.0,
                    "dlon_24h": 0.0
                },
                "trajectory": {},
                "top_driver": "ugrdprs",
                "ugrdprs": 0.008131415583193302,
                "vgrdprs": 0.00771191343665123,
                "vvelprs": 0.007791135460138321,
                "tmpprs": 0.007210426032543182,
                "rhprs": 0.00706861075013876,
                "hgtprs": 0.007833804003894329,
                "absvprs": 0.007313667330890894,
                "pressfc": 0.0004215945955365896,
                "capesfc": 0.0003852879162877798,
                "tmpsfc": 0.00043163038208149374,
                "landmask": 0.0004193990316707641
            }
        },
        {
            "type": "Feature",
            "geometry": {
                "type": "Point",
                "coordinates": [
                    -7.0,
                    0.0
                ]
            },
            "properties": {
                "system_id": "INVEST_00",
                "confidence": 0.47433783281741165,
                "uncertainty_std": 0.2310550957918167,
                "ci_95": [
                    0.02146984506545091,
                    0.9272058205693724
                ],
                "lead_time_hrs": 48,
                "movement_vector": {
                    "dlat_24h": 0.0,
                    "dlon_24h": 0.0
                },
                "trajectory": {},
                "top_driver": "hgtprs",
                "ugrdprs": 0.00408770190551877,
                "vgrdprs": 0.003996501676738262,
                "vvelprs": 0.004076954443007708,
                "tmpprs": 0.00399864511564374,
                "rhprs": 0.0038376059383153915,
                "hgtprs": 0.004094488453119993,
                "absvprs": 0.004014881327748299,
                "pressfc": 0.00018605712102726102,
                "capesfc": 0.00019219859677832574,
                "tmpsfc": 0.0002453600463923067,
                "landmask": 0.00022037368034943938
            }
        },
        {
            "type": "Feature",
            "geometry": {
                "type": "Point",
                "coordinates": [
                    178.0,
                    -12.0
                ]
            },
            "properties": {
                "system_id": "INVEST_00",
                "confidence": 0.4721203449760707,
                "uncertainty_std": 0.14092744886875153,
                "ci_95": [
                    0.19590254519331773,
                    0.7483381447588237
                ],
                "lead_time_hrs": 48,
                "movement_vector": {
                    "dlat_24h": 0.0,
                    "dlon_24h": 0.0
                },
                "trajectory": {},
                "top_driver": "ugrdprs",
                "ugrdprs": 0.005809142719954252,
                "vgrdprs": 0.0055043064057827,
                "vvelprs": 0.005573912989348173,
                "tmpprs": 0.005595825612545013,
                "rhprs": 0.005420858971774578,
                "hgtprs": 0.005606583785265684,
                "absvprs": 0.005662892013788223,
                "pressfc": 0.0003520253812894225,
                "capesfc": 0.00023933115880936384,
                "tmpsfc": 0.0003929434169549495,
                "landmask": 0.0003688652941491455
            }
        },
        {
            "type": "Feature",
            "geometry": {
                "type": "Point",
                "coordinates": [
                    80.0,
                    -9.0
                ]
            },
            "properties": {
                "system_id": "INVEST_00",
                "confidence": 0.4716600388399987,
                "uncertainty_std": 0.15274104475975037,
                "ci_95": [
                    0.17228759111088798,
                    0.7710324865691094
                ],
                "lead_time_hrs": 48,
                "movement_vector": {
                    "dlat_24h": 0.0,
                    "dlon_24h": 0.0
                },
                "trajectory": {},
                "top_driver": "ugrdprs",
                "ugrdprs": 0.006674509961158037,
                "vgrdprs": 0.006525929551571608,
                "vvelprs": 0.006617795210331678,
                "tmpprs": 0.006465514190495014,
                "rhprs": 0.006216248497366905,
                "hgtprs": 0.006292505655437708,
                "absvprs": 0.006297199055552483,
                "pressfc": 0.0003507046203594655,
                "capesfc": 0.0003197459445800632,
                "tmpsfc": 0.00040731733315624297,
                "landmask": 0.00030584889464080334
            }
        },
        {
            "type": "Feature",
            "geometry": {
                "type": "Point",
                "coordinates": [
                    148.0,
                    9.0
                ]
            },
            "properties": {
                "system_id": "INVEST_00",
                "confidence": 0.47120752933391274,
                "uncertainty_std": 0.09830822795629501,
                "ci_95": [
                    0.2785234025395745,
                    0.663891656128251
                ],
                "lead_time_hrs": 48,
                "movement_vector": {
                    "dlat_24h": 0.0,
                    "dlon_24h": 0.0
                },
                "trajectory": {},
                "top_driver": "ugrdprs",
                "ugrdprs": 0.006648939568549395,
                "vgrdprs": 0.006379494909197092,
                "vvelprs": 0.006598824635148048,
                "tmpprs": 0.00626802071928978,
                "rhprs": 0.0059385281056165695,
                "hgtprs": 0.00609868997707963,
                "absvprs": 0.006202629767358303,
                "pressfc": 0.0003575515002012253,
                "capesfc": 0.0003097806475125253,
                "tmpsfc": 0.00038654444506391883,
                "landmask": 0.00034443766344338655
            }
        },
        {
            "type": "Feature",
            "geometry": {
                "type": "Point",
                "coordinates": [
                    -179.0,
                    16.0
                ]
            },
            "properties": {
                "system_id": "INVEST_00",
                "confidence": 0.47050474864628855,
                "uncertainty_std": 0.10585451871156693,
                "ci_95": [
                    0.2630298919716174,
                    0.6779796053209597
                ],
                "lead_time_hrs": 48,
                "movement_vector": {
                    "dlat_24h": 0.0,
                    "dlon_24h": 0.0
                },
                "trajectory": {},
                "top_driver": "hgtprs",
                "ugrdprs": 0.006814961321651936,
                "vgrdprs": 0.006961071398109198,
                "vvelprs": 0.007169248070567846,
                "tmpprs": 0.00661999499425292,
                "rhprs": 0.0065807015635073185,
                "hgtprs": 0.007671594154089689,
                "absvprs": 0.00704518798738718,
                "pressfc": 0.0003548943786881864,
                "capesfc": 0.0002943368162959814,
                "tmpsfc": 0.00029647457995451987,
                "landmask": 0.0005184510955587029
            }
        },
        {
            "type": "Feature",
            "geometry": {
                "type": "Point",
                "coordinates": [
                    138.0,
                    6.0
                ]
            },
            "properties": {
                "system_id": "INVEST_00",
                "confidence": 0.46856044838673566,
                "uncertainty_std": 0.10101062804460526,
                "ci_95": [
                    0.27057961741930936,
                    0.666541279354162
                ],
                "lead_time_hrs": 48,
                "movement_vector": {
                    "dlat_24h": 0.0,
                    "dlon_24h": 0.0
                },
                "trajectory": {},
                "top_driver": "ugrdprs",
                "ugrdprs": 0.007551961112767458,
                "vgrdprs": 0.007245594635605812,
                "vvelprs": 0.007523836102336645,
                "tmpprs": 0.007015190552920103,
                "rhprs": 0.006816887762397528,
                "hgtprs": 0.007357878610491753,
                "absvprs": 0.007168635260313749,
                "pressfc": 0.00035839746124111116,
                "capesfc": 0.00033381686080247164,
                "tmpsfc": 0.0004492192529141903,
                "landmask": 0.0003990870900452137
            }
        },
        {
            "type": "Feature",
            "geometry": {
                "type": "Point",
                "coordinates": [
                    -170.0,
                    18.0
                ]
            },
            "properties": {
                "system_id": "INVEST_00",
                "confidence": 0.463082766019313,
                "uncertainty_std": 0.1420859545469284,
                "ci_95": [
                    0.18459429510733333,
                    0.7415712369312926
                ],
                "lead_time_hrs": 48,
                "movement_vector": {
                    "dlat_24h": 0.0,
                    "dlon_24h": 0.0
                },
                "trajectory": {},
                "top_driver": "hgtprs",
                "ugrdprs": 0.006363143213093281,
                "vgrdprs": 0.006076437421143055,
                "vvelprs": 0.00633267592638731,
                "tmpprs": 0.005885343067348003,
                "rhprs": 0.005742460954934359,
                "hgtprs": 0.006773825269192457,
                "absvprs": 0.006247702054679394,
                "pressfc": 0.0003452097298577428,
                "capesfc": 0.0002762738731689751,
                "tmpsfc": 0.00029579372494481504,
                "landmask": 0.00043687684228643775
            }
        },
        {
            "type": "Feature",
            "geometry": {
                "type": "Point",
                "coordinates": [
                    91.0,
                    -8.0
                ]
            },
            "properties": {
                "system_id": "INVEST_00",
                "confidence": 0.4587690843282019,
                "uncertainty_std": 0.17042715847492218,
                "ci_95": [
                    0.12473185371735446,
                    0.7928063149390494
                ],
                "lead_time_hrs": 48,
                "movement_vector": {
                    "dlat_24h": 0.0,
                    "dlon_24h": 0.0
                },
                "trajectory": {},
                "top_driver": "ugrdprs",
                "ugrdprs": 0.008797687478363514,
                "vgrdprs": 0.00826246477663517,
                "vvelprs": 0.008326995186507702,
                "tmpprs": 0.00804985873401165,
                "rhprs": 0.007962132804095745,
                "hgtprs": 0.008365295827388763,
                "absvprs": 0.008461445569992065,
                "pressfc": 0.00039359991205856204,
                "capesfc": 0.0003964827337767929,
                "tmpsfc": 0.0005934367654845119,
                "landmask": 0.0005119575071148574
            }
        },
        {
            "type": "Feature",
            "geometry": {
                "type": "Point",
                "coordinates": [
                    -174.0,
                    35.0
                ]
            },
            "properties": {
                "system_id": "INVEST_00",
                "confidence": 0.45464683987533216,
                "uncertainty_std": 0.1407996565103531,
                "ci_95": [
                    0.1786795131150401,
                    0.7306141666356243
                ],
                "lead_time_hrs": 48,
                "movement_vector": {
                    "dlat_24h": 0.0,
                    "dlon_24h": 0.0
                },
                "trajectory": {},
                "top_driver": "vvelprs",
                "ugrdprs": 0.004879501182585955,
                "vgrdprs": 0.00462441286072135,
                "vvelprs": 0.004959870595484972,
                "tmpprs": 0.004827314056456089,
                "rhprs": 0.004635857883840799,
                "hgtprs": 0.004843324422836304,
                "absvprs": 0.004903736989945173,
                "pressfc": 0.00034127134131267667,
                "capesfc": 0.00024614145513623953,
                "tmpsfc": 0.0002746690297499299,
                "landmask": 0.0002495782100595534
            }
        },
        {
            "type": "Feature",
            "geometry": {
                "type": "Point",
                "coordinates": [
                    -31.0,
                    8.0
                ]
            },
            "properties": {
                "system_id": "INVEST_00",
                "confidence": 0.45002841224853907,
                "uncertainty_std": 0.08763931691646576,
                "ci_95": [
                    0.2782553510922662,
                    0.621801473404812
                ],
                "lead_time_hrs": 48,
                "movement_vector": {
                    "dlat_24h": 0.0,
                    "dlon_24h": 0.0
                },
                "trajectory": {},
                "top_driver": "ugrdprs",
                "ugrdprs": 0.002937410492449999,
                "vgrdprs": 0.0026582975406199694,
                "vvelprs": 0.002921413630247116,
                "tmpprs": 0.0026014242321252823,
                "rhprs": 0.0024973717518150806,
                "hgtprs": 0.0028445536736398935,
                "absvprs": 0.002747558755800128,
                "pressfc": 0.00020898009825032204,
                "capesfc": 0.00015727920981589705,
                "tmpsfc": 0.0001281030272366479,
                "landmask": 0.0001517338678240776
            }
        },
        {
            "type": "Feature",
            "geometry": {
                "type": "Point",
                "coordinates": [
                    -170.0,
                    32.0
                ]
            },
            "properties": {
                "system_id": "INVEST_00",
                "confidence": 0.44760639646527556,
                "uncertainty_std": 0.13748663663864136,
                "ci_95": [
                    0.17813258865353848,
                    0.7170802042770126
                ],
                "lead_time_hrs": 48,
                "movement_vector": {
                    "dlat_24h": 0.0,
                    "dlon_24h": 0.0
                },
                "trajectory": {},
                "top_driver": "ugrdprs",
                "ugrdprs": 0.0033737190533429384,
                "vgrdprs": 0.0031043370254337788,
                "vvelprs": 0.0032494920305907726,
                "tmpprs": 0.0030374666675925255,
                "rhprs": 0.003070647595450282,
                "hgtprs": 0.003338639624416828,
                "absvprs": 0.0031607127748429775,
                "pressfc": 0.0002291081618750468,
                "capesfc": 0.0001872578723123297,
                "tmpsfc": 0.00018093973631039262,
                "landmask": 0.0002125122700817883
            }
        },
        {
            "type": "Feature",
            "geometry": {
                "type": "Point",
                "coordinates": [
                    -161.0,
                    17.0
                ]
            },
            "properties": {
                "system_id": "INVEST_00",
                "confidence": 0.44153903211529183,
                "uncertainty_std": 0.17158550024032593,
                "ci_95": [
                    0.10523145164425302,
                    0.7778466125863306
                ],
                "lead_time_hrs": 48,
                "movement_vector": {
                    "dlat_24h": 0.0,
                    "dlon_24h": 0.0
                },
                "trajectory": {},
                "top_driver": "hgtprs",
                "ugrdprs": 0.008565857075154781,
                "vgrdprs": 0.007883023470640182,
                "vvelprs": 0.008379648439586163,
                "tmpprs": 0.0075323693454265594,
                "rhprs": 0.007338067516684532,
                "hgtprs": 0.008578763343393803,
                "absvprs": 0.007874375209212303,
                "pressfc": 0.0004577104118652642,
                "capesfc": 0.00035713109537027776,
                "tmpsfc": 0.00035911102895624936,
                "landmask": 0.0005748998373746872
            }
        },
        {
            "type": "Feature",
            "geometry": {
                "type": "Point",
                "coordinates": [
                    -46.0,
                    8.0
                ]
            },
            "properties": {
                "system_id": "INVEST_00",
                "confidence": 0.43274141872642496,
                "uncertainty_std": 0.09239313751459122,
                "ci_95": [
                    0.2516508691978262,
                    0.6138319682550237
                ],
                "lead_time_hrs": 48,
                "movement_vector": {
                    "dlat_24h": 0.0,
                    "dlon_24h": 0.0
                },
                "trajectory": {},
                "top_driver": "ugrdprs",
                "ugrdprs": 0.0023025148548185825,
                "vgrdprs": 0.00200867117382586,
                "vvelprs": 0.002225861418992281,
                "tmpprs": 0.002091506263241172,
                "rhprs": 0.001967404270544648,
                "hgtprs": 0.0021733951289206743,
                "absvprs": 0.002184091368690133,
                "pressfc": 0.00014710331743117422,
                "capesfc": 9.39833334996365e-05,
                "tmpsfc": 0.00011783155787270516,
                "landmask": 0.00013447376841213554
            }
        },
        {
            "type": "Feature",
            "geometry": {
                "type": "Point",
                "coordinates": [
                    -59.0,
                    18.0
                ]
            },
            "properties": {
                "system_id": "INVEST_00",
                "confidence": 0.4318459945117425,
                "uncertainty_std": 0.16870088875293732,
                "ci_95": [
                    0.10119225255598535,
                    0.7624997364674997
                ],
                "lead_time_hrs": 48,
                "movement_vector": {
                    "dlat_24h": 0.0,
                    "dlon_24h": 0.0
                },
                "trajectory": {},
                "top_driver": "vvelprs",
                "ugrdprs": 0.002893226221203804,
                "vgrdprs": 0.0026234835386276245,
                "vvelprs": 0.0029389054980129004,
                "tmpprs": 0.002662822138518095,
                "rhprs": 0.0025957077741622925,
                "hgtprs": 0.002828969620168209,
                "absvprs": 0.0027839774265885353,
                "pressfc": 0.0001747480418998748,
                "capesfc": 0.00010802653559949249,
                "tmpsfc": 0.00015264179091900587,
                "landmask": 0.00016780657460913062
            }
        },
        {
            "type": "Feature",
            "geometry": {
                "type": "Point",
                "coordinates": [
                    -124.0,
                    29.0
                ]
            },
            "properties": {
                "system_id": "INVEST_00",
                "confidence": 0.42910397297404873,
                "uncertainty_std": 0.24253520369529724,
                "ci_95": [
                    0.0,
                    0.9044729722168313
                ],
                "lead_time_hrs": 48,
                "movement_vector": {
                    "dlat_24h": 0.0,
                    "dlon_24h": 0.0
                },
                "trajectory": {},
                "top_driver": "ugrdprs",
                "ugrdprs": 0.008621168322861195,
                "vgrdprs": 0.008508531376719475,
                "vvelprs": 0.007811888586729765,
                "tmpprs": 0.008234341628849506,
                "rhprs": 0.007910888642072678,
                "hgtprs": 0.007928225211799145,
                "absvprs": 0.008121607825160027,
                "pressfc": 0.000580632477067411,
                "capesfc": 0.0002887706214096397,
                "tmpsfc": 0.00045034359209239483,
                "landmask": 0.0005059308023191988
            }
        },
        {
            "type": "Feature",
            "geometry": {
                "type": "Point",
                "coordinates": [
                    -91.0,
                    27.0
                ]
            },
            "properties": {
                "system_id": "INVEST_00",
                "confidence": 0.42812440991313866,
                "uncertainty_std": 0.23715686798095703,
                "ci_95": [
                    0.0,
                    0.8929518711558144
                ],
                "lead_time_hrs": 48,
                "movement_vector": {
                    "dlat_24h": 0.0,
                    "dlon_24h": 0.0
                },
                "trajectory": {},
                "top_driver": "vgrdprs",
                "ugrdprs": 0.01581725850701332,
                "vgrdprs": 0.016427911818027496,
                "vvelprs": 0.016159294173121452,
                "tmpprs": 0.01570921018719673,
                "rhprs": 0.015853945165872574,
                "hgtprs": 0.01592986471951008,
                "absvprs": 0.015545260161161423,
                "pressfc": 0.001249611028470099,
                "capesfc": 0.0008813197491690516,
                "tmpsfc": 0.0008875622297637165,
                "landmask": 0.0014273581327870488
            }
        },
        {
            "type": "Feature",
            "geometry": {
                "type": "Point",
                "coordinates": [
                    -43.0,
                    27.0
                ]
            },
            "properties": {
                "system_id": "INVEST_00",
                "confidence": 0.4270139003450245,
                "uncertainty_std": 0.18682774901390076,
                "ci_95": [
                    0.060831512277779054,
                    0.79319628841227
                ],
                "lead_time_hrs": 48,
                "movement_vector": {
                    "dlat_24h": 0.0,
                    "dlon_24h": 0.0
                },
                "trajectory": {},
                "top_driver": "absvprs",
                "ugrdprs": 0.0028134556487202644,
                "vgrdprs": 0.002642069011926651,
                "vvelprs": 0.002687740372493863,
                "tmpprs": 0.0025648316368460655,
                "rhprs": 0.0024309430737048388,
                "hgtprs": 0.002754769753664732,
                "absvprs": 0.002853568410500884,
                "pressfc": 0.00020456047786865383,
                "capesfc": 0.00013617356307804585,
                "tmpsfc": 0.00014448190631810576,
                "landmask": 0.0001369739038636908
            }
        },
        {
            "type": "Feature",
            "geometry": {
                "type": "Point",
                "coordinates": [
                    159.0,
                    24.0
                ]
            },
            "properties": {
                "system_id": "INVEST_00",
                "confidence": 0.42652725828239796,
                "uncertainty_std": 0.15031792223453522,
                "ci_95": [
                    0.13190413070270895,
                    0.7211503858620869
                ],
                "lead_time_hrs": 48,
                "movement_vector": {
                    "dlat_24h": 0.0,
                    "dlon_24h": 0.0
                },
                "trajectory": {},
                "top_driver": "hgtprs",
                "ugrdprs": 0.006556004285812378,
                "vgrdprs": 0.006551516707986593,
                "vvelprs": 0.006274625193327665,
                "tmpprs": 0.0064322082325816154,
                "rhprs": 0.006297574378550053,
                "hgtprs": 0.0066167619079351425,
                "absvprs": 0.005998392589390278,
                "pressfc": 0.00043998463661409914,
                "capesfc": 0.0003156644816044718,
                "tmpsfc": 0.0003641681687440723,
                "landmask": 0.000544185284525156
            }
        },
        {
            "type": "Feature",
            "geometry": {
                "type": "Point",
                "coordinates": [
                    66.0,
                    14.0
                ]
            },
            "properties": {
                "system_id": "INVEST_00",
                "confidence": 0.42290163164868205,
                "uncertainty_std": 0.29565298557281494,
                "ci_95": [
                    0.0,
                    1.0
                ],
                "lead_time_hrs": 48,
                "movement_vector": {
                    "dlat_24h": 0.0,
                    "dlon_24h": 0.0
                },
                "trajectory": {},
                "top_driver": "ugrdprs",
                "ugrdprs": 0.007917323149740696,
                "vgrdprs": 0.007249878719449043,
                "vvelprs": 0.0068748751655220985,
                "tmpprs": 0.007774142548441887,
                "rhprs": 0.007777915336191654,
                "hgtprs": 0.007708467077463865,
                "absvprs": 0.007449457887560129,
                "pressfc": 0.00038767015212215483,
                "capesfc": 0.0005124579765833914,
                "tmpsfc": 0.0004163692065048963,
                "landmask": 0.0005306819221004844
            }
        },
        {
            "type": "Feature",
            "geometry": {
                "type": "Point",
                "coordinates": [
                    152.0,
                    32.0
                ]
            },
            "properties": {
                "system_id": "INVEST_00",
                "confidence": 0.41664683637734407,
                "uncertainty_std": 0.11235300451517105,
                "ci_95": [
                    0.19643494752760882,
                    0.6368587252270793
                ],
                "lead_time_hrs": 48,
                "movement_vector": {
                    "dlat_24h": 0.0,
                    "dlon_24h": 0.0
                },
                "trajectory": {},
                "top_driver": "vvelprs",
                "ugrdprs": 0.0071988413110375404,
                "vgrdprs": 0.007189977914094925,
                "vvelprs": 0.0075346967205405235,
                "tmpprs": 0.007213750388473272,
                "rhprs": 0.006804962642490864,
                "hgtprs": 0.0072904955595731735,
                "absvprs": 0.0070999423041939735,
                "pressfc": 0.000318467034958303,
                "capesfc": 0.00036887265741825104,
                "tmpsfc": 0.00030681132921017706,
                "landmask": 0.0003448077477514744
            }
        },
        {
            "type": "Feature",
            "geometry": {
                "type": "Point",
                "coordinates": [
                    130.0,
                    5.0
                ]
            },
            "properties": {
                "system_id": "INVEST_00",
                "confidence": 0.40477001090071907,
                "uncertainty_std": 0.15722933411598206,
                "ci_95": [
                    0.09660051603339426,
                    0.7129395057680439
                ],
                "lead_time_hrs": 48,
                "movement_vector": {
                    "dlat_24h": 0.0,
                    "dlon_24h": 0.0
                },
                "trajectory": {},
                "top_driver": "ugrdprs",
                "ugrdprs": 0.0043716831132769585,
                "vgrdprs": 0.004081904422491789,
                "vvelprs": 0.004235513508319855,
                "tmpprs": 0.0040243398398160934,
                "rhprs": 0.004019203130155802,
                "hgtprs": 0.004251114558428526,
                "absvprs": 0.004027600400149822,
                "pressfc": 0.00020734472491312772,
                "capesfc": 0.00019907992100343108,
                "tmpsfc": 0.0002358040219405666,
                "landmask": 0.00033048156183212996
            }
        },
        {
            "type": "Feature",
            "geometry": {
                "type": "Point",
                "coordinates": [
                    146.0,
                    26.0
                ]
            },
            "properties": {
                "system_id": "INVEST_00",
                "confidence": 0.40358074649486925,
                "uncertainty_std": 0.20256763696670532,
                "ci_95": [
                    0.006548178040126806,
                    0.8006133149496117
                ],
                "lead_time_hrs": 48,
                "movement_vector": {
                    "dlat_24h": 0.0,
                    "dlon_24h": 0.0
                },
                "trajectory": {},
                "top_driver": "ugrdprs",
                "ugrdprs": 0.018968669697642326,
                "vgrdprs": 0.01839008741080761,
                "vvelprs": 0.01873682253062725,
                "tmpprs": 0.01833360642194748,
                "rhprs": 0.018422503024339676,
                "hgtprs": 0.01768096722662449,
                "absvprs": 0.018000809475779533,
                "pressfc": 0.0009631981374695897,
                "capesfc": 0.0008432666072621942,
                "tmpsfc": 0.0009259329526685178,
                "landmask": 0.0010328467469662428
            }
        },
        {
            "type": "Feature",
            "geometry": {
                "type": "Point",
                "coordinates": [
                    -156.0,
                    19.0
                ]
            },
            "properties": {
                "system_id": "INVEST_00",
                "confidence": 0.3991024287020725,
                "uncertainty_std": 0.12272559851408005,
                "ci_95": [
                    0.15856025561447562,
                    0.6396446017896694
                ],
                "lead_time_hrs": 48,
                "movement_vector": {
                    "dlat_24h": 0.0,
                    "dlon_24h": 0.0
                },
                "trajectory": {},
                "top_driver": "hgtprs",
                "ugrdprs": 0.00799726601690054,
                "vgrdprs": 0.007652173284441233,
                "vvelprs": 0.007796557620167732,
                "tmpprs": 0.007181205321103334,
                "rhprs": 0.007210505194962025,
                "hgtprs": 0.008309797383844852,
                "absvprs": 0.007592061068862677,
                "pressfc": 0.0004436461313161999,
                "capesfc": 0.00043439731234684587,
                "tmpsfc": 0.00038712203968316317,
                "landmask": 0.0004949591238982975
            }
        },
        {
            "type": "Feature",
            "geometry": {
                "type": "Point",
                "coordinates": [
                    -131.0,
                    1.0
                ]
            },
            "properties": {
                "system_id": "INVEST_00",
                "confidence": 0.3990826543069275,
                "uncertainty_std": 0.11457356065511703,
                "ci_95": [
                    0.17451847542289814,
                    0.6236468331909569
                ],
                "lead_time_hrs": 48,
                "movement_vector": {
                    "dlat_24h": 0.0,
                    "dlon_24h": 0.0
                },
                "trajectory": {},
                "top_driver": "ugrdprs",
                "ugrdprs": 0.007304108701646328,
                "vgrdprs": 0.007263812702149153,
                "vvelprs": 0.007068191654980183,
                "tmpprs": 0.0067889452911913395,
                "rhprs": 0.006614928599447012,
                "hgtprs": 0.007254635449498892,
                "absvprs": 0.007005318999290466,
                "pressfc": 0.0003860100405290723,
                "capesfc": 0.0002911360061261803,
                "tmpsfc": 0.000484074727864936,
                "landmask": 0.00036026848829351366
            }
        },
        {
            "type": "Feature",
            "geometry": {
                "type": "Point",
                "coordinates": [
                    -122.0,
                    1.0
                ]
            },
            "properties": {
                "system_id": "INVEST_00",
                "confidence": 0.39233071471992165,
                "uncertainty_std": 0.07034973055124283,
                "ci_95": [
                    0.2544452428394857,
                    0.5302161866003576
                ],
                "lead_time_hrs": 48,
                "movement_vector": {
                    "dlat_24h": 0.0,
                    "dlon_24h": 0.0
                },
                "trajectory": {},
                "top_driver": "ugrdprs",
                "ugrdprs": 0.004820266272872686,
                "vgrdprs": 0.004709093831479549,
                "vvelprs": 0.004706396721303463,
                "tmpprs": 0.004454638808965683,
                "rhprs": 0.004379776772111654,
                "hgtprs": 0.004679007921367884,
                "absvprs": 0.00451468164101243,
                "pressfc": 0.0002456704678479582,
                "capesfc": 0.00023465909180231392,
                "tmpsfc": 0.0002741704520303756,
                "landmask": 0.00027886845055036247
            }
        },
        {
            "type": "Feature",
            "geometry": {
                "type": "Point",
                "coordinates": [
                    -132.0,
                    10.0
                ]
            },
            "properties": {
                "system_id": "INVEST_00",
                "confidence": 0.389939677927697,
                "uncertainty_std": 0.08246835321187973,
                "ci_95": [
                    0.22830170563241275,
                    0.5515776502229812
                ],
                "lead_time_hrs": 48,
                "movement_vector": {
                    "dlat_24h": 0.0,
                    "dlon_24h": 0.0
                },
                "trajectory": {},
                "top_driver": "vvelprs",
                "ugrdprs": 0.003842112375423312,
                "vgrdprs": 0.0036635908763855696,
                "vvelprs": 0.003894312074407935,
                "tmpprs": 0.0036707574035972357,
                "rhprs": 0.0034208372235298157,
                "hgtprs": 0.003700610715895891,
                "absvprs": 0.003706955583766103,
                "pressfc": 0.00022469102987088263,
                "capesfc": 0.00018653746519703418,
                "tmpsfc": 0.0001967442367458716,
                "landmask": 0.00020170841889921576
            }
        },
        {
            "type": "Feature",
            "geometry": {
                "type": "Point",
                "coordinates": [
                    170.0,
                    12.0
                ]
            },
            "properties": {
                "system_id": "INVEST_00",
                "confidence": 0.37623281993370983,
                "uncertainty_std": 0.1394224464893341,
                "ci_95": [
                    0.102964824814615,
                    0.6495008150528047
                ],
                "lead_time_hrs": 48,
                "movement_vector": {
                    "dlat_24h": 0.0,
                    "dlon_24h": 0.0
                },
                "trajectory": {},
                "top_driver": "vvelprs",
                "ugrdprs": 0.0080111650750041,
                "vgrdprs": 0.008019780740141869,
                "vvelprs": 0.008057180792093277,
                "tmpprs": 0.007449771743267775,
                "rhprs": 0.0072962502017617226,
                "hgtprs": 0.007797269616276026,
                "absvprs": 0.007611479610204697,
                "pressfc": 0.0004363663902040571,
                "capesfc": 0.0004444350197445601,
                "tmpsfc": 0.0003780004335567355,
                "landmask": 0.0003156565362587571
            }
        }
    ]
}