{
    "type": "FeatureCollection",
    "features": [
        {
            "type": "Feature",
            "geometry": {
                "type": "Point",
                "coordinates": [
                    -15.0,
                    10.0
                ]
            },
            "properties": {
                "system_id": "INVEST_00",
                "confidence": 0.9953944998004721,
                "uncertainty_std": 0.0014614034444093704,
                "ci_95": [
                    0.9925301490494297,
                    0.9982588505515145
                ],
                "lead_time_hrs": 72,
                "movement_vector": {
                    "dlat_24h": 0.0,
                    "dlon_24h": 0.0
                },
                "trajectory": {},
                "top_driver": "hgtprs",
                "ugrdprs": 0.00037694579805247486,
                "vgrdprs": 0.0003381745773367584,
                "vvelprs": 0.0003759270766749978,
                "tmpprs": 0.00038392390706576407,
                "rhprs": 0.00035510610905475914,
                "hgtprs": 0.0003874527756124735,
                "absvprs": 0.0003441434819251299,
                "pressfc": 1.6500900528626516e-05,
                "capesfc": 2.6136953238165006e-05,
                "tmpsfc": 1.5865241948631592e-05,
                "landmask": 3.223772000637837e-05
            }
        },
        {
            "type": "Feature",
            "geometry": {
                "type": "Point",
                "coordinates": [
                    -21.0,
                    19.0
                ]
            },
            "properties": {
                "system_id": "INVEST_00",
                "confidence": 0.9822005702183829,
                "uncertainty_std": 0.003919248469173908,
                "ci_95": [
                    0.9745188432188021,
                    0.9898822972179637
                ],
                "lead_time_hrs": 72,
                "movement_vector": {
                    "dlat_24h": 0.0,
                    "dlon_24h": 0.0
                },
                "trajectory": {},
                "top_driver": "vvelprs",
                "ugrdprs": 0.00012058622087351978,
                "vgrdprs": 0.00012029274512315169,
                "vvelprs": 0.00012210066779516637,
                "tmpprs": 0.00011567931505851448,
                "rhprs": 0.00011890433233929798,
                "hgtprs": 0.00011977372196270153,
                "absvprs": 0.00011303938663331792,
                "pressfc": 6.454903996200301e-06,
                "capesfc": 7.102066774677951e-06,
                "tmpsfc": 4.050309598824242e-06,
                "landmask": 8.920097570808139e-06
            }
        },
        {
            "type": "Feature",
            "geometry": {
                "type": "Point",
                "coordinates": [
                    4.0,
                    5.0
                ]
            },
            "properties": {
                "system_id": "INVEST_00",
                "confidence": 0.9626963249183037,
                "uncertainty_std": 0.01669098436832428,
                "ci_95": [
                    0.9299819955563882,
                    0.9954106542802192
                ],
                "lead_time_hrs": 72,
                "movement_vector": {
                    "dlat_24h": 0.0,
                    "dlon_24h": 0.0
                },
                "trajectory": {},
                "top_driver": "vvelprs",
                "ugrdprs": 0.0003027718630619347,
                "vgrdprs": 0.00028566300170496106,
                "vvelprs": 0.0003124844515696168,
                "tmpprs": 0.0002923145657405257,
                "rhprs": 0.0002985841711051762,
                "hgtprs": 0.0002904903667513281,
                "absvprs": 0.0002896099758800119,
                "pressfc": 2.156761911464855e-05,
                "capesfc": 1.4781081517867278e-05,
                "tmpsfc": 1.5962436009431258e-05,
                "landmask": 1.854689617175609e-05
            }
        },
        {
            "type": "Feature",
            "geometry": {
                "type": "Point",
                "coordinates": [
                    43.0,
                    14.0
                ]
            },
            "properties": {
                "system_id": "INVEST_00",
                "confidence": 0.9577181406526697,
                "uncertainty_std": 0.029050756245851517,
                "ci_95": [
                    0.9007786584108007,
                    1.0
                ],
                "lead_time_hrs": 72,
                "movement_vector": {
                    "dlat_24h": 0.0,
                    "dlon_24h": 0.0
                },
                "trajectory": {},
                "top_driver": "tmpprs",
                "ugrdprs": 0.0002889369789045304,
                "vgrdprs": 0.0002762275980785489,
                "vvelprs": 0.00028574769385159016,
                "tmpprs": 0.0003040337178390473,
                "rhprs": 0.0002902184205595404,
                "hgtprs": 0.0002858830557670444,
                "absvprs": 0.00027640577172860503,
                "pressfc": 1.639186666579917e-05,
                "capesfc": 2.0728866729768924e-05,
                "tmpsfc": 1.4544236364599783e-05,
                "landmask": 1.414833968738094e-05
            }
        },
        {
            "type": "Feature",
            "geometry": {
                "type": "Point",
                "coordinates": [
                    61.0,
                    3.0
                ]
            },
            "properties": {
                "system_id": "INVEST_00",
                "confidence": 0.946000853458258,
                "uncertainty_std": 0.02546950802206993,
                "ci_95": [
                    0.8960806177350009,
                    0.9959210891815151
                ],
                "lead_time_hrs": 72,
                "movement_vector": {
                    "dlat_24h": 0.0,
                    "dlon_24h": 0.0
                },
                "trajectory": {},
                "top_driver": "tmpprs",
                "ugrdprs": 0.010877802036702633,
                "vgrdprs": 0.011176551692187786,
                "vvelprs": 0.011378119699656963,
                "tmpprs": 0.012327166274189949,
                "rhprs": 0.010809379629790783,
                "hgtprs": 0.011456891894340515,
                "absvprs": 0.011424419470131397,
                "pressfc": 0.0005718301981687546,
                "capesfc": 0.000744503689929843,
                "tmpsfc": 0.0006178434123285115,
                "landmask": 0.0006421284633688629
            }
        },
        {
            "type": "Feature",
            "geometry": {
                "type": "Point",
                "coordinates": [
                    67.0,
                    9.0
                ]
            },
            "properties": {
                "system_id": "INVEST_00",
                "confidence": 0.9350197986587949,
                "uncertainty_std": 0.037797290831804276,
                "ci_95": [
                    0.8609371086284585,
                    1.0
                ],
                "lead_time_hrs": 72,
                "movement_vector": {
                    "dlat_24h": 0.0,
                    "dlon_24h": 0.0
                },
                "trajectory": {},
                "top_driver": "tmpprs",
                "ugrdprs": 0.0005015494534745812,
                "vgrdprs": 0.00048628501826897264,
                "vvelprs": 0.0004785324854310602,
                "tmpprs": 0.0005340638454072177,
                "rhprs": 0.0004876580205745995,
                "hgtprs": 0.00047830966650508344,
                "absvprs": 0.0004641848208848387,
                "pressfc": 3.0387220249394886e-05,
                "capesfc": 3.413006561459042e-05,
                "tmpsfc": 2.9698567232117057e-05,
                "landmask": 2.2175998310558498e-05
            }
        },
        {
            "type": "Feature",
            "geometry": {
                "type": "Point",
                "coordinates": [
                    68.0,
                    0.0
                ]
            },
            "properties": {
                "system_id": "INVEST_00",
                "confidence": 0.9343942816998833,
                "uncertainty_std": 0.02595783956348896,
                "ci_95": [
                    0.8835169161554449,
                    0.9852716472443216
                ],
                "lead_time_hrs": 72,
                "movement_vector": {
                    "dlat_24h": 0.0,
                    "dlon_24h": 0.0
                },
                "trajectory": {},
                "top_driver": "ugrdprs",
                "ugrdprs": 0.004689570050686598,
                "vgrdprs": 0.004192654509097338,
                "vvelprs": 0.004601914435625076,
                "tmpprs": 0.004537760745733976,
                "rhprs": 0.004310144577175379,
                "hgtprs": 0.004591023549437523,
                "absvprs": 0.0043367305770516396,
                "pressfc": 0.0002803516108542681,
                "capesfc": 0.000283239409327507,
                "tmpsfc": 0.00027374064666219056,
                "landmask": 0.00031699411920271814
            }
        },
        {
            "type": "Feature",
            "geometry": {
                "type": "Point",
                "coordinates": [
                    -125.0,
                    24.0
                ]
            },
            "properties": {
                "system_id": "INVEST_00",
                "confidence": 0.9310290576329927,
                "uncertainty_std": 0.02076025679707527,
                "ci_95": [
                    0.8903389543107252,
                    0.9717191609552602
                ],
                "lead_time_hrs": 72,
                "movement_vector": {
                    "dlat_24h": 0.0,
                    "dlon_24h": 0.0
                },
                "trajectory": {},
                "top_driver": "ugrdprs",
                "ugrdprs": 0.00038493736064992845,
                "vgrdprs": 0.0003353242063894868,
                "vvelprs": 0.0003438263083808124,
                "tmpprs": 0.0003257670905441046,
                "rhprs": 0.00035932735772803426,
                "hgtprs": 0.000357094599166885,
                "absvprs": 0.00032499933149665594,
                "pressfc": 2.12987870327197e-05,
                "capesfc": 2.0587352992151864e-05,
                "tmpsfc": 1.81848336069379e-05,
                "landmask": 2.7900421628146432e-05
            }
        },
        {
            "type": "Feature",
            "geometry": {
                "type": "Point",
                "coordinates": [
                    -70.0,
                    33.0
                ]
            },
            "properties": {
                "system_id": "INVEST_00",
                "confidence": 0.9235658303349603,
                "uncertainty_std": 0.019647745415568352,
                "ci_95": [
                    0.8850562493204464,
                    0.9620754113494743
                ],
                "lead_time_hrs": 72,
                "movement_vector": {
                    "dlat_24h": 0.0,
                    "dlon_24h": 0.0
                },
                "trajectory": {},
                "top_driver": "vgrdprs",
                "ugrdprs": 0.0003658470814116299,
                "vgrdprs": 0.000381863588700071,
                "vvelprs": 0.0003737189981620759,
                "tmpprs": 0.00037541272467933595,
                "rhprs": 0.0003755031793843955,
                "hgtprs": 0.0003684927069116384,
                "absvprs": 0.000354743970092386,
                "pressfc": 2.3833226805436425e-05,
                "capesfc": 2.0496358047239482e-05,
                "tmpsfc": 2.0145591406617314e-05,
                "landmask": 2.3792968931957148e-05
            }
        },
        {
            "type": "Feature",
            "geometry": {
                "type": "Point",
                "coordinates": [
                    46.0,
                    -2.0
                ]
            },
            "properties": {
                "system_id": "INVEST_00",
                "confidence": 0.9223212597911534,
                "uncertainty_std": 0.028438037261366844,
                "ci_95": [
                    0.8665827067588744,
                    0.9780598128234325
                ],
                "lead_time_hrs": 72,
                "movement_vector": {
                    "dlat_24h": 0.0,
                    "dlon_24h": 0.0
                },
                "trajectory": {},
                "top_driver": "tmpprs",
                "ugrdprs": 0.0046857185661792755,
                "vgrdprs": 0.004901736509054899,
                "vvelprs": 0.004326801747083664,
                "tmpprs": 0.0049056257121264935,
                "rhprs": 0.004479154013097286,
                "hgtprs": 0.004490933381021023,
                "absvprs": 0.004485819488763809,
                "pressfc": 0.00037680339301005006,
                "capesfc": 0.0002086538588628173,
                "tmpsfc": 0.0002548566262703389,
                "landmask": 0.0002442713885102421
            }
        },
        {
            "type": "Feature",
            "geometry": {
                "type": "Point",
                "coordinates": [
                    -179.0,
                    -5.0
                ]
            },
            "properties": {
                "system_id": "INVEST_00",
                "confidence": 0.922304124828885,
                "uncertainty_std": 0.02878325805068016,
                "ci_95": [
                    0.8658889390495519,
                    0.9787193106082182
                ],
                "lead_time_hrs": 72,
                "movement_vector": {
                    "dlat_24h": 0.0,
                    "dlon_24h": 0.0
                },
                "trajectory": {},
                "top_driver": "ugrdprs",
                "ugrdprs": 0.005844303872436285,
                "vgrdprs": 0.005482709035277367,
                "vvelprs": 0.005504619795829058,
                "tmpprs": 0.005491520743817091,
                "rhprs": 0.005693380255252123,
                "hgtprs": 0.005697925109416246,
                "absvprs": 0.005429062061011791,
                "pressfc": 0.0003916047571692616,
                "capesfc": 0.00033633250859566033,
                "tmpsfc": 0.000331927090883255,
                "landmask": 0.0003521819307934493
            }
        },
        {
            "type": "Feature",
            "geometry": {
                "type": "Point",
                "coordinates": [
                    -28.0,
                    -10.0
                ]
            },
            "properties": {
                "system_id": "INVEST_00",
                "confidence": 0.9212354267680575,
                "uncertainty_std": 0.020389286801218987,
                "ci_95": [
                    0.8812724246376683,
                    0.9611984288984466
                ],
                "lead_time_hrs": 72,
                "movement_vector": {
                    "dlat_24h": 0.0,
                    "dlon_24h": 0.0
                },
                "trajectory": {},
                "top_driver": "ugrdprs",
                "ugrdprs": 0.003533073700964451,
                "vgrdprs": 0.0032820813357830048,
                "vvelprs": 0.003337276168167591,
                "tmpprs": 0.0032855020835995674,
                "rhprs": 0.0032378509640693665,
                "hgtprs": 0.003358235815539956,
                "absvprs": 0.003432345576584339,
                "pressfc": 0.0001849200634751469,
                "capesfc": 0.00017678242875263095,
                "tmpsfc": 0.00015017608529888093,
                "landmask": 0.00025534845190122724
            }
        },
        {
            "type": "Feature",
            "geometry": {
                "type": "Point",
                "coordinates": [
                    75.0,
                    10.0
                ]
            },
            "properties": {
                "system_id": "INVEST_00",
                "confidence": 0.9148656014783922,
                "uncertainty_std": 0.06865053623914719,
                "ci_95": [
                    0.7803105504496638,
                    1.0
                ],
                "lead_time_hrs": 72,
                "movement_vector": {
                    "dlat_24h": 0.0,
                    "dlon_24h": 0.0
                },
                "trajectory": {},
                "top_driver": "tmpprs",
                "ugrdprs": 0.0017487368313595653,
                "vgrdprs": 0.001701561501249671,
                "vvelprs": 0.0016841129399836063,
                "tmpprs": 0.0019139018841087818,
                "rhprs": 0.0017144304001703858,
                "hgtprs": 0.001757701626047492,
                "absvprs": 0.0016585367266088724,
                "pressfc": 0.00010247923637507483,
                "capesfc": 0.00012462568702176213,
                "tmpsfc": 9.94516522041522e-05,
                "landmask": 9.916591079672799e-05
            }
        },
        {
            "type": "Feature",
            "geometry": {
                "type": "Point",
                "coordinates": [
                    -94.0,
                    29.0
                ]
            },
            "properties": {
                "system_id": "INVEST_00",
                "confidence": 0.9137492747143393,
                "uncertainty_std": 0.04557370766997337,
                "ci_95": [
                    0.8244248076811915,
                    1.0
                ],
                "lead_time_hrs": 72,
                "movement_vector": {
                    "dlat_24h": 0.0,
                    "dlon_24h": 0.0
                },
                "trajectory": {},
                "top_driver": "tmpprs",
                "ugrdprs": 0.002050650306046009,
                "vgrdprs": 0.0020570692140609026,
                "vvelprs": 0.002022759523242712,
                "tmpprs": 0.0021823339629918337,
                "rhprs": 0.0020319914910942316,
                "hgtprs": 0.002092530019581318,
                "absvprs": 0.002005586866289377,
                "pressfc": 0.00015477309352718294,
                "capesfc": 9.969852544600144e-05,
                "tmpsfc": 8.055604848777875e-05,
                "landmask": 0.0001258171978406608
            }
        },
        {
            "type": "Feature",
            "geometry": {
                "type": "Point",
                "coordinates": [
                    -132.0,
                    22.0
                ]
            },
            "properties": {
                "system_id": "INVEST_00",
                "confidence": 0.904291162595354,
                "uncertainty_std": 0.024473344907164574,
                "ci_95": [
                    0.8563234065773114,
                    0.9522589186133966
                ],
                "lead_time_hrs": 72,
                "movement_vector": {
                    "dlat_24h": 0.0,
                    "dlon_24h": 0.0
                },
                "trajectory": {},
                "top_driver": "vvelprs",
                "ugrdprs": 0.0006227719131857157,
                "vgrdprs": 0.0006237910129129887,
                "vvelprs": 0.0006494704866781831,
                "tmpprs": 0.0006320602260529995,
                "rhprs": 0.0006001119618304074,
                "hgtprs": 0.000624607433564961,
                "absvprs": 0.0006188180996105075,
                "pressfc": 3.33283533109352e-05,
                "capesfc": 4.038860060973093e-05,
                "tmpsfc": 2.71153257926926e-05,
                "landmask": 3.503393963910639e-05
            }
        },
        {
            "type": "Feature",
            "geometry": {
                "type": "Point",
                "coordinates": [
                    -26.0,
                    19.0
                ]
            },
            "properties": {
                "system_id": "INVEST_00",
                "confidence": 0.9015621277645144,
                "uncertainty_std": 0.04876398295164108,
                "ci_95": [
                    0.8059847211792979,
                    0.9971395343497309
                ],
                "lead_time_hrs": 72,
                "movement_vector": {
                    "dlat_24h": 0.0,
                    "dlon_24h": 0.0
                },
                "trajectory": {},
                "top_driver": "vvelprs",
                "ugrdprs": 0.0013072864385321736,
                "vgrdprs": 0.0012545660138130188,
                "vvelprs": 0.0013317138655111194,
                "tmpprs": 0.0011745506199076772,
                "rhprs": 0.0012917593121528625,
                "hgtprs": 0.0012837289832532406,
                "absvprs": 0.0012005312601104379,
                "pressfc": 6.68864740873687e-05,
                "capesfc": 7.621970871696249e-05,
                "tmpsfc": 6.806026794947684e-05,
                "landmask": 8.779545169090852e-05
            }
        },
        {
            "type": "Feature",
            "geometry": {
                "type": "Point",
                "coordinates": [
                    -34.0,
                    -11.0
                ]
            },
            "properties": {
                "system_id": "INVEST_00",
                "confidence": 0.9003576303981653,
                "uncertainty_std": 0.036887411028146744,
                "ci_95": [
                    0.8280583047829977,
                    0.9726569560133329
                ],
                "lead_time_hrs": 72,
                "movement_vector": {
                    "dlat_24h": 0.0,
                    "dlon_24h": 0.0
                },
                "trajectory": {},
                "top_driver": "hgtprs",
                "ugrdprs": 0.0031007782090455294,
                "vgrdprs": 0.00282062916085124,
                "vvelprs": 0.002912688534706831,
                "tmpprs": 0.0026714301202446222,
                "rhprs": 0.0028851942624896765,
                "hgtprs": 0.0031324077863246202,
                "absvprs": 0.002683422528207302,
                "pressfc": 0.00018750806339085102,
                "capesfc": 0.00017878269136417657,
                "tmpsfc": 0.00011281772458460182,
                "landmask": 0.0002866331487894058
            }
        },
        {
            "type": "Feature",
            "geometry": {
                "type": "Point",
                "coordinates": [
                    79.0,
                    3.0
                ]
            },
            "properties": {
                "system_id": "INVEST_00",
                "confidence": 0.8996986472492683,
                "uncertainty_std": 0.045682188123464584,
                "ci_95": [
                    0.8101615585272777,
                    0.9892357359712589
                ],
                "lead_time_hrs": 72,
                "movement_vector": {
                    "dlat_24h": 0.0,
                    "dlon_24h": 0.0
                },
                "trajectory": {},
                "top_driver": "ugrdprs",
                "ugrdprs": 0.005770596209913492,
                "vgrdprs": 0.005502964835613966,
                "vvelprs": 0.0052553280256688595,
                "tmpprs": 0.00539937661960721,
                "rhprs": 0.005353226326406002,
                "hgtprs": 0.005757851060479879,
                "absvprs": 0.005246978253126144,
                "pressfc": 0.00030099190189503133,
                "capesfc": 0.00032183609437197447,
                "tmpsfc": 0.0002968350308947265,
                "landmask": 0.0004411133413668722
            }
        },
        {
            "type": "Feature",
            "geometry": {
                "type": "Point",
                "coordinates": [
                    38.0,
                    20.0
                ]
            },
            "properties": {
                "system_id": "INVEST_00",
                "confidence": 0.8951174191762026,
                "uncertainty_std": 0.11214666068553925,
                "ci_95": [
                    0.6753099642325456,
                    1.0
                ],
                "lead_time_hrs": 72,
                "movement_vector": {
                    "dlat_24h": 0.0,
                    "dlon_24h": 0.0
                },
                "trajectory": {},
                "top_driver": "tmpprs",
                "ugrdprs": 0.00028786397888325155,
                "vgrdprs": 0.00027343721012584865,
                "vvelprs": 0.00028915578150190413,
                "tmpprs": 0.0002968295302707702,
                "rhprs": 0.0002911575138568878,
                "hgtprs": 0.0002778130874503404,
                "absvprs": 0.00026939535746350884,
                "pressfc": 1.698323649179656e-05,
                "capesfc": 2.0159966879873537e-05,
                "tmpsfc": 1.5133757187868468e-05,
                "landmask": 1.2567838894028682e-05
            }
        },
        {
            "type": "Feature",
            "geometry": {
                "type": "Point",
                "coordinates": [
                    151.0,
                    -15.0
                ]
            },
            "properties": {
                "system_id": "INVEST_00",
                "confidence": 0.8867039476773864,
                "uncertainty_std": 0.0583396852016449,
                "ci_95": [
                    0.7723581646821623,
                    1.0
                ],
                "lead_time_hrs": 72,
                "movement_vector": {
                    "dlat_24h": 0.0,
                    "dlon_24h": 0.0
                },
                "trajectory": {},
                "top_driver": "ugrdprs",
                "ugrdprs": 0.0028792989905923605,
                "vgrdprs": 0.0026073118206113577,
                "vvelprs": 0.0025180436205118895,
                "tmpprs": 0.002411359455436468,
                "rhprs": 0.0025939231272786856,
                "hgtprs": 0.0028332280926406384,
                "absvprs": 0.0023698515724390745,
                "pressfc": 0.00017392938025295734,
                "capesfc": 0.00011432426981627941,
                "tmpsfc": 0.00015897606499493122,
                "landmask": 0.0002862562832888216
            }
        },
        {
            "type": "Feature",
            "geometry": {
                "type": "Point",
                "coordinates": [
                    -100.0,
                    8.0
                ]
            },
            "properties": {
                "system_id": "INVEST_00",
                "confidence": 0.8865936441598634,
                "uncertainty_std": 0.03271504491567612,
                "ci_95": [
                    0.8224721561251382,
                    0.9507151321945886
                ],
                "lead_time_hrs": 72,
                "movement_vector": {
                    "dlat_24h": 0.0,
                    "dlon_24h": 0.0
                },
                "trajectory": {},
                "top_driver": "ugrdprs",
                "ugrdprs": 0.0035299828741699457,
                "vgrdprs": 0.0031019418966025114,
                "vvelprs": 0.0032631338108330965,
                "tmpprs": 0.00312836654484272,
                "rhprs": 0.00290015060454607,
                "hgtprs": 0.0032730591483414173,
                "absvprs": 0.0034059062600135803,
                "pressfc": 0.00019363164028618485,
                "capesfc": 0.000166978599736467,
                "tmpsfc": 0.0002117900876328349,
                "landmask": 0.00021862552966922522
            }
        },
        {
            "type": "Feature",
            "geometry": {
                "type": "Point",
                "coordinates": [
                    -5.0,
                    5.0
                ]
            },
            "properties": {
                "system_id": "INVEST_00",
                "confidence": 0.8811021223156511,
                "uncertainty_std": 0.06202564761042595,
                "ci_95": [
                    0.7595318529992162,
                    1.0
                ],
                "lead_time_hrs": 72,
                "movement_vector": {
                    "dlat_24h": 0.0,
                    "dlon_24h": 0.0
                },
                "trajectory": {},
                "top_driver": "ugrdprs",
                "ugrdprs": 0.004370423499494791,
                "vgrdprs": 0.003902900032699108,
                "vvelprs": 0.003742548869922757,
                "tmpprs": 0.0040340544655919075,
                "rhprs": 0.004089733120054007,
                "hgtprs": 0.004110186826437712,
                "absvprs": 0.0038586598820984364,
                "pressfc": 0.00023602375586051494,
                "capesfc": 0.0002692033303901553,
                "tmpsfc": 0.0002817987697198987,
                "landmask": 0.00027866565505973995
            }
        },
        {
            "type": "Feature",
            "geometry": {
                "type": "Point",
                "coordinates": [
                    36.0,
                    4.0
                ]
            },
            "properties": {
                "system_id": "INVEST_00",
                "confidence": 0.8799838548123907,
                "uncertainty_std": 0.04853387549519539,
                "ci_95": [
                    0.7848574588418078,
                    0.9751102507829736
                ],
                "lead_time_hrs": 72,
                "movement_vector": {
                    "dlat_24h": 0.0,
                    "dlon_24h": 0.0
                },
                "trajectory": {},
                "top_driver": "tmpprs",
                "ugrdprs": 0.004329587332904339,
                "vgrdprs": 0.004206836223602295,
                "vvelprs": 0.0043898699805140495,
                "tmpprs": 0.004416337236762047,
                "rhprs": 0.004138492979109287,
                "hgtprs": 0.004288877826184034,
                "absvprs": 0.004291434306651354,
                "pressfc": 0.00025597275816835463,
                "capesfc": 0.0002392042224528268,
                "tmpsfc": 0.0002172274689655751,
                "landmask": 0.00033332008752040565
            }
        },
        {
            "type": "Feature",
            "geometry": {
                "type": "Point",
                "coordinates": [
                    32.0,
                    -2.0
                ]
            },
            "properties": {
                "system_id": "INVEST_00",
                "confidence": 0.8787673945132746,
                "uncertainty_std": 0.06484007090330124,
                "ci_95": [
                    0.7516808555428042,
                    1.0
                ],
                "lead_time_hrs": 72,
                "movement_vector": {
                    "dlat_24h": 0.0,
                    "dlon_24h": 0.0
                },
                "trajectory": {},
                "top_driver": "hgtprs",
                "ugrdprs": 0.005343214143067598,
                "vgrdprs": 0.004968977998942137,
                "vvelprs": 0.005263972096145153,
                "tmpprs": 0.0050370953977108,
                "rhprs": 0.00531365629285574,
                "hgtprs": 0.005406710784882307,
                "absvprs": 0.0050611416809260845,
                "pressfc": 0.00034858135040849447,
                "capesfc": 0.00024345744168385863,
                "tmpsfc": 0.00031747602042742074,
                "landmask": 0.0004814403655473143
            }
        },
        {
            "type": "Feature",
            "geometry": {
                "type": "Point",
                "coordinates": [
                    90.0,
                    4.0
                ]
            },
            "properties": {
                "system_id": "INVEST_00",
                "confidence": 0.8778496088381786,
                "uncertainty_std": 0.05114932358264923,
                "ci_95": [
                    0.7775969346161862,
                    0.9781022830601711
                ],
                "lead_time_hrs": 72,
                "movement_vector": {
                    "dlat_24h": 0.0,
                    "dlon_24h": 0.0
                },
                "trajectory": {},
                "top_driver": "tmpprs",
                "ugrdprs": 0.0049053062684834,
                "vgrdprs": 0.004735243506729603,
                "vvelprs": 0.005000182427465916,
                "tmpprs": 0.005432423669844866,
                "rhprs": 0.00522390054538846,
                "hgtprs": 0.005085145588964224,
                "absvprs": 0.00498169707134366,
                "pressfc": 0.0002865539863705635,
                "capesfc": 0.0003150926495436579,
                "tmpsfc": 0.00023497556685470045,
                "landmask": 0.00036302287480793893
            }
        },
        {
            "type": "Feature",
            "geometry": {
                "type": "Point",
                "coordinates": [
                    133.0,
                    30.0
                ]
            },
            "properties": {
                "system_id": "INVEST_00",
                "confidence": 0.8749498008093064,
                "uncertainty_std": 0.08551011234521866,
                "ci_95": [
                    0.7073499806126778,
                    1.0
                ],
                "lead_time_hrs": 72,
                "movement_vector": {
                    "dlat_24h": 0.0,
                    "dlon_24h": 0.0
                },
                "trajectory": {},
                "top_driver": "vvelprs",
                "ugrdprs": 0.004569674842059612,
                "vgrdprs": 0.004630492068827152,
                "vvelprs": 0.004783944226801395,
                "tmpprs": 0.004432061221450567,
                "rhprs": 0.004593080375343561,
                "hgtprs": 0.004548439756035805,
                "absvprs": 0.004706026986241341,
                "pressfc": 0.00021586258662864566,
                "capesfc": 0.00022900411568116397,
                "tmpsfc": 0.00019863217312376946,
                "landmask": 0.0004610599426086992
            }
        },
        {
            "type": "Feature",
            "geometry": {
                "type": "Point",
                "coordinates": [
                    -23.0,
                    12.0
                ]
            },
            "properties": {
                "system_id": "INVEST_00",
                "confidence": 0.8674862771390028,
                "uncertainty_std": 0.051657501608133316,
                "ci_95": [
                    0.7662375739870615,
                    0.9687349802909442
                ],
                "lead_time_hrs": 72,
                "movement_vector": {
                    "dlat_24h": 0.0,
                    "dlon_24h": 0.0
                },
                "trajectory": {},
                "top_driver": "vgrdprs",
                "ugrdprs": 0.0021153269335627556,
                "vgrdprs": 0.002169676823541522,
                "vvelprs": 0.00200009997934103,
                "tmpprs": 0.002013823948800564,
                "rhprs": 0.001984578324481845,
                "hgtprs": 0.002143176971003413,
                "absvprs": 0.002052245195955038,
                "pressfc": 0.00012557447189465165,
                "capesfc": 0.00011130642815260217,
                "tmpsfc": 0.0001168224771390669,
                "landmask": 0.00010142003884539008
            }
        },
        {
            "type": "Feature",
            "geometry": {
                "type": "Point",
                "coordinates": [
                    30.0,
                    -7.0
                ]
            },
            "properties": {
                "system_id": "INVEST_00",
                "confidence": 0.866590849088317,
                "uncertainty_std": 0.09646023064851761,
                "ci_95": [
                    0.6775287970172225,
                    1.0
                ],
                "lead_time_hrs": 72,
                "movement_vector": {
                    "dlat_24h": 0.0,
                    "dlon_24h": 0.0
                },
                "trajectory": {},
                "top_driver": "ugrdprs",
                "ugrdprs": 0.006608875468373299,
                "vgrdprs": 0.006398727186024189,
                "vvelprs": 0.005909562576562166,
                "tmpprs": 0.005950223188847303,
                "rhprs": 0.005755577236413956,
                "hgtprs": 0.006107985507696867,
                "absvprs": 0.0060272784903645515,
                "pressfc": 0.00048263659118674695,
                "capesfc": 0.00022531539434567094,
                "tmpsfc": 0.0004144530976191163,
                "landmask": 0.00038874728488735855
            }
        },
        {
            "type": "Feature",
            "geometry": {
                "type": "Point",
                "coordinates": [
                    122.0,
                    0.0
                ]
            },
            "properties": {
                "system_id": "INVEST_00",
                "confidence": 0.8625681415279223,
                "uncertainty_std": 0.054218895733356476,
                "ci_95": [
                    0.7562991058905436,
                    0.9688371771653009
                ],
                "lead_time_hrs": 72,
                "movement_vector": {
                    "dlat_24h": 0.0,
                    "dlon_24h": 0.0
                },
                "trajectory": {},
                "top_driver": "ugrdprs",
                "ugrdprs": 0.006589228753000498,
                "vgrdprs": 0.005827733315527439,
                "vvelprs": 0.005997915752232075,
                "tmpprs": 0.005536005832254887,
                "rhprs": 0.005856908392161131,
                "hgtprs": 0.006225596647709608,
                "absvprs": 0.005879020318388939,
                "pressfc": 0.0003846101462841034,
                "capesfc": 0.000305232621030882,
                "tmpsfc": 0.0003590178966987878,
                "landmask": 0.00044115353375673294
            }
        },
        {
            "type": "Feature",
            "geometry": {
                "type": "Point",
                "coordinates": [
                    111.0,
                    14.0
                ]
            },
            "properties": {
                "system_id": "INVEST_00",
                "confidence": 0.8619377298360968,
                "uncertainty_std": 0.13677330315113068,
                "ci_95": [
                    0.5938620556598807,
                    1.0
                ],
                "lead_time_hrs": 72,
                "movement_vector": {
                    "dlat_24h": 0.0,
                    "dlon_24h": 0.0
                },
                "trajectory": {},
                "top_driver": "ugrdprs",
                "ugrdprs": 0.0024222880601882935,
                "vgrdprs": 0.0022929413244128227,
                "vvelprs": 0.0022886309307068586,
                "tmpprs": 0.002242142567411065,
                "rhprs": 0.0022424240596592426,
                "hgtprs": 0.002396064344793558,
                "absvprs": 0.0023370618000626564,
                "pressfc": 0.00014671441749669611,
                "capesfc": 0.00013731287617702037,
                "tmpsfc": 8.984847227111459e-05,
                "landmask": 0.00017958803800866008
            }
        },
        {
            "type": "Feature",
            "geometry": {
                "type": "Point",
                "coordinates": [
                    -119.0,
                    25.0
                ]
            },
            "properties": {
                "system_id": "INVEST_00",
                "confidence": 0.8575242905325282,
                "uncertainty_std": 0.0798991397023201,
                "ci_95": [
                    0.7009219767159809,
                    1.0
                ],
                "lead_time_hrs": 72,
                "movement_vector": {
                    "dlat_24h": 0.0,
                    "dlon_24h": 0.0
                },
                "trajectory": {},
                "top_driver": "tmpprs",
                "ugrdprs": 0.0017522202106192708,
                "vgrdprs": 0.0017709098756313324,
                "vvelprs": 0.001768651301972568,
                "tmpprs": 0.0018577121663838625,
                "rhprs": 0.001842849887907505,
                "hgtprs": 0.0017475525382906199,
                "absvprs": 0.0017524020513519645,
                "pressfc": 0.00011696355795720592,
                "capesfc": 0.00011744129005819559,
                "tmpsfc": 0.00011079345131292939,
                "landmask": 0.00010464807564858347
            }
        },
        {
            "type": "Feature",
            "geometry": {
                "type": "Point",
                "coordinates": [
                    126.0,
                    28.0
                ]
            },
            "properties": {
                "system_id": "INVEST_00",
                "confidence": 0.8533801901356907,
                "uncertainty_std": 0.06107591837644577,
                "ci_95": [
                    0.733671390117857,
                    0.9730889901535243
                ],
                "lead_time_hrs": 72,
                "movement_vector": {
                    "dlat_24h": 0.0,
                    "dlon_24h": 0.0
                },
                "trajectory": {},
                "top_driver": "ugrdprs",
                "ugrdprs": 0.0013013581046834588,
                "vgrdprs": 0.0012882441515102983,
                "vvelprs": 0.0012528892839327455,
                "tmpprs": 0.0012363842688500881,
                "rhprs": 0.0011526908492669463,
                "hgtprs": 0.0011894007911905646,
                "absvprs": 0.0012088154908269644,
                "pressfc": 8.322523353854194e-05,
                "capesfc": 6.417047552531585e-05,
                "tmpsfc": 6.500649033114314e-05,
                "landmask": 6.293049227679148e-05
            }
        },
        {
            "type": "Feature",
            "geometry": {
                "type": "Point",
                "coordinates": [
                    -102.0,
                    13.0
                ]
            },
            "properties": {
                "system_id": "INVEST_00",
                "confidence": 0.84873096219693,
                "uncertainty_std": 0.04831807315349579,
                "ci_95": [
                    0.7540275388160782,
                    0.9434343855777818
                ],
                "lead_time_hrs": 72,
                "movement_vector": {
                    "dlat_24h": 0.0,
                    "dlon_24h": 0.0
                },
                "trajectory": {},
                "top_driver": "hgtprs",
                "ugrdprs": 0.003133626189082861,
                "vgrdprs": 0.0030148399528115988,
                "vvelprs": 0.003113602986559272,
                "tmpprs": 0.0028633587062358856,
                "rhprs": 0.002956848591566086,
                "hgtprs": 0.003221321851015091,
                "absvprs": 0.003004962345585227,
                "pressfc": 0.00015983749472070485,
                "capesfc": 0.0001715863327262923,
                "tmpsfc": 0.00014430074952542782,
                "landmask": 0.00021657369507011026
            }
        },
        {
            "type": "Feature",
            "geometry": {
                "type": "Point",
                "coordinates": [
                    14.0,
                    13.0
                ]
            },
            "properties": {
                "system_id": "INVEST_00",
                "confidence": 0.8484396824379856,
                "uncertainty_std": 0.1159781888127327,
                "ci_95": [
                    0.6211224323650295,
                    1.0
                ],
                "lead_time_hrs": 72,
                "movement_vector": {
                    "dlat_24h": 0.0,
                    "dlon_24h": 0.0
                },
                "trajectory": {},
                "top_driver": "tmpprs",
                "ugrdprs": 0.004812427330762148,
                "vgrdprs": 0.004894404672086239,
                "vvelprs": 0.004796342458575964,
                "tmpprs": 0.005018467083573341,
                "rhprs": 0.004959567449986935,
                "hgtprs": 0.005018145777285099,
                "absvprs": 0.004773130640387535,
                "pressfc": 0.0002970429777633399,
                "capesfc": 0.0002657216100487858,
                "tmpsfc": 0.0002798066125251353,
                "landmask": 0.00026916558272205293
            }
        },
        {
            "type": "Feature",
            "geometry": {
                "type": "Point",
                "coordinates": [
                    62.0,
                    25.0
                ]
            },
            "properties": {
                "system_id": "INVEST_00",
                "confidence": 0.8472683489416353,
                "uncertainty_std": 0.04532551020383835,
                "ci_95": [
                    0.7584303489421121,
                    0.9361063489411584
                ],
                "lead_time_hrs": 72,
                "movement_vector": {
                    "dlat_24h": 0.0,
                    "dlon_24h": 0.0
                },
                "trajectory": {},
                "top_driver": "vvelprs",
                "ugrdprs": 0.0017871471354737878,
                "vgrdprs": 0.0018825710285454988,
                "vvelprs": 0.0019468049285933375,
                "tmpprs": 0.0017616110853850842,
                "rhprs": 0.0016999305225908756,
                "hgtprs": 0.0018046463374048471,
                "absvprs": 0.0018535696435719728,
                "pressfc": 0.00011576147517189384,
                "capesfc": 8.685755892656744e-05,
                "tmpsfc": 6.878654676256701e-05,
                "landmask": 9.914754627970979e-05
            }
        },
        {
            "type": "Feature",
            "geometry": {
                "type": "Point",
                "coordinates": [
                    -147.0,
                    9.0
                ]
            },
            "properties": {
                "system_id": "INVEST_00",
                "confidence": 0.8468791075928365,
                "uncertainty_std": 0.023384489119052887,
                "ci_95": [
                    0.8010455089194928,
                    0.8927127062661802
                ],
                "lead_time_hrs": 72,
                "movement_vector": {
                    "dlat_24h": 0.0,
                    "dlon_24h": 0.0
                },
                "trajectory": {},
                "top_driver": "ugrdprs",
                "ugrdprs": 0.0029818254988640547,
                "vgrdprs": 0.0027276810724288225,
                "vvelprs": 0.0029491570312529802,
                "tmpprs": 0.002782247494906187,
                "rhprs": 0.002582322806119919,
                "hgtprs": 0.0026764720678329468,
                "absvprs": 0.002896789461374283,
                "pressfc": 0.00019538734341040254,
                "capesfc": 0.00016399563173763454,
                "tmpsfc": 0.00014474670751951635,
                "landmask": 0.00012294169573578984
            }
        },
        {
            "type": "Feature",
            "geometry": {
                "type": "Point",
                "coordinates": [
                    -17.0,
                    28.0
                ]
            },
            "properties": {
                "system_id": "INVEST_00",
                "confidence": 0.8439177028088211,
                "uncertainty_std": 0.08910785615444183,
                "ci_95": [
                    0.669266304746115,
                    1.0
                ],
                "lead_time_hrs": 72,
                "movement_vector": {
                    "dlat_24h": 0.0,
                    "dlon_24h": 0.0
                },
                "trajectory": {},
                "top_driver": "vvelprs",
                "ugrdprs": 0.0012094483245164156,
                "vgrdprs": 0.0012670394498854876,
                "vvelprs": 0.0012927373172715306,
                "tmpprs": 0.0012131563853472471,
                "rhprs": 0.0012761162361130118,
                "hgtprs": 0.001279683317989111,
                "absvprs": 0.0012144818902015686,
                "pressfc": 9.665870311437175e-05,
                "capesfc": 7.82218630774878e-05,
                "tmpsfc": 8.021410030778497e-05,
                "landmask": 5.770456118625589e-05
            }
        },
        {
            "type": "Feature",
            "geometry": {
                "type": "Point",
                "coordinates": [
                    107.0,
                    -4.0
                ]
            },
            "properties": {
                "system_id": "INVEST_00",
                "confidence": 0.8424695225287727,
                "uncertainty_std": 0.04096744582056999,
                "ci_95": [
                    0.7621733287204555,
                    0.9227657163370899
                ],
                "lead_time_hrs": 72,
                "movement_vector": {
                    "dlat_24h": 0.0,
                    "dlon_24h": 0.0
                },
                "trajectory": {},
                "top_driver": "ugrdprs",
                "ugrdprs": 0.008607638068497181,
                "vgrdprs": 0.008065381087362766,
                "vvelprs": 0.008252049796283245,
                "tmpprs": 0.007784590125083923,
                "rhprs": 0.007451897487044334,
                "hgtprs": 0.008277262561023235,
                "absvprs": 0.00798758864402771,
                "pressfc": 0.0005329563282430172,
                "capesfc": 0.0004636995727196336,
                "tmpsfc": 0.00046037297579459846,
                "landmask": 0.0004376826109364629
            }
        },
        {
            "type": "Feature",
            "geometry": {
                "type": "Point",
                "coordinates": [
                    111.0,
                    19.0
                ]
            },
            "properties": {
                "system_id": "INVEST_00",
                "confidence": 0.8400953748636734,
                "uncertainty_std": 0.08959969133138657,
                "ci_95": [
                    0.6644799798541556,
                    1.0
                ],
                "lead_time_hrs": 72,
                "movement_vector": {
                    "dlat_24h": 0.0,
                    "dlon_24h": 0.0
                },
                "trajectory": {},
                "top_driver": "vvelprs",
                "ugrdprs": 0.003935604821890593,
                "vgrdprs": 0.0038893758319318295,
                "vvelprs": 0.003943548537790775,
                "tmpprs": 0.0038046229165047407,
                "rhprs": 0.003858395153656602,
                "hgtprs": 0.0038920394144952297,
                "absvprs": 0.0038508682046085596,
                "pressfc": 0.00025616236962378025,
                "capesfc": 0.00017976212257053703,
                "tmpsfc": 0.00024628196842968464,
                "landmask": 0.00022974108287598938
            }
        },
        {
            "type": "Feature",
            "geometry": {
                "type": "Point",
                "coordinates": [
                    -103.0,
                    -2.0
                ]
            },
            "properties": {
                "system_id": "INVEST_00",
                "confidence": 0.8344709949769811,
                "uncertainty_std": 0.06636040657758713,
                "ci_95": [
                    0.7044045980849103,
                    0.9645373918690519
                ],
                "lead_time_hrs": 72,
                "movement_vector": {
                    "dlat_24h": 0.0,
                    "dlon_24h": 0.0
                },
                "trajectory": {},
                "top_driver": "tmpprs",
                "ugrdprs": 0.00422402611002326,
                "vgrdprs": 0.004181873053312302,
                "vvelprs": 0.004008457995951176,
                "tmpprs": 0.00430342135950923,
                "rhprs": 0.004005789756774902,
                "hgtprs": 0.00414647813886404,
                "absvprs": 0.004065635148435831,
                "pressfc": 0.00023778867034707218,
                "capesfc": 0.00024352433683816344,
                "tmpsfc": 0.00023161157150752842,
                "landmask": 0.00019967096159234643
            }
        },
        {
            "type": "Feature",
            "geometry": {
                "type": "Point",
                "coordinates": [
                    137.0,
                    -5.0
                ]
            },
            "properties": {
                "system_id": "INVEST_00",
                "confidence": 0.8267764685019386,
                "uncertainty_std": 0.041674982756376266,
                "ci_95": [
                    0.7450935022994412,
                    0.9084594347044361
                ],
                "lead_time_hrs": 72,
                "movement_vector": {
                    "dlat_24h": 0.0,
                    "dlon_24h": 0.0
                },
                "trajectory": {},
                "top_driver": "hgtprs",
                "ugrdprs": 0.013578676618635654,
                "vgrdprs": 0.013093437068164349,
                "vvelprs": 0.013515249826014042,
                "tmpprs": 0.012551537714898586,
                "rhprs": 0.012379507534205914,
                "hgtprs": 0.013668989762663841,
                "absvprs": 0.012784523889422417,
                "pressfc": 0.0007044709636829793,
                "capesfc": 0.0006322530098259449,
                "tmpsfc": 0.000816797954030335,
                "landmask": 0.000741741037927568
            }
        },
        {
            "type": "Feature",
            "geometry": {
                "type": "Point",
                "coordinates": [
                    41.0,
                    -3.0
                ]
            },
            "properties": {
                "system_id": "INVEST_00",
                "confidence": 0.8262938877013432,
                "uncertainty_std": 0.15369239449501038,
                "ci_95": [
                    0.5250567944911229,
                    1.0
                ],
                "lead_time_hrs": 72,
                "movement_vector": {
                    "dlat_24h": 0.0,
                    "dlon_24h": 0.0
                },
                "trajectory": {},
                "top_driver": "ugrdprs",
                "ugrdprs": 0.002830888144671917,
                "vgrdprs": 0.002608413342386484,
                "vvelprs": 0.0024459906853735447,
                "tmpprs": 0.002761274576187134,
                "rhprs": 0.002475911285728216,
                "hgtprs": 0.0025840194430202246,
                "absvprs": 0.00252393982373178,
                "pressfc": 0.00022588817228097469,
                "capesfc": 0.00010998832294717431,
                "tmpsfc": 0.00015404428995680064,
                "landmask": 0.00012984569184482098
            }
        },
        {
            "type": "Feature",
            "geometry": {
                "type": "Point",
                "coordinates": [
                    -79.0,
                    32.0
                ]
            },
            "properties": {
                "system_id": "INVEST_00",
                "confidence": 0.8260897829033477,
                "uncertainty_std": 0.05342984199523926,
                "ci_95": [
                    0.7213672925926787,
                    0.9308122732140166
                ],
                "lead_time_hrs": 72,
                "movement_vector": {
                    "dlat_24h": 0.0,
                    "dlon_24h": 0.0
                },
                "trajectory": {},
                "top_driver": "ugrdprs",
                "ugrdprs": 0.0011638440191745758,
                "vgrdprs": 0.0010749045759439468,
                "vvelprs": 0.001099773682653904,
                "tmpprs": 0.0010961989173665643,
                "rhprs": 0.0011012447066605091,
                "hgtprs": 0.0010738640557974577,
                "absvprs": 0.0010934375459328294,
                "pressfc": 6.314161146292463e-05,
                "capesfc": 5.0343049224466085e-05,
                "tmpsfc": 4.741914744954556e-05,
                "landmask": 6.348649185383692e-05
            }
        },
        {
            "type": "Feature",
            "geometry": {
                "type": "Point",
                "coordinates": [
                    9.0,
                    -6.0
                ]
            },
            "properties": {
                "system_id": "INVEST_00",
                "confidence": 0.825528869184778,
                "uncertainty_std": 0.15776722133159637,
                "ci_95": [
                    0.516305115374849,
                    1.0
                ],
                "lead_time_hrs": 72,
                "movement_vector": {
                    "dlat_24h": 0.0,
                    "dlon_24h": 0.0
                },
                "trajectory": {},
                "top_driver": "tmpprs",
                "ugrdprs": 0.004104148130863905,
                "vgrdprs": 0.0038067044224590063,
                "vvelprs": 0.0038666885811835527,
                "tmpprs": 0.004403566010296345,
                "rhprs": 0.004095034673810005,
                "hgtprs": 0.004148128442466259,
                "absvprs": 0.004049364011734724,
                "pressfc": 0.00017795409075915813,
                "capesfc": 0.00021325731358956546,
                "tmpsfc": 0.00018124493362847716,
                "landmask": 0.0003344361612107605
            }
        },
        {
            "type": "Feature",
            "geometry": {
                "type": "Point",
                "coordinates": [
                    -17.0,
                    16.0
                ]
            },
            "properties": {
                "system_id": "INVEST_00",
                "confidence": 0.8212413604179146,
                "uncertainty_std": 0.06968691945075989,
                "ci_95": [
                    0.6846549982944252,
                    0.957827722541404
                ],
                "lead_time_hrs": 72,
                "movement_vector": {
                    "dlat_24h": 0.0,
                    "dlon_24h": 0.0
                },
                "trajectory": {},
                "top_driver": "vvelprs",
                "ugrdprs": 0.004353550728410482,
                "vgrdprs": 0.004253366030752659,
                "vvelprs": 0.004441955592483282,
                "tmpprs": 0.004171476699411869,
                "rhprs": 0.003762135747820139,
                "hgtprs": 0.004134741146117449,
                "absvprs": 0.004284071270376444,
                "pressfc": 0.00028091450803913176,
                "capesfc": 0.00018993338744621724,
                "tmpsfc": 0.00020561343990266323,
                "landmask": 0.00024287433188874274
            }
        },
        {
            "type": "Feature",
            "geometry": {
                "type": "Point",
                "coordinates": [
                    -114.0,
                    23.0
                ]
            },
            "properties": {
                "system_id": "INVEST_00",
                "confidence": 0.8210652002535089,
                "uncertainty_std": 0.07353564351797104,
                "ci_95": [
                    0.6769353389582857,
                    0.9651950615487321
                ],
                "lead_time_hrs": 72,
                "movement_vector": {
                    "dlat_24h": 0.0,
                    "dlon_24h": 0.0
                },
                "trajectory": {},
                "top_driver": "ugrdprs",
                "ugrdprs": 0.002426984254270792,
                "vgrdprs": 0.002392080146819353,
                "vvelprs": 0.0022085553500801325,
                "tmpprs": 0.002318646991625428,
                "rhprs": 0.0022849957458674908,
                "hgtprs": 0.002267903182655573,
                "absvprs": 0.0022363692987710238,
                "pressfc": 0.00016209098976105452,
                "capesfc": 0.0001023685690597631,
                "tmpsfc": 0.00012088762014172971,
                "landmask": 0.00013715922250412405
            }
        },
        {
            "type": "Feature",
            "geometry": {
                "type": "Point",
                "coordinates": [
                    -94.0,
                    8.0
                ]
            },
            "properties": {
                "system_id": "INVEST_00",
                "confidence": 0.8142966681967151,
                "uncertainty_std": 0.02425880916416645,
                "ci_95": [
                    0.7667494022349488,
                    0.8618439341584814
                ],
                "lead_time_hrs": 72,
                "movement_vector": {
                    "dlat_24h": 0.0,
                    "dlon_24h": 0.0
                },
                "trajectory": {},
                "top_driver": "hgtprs",
                "ugrdprs": 0.0031291116029024124,
                "vgrdprs": 0.003058025147765875,
                "vvelprs": 0.003174695884808898,
                "tmpprs": 0.0028892219997942448,
                "rhprs": 0.0029669594950973988,
                "hgtprs": 0.003205026499927044,
                "absvprs": 0.0030241594649851322,
                "pressfc": 0.00016746678738854825,
                "capesfc": 0.0001293585228268057,
                "tmpsfc": 0.00014320824993774295,
                "landmask": 0.00025517758331261575
            }
        },
        {
            "type": "Feature",
            "geometry": {
                "type": "Point",
                "coordinates": [
                    140.0,
                    -17.0
                ]
            },
            "properties": {
                "system_id": "INVEST_00",
                "confidence": 0.8097854686470096,
                "uncertainty_std": 0.05546964704990387,
                "ci_95": [
                    0.7010649604291981,
                    0.9185059768648212
                ],
                "lead_time_hrs": 72,
                "movement_vector": {
                    "dlat_24h": 0.0,
                    "dlon_24h": 0.0
                },
                "trajectory": {},
                "top_driver": "hgtprs",
                "ugrdprs": 0.006451130844652653,
                "vgrdprs": 0.005914901848882437,
                "vvelprs": 0.006153039634227753,
                "tmpprs": 0.005887775216251612,
                "rhprs": 0.006356651429086924,
                "hgtprs": 0.0064793978817760944,
                "absvprs": 0.00573140662163496,
                "pressfc": 0.00038465711986646056,
                "capesfc": 0.0003147143288515508,
                "tmpsfc": 0.00028100708732381463,
                "landmask": 0.0005070073530077934
            }
        },
        {
            "type": "Feature",
            "geometry": {
                "type": "Point",
                "coordinates": [
                    144.0,
                    -13.0
                ]
            },
            "properties": {
                "system_id": "INVEST_00",
                "confidence": 0.8096121350878009,
                "uncertainty_std": 0.10436229407787323,
                "ci_95": [
                    0.6050620386951694,
                    1.0
                ],
                "lead_time_hrs": 72,
                "movement_vector": {
                    "dlat_24h": 0.0,
                    "dlon_24h": 0.0
                },
                "trajectory": {},
                "top_driver": "hgtprs",
                "ugrdprs": 0.009021666832268238,
                "vgrdprs": 0.008119463920593262,
                "vvelprs": 0.008786501362919807,
                "tmpprs": 0.008574992418289185,
                "rhprs": 0.008862021379172802,
                "hgtprs": 0.009216851554811,
                "absvprs": 0.008503157645463943,
                "pressfc": 0.0005342894000932574,
                "capesfc": 0.00043044707854278386,
                "tmpsfc": 0.0004498430935200304,
                "landmask": 0.0008476030780002475
            }
        },
        {
            "type": "Feature",
            "geometry": {
                "type": "Point",
                "coordinates": [
                    92.0,
                    -4.0
                ]
            },
            "properties": {
                "system_id": "INVEST_00",
                "confidence": 0.8094754263213837,
                "uncertainty_std": 0.06277034431695938,
                "ci_95": [
                    0.6864455514601433,
                    0.9325053011826241
                ],
                "lead_time_hrs": 72,
                "movement_vector": {
                    "dlat_24h": 0.0,
                    "dlon_24h": 0.0
                },
                "trajectory": {},
                "top_driver": "ugrdprs",
                "ugrdprs": 0.012990282848477364,
                "vgrdprs": 0.011982915922999382,
                "vvelprs": 0.01243867352604866,
                "tmpprs": 0.012183118611574173,
                "rhprs": 0.011285441927611828,
                "hgtprs": 0.012396275997161865,
                "absvprs": 0.011890754103660583,
                "pressfc": 0.0005797952762804925,
                "capesfc": 0.0005053863860666752,
                "tmpsfc": 0.0007395240827463567,
                "landmask": 0.0007185732829384506
            }
        },
        {
            "type": "Feature",
            "geometry": {
                "type": "Point",
                "coordinates": [
                    163.0,
                    2.0
                ]
            },
            "properties": {
                "system_id": "INVEST_00",
                "confidence": 0.8079580072506413,
                "uncertainty_std": 0.057938698679208755,
                "ci_95": [
                    0.6943981578393921,
                    0.9215178566618905
                ],
                "lead_time_hrs": 72,
                "movement_vector": {
                    "dlat_24h": 0.0,
                    "dlon_24h": 0.0
                },
                "trajectory": {},
                "top_driver": "vvelprs",
                "ugrdprs": 0.00519556226208806,
                "vgrdprs": 0.005037951748818159,
                "vvelprs": 0.005258210934698582,
                "tmpprs": 0.0048378221690654755,
                "rhprs": 0.004856053274124861,
                "hgtprs": 0.005089621525257826,
                "absvprs": 0.005125182680785656,
                "pressfc": 0.00036241867928765714,
                "capesfc": 0.00033381866523995996,
                "tmpsfc": 0.00021334666234906763,
                "landmask": 0.00036351679591462016
            }
        },
        {
            "type": "Feature",
            "geometry": {
                "type": "Point",
                "coordinates": [
                    -91.0,
                    20.0
                ]
            },
            "properties": {
                "system_id": "INVEST_00",
                "confidence": 0.8076734544540537,
                "uncertainty_std": 0.0499686524271965,
                "ci_95": [
                    0.7097348956967485,
                    0.9056120132113589
                ],
                "lead_time_hrs": 72,
                "movement_vector": {
                    "dlat_24h": 0.0,
                    "dlon_24h": 0.0
                },
                "trajectory": {},
                "top_driver": "ugrdprs",
                "ugrdprs": 0.0017993118381127715,
                "vgrdprs": 0.0016695089871063828,
                "vvelprs": 0.0016466708621010184,
                "tmpprs": 0.0016894126310944557,
                "rhprs": 0.0016514321323484182,
                "hgtprs": 0.0017211561789736152,
                "absvprs": 0.0017181342700496316,
                "pressfc": 6.586303788935766e-05,
                "capesfc": 8.763258665567264e-05,
                "tmpsfc": 7.354156696237624e-05,
                "landmask": 0.00013391819084063172
            }
        },
        {
            "type": "Feature",
            "geometry": {
                "type": "Point",
                "coordinates": [
                    -114.0,
                    31.0
                ]
            },
            "properties": {
                "system_id": "INVEST_00",
                "confidence": 0.8066380612953152,
                "uncertainty_std": 0.1404326856136322,
                "ci_95": [
                    0.5313899974925962,
                    1.0
                ],
                "lead_time_hrs": 72,
                "movement_vector": {
                    "dlat_24h": 0.0,
                    "dlon_24h": 0.0
                },
                "trajectory": {},
                "top_driver": "vvelprs",
                "ugrdprs": 0.0030080750584602356,
                "vgrdprs": 0.0029843561351299286,
                "vvelprs": 0.003133300459012389,
                "tmpprs": 0.0030338657088577747,
                "rhprs": 0.002901217667385936,
                "hgtprs": 0.0028831094969063997,
                "absvprs": 0.00296575715765357,
                "pressfc": 0.00017496771761216223,
                "capesfc": 0.00012786629667971283,
                "tmpsfc": 0.00015695295587647706,
                "landmask": 0.00013129714352544397
            }
        },
        {
            "type": "Feature",
            "geometry": {
                "type": "Point",
                "coordinates": [
                    -66.0,
                    35.0
                ]
            },
            "properties": {
                "system_id": "INVEST_00",
                "confidence": 0.8058210307806193,
                "uncertainty_std": 0.17183931171894073,
                "ci_95": [
                    0.46901597981149545,
                    1.0
                ],
                "lead_time_hrs": 72,
                "movement_vector": {
                    "dlat_24h": 0.0,
                    "dlon_24h": 0.0
                },
                "trajectory": {},
                "top_driver": "tmpprs",
                "ugrdprs": 0.0008151722140610218,
                "vgrdprs": 0.0007809028029441833,
                "vvelprs": 0.0007840391481295228,
                "tmpprs": 0.0008385021355934441,
                "rhprs": 0.0007634857320226729,
                "hgtprs": 0.0007722299778833985,
                "absvprs": 0.0007358199218288064,
                "pressfc": 5.306868479237892e-05,
                "capesfc": 5.108270124765113e-05,
                "tmpsfc": 4.620338950189762e-05,
                "landmask": 4.190271647530608e-05
            }
        },
        {
            "type": "Feature",
            "geometry": {
                "type": "Point",
                "coordinates": [
                    -13.0,
                    4.0
                ]
            },
            "properties": {
                "system_id": "INVEST_00",
                "confidence": 0.8052332719798468,
                "uncertainty_std": 0.1057027205824852,
                "ci_95": [
                    0.5980559396381758,
                    1.0
                ],
                "lead_time_hrs": 72,
                "movement_vector": {
                    "dlat_24h": 0.0,
                    "dlon_24h": 0.0
                },
                "trajectory": {},
                "top_driver": "ugrdprs",
                "ugrdprs": 0.0026217864360660315,
                "vgrdprs": 0.0023636282421648502,
                "vvelprs": 0.0025598532520234585,
                "tmpprs": 0.0024636180605739355,
                "rhprs": 0.002357962541282177,
                "hgtprs": 0.0024569269735366106,
                "absvprs": 0.002440903102979064,
                "pressfc": 0.00013886697706766427,
                "capesfc": 0.0001167499867733568,
                "tmpsfc": 0.0001070302605512552,
                "landmask": 0.00019174009503331035
            }
        },
        {
            "type": "Feature",
            "geometry": {
                "type": "Point",
                "coordinates": [
                    -107.0,
                    13.0
                ]
            },
            "properties": {
                "system_id": "INVEST_00",
                "confidence": 0.8034421228310497,
                "uncertainty_std": 0.13727174699306488,
                "ci_95": [
                    0.5343894987246425,
                    1.0
                ],
                "lead_time_hrs": 72,
                "movement_vector": {
                    "dlat_24h": 0.0,
                    "dlon_24h": 0.0
                },
                "trajectory": {},
                "top_driver": "ugrdprs",
                "ugrdprs": 0.0030705572571605444,
                "vgrdprs": 0.0029261235613375902,
                "vvelprs": 0.002871858887374401,
                "tmpprs": 0.002766610821709037,
                "rhprs": 0.0028799783904105425,
                "hgtprs": 0.002978147007524967,
                "absvprs": 0.0028837663121521473,
                "pressfc": 0.0001540590455988422,
                "capesfc": 0.00015137752052396536,
                "tmpsfc": 0.00018968689255416393,
                "landmask": 0.0001873463625088334
            }
        },
        {
            "type": "Feature",
            "geometry": {
                "type": "Point",
                "coordinates": [
                    -93.0,
                    13.0
                ]
            },
            "properties": {
                "system_id": "INVEST_00",
                "confidence": 0.803317076789322,
                "uncertainty_std": 0.073593370616436,
                "ci_95": [
                    0.6590740703811073,
                    0.9475600831975366
                ],
                "lead_time_hrs": 72,
                "movement_vector": {
                    "dlat_24h": 0.0,
                    "dlon_24h": 0.0
                },
                "trajectory": {},
                "top_driver": "ugrdprs",
                "ugrdprs": 0.0039121233858168125,
                "vgrdprs": 0.003615212393924594,
                "vvelprs": 0.003887658705934882,
                "tmpprs": 0.0037837710697203875,
                "rhprs": 0.0035255197435617447,
                "hgtprs": 0.003819272853434086,
                "absvprs": 0.0037938584573566914,
                "pressfc": 0.000194871608982794,
                "capesfc": 0.0001845378428697586,
                "tmpsfc": 0.00018757631187327206,
                "landmask": 0.00019922296633012593
            }
        },
        {
            "type": "Feature",
            "geometry": {
                "type": "Point",
                "coordinates": [
                    -30.0,
                    16.0
                ]
            },
            "properties": {
                "system_id": "INVEST_00",
                "confidence": 0.8021785926021358,
                "uncertainty_std": 0.06031084433197975,
                "ci_95": [
                    0.6839693377114554,
                    0.9203878474928161
                ],
                "lead_time_hrs": 72,
                "movement_vector": {
                    "dlat_24h": 0.0,
                    "dlon_24h": 0.0
                },
                "trajectory": {},
                "top_driver": "ugrdprs",
                "ugrdprs": 0.003917678724974394,
                "vgrdprs": 0.0035315940622240305,
                "vvelprs": 0.0037477125879377127,
                "tmpprs": 0.003374459920451045,
                "rhprs": 0.003538273274898529,
                "hgtprs": 0.003802265739068389,
                "absvprs": 0.0035908427089452744,
                "pressfc": 0.00017146316531579942,
                "capesfc": 0.00017390918219462037,
                "tmpsfc": 0.0001750489027472213,
                "landmask": 0.00032017071498557925
            }
        },
        {
            "type": "Feature",
            "geometry": {
                "type": "Point",
                "coordinates": [
                    -156.0,
                    4.0
                ]
            },
            "properties": {
                "system_id": "INVEST_00",
                "confidence": 0.8012641301308937,
                "uncertainty_std": 0.07104901969432831,
                "ci_95": [
                    0.6620080515300102,
                    0.9405202087317772
                ],
                "lead_time_hrs": 72,
                "movement_vector": {
                    "dlat_24h": 0.0,
                    "dlon_24h": 0.0
                },
                "trajectory": {},
                "top_driver": "ugrdprs",
                "ugrdprs": 0.0036997550632804632,
                "vgrdprs": 0.003282151883468032,
                "vvelprs": 0.0034374562092125416,
                "tmpprs": 0.0033256022725254297,
                "rhprs": 0.0031425501219928265,
                "hgtprs": 0.0034123084042221308,
                "absvprs": 0.0035438374616205692,
                "pressfc": 0.0002495369117241353,
                "capesfc": 0.0001857358292909339,
                "tmpsfc": 0.00018392170022707433,
                "landmask": 0.00017876359925139695
            }
        },
        {
            "type": "Feature",
            "geometry": {
                "type": "Point",
                "coordinates": [
                    139.0,
                    -11.0
                ]
            },
            "properties": {
                "system_id": "INVEST_00",
                "confidence": 0.8006900733145981,
                "uncertainty_std": 0.08328358829021454,
                "ci_95": [
                    0.6374542402657776,
                    0.9639259063634186
                ],
                "lead_time_hrs": 72,
                "movement_vector": {
                    "dlat_24h": 0.0,
                    "dlon_24h": 0.0
                },
                "trajectory": {},
                "top_driver": "hgtprs",
                "ugrdprs": 0.008373904041945934,
                "vgrdprs": 0.007951105944812298,
                "vvelprs": 0.008135040290653706,
                "tmpprs": 0.007906103506684303,
                "rhprs": 0.00817104335874319,
                "hgtprs": 0.00865357555449009,
                "absvprs": 0.007815777324140072,
                "pressfc": 0.0004839450994040817,
                "capesfc": 0.0003364910080563277,
                "tmpsfc": 0.00045275629963725805,
                "landmask": 0.0008304233779199421
            }
        },
        {
            "type": "Feature",
            "geometry": {
                "type": "Point",
                "coordinates": [
                    -34.0,
                    -6.0
                ]
            },
            "properties": {
                "system_id": "INVEST_00",
                "confidence": 0.7993766342039015,
                "uncertainty_std": 0.07239848375320435,
                "ci_95": [
                    0.657475606047621,
                    0.941277662360182
                ],
                "lead_time_hrs": 72,
                "movement_vector": {
                    "dlat_24h": 0.0,
                    "dlon_24h": 0.0
                },
                "trajectory": {},
                "top_driver": "ugrdprs",
                "ugrdprs": 0.0036075697280466557,
                "vgrdprs": 0.003278487827628851,
                "vvelprs": 0.0034589783754199743,
                "tmpprs": 0.0032308606896549463,
                "rhprs": 0.0032053564209491014,
                "hgtprs": 0.0031992504373192787,
                "absvprs": 0.0034330470953136683,
                "pressfc": 0.00016815299750305712,
                "capesfc": 0.00016851293912623078,
                "tmpsfc": 0.00016961622168309987,
                "landmask": 0.00020579142437782139
            }
        },
        {
            "type": "Feature",
            "geometry": {
                "type": "Point",
                "coordinates": [
                    -106.0,
                    8.0
                ]
            },
            "properties": {
                "system_id": "INVEST_00",
                "confidence": 0.7945660428324378,
                "uncertainty_std": 0.08846086263656616,
                "ci_95": [
                    0.6211827520647681,
                    0.9679493336001075
                ],
                "lead_time_hrs": 72,
                "movement_vector": {
                    "dlat_24h": 0.0,
                    "dlon_24h": 0.0
                },
                "trajectory": {},
                "top_driver": "hgtprs",
                "ugrdprs": 0.005245061591267586,
                "vgrdprs": 0.0049454704858362675,
                "vvelprs": 0.005181272514164448,
                "tmpprs": 0.00516255060210824,
                "rhprs": 0.005025384947657585,
                "hgtprs": 0.005377873778343201,
                "absvprs": 0.005125434137880802,
                "pressfc": 0.0003013087552972138,
                "capesfc": 0.00022524826636072248,
                "tmpsfc": 0.0003016656555701047,
                "landmask": 0.00037880081799812615
            }
        },
        {
            "type": "Feature",
            "geometry": {
                "type": "Point",
                "coordinates": [
                    155.0,
                    2.0
                ]
            },
            "properties": {
                "system_id": "INVEST_00",
                "confidence": 0.7922918565938908,
                "uncertainty_std": 0.07165122032165527,
                "ci_95": [
                    0.6518554647634465,
                    0.9327282484243351
                ],
                "lead_time_hrs": 72,
                "movement_vector": {
                    "dlat_24h": 0.0,
                    "dlon_24h": 0.0
                },
                "trajectory": {},
                "top_driver": "vvelprs",
                "ugrdprs": 0.0048809777945280075,
                "vgrdprs": 0.004453575704246759,
                "vvelprs": 0.004894842393696308,
                "tmpprs": 0.004436415154486895,
                "rhprs": 0.004206025507301092,
                "hgtprs": 0.004666793625801802,
                "absvprs": 0.004641572944819927,
                "pressfc": 0.000272837613010779,
                "capesfc": 0.00027573341503739357,
                "tmpsfc": 0.0001917789049912244,
                "landmask": 0.00027439711266197264
            }
        },
        {
            "type": "Feature",
            "geometry": {
                "type": "Point",
                "coordinates": [
                    122.0,
                    25.0
                ]
            },
            "properties": {
                "system_id": "INVEST_00",
                "confidence": 0.791299984656382,
                "uncertainty_std": 0.10459931194782257,
                "ci_95": [
                    0.5862853332386497,
                    0.9963146360741142
                ],
                "lead_time_hrs": 72,
                "movement_vector": {
                    "dlat_24h": 0.0,
                    "dlon_24h": 0.0
                },
                "trajectory": {},
                "top_driver": "ugrdprs",
                "ugrdprs": 0.0013890855479985476,
                "vgrdprs": 0.0013065221719443798,
                "vvelprs": 0.001208239933475852,
                "tmpprs": 0.0011811619624495506,
                "rhprs": 0.0012589185498654842,
                "hgtprs": 0.0013533792225643992,
                "absvprs": 0.0011729514226317406,
                "pressfc": 7.350060332100838e-05,
                "capesfc": 7.832031405996531e-05,
                "tmpsfc": 6.974221469135955e-05,
                "landmask": 8.9576693426352e-05
            }
        },
        {
            "type": "Feature",
            "geometry": {
                "type": "Point",
                "coordinates": [
                    -110.0,
                    20.0
                ]
            },
            "properties": {
                "system_id": "INVEST_00",
                "confidence": 0.7864393115600667,
                "uncertainty_std": 0.084159255027771,
                "ci_95": [
                    0.6214871717056356,
                    0.9513914514144979
                ],
                "lead_time_hrs": 72,
                "movement_vector": {
                    "dlat_24h": 0.0,
                    "dlon_24h": 0.0
                },
                "trajectory": {},
                "top_driver": "ugrdprs",
                "ugrdprs": 0.003300074953585863,
                "vgrdprs": 0.00319577194750309,
                "vvelprs": 0.003063925774767995,
                "tmpprs": 0.0030827743466943502,
                "rhprs": 0.003000818192958832,
                "hgtprs": 0.0032270171213895082,
                "absvprs": 0.003146400209516287,
                "pressfc": 0.0002490828337613493,
                "capesfc": 0.0001876320457085967,
                "tmpsfc": 0.0001865348604042083,
                "landmask": 0.0001750693190842867
            }
        },
        {
            "type": "Feature",
            "geometry": {
                "type": "Point",
                "coordinates": [
                    -123.0,
                    13.0
                ]
            },
            "properties": {
                "system_id": "INVEST_00",
                "confidence": 0.7851537224307898,
                "uncertainty_std": 0.08836966753005981,
                "ci_95": [
                    0.6119491740718725,
                    0.9583582707897071
                ],
                "lead_time_hrs": 72,
                "movement_vector": {
                    "dlat_24h": 0.0,
                    "dlon_24h": 0.0
                },
                "trajectory": {},
                "top_driver": "ugrdprs",
                "ugrdprs": 0.003507358720526099,
                "vgrdprs": 0.003213442163541913,
                "vvelprs": 0.0034836982376873493,
                "tmpprs": 0.0032183516304939985,
                "rhprs": 0.0033027741592377424,
                "hgtprs": 0.003493543714284897,
                "absvprs": 0.003287925384938717,
                "pressfc": 0.00023257530119735748,
                "capesfc": 0.0002019108214881271,
                "tmpsfc": 0.00017516770458314568,
                "landmask": 0.00025094623561017215
            }
        },
        {
            "type": "Feature",
            "geometry": {
                "type": "Point",
                "coordinates": [
                    -137.0,
                    22.0
                ]
            },
            "properties": {
                "system_id": "INVEST_00",
                "confidence": 0.7846408703154767,
                "uncertainty_std": 0.07638008147478104,
                "ci_95": [
                    0.6349359106249058,
                    0.9343458300060475
                ],
                "lead_time_hrs": 72,
                "movement_vector": {
                    "dlat_24h": 0.0,
                    "dlon_24h": 0.0
                },
                "trajectory": {},
                "top_driver": "hgtprs",
                "ugrdprs": 0.002438304712995887,
                "vgrdprs": 0.0023623344022780657,
                "vvelprs": 0.0024553413968533278,
                "tmpprs": 0.0023555008228868246,
                "rhprs": 0.002270985161885619,
                "hgtprs": 0.0025152501184493303,
                "absvprs": 0.002408561296761036,
                "pressfc": 0.00012429161870386451,
                "capesfc": 0.00014775502495467663,
                "tmpsfc": 0.00010031431884272024,
                "landmask": 0.00016708231123629957
            }
        },
        {
            "type": "Feature",
            "geometry": {
                "type": "Point",
                "coordinates": [
                    -153.0,
                    8.0
                ]
            },
            "properties": {
                "system_id": "INVEST_00",
                "confidence": 0.784517479941281,
                "uncertainty_std": 0.039724767208099365,
                "ci_95": [
                    0.7066569362134062,
                    0.8623780236691557
                ],
                "lead_time_hrs": 72,
                "movement_vector": {
                    "dlat_24h": 0.0,
                    "dlon_24h": 0.0
                },
                "trajectory": {},
                "top_driver": "ugrdprs",
                "ugrdprs": 0.003157569793984294,
                "vgrdprs": 0.002771807136014104,
                "vvelprs": 0.0030400629620999098,
                "tmpprs": 0.0028123732190579176,
                "rhprs": 0.0026789377443492413,
                "hgtprs": 0.002928943606093526,
                "absvprs": 0.0030133023392409086,
                "pressfc": 0.00019087288819719106,
                "capesfc": 0.0001375171123072505,
                "tmpsfc": 0.00017039899830706418,
                "landmask": 0.00022044913202989846
            }
        },
        {
            "type": "Feature",
            "geometry": {
                "type": "Point",
                "coordinates": [
                    85.0,
                    -1.0
                ]
            },
            "properties": {
                "system_id": "INVEST_00",
                "confidence": 0.7838781419483902,
                "uncertainty_std": 0.14888519048690796,
                "ci_95": [
                    0.49206316859405064,
                    1.0
                ],
                "lead_time_hrs": 72,
                "movement_vector": {
                    "dlat_24h": 0.0,
                    "dlon_24h": 0.0
                },
                "trajectory": {},
                "top_driver": "hgtprs",
                "ugrdprs": 0.007435393054038286,
                "vgrdprs": 0.007292263675481081,
                "vvelprs": 0.007314622402191162,
                "tmpprs": 0.007329605054110289,
                "rhprs": 0.007226300425827503,
                "hgtprs": 0.007490603718906641,
                "absvprs": 0.007202344015240669,
                "pressfc": 0.0003597412724047899,
                "capesfc": 0.00037021556636318564,
                "tmpsfc": 0.00048815348418429494,
                "landmask": 0.0005352359148673713
            }
        },
        {
            "type": "Feature",
            "geometry": {
                "type": "Point",
                "coordinates": [
                    58.0,
                    -1.0
                ]
            },
            "properties": {
                "system_id": "INVEST_00",
                "confidence": 0.7820512802916014,
                "uncertainty_std": 0.08712609857320786,
                "ci_95": [
                    0.611284127088114,
                    0.9528184334950889
                ],
                "lead_time_hrs": 72,
                "movement_vector": {
                    "dlat_24h": 0.0,
                    "dlon_24h": 0.0
                },
                "trajectory": {},
                "top_driver": "ugrdprs",
                "ugrdprs": 0.008397412486374378,
                "vgrdprs": 0.00783730112016201,
                "vvelprs": 0.007854261435568333,
                "tmpprs": 0.008134379051625729,
                "rhprs": 0.008286568336188793,
                "hgtprs": 0.007871333509683609,
                "absvprs": 0.008082186803221703,
                "pressfc": 0.0004205205768812448,
                "capesfc": 0.0003386508033145219,
                "tmpsfc": 0.000482211442431435,
                "landmask": 0.0006042456952854991
            }
        },
        {
            "type": "Feature",
            "geometry": {
                "type": "Point",
                "coordinates": [
                    125.0,
                    35.0
                ]
            },
            "properties": {
                "system_id": "INVEST_00",
                "confidence": 0.7783420567788604,
                "uncertainty_std": 0.1303611546754837,
                "ci_95": [
                    0.5228341936149123,
                    1.0
                ],
                "lead_time_hrs": 72,
                "movement_vector": {
                    "dlat_24h": 0.0,
                    "dlon_24h": 0.0
                },
                "trajectory": {},
                "top_driver": "vvelprs",
                "ugrdprs": 0.0045314086601138115,
                "vgrdprs": 0.004674865864217281,
                "vvelprs": 0.004856363404542208,
                "tmpprs": 0.004507163073867559,
                "rhprs": 0.00442851847037673,
                "hgtprs": 0.00442067114636302,
                "absvprs": 0.004560146946460009,
                "pressfc": 0.0002281024499097839,
                "capesfc": 0.00023625456378795207,
                "tmpsfc": 0.000194721098523587,
                "landmask": 0.0002334911550860852
            }
        },
        {
            "type": "Feature",
            "geometry": {
                "type": "Point",
                "coordinates": [
                    147.0,
                    -18.0
                ]
            },
            "properties": {
                "system_id": "INVEST_00",
                "confidence": 0.7756994907097938,
                "uncertainty_std": 0.12418510764837265,
                "ci_95": [
                    0.5322966797189834,
                    1.0
                ],
                "lead_time_hrs": 72,
                "movement_vector": {
                    "dlat_24h": 0.0,
                    "dlon_24h": 0.0
                },
                "trajectory": {},
                "top_driver": "ugrdprs",
                "ugrdprs": 0.005579805001616478,
                "vgrdprs": 0.004628393799066544,
                "vvelprs": 0.004835962317883968,
                "tmpprs": 0.0047328174114227295,
                "rhprs": 0.004939996637403965,
                "hgtprs": 0.0052245063707232475,
                "absvprs": 0.004348784685134888,
                "pressfc": 0.0003372706123627722,
                "capesfc": 0.00018781577819027007,
                "tmpsfc": 0.00026856118347495794,
                "landmask": 0.0005569474888034165
            }
        },
        {
            "type": "Feature",
            "geometry": {
                "type": "Point",
                "coordinates": [
                    10.0,
                    3.0
                ]
            },
            "properties": {
                "system_id": "INVEST_00",
                "confidence": 0.7756754972785104,
                "uncertainty_std": 0.09076083451509476,
                "ci_95": [
                    0.5977842616289246,
                    0.9535667329280961
                ],
                "lead_time_hrs": 72,
                "movement_vector": {
                    "dlat_24h": 0.0,
                    "dlon_24h": 0.0
                },
                "trajectory": {},
                "top_driver": "vvelprs",
                "ugrdprs": 0.004816106520593166,
                "vgrdprs": 0.004674181807786226,
                "vvelprs": 0.004862620495259762,
                "tmpprs": 0.004545335657894611,
                "rhprs": 0.0044364300556480885,
                "hgtprs": 0.004654500167816877,
                "absvprs": 0.004631847608834505,
                "pressfc": 0.00026080533280037344,
                "capesfc": 0.00019951026479247957,
                "tmpsfc": 0.0002727750688791275,
                "landmask": 0.00033332197926938534
            }
        },
        {
            "type": "Feature",
            "geometry": {
                "type": "Point",
                "coordinates": [
                    -140.0,
                    -11.0
                ]
            },
            "properties": {
                "system_id": "INVEST_00",
                "confidence": 0.7738954373636687,
                "uncertainty_std": 0.05353470891714096,
                "ci_95": [
                    0.6689674078860725,
                    0.878823466841265
                ],
                "lead_time_hrs": 72,
                "movement_vector": {
                    "dlat_24h": 0.0,
                    "dlon_24h": 0.0
                },
                "trajectory": {},
                "top_driver": "ugrdprs",
                "ugrdprs": 0.0036721602082252502,
                "vgrdprs": 0.0034708185121417046,
                "vvelprs": 0.003658697009086609,
                "tmpprs": 0.0033491142094135284,
                "rhprs": 0.0034496039152145386,
                "hgtprs": 0.003437860868871212,
                "absvprs": 0.0035319023299962282,
                "pressfc": 0.00017758710600901395,
                "capesfc": 0.0001642175338929519,
                "tmpsfc": 0.0001702771260170266,
                "landmask": 0.0002484627184458077
            }
        },
        {
            "type": "Feature",
            "geometry": {
                "type": "Point",
                "coordinates": [
                    -147.0,
                    -10.0
                ]
            },
            "properties": {
                "system_id": "INVEST_00",
                "confidence": 0.7738390551754115,
                "uncertainty_std": 0.07105986773967743,
                "ci_95": [
                    0.6345617144056438,
                    0.9131163959451792
                ],
                "lead_time_hrs": 72,
                "movement_vector": {
                    "dlat_24h": 0.0,
                    "dlon_24h": 0.0
                },
                "trajectory": {},
                "top_driver": "ugrdprs",
                "ugrdprs": 0.0035805876832455397,
                "vgrdprs": 0.0035108064766973257,
                "vvelprs": 0.0035225970204919577,
                "tmpprs": 0.0033353324979543686,
                "rhprs": 0.003304308047518134,
                "hgtprs": 0.0032884320244193077,
                "absvprs": 0.0035312322434037924,
                "pressfc": 0.00019791032536886632,
                "capesfc": 0.00015752929903101176,
                "tmpsfc": 0.00017288391245529056,
                "landmask": 0.0002896157675422728
            }
        },
        {
            "type": "Feature",
            "geometry": {
                "type": "Point",
                "coordinates": [
                    74.0,
                    0.0
                ]
            },
            "properties": {
                "system_id": "INVEST_00",
                "confidence": 0.7723988981322041,
                "uncertainty_std": 0.1221870556473732,
                "ci_95": [
                    0.5329122690633527,
                    1.0
                ],
                "lead_time_hrs": 72,
                "movement_vector": {
                    "dlat_24h": 0.0,
                    "dlon_24h": 0.0
                },
                "trajectory": {},
                "top_driver": "ugrdprs",
                "ugrdprs": 0.007255345117300749,
                "vgrdprs": 0.00718469126150012,
                "vvelprs": 0.0071329595521092415,
                "tmpprs": 0.006833106745034456,
                "rhprs": 0.00678279809653759,
                "hgtprs": 0.0070875356905162334,
                "absvprs": 0.0067685688845813274,
                "pressfc": 0.00039996925625018775,
                "capesfc": 0.0003955189313273877,
                "tmpsfc": 0.0004635317309293896,
                "landmask": 0.00048107182374224067
            }
        },
        {
            "type": "Feature",
            "geometry": {
                "type": "Point",
                "coordinates": [
                    -88.0,
                    24.0
                ]
            },
            "properties": {
                "system_id": "INVEST_00",
                "confidence": 0.7720192041266107,
                "uncertainty_std": 0.097077377140522,
                "ci_95": [
                    0.5817475449311876,
                    0.9622908633220338
                ],
                "lead_time_hrs": 72,
                "movement_vector": {
                    "dlat_24h": 0.0,
                    "dlon_24h": 0.0
                },
                "trajectory": {},
                "top_driver": "hgtprs",
                "ugrdprs": 0.004225149285048246,
                "vgrdprs": 0.00376497651450336,
                "vvelprs": 0.004009360447525978,
                "tmpprs": 0.003995156846940517,
                "rhprs": 0.004011907149106264,
                "hgtprs": 0.004233186133205891,
                "absvprs": 0.003907713107764721,
                "pressfc": 0.00026798644103109837,
                "capesfc": 0.00022948760306462646,
                "tmpsfc": 0.0001889822306111455,
                "landmask": 0.0003371764614712447
            }
        },
        {
            "type": "Feature",
            "geometry": {
                "type": "Point",
                "coordinates": [
                    -98.0,
                    16.0
                ]
            },
            "properties": {
                "system_id": "INVEST_00",
                "confidence": 0.7716496721787752,
                "uncertainty_std": 0.0643254965543747,
                "ci_95": [
                    0.6455716989322008,
                    0.8977276454253497
                ],
                "lead_time_hrs": 72,
                "movement_vector": {
                    "dlat_24h": 0.0,
                    "dlon_24h": 0.0
                },
                "trajectory": {},
                "top_driver": "hgtprs",
                "ugrdprs": 0.004705494735389948,
                "vgrdprs": 0.004690681118518114,
                "vvelprs": 0.0047514731995761395,
                "tmpprs": 0.00484722713008523,
                "rhprs": 0.0045553771778941154,
                "hgtprs": 0.0048815286718308926,
                "absvprs": 0.004762253724038601,
                "pressfc": 0.0002586439368315041,
                "capesfc": 0.0002454599307384342,
                "tmpsfc": 0.00032527101575396955,
                "landmask": 0.0002951643255073577
            }
        },
        {
            "type": "Feature",
            "geometry": {
                "type": "Point",
                "coordinates": [
                    -75.0,
                    29.0
                ]
            },
            "properties": {
                "system_id": "INVEST_00",
                "confidence": 0.7671710964929807,
                "uncertainty_std": 0.08525042235851288,
                "ci_95": [
                    0.6000802686702954,
                    0.9342619243156659
                ],
                "lead_time_hrs": 72,
                "movement_vector": {
                    "dlat_24h": 0.0,
                    "dlon_24h": 0.0
                },
                "trajectory": {},
                "top_driver": "ugrdprs",
                "ugrdprs": 0.0033442312851548195,
                "vgrdprs": 0.0030173533596098423,
                "vvelprs": 0.0032210336066782475,
                "tmpprs": 0.00308882724493742,
                "rhprs": 0.003015657654032111,
                "hgtprs": 0.0031880890019237995,
                "absvprs": 0.00291488622315228,
                "pressfc": 0.00017371818830724806,
                "capesfc": 0.00015026217442937195,
                "tmpsfc": 0.00013723121082875878,
                "landmask": 0.00019089206762146205
            }
        },
        {
            "type": "Feature",
            "geometry": {
                "type": "Point",
                "coordinates": [
                    -120.0,
                    19.0
                ]
            },
            "properties": {
                "system_id": "INVEST_00",
                "confidence": 0.7661911433379732,
                "uncertainty_std": 0.09702277928590775,
                "ci_95": [
                    0.576026495937594,
                    0.9563557907383524
                ],
                "lead_time_hrs": 72,
                "movement_vector": {
                    "dlat_24h": 0.0,
                    "dlon_24h": 0.0
                },
                "trajectory": {},
                "top_driver": "vgrdprs",
                "ugrdprs": 0.006545389071106911,
                "vgrdprs": 0.0071082329377532005,
                "vvelprs": 0.006870659068226814,
                "tmpprs": 0.006419576704502106,
                "rhprs": 0.00645217951387167,
                "hgtprs": 0.006643923465162516,
                "absvprs": 0.006436362396925688,
                "pressfc": 0.00035681226290762424,
                "capesfc": 0.000372317765140906,
                "tmpsfc": 0.0003231108421459794,
                "landmask": 0.00044688189518637955
            }
        },
        {
            "type": "Feature",
            "geometry": {
                "type": "Point",
                "coordinates": [
                    76.0,
                    32.0
                ]
            },
            "properties": {
                "system_id": "INVEST_00",
                "confidence": 0.7649576377521425,
                "uncertainty_std": 0.144273042678833,
                "ci_95": [
                    0.48218247410162984,
                    1.0
                ],
                "lead_time_hrs": 72,
                "movement_vector": {
                    "dlat_24h": 0.0,
                    "dlon_24h": 0.0
                },
                "trajectory": {},
                "top_driver": "vgrdprs",
                "ugrdprs": 0.0017925780266523361,
                "vgrdprs": 0.0018781390972435474,
                "vvelprs": 0.001816784031689167,
                "tmpprs": 0.0018215990858152509,
                "rhprs": 0.0018246527761220932,
                "hgtprs": 0.001784025109373033,
                "absvprs": 0.001824936713092029,
                "pressfc": 0.00011754377919714898,
                "capesfc": 9.605142258806154e-05,
                "tmpsfc": 8.680806058691815e-05,
                "landmask": 8.330681885126978e-05
            }
        },
        {
            "type": "Feature",
            "geometry": {
                "type": "Point",
                "coordinates": [
                    -112.0,
                    13.0
                ]
            },
            "properties": {
                "system_id": "INVEST_00",
                "confidence": 0.7633852686566812,
                "uncertainty_std": 0.16515092551708221,
                "ci_95": [
                    0.4396894546432001,
                    1.0
                ],
                "lead_time_hrs": 72,
                "movement_vector": {
                    "dlat_24h": 0.0,
                    "dlon_24h": 0.0
                },
                "trajectory": {},
                "top_driver": "ugrdprs",
                "ugrdprs": 0.006584463641047478,
                "vgrdprs": 0.006244647316634655,
                "vvelprs": 0.006356172263622284,
                "tmpprs": 0.006568111013621092,
                "rhprs": 0.006359112914651632,
                "hgtprs": 0.006509719882160425,
                "absvprs": 0.00592922093346715,
                "pressfc": 0.0003151155251543969,
                "capesfc": 0.0003804386069532484,
                "tmpsfc": 0.0002973451337311417,
                "landmask": 0.0004023878718726337
            }
        },
        {
            "type": "Feature",
            "geometry": {
                "type": "Point",
                "coordinates": [
                    134.0,
                    -11.0
                ]
            },
            "properties": {
                "system_id": "INVEST_00",
                "confidence": 0.7620614583450713,
                "uncertainty_std": 0.17558284103870392,
                "ci_95": [
                    0.41791908990921167,
                    1.0
                ],
                "lead_time_hrs": 72,
                "movement_vector": {
                    "dlat_24h": 0.0,
                    "dlon_24h": 0.0
                },
                "trajectory": {},
                "top_driver": "ugrdprs",
                "ugrdprs": 0.01677095517516136,
                "vgrdprs": 0.014596587046980858,
                "vvelprs": 0.015376774594187737,
                "tmpprs": 0.015536295250058174,
                "rhprs": 0.014906915836036205,
                "hgtprs": 0.016096055507659912,
                "absvprs": 0.014628738164901733,
                "pressfc": 0.0008488755556754768,
                "capesfc": 0.0007145056151784956,
                "tmpsfc": 0.0009740284294821322,
                "landmask": 0.0010170721216127276
            }
        },
        {
            "type": "Feature",
            "geometry": {
                "type": "Point",
                "coordinates": [
                    147.0,
                    22.0
                ]
            },
            "properties": {
                "system_id": "INVEST_00",
                "confidence": 0.7598263970009064,
                "uncertainty_std": 0.09021466970443726,
                "ci_95": [
                    0.5830056443802094,
                    0.9366471496216033
                ],
                "lead_time_hrs": 72,
                "movement_vector": {
                    "dlat_24h": 0.0,
                    "dlon_24h": 0.0
                },
                "trajectory": {},
                "top_driver": "hgtprs",
                "ugrdprs": 0.003948647063225508,
                "vgrdprs": 0.003884840290993452,
                "vvelprs": 0.0038020608481019735,
                "tmpprs": 0.004036277066916227,
                "rhprs": 0.003928598947823048,
                "hgtprs": 0.004115038085728884,
                "absvprs": 0.003936456982046366,
                "pressfc": 0.00019017088925465941,
                "capesfc": 0.00024367691366933286,
                "tmpsfc": 0.00012897698616143316,
                "landmask": 0.00039256562013179064
            }
        },
        {
            "type": "Feature",
            "geometry": {
                "type": "Point",
                "coordinates": [
                    122.0,
                    19.0
                ]
            },
            "properties": {
                "system_id": "INVEST_00",
                "confidence": 0.7570656251751292,
                "uncertainty_std": 0.08924340456724167,
                "ci_95": [
                    0.5821485522233355,
                    0.9319826981269229
                ],
                "lead_time_hrs": 72,
                "movement_vector": {
                    "dlat_24h": 0.0,
                    "dlon_24h": 0.0
                },
                "trajectory": {},
                "top_driver": "ugrdprs",
                "ugrdprs": 0.0034713209606707096,
                "vgrdprs": 0.0032529726158827543,
                "vvelprs": 0.0034234970808029175,
                "tmpprs": 0.0033345690462738276,
                "rhprs": 0.003054783446714282,
                "hgtprs": 0.0033045231830328703,
                "absvprs": 0.0033088515046983957,
                "pressfc": 0.00021175312576815486,
                "capesfc": 0.00019212729239370674,
                "tmpsfc": 0.00015300282393582165,
                "landmask": 0.0001492364244768396
            }
        },
        {
            "type": "Feature",
            "geometry": {
                "type": "Point",
                "coordinates": [
                    -62.0,
                    34.0
                ]
            },
            "properties": {
                "system_id": "INVEST_00",
                "confidence": 0.7539488584225017,
                "uncertainty_std": 0.12803271412849426,
                "ci_95": [
                    0.5030047387306529,
                    1.0
                ],
                "lead_time_hrs": 72,
                "movement_vector": {
                    "dlat_24h": 0.0,
                    "dlon_24h": 0.0
                },
                "trajectory": {},
                "top_driver": "tmpprs",
                "ugrdprs": 0.0010766815394163132,
                "vgrdprs": 0.001024574157781899,
                "vvelprs": 0.0010741761652752757,
                "tmpprs": 0.0011332869762554765,
                "rhprs": 0.0010434002615511417,
                "hgtprs": 0.0010892333230003715,
                "absvprs": 0.0010116143384948373,
                "pressfc": 5.1824517868226394e-05,
                "capesfc": 7.35376524971798e-05,
                "tmpsfc": 6.472266250057146e-05,
                "landmask": 5.201143358135596e-05
            }
        },
        {
            "type": "Feature",
            "geometry": {
                "type": "Point",
                "coordinates": [
                    102.0,
                    -5.0
                ]
            },
            "properties": {
                "system_id": "INVEST_00",
                "confidence": 0.7532889976226639,
                "uncertainty_std": 0.07021452486515045,
                "ci_95": [
                    0.615668528886969,
                    0.8909094663583588
                ],
                "lead_time_hrs": 72,
                "movement_vector": {
                    "dlat_24h": 0.0,
                    "dlon_24h": 0.0
                },
                "trajectory": {},
                "top_driver": "ugrdprs",
                "ugrdprs": 0.00946964230388403,
                "vgrdprs": 0.008576547726988792,
                "vvelprs": 0.008890483528375626,
                "tmpprs": 0.008566842414438725,
                "rhprs": 0.008326712995767593,
                "hgtprs": 0.008715559728443623,
                "absvprs": 0.00871032103896141,
                "pressfc": 0.0006178859621286392,
                "capesfc": 0.00048179857549257576,
                "tmpsfc": 0.0005278601311147213,
                "landmask": 0.0005392124294303358
            }
        },
        {
            "type": "Feature",
            "geometry": {
                "type": "Point",
                "coordinates": [
                    -162.0,
                    13.0
                ]
            },
            "properties": {
                "system_id": "INVEST_00",
                "confidence": 0.7529364055288483,
                "uncertainty_std": 0.08600369095802307,
                "ci_95": [
                    0.5843691712511231,
                    0.9215036398065736
                ],
                "lead_time_hrs": 72,
                "movement_vector": {
                    "dlat_24h": 0.0,
                    "dlon_24h": 0.0
                },
                "trajectory": {},
                "top_driver": "ugrdprs",
                "ugrdprs": 0.003837222931906581,
                "vgrdprs": 0.0034532174468040466,
                "vvelprs": 0.003611009567975998,
                "tmpprs": 0.003438785672187805,
                "rhprs": 0.0031581029761582613,
                "hgtprs": 0.003585212863981724,
                "absvprs": 0.0035094227641820908,
                "pressfc": 0.00026393646840006113,
                "capesfc": 0.0001820148463593796,
                "tmpsfc": 0.00018691639706958085,
                "landmask": 0.00020093462080694735
            }
        },
        {
            "type": "Feature",
            "geometry": {
                "type": "Point",
                "coordinates": [
                    -26.0,
                    24.0
                ]
            },
            "properties": {
                "system_id": "INVEST_00",
                "confidence": 0.7514529986816283,
                "uncertainty_std": 0.1321246474981308,
                "ci_95": [
                    0.4924886895852919,
                    1.0
                ],
                "lead_time_hrs": 72,
                "movement_vector": {
                    "dlat_24h": 0.0,
                    "dlon_24h": 0.0
                },
                "trajectory": {},
                "top_driver": "vvelprs",
                "ugrdprs": 0.0027193801943212748,
                "vgrdprs": 0.002578047337010503,
                "vvelprs": 0.002772112376987934,
                "tmpprs": 0.00255699479021132,
                "rhprs": 0.0027492826338857412,
                "hgtprs": 0.002646836219355464,
                "absvprs": 0.002598533174023032,
                "pressfc": 0.00014859742077533156,
                "capesfc": 0.00014500279212370515,
                "tmpsfc": 0.0001337589928880334,
                "landmask": 0.00011129524500574917
            }
        },
        {
            "type": "Feature",
            "geometry": {
                "type": "Point",
                "coordinates": [
                    155.0,
                    -18.0
                ]
            },
            "properties": {
                "system_id": "INVEST_00",
                "confidence": 0.7479877326696125,
                "uncertainty_std": 0.05062757804989815,
                "ci_95": [
                    0.6487576796918121,
                    0.8472177856474129
                ],
                "lead_time_hrs": 72,
                "movement_vector": {
                    "dlat_24h": 0.0,
                    "dlon_24h": 0.0
                },
                "trajectory": {},
                "top_driver": "hgtprs",
                "ugrdprs": 0.0053539639338850975,
                "vgrdprs": 0.005110669881105423,
                "vvelprs": 0.004925095941871405,
                "tmpprs": 0.004911581054329872,
                "rhprs": 0.0049956850707530975,
                "hgtprs": 0.005426996387541294,
                "absvprs": 0.0051009138114750385,
                "pressfc": 0.000338322832249105,
                "capesfc": 0.00031269589089788496,
                "tmpsfc": 0.0002648484951350838,
                "landmask": 0.0003820792189799249
            }
        },
        {
            "type": "Feature",
            "geometry": {
                "type": "Point",
                "coordinates": [
                    -64.0,
                    29.0
                ]
            },
            "properties": {
                "system_id": "INVEST_00",
                "confidence": 0.7476794156083849,
                "uncertainty_std": 0.08072556555271149,
                "ci_95": [
                    0.5894573071250704,
                    0.9059015240916994
                ],
                "lead_time_hrs": 72,
                "movement_vector": {
                    "dlat_24h": 0.0,
                    "dlon_24h": 0.0
                },
                "trajectory": {},
                "top_driver": "ugrdprs",
                "ugrdprs": 0.004471797961741686,
                "vgrdprs": 0.004160010255873203,
                "vvelprs": 0.0041910563595592976,
                "tmpprs": 0.004216172266751528,
                "rhprs": 0.004075557924807072,
                "hgtprs": 0.004129722714424133,
                "absvprs": 0.004209252540022135,
                "pressfc": 0.00023940877872519195,
                "capesfc": 0.0002304173685843125,
                "tmpsfc": 0.00026148802135139704,
                "landmask": 0.00029513085610233247
            }
        },
        {
            "type": "Feature",
            "geometry": {
                "type": "Point",
                "coordinates": [
                    95.0,
                    4.0
                ]
            },
            "properties": {
                "system_id": "INVEST_00",
                "confidence": 0.7474079444550853,
                "uncertainty_std": 0.148103266954422,
                "ci_95": [
                    0.4571255412244182,
                    1.0
                ],
                "lead_time_hrs": 72,
                "movement_vector": {
                    "dlat_24h": 0.0,
                    "dlon_24h": 0.0
                },
                "trajectory": {},
                "top_driver": "hgtprs",
                "ugrdprs": 0.010708775371313095,
                "vgrdprs": 0.010209361091256142,
                "vvelprs": 0.010745850391685963,
                "tmpprs": 0.010638630948960781,
                "rhprs": 0.010993072763085365,
                "hgtprs": 0.01101528387516737,
                "absvprs": 0.01055419072508812,
                "pressfc": 0.0005638425936922431,
                "capesfc": 0.00048737568431533873,
                "tmpsfc": 0.00048662678455002606,
                "landmask": 0.0010542749660089612
            }
        },
        {
            "type": "Feature",
            "geometry": {
                "type": "Point",
                "coordinates": [
                    -19.0,
                    24.0
                ]
            },
            "properties": {
                "system_id": "INVEST_00",
                "confidence": 0.7429547614679686,
                "uncertainty_std": 0.23588219285011292,
                "ci_95": [
                    0.2806256634817473,
                    1.0
                ],
                "lead_time_hrs": 72,
                "movement_vector": {
                    "dlat_24h": 0.0,
                    "dlon_24h": 0.0
                },
                "trajectory": {},
                "top_driver": "rhprs",
                "ugrdprs": 0.0024538510479032993,
                "vgrdprs": 0.0024465499445796013,
                "vvelprs": 0.002509350422769785,
                "tmpprs": 0.0023808826226741076,
                "rhprs": 0.0025174838956445456,
                "hgtprs": 0.0024799818638712168,
                "absvprs": 0.0023973563220351934,
                "pressfc": 0.00017128897889051586,
                "capesfc": 0.00014795012248214334,
                "tmpsfc": 0.00012296602653805166,
                "landmask": 0.00014652725076302886
            }
        },
        {
            "type": "Feature",
            "geometry": {
                "type": "Point",
                "coordinates": [
                    -43.0,
                    0.0
                ]
            },
            "properties": {
                "system_id": "INVEST_00",
                "confidence": 0.7411287494696405,
                "uncertainty_std": 0.10719669610261917,
                "ci_95": [
                    0.5310232251085069,
                    0.9512342738307741
                ],
                "lead_time_hrs": 72,
                "movement_vector": {
                    "dlat_24h": 0.0,
                    "dlon_24h": 0.0
                },
                "trajectory": {},
                "top_driver": "vvelprs",
                "ugrdprs": 0.0037862122990190983,
                "vgrdprs": 0.0037465011700987816,
                "vvelprs": 0.003990822937339544,
                "tmpprs": 0.003658038331195712,
                "rhprs": 0.0034373339731246233,
                "hgtprs": 0.003974224906414747,
                "absvprs": 0.00367548456415534,
                "pressfc": 0.00023822972434572875,
                "capesfc": 0.00018472233205102384,
                "tmpsfc": 0.00022232122137211263,
                "landmask": 0.000230265679419972
            }
        },
        {
            "type": "Feature",
            "geometry": {
                "type": "Point",
                "coordinates": [
                    -164.0,
                    8.0
                ]
            },
            "properties": {
                "system_id": "INVEST_00",
                "confidence": 0.736532438155499,
                "uncertainty_std": 0.055960655212402344,
                "ci_95": [
                    0.6268495539391904,
                    0.8462153223718075
                ],
                "lead_time_hrs": 72,
                "movement_vector": {
                    "dlat_24h": 0.0,
                    "dlon_24h": 0.0
                },
                "trajectory": {},
                "top_driver": "ugrdprs",
                "ugrdprs": 0.00373614183627069,
                "vgrdprs": 0.0034792693331837654,
                "vvelprs": 0.003664325922727585,
                "tmpprs": 0.0034301141276955605,
                "rhprs": 0.0032325871288776398,
                "hgtprs": 0.00358551274985075,
                "absvprs": 0.003663053037598729,
                "pressfc": 0.00023531839542556554,
                "capesfc": 0.0001684256421867758,
                "tmpsfc": 0.0001712246157694608,
                "landmask": 0.00022799042926635593
            }
        },
        {
            "type": "Feature",
            "geometry": {
                "type": "Point",
                "coordinates": [
                    -43.0,
                    -11.0
                ]
            },
            "properties": {
                "system_id": "INVEST_00",
                "confidence": 0.7323280439081717,
                "uncertainty_std": 0.09323801845312119,
                "ci_95": [
                    0.5495815277400542,
                    0.9150745600762893
                ],
                "lead_time_hrs": 72,
                "movement_vector": {
                    "dlat_24h": 0.0,
                    "dlon_24h": 0.0
                },
                "trajectory": {},
                "top_driver": "vgrdprs",
                "ugrdprs": 0.008980004116892815,
                "vgrdprs": 0.009062323719263077,
                "vvelprs": 0.009058140218257904,
                "tmpprs": 0.00866370927542448,
                "rhprs": 0.008183741942048073,
                "hgtprs": 0.008551539853215218,
                "absvprs": 0.00825854018330574,
                "pressfc": 0.0004807263321708888,
                "capesfc": 0.0004384267667774111,
                "tmpsfc": 0.0005692096310667694,
                "landmask": 0.00042889852193184197
            }
        },
        {
            "type": "Feature",
            "geometry": {
                "type": "Point",
                "coordinates": [
                    -84.0,
                    -1.0
                ]
            },
            "properties": {
                "system_id": "INVEST_00",
                "confidence": 0.7318161062117846,
                "uncertainty_std": 0.1627417504787445,
                "ci_95": [
                    0.41284227527344536,
                    1.0
                ],
                "lead_time_hrs": 72,
                "movement_vector": {
                    "dlat_24h": 0.0,
                    "dlon_24h": 0.0
                },
                "trajectory": {},
                "top_driver": "ugrdprs",
                "ugrdprs": 0.0054207658395171165,
                "vgrdprs": 0.005283196922391653,
                "vvelprs": 0.005341016687452793,
                "tmpprs": 0.005218124482780695,
                "rhprs": 0.0048724012449383736,
                "hgtprs": 0.005082119721919298,
                "absvprs": 0.004905556794255972,
                "pressfc": 0.0002456805086694658,
                "capesfc": 0.0002579840656835586,
                "tmpsfc": 0.00022408028598874807,
                "landmask": 0.00031126817339099944
            }
        },
        {
            "type": "Feature",
            "geometry": {
                "type": "Point",
                "coordinates": [
                    73.0,
                    -5.0
                ]
            },
            "properties": {
                "system_id": "INVEST_00",
                "confidence": 0.7317881419636798,
                "uncertainty_std": 0.11806529015302658,
                "ci_95": [
                    0.5003801732637477,
                    0.9631961106636119
                ],
                "lead_time_hrs": 72,
                "movement_vector": {
                    "dlat_24h": 0.0,
                    "dlon_24h": 0.0
                },
                "trajectory": {},
                "top_driver": "ugrdprs",
                "ugrdprs": 0.008708287961781025,
                "vgrdprs": 0.007965972647070885,
                "vvelprs": 0.007792975753545761,
                "tmpprs": 0.007859699428081512,
                "rhprs": 0.007948466576635838,
                "hgtprs": 0.008057599887251854,
                "absvprs": 0.007959854789078236,
                "pressfc": 0.0005276917363516986,
                "capesfc": 0.00044242970761843026,
                "tmpsfc": 0.0005638173897750676,
                "landmask": 0.000433589011663571
            }
        },
        {
            "type": "Feature",
            "geometry": {
                "type": "Point",
                "coordinates": [
                    -83.0,
                    29.0
                ]
            },
            "properties": {
                "system_id": "INVEST_00",
                "confidence": 0.730375596084718,
                "uncertainty_std": 0.14693622291088104,
                "ci_95": [
                    0.4423805991793912,
                    1.0
                ],
                "lead_time_hrs": 72,
                "movement_vector": {
                    "dlat_24h": 0.0,
                    "dlon_24h": 0.0
                },
                "trajectory": {},
                "top_driver": "vgrdprs",
                "ugrdprs": 0.004100092686712742,
                "vgrdprs": 0.004396436735987663,
                "vvelprs": 0.004252889193594456,
                "tmpprs": 0.004319667816162109,
                "rhprs": 0.004350659903138876,
                "hgtprs": 0.004374635871499777,
                "absvprs": 0.004224149510264397,
                "pressfc": 0.0003062241885345429,
                "capesfc": 0.0002389469009358436,
                "tmpsfc": 0.0001708574127405882,
                "landmask": 0.00025019387248903513
            }
        },
        {
            "type": "Feature",
            "geometry": {
                "type": "Point",
                "coordinates": [
                    117.0,
                    -3.0
                ]
            },
            "properties": {
                "system_id": "INVEST_00",
                "confidence": 0.7303105774725218,
                "uncertainty_std": 0.18822960555553436,
                "ci_95": [
                    0.36138055058367446,
                    1.0
                ],
                "lead_time_hrs": 72,
                "movement_vector": {
                    "dlat_24h": 0.0,
                    "dlon_24h": 0.0
                },
                "trajectory": {},
                "top_driver": "ugrdprs",
                "ugrdprs": 0.008011490106582642,
                "vgrdprs": 0.007253050804138184,
                "vvelprs": 0.007120553869754076,
                "tmpprs": 0.007167209405452013,
                "rhprs": 0.007513008080422878,
                "hgtprs": 0.007720531430095434,
                "absvprs": 0.0073905885219573975,
                "pressfc": 0.0004922352381981909,
                "capesfc": 0.0003452620003372431,
                "tmpsfc": 0.0004691815411206335,
                "landmask": 0.0004958953941240907
            }
        },
        {
            "type": "Feature",
            "geometry": {
                "type": "Point",
                "coordinates": [
                    132.0,
                    35.0
                ]
            },
            "properties": {
                "system_id": "INVEST_00",
                "confidence": 0.7300883693073366,
                "uncertainty_std": 0.12771238386631012,
                "ci_95": [
                    0.47977209692936873,
                    0.9804046416853044
                ],
                "lead_time_hrs": 72,
                "movement_vector": {
                    "dlat_24h": 0.0,
                    "dlon_24h": 0.0
                },
                "trajectory": {},
                "top_driver": "rhprs",
                "ugrdprs": 0.015648750588297844,
                "vgrdprs": 0.015408499166369438,
                "vvelprs": 0.015171536244452,
                "tmpprs": 0.015265760943293571,
                "rhprs": 0.016115430742502213,
                "hgtprs": 0.01525905542075634,
                "absvprs": 0.014911490492522717,
                "pressfc": 0.0006849340861663222,
                "capesfc": 0.0005577189149335027,
                "tmpsfc": 0.0007152699399739504,
                "landmask": 0.0010254521621391177
            }
        },
        {
            "type": "Feature",
            "geometry": {
                "type": "Point",
                "coordinates": [
                    127.0,
                    19.0
                ]
            },
            "properties": {
                "system_id": "INVEST_00",
                "confidence": 0.7283536866544787,
                "uncertainty_std": 0.07232683151960373,
                "ci_95": [
                    0.5865930968760554,
                    0.8701142764329021
                ],
                "lead_time_hrs": 72,
                "movement_vector": {
                    "dlat_24h": 0.0,
                    "dlon_24h": 0.0
                },
                "trajectory": {},
                "top_driver": "ugrdprs",
                "ugrdprs": 0.004134996794164181,
                "vgrdprs": 0.0038631013594567776,
                "vvelprs": 0.004072721116244793,
                "tmpprs": 0.0038736097048968077,
                "rhprs": 0.003683784743770957,
                "hgtprs": 0.0038837792817503214,
                "absvprs": 0.004038602113723755,
                "pressfc": 0.00025104565429501235,
                "capesfc": 0.0002622057218104601,
                "tmpsfc": 0.0001707234769128263,
                "landmask": 0.00023090129252523184
            }
        },
        {
            "type": "Feature",
            "geometry": {
                "type": "Point",
                "coordinates": [
                    65.0,
                    -6.0
                ]
            },
            "properties": {
                "system_id": "INVEST_00",
                "confidence": 0.724212376344209,
                "uncertainty_std": 0.0918329581618309,
                "ci_95": [
                    0.5442197783470204,
                    0.9042049743413976
                ],
                "lead_time_hrs": 72,
                "movement_vector": {
                    "dlat_24h": 0.0,
                    "dlon_24h": 0.0
                },
                "trajectory": {},
                "top_driver": "ugrdprs",
                "ugrdprs": 0.006294103804975748,
                "vgrdprs": 0.005761466920375824,
                "vvelprs": 0.006032516248524189,
                "tmpprs": 0.005539196543395519,
                "rhprs": 0.005523768253624439,
                "hgtprs": 0.005594342481344938,
                "absvprs": 0.005910462234169245,
                "pressfc": 0.00035525960265658796,
                "capesfc": 0.0002870058233384043,
                "tmpsfc": 0.0003405487514100969,
                "landmask": 0.0003642287047114223
            }
        },
        {
            "type": "Feature",
            "geometry": {
                "type": "Point",
                "coordinates": [
                    -49.0,
                    0.0
                ]
            },
            "properties": {
                "system_id": "INVEST_00",
                "confidence": 0.7208078159005542,
                "uncertainty_std": 0.14582081139087677,
                "ci_95": [
                    0.43499902557443576,
                    1.0
                ],
                "lead_time_hrs": 72,
                "movement_vector": {
                    "dlat_24h": 0.0,
                    "dlon_24h": 0.0
                },
                "trajectory": {},
                "top_driver": "vgrdprs",
                "ugrdprs": 0.00543412147089839,
                "vgrdprs": 0.0055971951223909855,
                "vvelprs": 0.005399221088737249,
                "tmpprs": 0.005257824435830116,
                "rhprs": 0.005030038300901651,
                "hgtprs": 0.0051363748498260975,
                "absvprs": 0.004998716060072184,
                "pressfc": 0.00037125928793102503,
                "capesfc": 0.0002722183708101511,
                "tmpsfc": 0.0002988420892506838,
                "landmask": 0.0004126886778976768
            }
        },
        {
            "type": "Feature",
            "geometry": {
                "type": "Point",
                "coordinates": [
                    -72.0,
                    10.0
                ]
            },
            "properties": {
                "system_id": "INVEST_00",
                "confidence": 0.7204903501688957,
                "uncertainty_std": 0.06975369900465012,
                "ci_95": [
                    0.5837731001197815,
                    0.85720760021801
                ],
                "lead_time_hrs": 72,
                "movement_vector": {
                    "dlat_24h": 0.0,
                    "dlon_24h": 0.0
                },
                "trajectory": {},
                "top_driver": "ugrdprs",
                "ugrdprs": 0.008411258459091187,
                "vgrdprs": 0.008190684020519257,
                "vvelprs": 0.008364405483007431,
                "tmpprs": 0.0078019932843744755,
                "rhprs": 0.007704382762312889,
                "hgtprs": 0.008213597349822521,
                "absvprs": 0.008224857971072197,
                "pressfc": 0.0004997067153453827,
                "capesfc": 0.0004599780950229615,
                "tmpsfc": 0.0004039688501507044,
                "landmask": 0.00038887179107405245
            }
        },
        {
            "type": "Feature",
            "geometry": {
                "type": "Point",
                "coordinates": [
                    116.0,
                    18.0
                ]
            },
            "properties": {
                "system_id": "INVEST_00",
                "confidence": 0.7204321151001958,
                "uncertainty_std": 0.13857898116111755,
                "ci_95": [
                    0.4488173120244054,
                    0.9920469181759861
                ],
                "lead_time_hrs": 72,
                "movement_vector": {
                    "dlat_24h": 0.0,
                    "dlon_24h": 0.0
                },
                "trajectory": {},
                "top_driver": "hgtprs",
                "ugrdprs": 0.005198207218199968,
                "vgrdprs": 0.005026542581617832,
                "vvelprs": 0.0047410097904503345,
                "tmpprs": 0.005139537155628204,
                "rhprs": 0.004826910328119993,
                "hgtprs": 0.005261803511530161,
                "absvprs": 0.0052163987420499325,
                "pressfc": 0.00037280708784237504,
                "capesfc": 0.00022129372518975288,
                "tmpsfc": 0.0003012306697200984,
                "landmask": 0.0002606380148790777
            }
        },
        {
            "type": "Feature",
            "geometry": {
                "type": "Point",
                "coordinates": [
                    -120.0,
                    30.0
                ]
            },
            "properties": {
                "system_id": "INVEST_00",
                "confidence": 0.7195708035597629,
                "uncertainty_std": 0.1451748162508011,
                "ci_95": [
                    0.43502816370819275,
                    1.0
                ],
                "lead_time_hrs": 72,
                "movement_vector": {
                    "dlat_24h": 0.0,
                    "dlon_24h": 0.0
                },
                "trajectory": {},
                "top_driver": "tmpprs",
                "ugrdprs": 0.007368574850261211,
                "vgrdprs": 0.007304602302610874,
                "vvelprs": 0.007304714061319828,
                "tmpprs": 0.007937869988381863,
                "rhprs": 0.00767761655151844,
                "hgtprs": 0.007288344670087099,
                "absvprs": 0.007204160559922457,
                "pressfc": 0.0004077984776813537,
                "capesfc": 0.00046187490806914866,
                "tmpsfc": 0.00041928532300516963,
                "landmask": 0.0003867300401907414
            }
        },
        {
            "type": "Feature",
            "geometry": {
                "type": "Point",
                "coordinates": [
                    96.0,
                    -1.0
                ]
            },
            "properties": {
                "system_id": "INVEST_00",
                "confidence": 0.713421487455841,
                "uncertainty_std": 0.1489487588405609,
                "ci_95": [
                    0.4214819201283416,
                    1.0
                ],
                "lead_time_hrs": 72,
                "movement_vector": {
                    "dlat_24h": 0.0,
                    "dlon_24h": 0.0
                },
                "trajectory": {},
                "top_driver": "ugrdprs",
                "ugrdprs": 0.006585502997040749,
                "vgrdprs": 0.0064681340008974075,
                "vvelprs": 0.006433675531297922,
                "tmpprs": 0.006449648179113865,
                "rhprs": 0.006249700672924519,
                "hgtprs": 0.006057146470993757,
                "absvprs": 0.006203558761626482,
                "pressfc": 0.0002687644155230373,
                "capesfc": 0.0003206881810911,
                "tmpsfc": 0.00029768378590233624,
                "landmask": 0.000422392797190696
            }
        },
        {
            "type": "Feature",
            "geometry": {
                "type": "Point",
                "coordinates": [
                    158.0,
                    -13.0
                ]
            },
            "properties": {
                "system_id": "INVEST_00",
                "confidence": 0.7115260705074009,
                "uncertainty_std": 0.12925386428833008,
                "ci_95": [
                    0.45818849650227395,
                    0.9648636445125278
                ],
                "lead_time_hrs": 72,
                "movement_vector": {
                    "dlat_24h": 0.0,
                    "dlon_24h": 0.0
                },
                "trajectory": {},
                "top_driver": "hgtprs",
                "ugrdprs": 0.007446593604981899,
                "vgrdprs": 0.006787577643990517,
                "vvelprs": 0.007153839338570833,
                "tmpprs": 0.007522832602262497,
                "rhprs": 0.007106454111635685,
                "hgtprs": 0.007623074110597372,
                "absvprs": 0.007315210532397032,
                "pressfc": 0.0003658851492218673,
                "capesfc": 0.00038746188511140645,
                "tmpsfc": 0.00034220056841149926,
                "landmask": 0.0006031480734236538
            }
        },
        {
            "type": "Feature",
            "geometry": {
                "type": "Point",
                "coordinates": [
                    146.0,
                    33.0
                ]
            },
            "properties": {
                "system_id": "INVEST_00",
                "confidence": 0.7108242885661135,
                "uncertainty_std": 0.14831531047821045,
                "ci_95": [
                    0.42012628002882096,
                    1.0
                ],
                "lead_time_hrs": 72,
                "movement_vector": {
                    "dlat_24h": 0.0,
                    "dlon_24h": 0.0
                },
                "trajectory": {},
                "top_driver": "ugrdprs",
                "ugrdprs": 0.009451091289520264,
                "vgrdprs": 0.00878063216805458,
                "vvelprs": 0.008824363350868225,
                "tmpprs": 0.00859626941382885,
                "rhprs": 0.009260711260139942,
                "hgtprs": 0.008900401182472706,
                "absvprs": 0.008655184879899025,
                "pressfc": 0.000475408072816208,
                "capesfc": 0.000409623549785465,
                "tmpsfc": 0.00040069292299449444,
                "landmask": 0.0004457227769307792
            }
        },
        {
            "type": "Feature",
            "geometry": {
                "type": "Point",
                "coordinates": [
                    80.0,
                    -4.0
                ]
            },
            "properties": {
                "system_id": "INVEST_00",
                "confidence": 0.709025389364048,
                "uncertainty_std": 0.12301027774810791,
                "ci_95": [
                    0.46792524497775656,
                    0.9501255337503395
                ],
                "lead_time_hrs": 72,
                "movement_vector": {
                    "dlat_24h": 0.0,
                    "dlon_24h": 0.0
                },
                "trajectory": {},
                "top_driver": "tmpprs",
                "ugrdprs": 0.0068827783688902855,
                "vgrdprs": 0.006963302381336689,
                "vvelprs": 0.00636292714625597,
                "tmpprs": 0.007169165648519993,
                "rhprs": 0.006903196219354868,
                "hgtprs": 0.006966507062315941,
                "absvprs": 0.0066127232275903225,
                "pressfc": 0.00039784147520549595,
                "capesfc": 0.0003668371355161071,
                "tmpsfc": 0.00045348017010837793,
                "landmask": 0.0005250115063972771
            }
        },
        {
            "type": "Feature",
            "geometry": {
                "type": "Point",
                "coordinates": [
                    -85.0,
                    -7.0
                ]
            },
            "properties": {
                "system_id": "INVEST_00",
                "confidence": 0.7077791647128304,
                "uncertainty_std": 0.15233847498893738,
                "ci_95": [
                    0.40919575373451317,
                    1.0
                ],
                "lead_time_hrs": 72,
                "movement_vector": {
                    "dlat_24h": 0.0,
                    "dlon_24h": 0.0
                },
                "trajectory": {},
                "top_driver": "ugrdprs",
                "ugrdprs": 0.010289638303220272,
                "vgrdprs": 0.010012038052082062,
                "vvelprs": 0.009902812540531158,
                "tmpprs": 0.009331761859357357,
                "rhprs": 0.00910253543406725,
                "hgtprs": 0.010218069888651371,
                "absvprs": 0.009770366363227367,
                "pressfc": 0.0005902600241824985,
                "capesfc": 0.0005028147716075182,
                "tmpsfc": 0.0005751692224293947,
                "landmask": 0.0006124258507043123
            }
        },
        {
            "type": "Feature",
            "geometry": {
                "type": "Point",
                "coordinates": [
                    71.0,
                    24.0
                ]
            },
            "properties": {
                "system_id": "INVEST_00",
                "confidence": 0.7051724004283988,
                "uncertainty_std": 0.24869750440120697,
                "ci_95": [
                    0.21772529180203315,
                    1.0
                ],
                "lead_time_hrs": 72,
                "movement_vector": {
                    "dlat_24h": 0.0,
                    "dlon_24h": 0.0
                },
                "trajectory": {},
                "top_driver": "rhprs",
                "ugrdprs": 0.003975394181907177,
                "vgrdprs": 0.003806701861321926,
                "vvelprs": 0.00380295654758811,
                "tmpprs": 0.0038966750726103783,
                "rhprs": 0.004025543108582497,
                "hgtprs": 0.0037358072586357594,
                "absvprs": 0.00351237622089684,
                "pressfc": 0.0002504786243662238,
                "capesfc": 0.00020660104928538203,
                "tmpsfc": 0.0002106552419718355,
                "landmask": 0.00020204493193887174
            }
        },
        {
            "type": "Feature",
            "geometry": {
                "type": "Point",
                "coordinates": [
                    108.0,
                    10.0
                ]
            },
            "properties": {
                "system_id": "INVEST_00",
                "confidence": 0.7050282997573631,
                "uncertainty_std": 0.1467742919921875,
                "ci_95": [
                    0.4173506874526757,
                    0.9927059120620506
                ],
                "lead_time_hrs": 72,
                "movement_vector": {
                    "dlat_24h": 0.0,
                    "dlon_24h": 0.0
                },
                "trajectory": {},
                "top_driver": "ugrdprs",
                "ugrdprs": 0.007017647381871939,
                "vgrdprs": 0.006714345421642065,
                "vvelprs": 0.006692218594253063,
                "tmpprs": 0.00669785775244236,
                "rhprs": 0.006469076033681631,
                "hgtprs": 0.006789701525121927,
                "absvprs": 0.006645367946475744,
                "pressfc": 0.0002992833615280688,
                "capesfc": 0.0003424061869736761,
                "tmpsfc": 0.00045202681212686,
                "landmask": 0.0005172485252842307
            }
        },
        {
            "type": "Feature",
            "geometry": {
                "type": "Point",
                "coordinates": [
                    -108.0,
                    25.0
                ]
            },
            "properties": {
                "system_id": "INVEST_00",
                "confidence": 0.7013138539468649,
                "uncertainty_std": 0.19014763832092285,
                "ci_95": [
                    0.32862448283785606,
                    1.0
                ],
                "lead_time_hrs": 72,
                "movement_vector": {
                    "dlat_24h": 0.0,
                    "dlon_24h": 0.0
                },
                "trajectory": {},
                "top_driver": "tmpprs",
                "ugrdprs": 0.004636067431420088,
                "vgrdprs": 0.004475556313991547,
                "vvelprs": 0.004315447062253952,
                "tmpprs": 0.004928391892462969,
                "rhprs": 0.004649109672755003,
                "hgtprs": 0.004449114203453064,
                "absvprs": 0.004306233488023281,
                "pressfc": 0.0002860253443941474,
                "capesfc": 0.0003185704699717462,
                "tmpsfc": 0.0003069974191021174,
                "landmask": 0.00021572074911091477
            }
        },
        {
            "type": "Feature",
            "geometry": {
                "type": "Point",
                "coordinates": [
                    177.0,
                    -1.0
                ]
            },
            "properties": {
                "system_id": "INVEST_00",
                "confidence": 0.6996730504498502,
                "uncertainty_std": 0.10132455825805664,
                "ci_95": [
                    0.5010769162640591,
                    0.8982691846356412
                ],
                "lead_time_hrs": 72,
                "movement_vector": {
                    "dlat_24h": 0.0,
                    "dlon_24h": 0.0
                },
                "trajectory": {},
                "top_driver": "vvelprs",
                "ugrdprs": 0.004453138913959265,
                "vgrdprs": 0.004469907842576504,
                "vvelprs": 0.004514957312494516,
                "tmpprs": 0.004222931805998087,
                "rhprs": 0.003915897570550442,
                "hgtprs": 0.004415897652506828,
                "absvprs": 0.004365313798189163,
                "pressfc": 0.0002111399226123467,
                "capesfc": 0.00021863328584004194,
                "tmpsfc": 0.00021739969088230282,
                "landmask": 0.00027205096557736397
            }
        },
        {
            "type": "Feature",
            "geometry": {
                "type": "Point",
                "coordinates": [
                    -95.0,
                    23.0
                ]
            },
            "properties": {
                "system_id": "INVEST_00",
                "confidence": 0.6987467332741317,
                "uncertainty_std": 0.1800157129764557,
                "ci_95": [
                    0.3459159358402786,
                    1.0
                ],
                "lead_time_hrs": 72,
                "movement_vector": {
                    "dlat_24h": 0.0,
                    "dlon_24h": 0.0
                },
                "trajectory": {},
                "top_driver": "tmpprs",
                "ugrdprs": 0.002487383084371686,
                "vgrdprs": 0.00229376251809299,
                "vvelprs": 0.0024014313239604235,
                "tmpprs": 0.0025461239274591208,
                "rhprs": 0.0024876559618860483,
                "hgtprs": 0.002487542573362589,
                "absvprs": 0.002403487917035818,
                "pressfc": 7.642459240742028e-05,
                "capesfc": 0.00018363991694059223,
                "tmpsfc": 0.0001459506747778505,
                "landmask": 0.00012162612256361172
            }
        },
        {
            "type": "Feature",
            "geometry": {
                "type": "Point",
                "coordinates": [
                    46.0,
                    -7.0
                ]
            },
            "properties": {
                "system_id": "INVEST_00",
                "confidence": 0.6973498107260286,
                "uncertainty_std": 0.21228347718715668,
                "ci_95": [
                    0.28127419543920157,
                    1.0
                ],
                "lead_time_hrs": 72,
                "movement_vector": {
                    "dlat_24h": 0.0,
                    "dlon_24h": 0.0
                },
                "trajectory": {},
                "top_driver": "hgtprs",
                "ugrdprs": 0.009161005727946758,
                "vgrdprs": 0.008560804650187492,
                "vvelprs": 0.008817484602332115,
                "tmpprs": 0.009103180840611458,
                "rhprs": 0.009538845159113407,
                "hgtprs": 0.009714973159134388,
                "absvprs": 0.009021271020174026,
                "pressfc": 0.0005642511532641947,
                "capesfc": 0.0003864039608743042,
                "tmpsfc": 0.0004114758048672229,
                "landmask": 0.0006871516234241426
            }
        },
        {
            "type": "Feature",
            "geometry": {
                "type": "Point",
                "coordinates": [
                    139.0,
                    20.0
                ]
            },
            "properties": {
                "system_id": "INVEST_00",
                "confidence": 0.6965266499667276,
                "uncertainty_std": 0.08406157791614532,
                "ci_95": [
                    0.5317659572510828,
                    0.8612873426823725
                ],
                "lead_time_hrs": 72,
                "movement_vector": {
                    "dlat_24h": 0.0,
                    "dlon_24h": 0.0
                },
                "trajectory": {},
                "top_driver": "ugrdprs",
                "ugrdprs": 0.0038217182736843824,
                "vgrdprs": 0.0036753141321241856,
                "vvelprs": 0.003415223676711321,
                "tmpprs": 0.0035700579173862934,
                "rhprs": 0.0033489989582449198,
                "hgtprs": 0.0036496317479759455,
                "absvprs": 0.0035952338948845863,
                "pressfc": 0.00021616222511511296,
                "capesfc": 0.00022049943800084293,
                "tmpsfc": 0.00017587577167432755,
                "landmask": 0.00029209759668447077
            }
        },
        {
            "type": "Feature",
            "geometry": {
                "type": "Point",
                "coordinates": [
                    158.0,
                    32.0
                ]
            },
            "properties": {
                "system_id": "INVEST_00",
                "confidence": 0.6943256890815647,
                "uncertainty_std": 0.12685087323188782,
                "ci_95": [
                    0.4456979775470645,
                    0.9429534006160648
                ],
                "lead_time_hrs": 72,
                "movement_vector": {
                    "dlat_24h": 0.0,
                    "dlon_24h": 0.0
                },
                "trajectory": {},
                "top_driver": "ugrdprs",
                "ugrdprs": 0.0035773988347500563,
                "vgrdprs": 0.003418319160118699,
                "vvelprs": 0.0033368465956300497,
                "tmpprs": 0.003133518388494849,
                "rhprs": 0.0032723410986363888,
                "hgtprs": 0.0034970019478350878,
                "absvprs": 0.003269321285188198,
                "pressfc": 0.00024085983750410378,
                "capesfc": 0.00019901449559256434,
                "tmpsfc": 0.0001779810118023306,
                "landmask": 0.00031517233583144844
            }
        },
        {
            "type": "Feature",
            "geometry": {
                "type": "Point",
                "coordinates": [
                    -138.0,
                    6.0
                ]
            },
            "properties": {
                "system_id": "INVEST_00",
                "confidence": 0.6928709850793101,
                "uncertainty_std": 0.08752197027206421,
                "ci_95": [
                    0.5213279233460643,
                    0.864414046812556
                ],
                "lead_time_hrs": 72,
                "movement_vector": {
                    "dlat_24h": 0.0,
                    "dlon_24h": 0.0
                },
                "trajectory": {},
                "top_driver": "ugrdprs",
                "ugrdprs": 0.004330750089138746,
                "vgrdprs": 0.0040940591134130955,
                "vvelprs": 0.004236426204442978,
                "tmpprs": 0.004087820649147034,
                "rhprs": 0.0038753917906433344,
                "hgtprs": 0.004121051169931889,
                "absvprs": 0.004297285340726376,
                "pressfc": 0.00029686038033105433,
                "capesfc": 0.000256704050116241,
                "tmpsfc": 0.0002350330032641068,
                "landmask": 0.00023710241657681763
            }
        },
        {
            "type": "Feature",
            "geometry": {
                "type": "Point",
                "coordinates": [
                    -150.0,
                    4.0
                ]
            },
            "properties": {
                "system_id": "INVEST_00",
                "confidence": 0.690438521275657,
                "uncertainty_std": 0.09947331994771957,
                "ci_95": [
                    0.4954708141781266,
                    0.8854062283731874
                ],
                "lead_time_hrs": 72,
                "movement_vector": {
                    "dlat_24h": 0.0,
                    "dlon_24h": 0.0
                },
                "trajectory": {},
                "top_driver": "ugrdprs",
                "ugrdprs": 0.008560164831578732,
                "vgrdprs": 0.008347545750439167,
                "vvelprs": 0.008183050900697708,
                "tmpprs": 0.00800721999257803,
                "rhprs": 0.007413623854517937,
                "hgtprs": 0.007934661582112312,
                "absvprs": 0.008159240707755089,
                "pressfc": 0.0004338248982094228,
                "capesfc": 0.00040509586688131094,
                "tmpsfc": 0.0005148876807652414,
                "landmask": 0.00038032137672416866
            }
        },
        {
            "type": "Feature",
            "geometry": {
                "type": "Point",
                "coordinates": [
                    133.0,
                    20.0
                ]
            },
            "properties": {
                "system_id": "INVEST_00",
                "confidence": 0.6899438986311085,
                "uncertainty_std": 0.08735421299934387,
                "ci_95": [
                    0.5187296411523945,
                    0.8611581561098225
                ],
                "lead_time_hrs": 72,
                "movement_vector": {
                    "dlat_24h": 0.0,
                    "dlon_24h": 0.0
                },
                "trajectory": {},
                "top_driver": "ugrdprs",
                "ugrdprs": 0.004293826408684254,
                "vgrdprs": 0.003941177390515804,
                "vvelprs": 0.003929289523512125,
                "tmpprs": 0.003906696103513241,
                "rhprs": 0.003855798626318574,
                "hgtprs": 0.003872290253639221,
                "absvprs": 0.004019576124846935,
                "pressfc": 0.00024754658807069063,
                "capesfc": 0.0002275987499160692,
                "tmpsfc": 0.00018027023179456592,
                "landmask": 0.0002281263587065041
            }
        },
        {
            "type": "Feature",
            "geometry": {
                "type": "Point",
                "coordinates": [
                    -38.0,
                    -15.0
                ]
            },
            "properties": {
                "system_id": "INVEST_00",
                "confidence": 0.6885379424864865,
                "uncertainty_std": 0.09263850003480911,
                "ci_95": [
                    0.5069664824182606,
                    0.8701094025547124
                ],
                "lead_time_hrs": 72,
                "movement_vector": {
                    "dlat_24h": 0.0,
                    "dlon_24h": 0.0
                },
                "trajectory": {},
                "top_driver": "ugrdprs",
                "ugrdprs": 0.00913220178335905,
                "vgrdprs": 0.008947656489908695,
                "vvelprs": 0.008937599137425423,
                "tmpprs": 0.008937891572713852,
                "rhprs": 0.008054733276367188,
                "hgtprs": 0.008413082920014858,
                "absvprs": 0.008125344291329384,
                "pressfc": 0.0005149257485754788,
                "capesfc": 0.0003947395598515868,
                "tmpsfc": 0.0005530848284251988,
                "landmask": 0.0004942288505844772
            }
        },
        {
            "type": "Feature",
            "geometry": {
                "type": "Point",
                "coordinates": [
                    -37.0,
                    33.0
                ]
            },
            "properties": {
                "system_id": "INVEST_00",
                "confidence": 0.6877898888622149,
                "uncertainty_std": 0.07626274973154068,
                "ci_95": [
                    0.5383148993883952,
                    0.8372648783360347
                ],
                "lead_time_hrs": 72,
                "movement_vector": {
                    "dlat_24h": 0.0,
                    "dlon_24h": 0.0
                },
                "trajectory": {},
                "top_driver": "ugrdprs",
                "ugrdprs": 0.003082797396928072,
                "vgrdprs": 0.002854803577065468,
                "vvelprs": 0.0029005161486566067,
                "tmpprs": 0.002791750943288207,
                "rhprs": 0.0026975537184625864,
                "hgtprs": 0.0029757090378552675,
                "absvprs": 0.002993558533489704,
                "pressfc": 0.00021419240511022508,
                "capesfc": 0.00014400201325770468,
                "tmpsfc": 0.00014925000141374767,
                "landmask": 0.00019167498976457864
            }
        },
        {
            "type": "Feature",
            "geometry": {
                "type": "Point",
                "coordinates": [
                    35.0,
                    -14.0
                ]
            },
            "properties": {
                "system_id": "INVEST_00",
                "confidence": 0.6858988660597103,
                "uncertainty_std": 0.1402791440486908,
                "ci_95": [
                    0.41095174372427634,
                    0.9608459883951442
                ],
                "lead_time_hrs": 72,
                "movement_vector": {
                    "dlat_24h": 0.0,
                    "dlon_24h": 0.0
                },
                "trajectory": {},
                "top_driver": "vgrdprs",
                "ugrdprs": 0.004244090523570776,
                "vgrdprs": 0.004337224178016186,
                "vvelprs": 0.004141632001847029,
                "tmpprs": 0.0040755076333880424,
                "rhprs": 0.004070425406098366,
                "hgtprs": 0.0042284391820430756,
                "absvprs": 0.00405664648860693,
                "pressfc": 0.000270658842055127,
                "capesfc": 0.00019859742315020412,
                "tmpsfc": 0.00028016717988066375,
                "landmask": 0.00023406535910908133
            }
        },
        {
            "type": "Feature",
            "geometry": {
                "type": "Point",
                "coordinates": [
                    94.0,
                    9.0
                ]
            },
            "properties": {
                "system_id": "INVEST_00",
                "confidence": 0.6858785140956392,
                "uncertainty_std": 0.13006050884723663,
                "ci_95": [
                    0.43095991675505535,
                    0.940797111436223
                ],
                "lead_time_hrs": 72,
                "movement_vector": {
                    "dlat_24h": 0.0,
                    "dlon_24h": 0.0
                },
                "trajectory": {},
                "top_driver": "rhprs",
                "ugrdprs": 0.009664220735430717,
                "vgrdprs": 0.008972276002168655,
                "vvelprs": 0.009571535512804985,
                "tmpprs": 0.009565833956003189,
                "rhprs": 0.009760023094713688,
                "hgtprs": 0.009509997442364693,
                "absvprs": 0.009412305429577827,
                "pressfc": 0.0005846107378602028,
                "capesfc": 0.00047524695401079953,
                "tmpsfc": 0.0004238744149915874,
                "landmask": 0.0007515432662330568
            }
        },
        {
            "type": "Feature",
            "geometry": {
                "type": "Point",
                "coordinates": [
                    -130.0,
                    28.0
                ]
            },
            "properties": {
                "system_id": "INVEST_00",
                "confidence": 0.6847926983950534,
                "uncertainty_std": 0.18022863566875458,
                "ci_95": [
                    0.3315445724842944,
                    1.0
                ],
                "lead_time_hrs": 72,
                "movement_vector": {
                    "dlat_24h": 0.0,
                    "dlon_24h": 0.0
                },
                "trajectory": {},
                "top_driver": "tmpprs",
                "ugrdprs": 0.007426438853144646,
                "vgrdprs": 0.006765258498489857,
                "vvelprs": 0.00721625005826354,
                "tmpprs": 0.0077055469155311584,
                "rhprs": 0.0071722776629030704,
                "hgtprs": 0.007528579328209162,
                "absvprs": 0.006808281876146793,
                "pressfc": 0.0005934552173130214,
                "capesfc": 0.0003686921263579279,
                "tmpsfc": 0.000342723069479689,
                "landmask": 0.0003527310327626765
            }
        },
        {
            "type": "Feature",
            "geometry": {
                "type": "Point",
                "coordinates": [
                    -18.0,
                    5.0
                ]
            },
            "properties": {
                "system_id": "INVEST_00",
                "confidence": 0.6813179858581224,
                "uncertainty_std": 0.10571908205747604,
                "ci_95": [
                    0.4741085850254694,
                    0.8885273866907755
                ],
                "lead_time_hrs": 72,
                "movement_vector": {
                    "dlat_24h": 0.0,
                    "dlon_24h": 0.0
                },
                "trajectory": {},
                "top_driver": "ugrdprs",
                "ugrdprs": 0.004425280727446079,
                "vgrdprs": 0.004029159899801016,
                "vvelprs": 0.004054680000990629,
                "tmpprs": 0.004101965110749006,
                "rhprs": 0.004114710725843906,
                "hgtprs": 0.0041893403977155685,
                "absvprs": 0.004129263572394848,
                "pressfc": 0.00022364674077834934,
                "capesfc": 0.00019995130423922092,
                "tmpsfc": 0.00022043735953047872,
                "landmask": 0.0004796077555511147
            }
        },
        {
            "type": "Feature",
            "geometry": {
                "type": "Point",
                "coordinates": [
                    -91.0,
                    -2.0
                ]
            },
            "properties": {
                "system_id": "INVEST_00",
                "confidence": 0.6804363235354957,
                "uncertainty_std": 0.059655748307704926,
                "ci_95": [
                    0.563511056852394,
                    0.7973615902185973
                ],
                "lead_time_hrs": 72,
                "movement_vector": {
                    "dlat_24h": 0.0,
                    "dlon_24h": 0.0
                },
                "trajectory": {},
                "top_driver": "ugrdprs",
                "ugrdprs": 0.003966904245316982,
                "vgrdprs": 0.0038150399923324585,
                "vvelprs": 0.0039091771468520164,
                "tmpprs": 0.0037034349516034126,
                "rhprs": 0.003506546374410391,
                "hgtprs": 0.0037290838081389666,
                "absvprs": 0.0036824147682636976,
                "pressfc": 0.00019096941105090082,
                "capesfc": 0.00018885749159380794,
                "tmpsfc": 0.0001916082837851718,
                "landmask": 0.00021156214643269777
            }
        },
        {
            "type": "Feature",
            "geometry": {
                "type": "Point",
                "coordinates": [
                    -157.0,
                    11.0
                ]
            },
            "properties": {
                "system_id": "INVEST_00",
                "confidence": 0.6803815109451086,
                "uncertainty_std": 0.09175971895456314,
                "ci_95": [
                    0.5005324617941649,
                    0.8602305600960523
                ],
                "lead_time_hrs": 72,
                "movement_vector": {
                    "dlat_24h": 0.0,
                    "dlon_24h": 0.0
                },
                "trajectory": {},
                "top_driver": "ugrdprs",
                "ugrdprs": 0.0034854700788855553,
                "vgrdprs": 0.003041453193873167,
                "vvelprs": 0.00331449368968606,
                "tmpprs": 0.003095156978815794,
                "rhprs": 0.0029036577325314283,
                "hgtprs": 0.003255309071391821,
                "absvprs": 0.0032066646963357925,
                "pressfc": 0.0002129750937456265,
                "capesfc": 0.00014378178457263857,
                "tmpsfc": 0.00017177606059703976,
                "landmask": 0.00022435137361753732
            }
        },
        {
            "type": "Feature",
            "geometry": {
                "type": "Point",
                "coordinates": [
                    -143.0,
                    6.0
                ]
            },
            "properties": {
                "system_id": "INVEST_00",
                "confidence": 0.6781108870302358,
                "uncertainty_std": 0.09199108928442001,
                "ci_95": [
                    0.4978083520327726,
                    0.858413422027699
                ],
                "lead_time_hrs": 72,
                "movement_vector": {
                    "dlat_24h": 0.0,
                    "dlon_24h": 0.0
                },
                "trajectory": {},
                "top_driver": "ugrdprs",
                "ugrdprs": 0.004042072221636772,
                "vgrdprs": 0.003624354489147663,
                "vvelprs": 0.0037858914583921432,
                "tmpprs": 0.003604798810556531,
                "rhprs": 0.0035608839243650436,
                "hgtprs": 0.0037866232451051474,
                "absvprs": 0.003983451519161463,
                "pressfc": 0.0002715610316954553,
                "capesfc": 0.00022486747184302658,
                "tmpsfc": 0.00018201743660029024,
                "landmask": 0.0002264766371808946
            }
        },
        {
            "type": "Feature",
            "geometry": {
                "type": "Point",
                "coordinates": [
                    138.0,
                    14.0
                ]
            },
            "properties": {
                "system_id": "INVEST_00",
                "confidence": 0.6746625408764094,
                "uncertainty_std": 0.06409666687250137,
                "ci_95": [
                    0.5490330738063067,
                    0.8002920079465121
                ],
                "lead_time_hrs": 72,
                "movement_vector": {
                    "dlat_24h": 0.0,
                    "dlon_24h": 0.0
                },
                "trajectory": {},
                "top_driver": "ugrdprs",
                "ugrdprs": 0.004322201944887638,
                "vgrdprs": 0.003782403888180852,
                "vvelprs": 0.0042078252881765366,
                "tmpprs": 0.003969195298850536,
                "rhprs": 0.003679421730339527,
                "hgtprs": 0.0040655252523720264,
                "absvprs": 0.004070640541613102,
                "pressfc": 0.0002599797153379768,
                "capesfc": 0.00022295740200206637,
                "tmpsfc": 0.00019429309759289026,
                "landmask": 0.00020110032346565276
            }
        },
        {
            "type": "Feature",
            "geometry": {
                "type": "Point",
                "coordinates": [
                    -116.0,
                    16.0
                ]
            },
            "properties": {
                "system_id": "INVEST_00",
                "confidence": 0.6724502382699274,
                "uncertainty_std": 0.14569081366062164,
                "ci_95": [
                    0.38689624349510904,
                    0.9580042330447458
                ],
                "lead_time_hrs": 72,
                "movement_vector": {
                    "dlat_24h": 0.0,
                    "dlon_24h": 0.0
                },
                "trajectory": {},
                "top_driver": "hgtprs",
                "ugrdprs": 0.005554144736379385,
                "vgrdprs": 0.005510294809937477,
                "vvelprs": 0.005583835765719414,
                "tmpprs": 0.005139472428709269,
                "rhprs": 0.005368770100176334,
                "hgtprs": 0.00569568807259202,
                "absvprs": 0.005074409767985344,
                "pressfc": 0.000355468422640115,
                "capesfc": 0.0002811503945849836,
                "tmpsfc": 0.0003080041497014463,
                "landmask": 0.00043755598017014563
            }
        },
        {
            "type": "Feature",
            "geometry": {
                "type": "Point",
                "coordinates": [
                    71.0,
                    6.0
                ]
            },
            "properties": {
                "system_id": "INVEST_00",
                "confidence": 0.6723295329875129,
                "uncertainty_std": 0.23681800067424774,
                "ci_95": [
                    0.2081662516659873,
                    1.0
                ],
                "lead_time_hrs": 72,
                "movement_vector": {
                    "dlat_24h": 0.0,
                    "dlon_24h": 0.0
                },
                "trajectory": {},
                "top_driver": "tmpprs",
                "ugrdprs": 0.012975076213479042,
                "vgrdprs": 0.013074692338705063,
                "vvelprs": 0.013037562370300293,
                "tmpprs": 0.014194902963936329,
                "rhprs": 0.013502665795385838,
                "hgtprs": 0.01319394912570715,
                "absvprs": 0.013144465163350105,
                "pressfc": 0.000738142931368202,
                "capesfc": 0.000739036244340241,
                "tmpsfc": 0.000655237294267863,
                "landmask": 0.0009312856709584594
            }
        },
        {
            "type": "Feature",
            "geometry": {
                "type": "Point",
                "coordinates": [
                    -167.0,
                    12.0
                ]
            },
            "properties": {
                "system_id": "INVEST_00",
                "confidence": 0.6721773217548066,
                "uncertainty_std": 0.09179654717445374,
                "ci_95": [
                    0.4922560892928773,
                    0.8520985542167359
                ],
                "lead_time_hrs": 72,
                "movement_vector": {
                    "dlat_24h": 0.0,
                    "dlon_24h": 0.0
                },
                "trajectory": {},
                "top_driver": "ugrdprs",
                "ugrdprs": 0.0034096117597073317,
                "vgrdprs": 0.00307273305952549,
                "vvelprs": 0.0033881242852658033,
                "tmpprs": 0.0030948712956160307,
                "rhprs": 0.00286831590346992,
                "hgtprs": 0.003356314729899168,
                "absvprs": 0.003185525070875883,
                "pressfc": 0.00021944769832771271,
                "capesfc": 0.0001413579739164561,
                "tmpsfc": 0.00018026902398560196,
                "landmask": 0.00019647731096483767
            }
        },
        {
            "type": "Feature",
            "geometry": {
                "type": "Point",
                "coordinates": [
                    58.0,
                    18.0
                ]
            },
            "properties": {
                "system_id": "INVEST_00",
                "confidence": 0.6712604419571714,
                "uncertainty_std": 0.14543811976909637,
                "ci_95": [
                    0.3862017272097425,
                    0.9563191567046003
                ],
                "lead_time_hrs": 72,
                "movement_vector": {
                    "dlat_24h": 0.0,
                    "dlon_24h": 0.0
                },
                "trajectory": {},
                "top_driver": "ugrdprs",
                "ugrdprs": 0.006664954591542482,
                "vgrdprs": 0.006462759803980589,
                "vvelprs": 0.006093593779951334,
                "tmpprs": 0.006075205281376839,
                "rhprs": 0.005745046306401491,
                "hgtprs": 0.006658527534455061,
                "absvprs": 0.0059790038503706455,
                "pressfc": 0.0003610550775192678,
                "capesfc": 0.0002762275980785489,
                "tmpsfc": 0.0003276318311691284,
                "landmask": 0.00042690974078141153
            }
        },
        {
            "type": "Feature",
            "geometry": {
                "type": "Point",
                "coordinates": [
                    121.0,
                    34.0
                ]
            },
            "properties": {
                "system_id": "INVEST_00",
                "confidence": 0.6710373232008242,
                "uncertainty_std": 0.15677639842033386,
                "ci_95": [
                    0.36375558229696986,
                    0.9783190641046786
                ],
                "lead_time_hrs": 72,
                "movement_vector": {
                    "dlat_24h": 0.0,
                    "dlon_24h": 0.0
                },
                "trajectory": {},
                "top_driver": "vvelprs",
                "ugrdprs": 0.007130031008273363,
                "vgrdprs": 0.006869077682495117,
                "vvelprs": 0.007490420714020729,
                "tmpprs": 0.006594638340175152,
                "rhprs": 0.006709014065563679,
                "hgtprs": 0.006813686341047287,
                "absvprs": 0.006996928248554468,
                "pressfc": 0.0003373441577423364,
                "capesfc": 0.000368035543942824,
                "tmpsfc": 0.000308229704387486,
                "landmask": 0.00034913100535050035
            }
        },
        {
            "type": "Feature",
            "geometry": {
                "type": "Point",
                "coordinates": [
                    -78.0,
                    10.0
                ]
            },
            "properties": {
                "system_id": "INVEST_00",
                "confidence": 0.6704787127657971,
                "uncertainty_std": 0.11175424605607986,
                "ci_95": [
                    0.45144039049588053,
                    0.8895170350357136
                ],
                "lead_time_hrs": 72,
                "movement_vector": {
                    "dlat_24h": 0.0,
                    "dlon_24h": 0.0
                },
                "trajectory": {},
                "top_driver": "vvelprs",
                "ugrdprs": 0.003414282575249672,
                "vgrdprs": 0.0033118228893727064,
                "vvelprs": 0.003503211075440049,
                "tmpprs": 0.00312511483207345,
                "rhprs": 0.0030563303735107183,
                "hgtprs": 0.0033326121047139168,
                "absvprs": 0.0033418862149119377,
                "pressfc": 0.0002471497864462435,
                "capesfc": 0.00020346781820990145,
                "tmpsfc": 0.00015061124577187002,
                "landmask": 0.00016812044486869127
            }
        },
        {
            "type": "Feature",
            "geometry": {
                "type": "Point",
                "coordinates": [
                    169.0,
                    -1.0
                ]
            },
            "properties": {
                "system_id": "INVEST_00",
                "confidence": 0.6664703088979628,
                "uncertainty_std": 0.12146666646003723,
                "ci_95": [
                    0.4283956426362898,
                    0.9045449751596357
                ],
                "lead_time_hrs": 72,
                "movement_vector": {
                    "dlat_24h": 0.0,
                    "dlon_24h": 0.0
                },
                "trajectory": {},
                "top_driver": "vvelprs",
                "ugrdprs": 0.008365893736481667,
                "vgrdprs": 0.00820582453161478,
                "vvelprs": 0.008466233499348164,
                "tmpprs": 0.007896596565842628,
                "rhprs": 0.007434178609400988,
                "hgtprs": 0.008283146657049656,
                "absvprs": 0.008129239082336426,
                "pressfc": 0.00046026031486690044,
                "capesfc": 0.0004276544786989689,
                "tmpsfc": 0.0004586509021464735,
                "landmask": 0.0004340889281593263
            }
        },
        {
            "type": "Feature",
            "geometry": {
                "type": "Point",
                "coordinates": [
                    -56.0,
                    -2.0
                ]
            },
            "properties": {
                "system_id": "INVEST_00",
                "confidence": 0.6652569414496663,
                "uncertainty_std": 0.08864744752645493,
                "ci_95": [
                    0.49150794429781464,
                    0.839005938601518
                ],
                "lead_time_hrs": 72,
                "movement_vector": {
                    "dlat_24h": 0.0,
                    "dlon_24h": 0.0
                },
                "trajectory": {},
                "top_driver": "vvelprs",
                "ugrdprs": 0.00430805329233408,
                "vgrdprs": 0.004171435255557299,
                "vvelprs": 0.004365007858723402,
                "tmpprs": 0.004013362340629101,
                "rhprs": 0.0037521077319979668,
                "hgtprs": 0.004262924659997225,
                "absvprs": 0.004189660772681236,
                "pressfc": 0.0002896800870075822,
                "capesfc": 0.00024196055892389268,
                "tmpsfc": 0.00020945210417266935,
                "landmask": 0.00029631651705130935
            }
        },
        {
            "type": "Feature",
            "geometry": {
                "type": "Point",
                "coordinates": [
                    174.0,
                    -5.0
                ]
            },
            "properties": {
                "system_id": "INVEST_00",
                "confidence": 0.6650774769597037,
                "uncertainty_std": 0.13622315227985382,
                "ci_95": [
                    0.3980800984911902,
                    0.9320748554282171
                ],
                "lead_time_hrs": 72,
                "movement_vector": {
                    "dlat_24h": 0.0,
                    "dlon_24h": 0.0
                },
                "trajectory": {},
                "top_driver": "ugrdprs",
                "ugrdprs": 0.006405480671674013,
                "vgrdprs": 0.006109909154474735,
                "vvelprs": 0.00624644011259079,
                "tmpprs": 0.005900246091187,
                "rhprs": 0.005869404878467321,
                "hgtprs": 0.006192709319293499,
                "absvprs": 0.005998880136758089,
                "pressfc": 0.0003838723641820252,
                "capesfc": 0.00030933544621802866,
                "tmpsfc": 0.0003792845527641475,
                "landmask": 0.0003747583250515163
            }
        },
        {
            "type": "Feature",
            "geometry": {
                "type": "Point",
                "coordinates": [
                    165.0,
                    -5.0
                ]
            },
            "properties": {
                "system_id": "INVEST_00",
                "confidence": 0.6637743120503001,
                "uncertainty_std": 0.09605582803487778,
                "ci_95": [
                    0.47550488910193967,
                    0.8520437349986606
                ],
                "lead_time_hrs": 72,
                "movement_vector": {
                    "dlat_24h": 0.0,
                    "dlon_24h": 0.0
                },
                "trajectory": {},
                "top_driver": "ugrdprs",
                "ugrdprs": 0.005433159414678812,
                "vgrdprs": 0.005383609794080257,
                "vvelprs": 0.005357392597943544,
                "tmpprs": 0.005155984777957201,
                "rhprs": 0.005144916009157896,
                "hgtprs": 0.005404879804700613,
                "absvprs": 0.005082785151898861,
                "pressfc": 0.0002665783977136016,
                "capesfc": 0.00027143623447045684,
                "tmpsfc": 0.0002864912385120988,
                "landmask": 0.00039339141221717
            }
        },
        {
            "type": "Feature",
            "geometry": {
                "type": "Point",
                "coordinates": [
                    -116.0,
                    7.0
                ]
            },
            "properties": {
                "system_id": "INVEST_00",
                "confidence": 0.6610558597575933,
                "uncertainty_std": 0.09810337424278259,
                "ci_95": [
                    0.46877324624173944,
                    0.8533384732734471
                ],
                "lead_time_hrs": 72,
                "movement_vector": {
                    "dlat_24h": 0.0,
                    "dlon_24h": 0.0
                },
                "trajectory": {},
                "top_driver": "ugrdprs",
                "ugrdprs": 0.005434028804302216,
                "vgrdprs": 0.005076853558421135,
                "vvelprs": 0.005307874642312527,
                "tmpprs": 0.00501506682485342,
                "rhprs": 0.004580555018037558,
                "hgtprs": 0.005119334440678358,
                "absvprs": 0.004989909939467907,
                "pressfc": 0.0002285332011524588,
                "capesfc": 0.00024924188619479537,
                "tmpsfc": 0.00022296645329333842,
                "landmask": 0.00032321171602234244
            }
        },
        {
            "type": "Feature",
            "geometry": {
                "type": "Point",
                "coordinates": [
                    100.0,
                    4.0
                ]
            },
            "properties": {
                "system_id": "INVEST_00",
                "confidence": 0.6562286550990027,
                "uncertainty_std": 0.15545587241649628,
                "ci_95": [
                    0.35153514516267004,
                    0.9609221650353355
                ],
                "lead_time_hrs": 72,
                "movement_vector": {
                    "dlat_24h": 0.0,
                    "dlon_24h": 0.0
                },
                "trajectory": {},
                "top_driver": "tmpprs",
                "ugrdprs": 0.008645398542284966,
                "vgrdprs": 0.007931812666356564,
                "vvelprs": 0.008261273615062237,
                "tmpprs": 0.008674608543515205,
                "rhprs": 0.007806800305843353,
                "hgtprs": 0.00797280389815569,
                "absvprs": 0.00814887322485447,
                "pressfc": 0.0003473504038993269,
                "capesfc": 0.00039457876118831336,
                "tmpsfc": 0.0003702883259393275,
                "landmask": 0.000534369028173387
            }
        },
        {
            "type": "Feature",
            "geometry": {
                "type": "Point",
                "coordinates": [
                    129.0,
                    32.0
                ]
            },
            "properties": {
                "system_id": "INVEST_00",
                "confidence": 0.6555530405783521,
                "uncertainty_std": 0.1916906088590622,
                "ci_95": [
                    0.27983944721459014,
                    1.0
                ],
                "lead_time_hrs": 72,
                "movement_vector": {
                    "dlat_24h": 0.0,
                    "dlon_24h": 0.0
                },
                "trajectory": {},
                "top_driver": "ugrdprs",
                "ugrdprs": 0.006923750042915344,
                "vgrdprs": 0.006438091397285461,
                "vvelprs": 0.0065799253061413765,
                "tmpprs": 0.00636355672031641,
                "rhprs": 0.0061150649562478065,
                "hgtprs": 0.006045851856470108,
                "absvprs": 0.00635353522375226,
                "pressfc": 0.0003587697574403137,
                "capesfc": 0.0003655990876723081,
                "tmpsfc": 0.00038048747228458524,
                "landmask": 0.0004448761173989624
            }
        },
        {
            "type": "Feature",
            "geometry": {
                "type": "Point",
                "coordinates": [
                    -116.0,
                    0.0
                ]
            },
            "properties": {
                "system_id": "INVEST_00",
                "confidence": 0.654568156940327,
                "uncertainty_std": 0.08712160587310791,
                "ci_95": [
                    0.4838098094290355,
                    0.8253265044516185
                ],
                "lead_time_hrs": 72,
                "movement_vector": {
                    "dlat_24h": 0.0,
                    "dlon_24h": 0.0
                },
                "trajectory": {},
                "top_driver": "ugrdprs",
                "ugrdprs": 0.0036784792318940163,
                "vgrdprs": 0.003470080439001322,
                "vvelprs": 0.003604720113798976,
                "tmpprs": 0.0034769424237310886,
                "rhprs": 0.003324920078739524,
                "hgtprs": 0.0036074540112167597,
                "absvprs": 0.003425915725529194,
                "pressfc": 0.00021677061158698052,
                "capesfc": 0.00016370952653232962,
                "tmpsfc": 0.00016489428526256233,
                "landmask": 0.00020613653759937733
            }
        },
        {
            "type": "Feature",
            "geometry": {
                "type": "Point",
                "coordinates": [
                    -33.0,
                    35.0
                ]
            },
            "properties": {
                "system_id": "INVEST_00",
                "confidence": 0.6544036075641994,
                "uncertainty_std": 0.11051210016012192,
                "ci_95": [
                    0.4377998912503604,
                    0.8710073238780383
                ],
                "lead_time_hrs": 72,
                "movement_vector": {
                    "dlat_24h": 0.0,
                    "dlon_24h": 0.0
                },
                "trajectory": {},
                "top_driver": "ugrdprs",
                "ugrdprs": 0.0038163731805980206,
                "vgrdprs": 0.0035217534750699997,
                "vvelprs": 0.0035679081920534372,
                "tmpprs": 0.003408294403925538,
                "rhprs": 0.0033938323613256216,
                "hgtprs": 0.003630810882896185,
                "absvprs": 0.003529305336996913,
                "pressfc": 0.0002800947695504874,
                "capesfc": 0.00014685576024930924,
                "tmpsfc": 0.00020124322327319533,
                "landmask": 0.00023965233413036913
            }
        },
        {
            "type": "Feature",
            "geometry": {
                "type": "Point",
                "coordinates": [
                    131.0,
                    14.0
                ]
            },
            "properties": {
                "system_id": "INVEST_00",
                "confidence": 0.6542075251043552,
                "uncertainty_std": 0.060175105929374695,
                "ci_95": [
                    0.5362643174827808,
                    0.7721507327259296
                ],
                "lead_time_hrs": 72,
                "movement_vector": {
                    "dlat_24h": 0.0,
                    "dlon_24h": 0.0
                },
                "trajectory": {},
                "top_driver": "vvelprs",
                "ugrdprs": 0.004247719421982765,
                "vgrdprs": 0.003952386789023876,
                "vvelprs": 0.004276576451957226,
                "tmpprs": 0.003956722095608711,
                "rhprs": 0.0037383618764579296,
                "hgtprs": 0.004172534216195345,
                "absvprs": 0.004123634658753872,
                "pressfc": 0.00029282065224833786,
                "capesfc": 0.00025100907078012824,
                "tmpsfc": 0.00015435577370226383,
                "landmask": 0.0002543959708418697
            }
        },
        {
            "type": "Feature",
            "geometry": {
                "type": "Point",
                "coordinates": [
                    150.0,
                    5.0
                ]
            },
            "properties": {
                "system_id": "INVEST_00",
                "confidence": 0.653948423830375,
                "uncertainty_std": 0.06426409631967545,
                "ci_95": [
                    0.5279907950438112,
                    0.7799060526169388
                ],
                "lead_time_hrs": 72,
                "movement_vector": {
                    "dlat_24h": 0.0,
                    "dlon_24h": 0.0
                },
                "trajectory": {},
                "top_driver": "ugrdprs",
                "ugrdprs": 0.0049513415433466434,
                "vgrdprs": 0.004832724574953318,
                "vvelprs": 0.004858738277107477,
                "tmpprs": 0.004549243953078985,
                "rhprs": 0.0046364967711269855,
                "hgtprs": 0.004704770632088184,
                "absvprs": 0.004736189264804125,
                "pressfc": 0.00024021013814490288,
                "capesfc": 0.0002242605114588514,
                "tmpsfc": 0.0002367031411267817,
                "landmask": 0.0003450754738878459
            }
        },
        {
            "type": "Feature",
            "geometry": {
                "type": "Point",
                "coordinates": [
                    170.0,
                    33.0
                ]
            },
            "properties": {
                "system_id": "INVEST_00",
                "confidence": 0.653021708295162,
                "uncertainty_std": 0.0924236997961998,
                "ci_95": [
                    0.47187125669461044,
                    0.8341721598957137
                ],
                "lead_time_hrs": 72,
                "movement_vector": {
                    "dlat_24h": 0.0,
                    "dlon_24h": 0.0
                },
                "trajectory": {},
                "top_driver": "ugrdprs",
                "ugrdprs": 0.005369322840124369,
                "vgrdprs": 0.00509639922529459,
                "vvelprs": 0.005163087043911219,
                "tmpprs": 0.005051706917583942,
                "rhprs": 0.004792228806763887,
                "hgtprs": 0.005245659034699202,
                "absvprs": 0.005059875547885895,
                "pressfc": 0.0002958191616926342,
                "capesfc": 0.0002477399248164147,
                "tmpsfc": 0.00031371580553241074,
                "landmask": 0.00032948353327810764
            }
        },
        {
            "type": "Feature",
            "geometry": {
                "type": "Point",
                "coordinates": [
                    142.0,
                    11.0
                ]
            },
            "properties": {
                "system_id": "INVEST_00",
                "confidence": 0.6507193203637238,
                "uncertainty_std": 0.1084471121430397,
                "ci_95": [
                    0.438162980563366,
                    0.8632756601640816
                ],
                "lead_time_hrs": 72,
                "movement_vector": {
                    "dlat_24h": 0.0,
                    "dlon_24h": 0.0
                },
                "trajectory": {},
                "top_driver": "ugrdprs",
                "ugrdprs": 0.009691641665995121,
                "vgrdprs": 0.009114876389503479,
                "vvelprs": 0.009506391361355782,
                "tmpprs": 0.008707674220204353,
                "rhprs": 0.008247517980635166,
                "hgtprs": 0.009213457815349102,
                "absvprs": 0.008805097080767155,
                "pressfc": 0.0004973702016286552,
                "capesfc": 0.00044403807260096073,
                "tmpsfc": 0.00048296432942152023,
                "landmask": 0.0004401830956339836
            }
        },
        {
            "type": "Feature",
            "geometry": {
                "type": "Point",
                "coordinates": [
                    -111.0,
                    7.0
                ]
            },
            "properties": {
                "system_id": "INVEST_00",
                "confidence": 0.6501912587678386,
                "uncertainty_std": 0.0898643210530281,
                "ci_95": [
                    0.4740571895039035,
                    0.8263253280317736
                ],
                "lead_time_hrs": 72,
                "movement_vector": {
                    "dlat_24h": 0.0,
                    "dlon_24h": 0.0
                },
                "trajectory": {},
                "top_driver": "ugrdprs",
                "ugrdprs": 0.004338592290878296,
                "vgrdprs": 0.0038170001935213804,
                "vvelprs": 0.004322436638176441,
                "tmpprs": 0.003966609016060829,
                "rhprs": 0.0035862806253135204,
                "hgtprs": 0.004117958713322878,
                "absvprs": 0.0040803649462759495,
                "pressfc": 0.00025448016822338104,
                "capesfc": 0.00023302622139453888,
                "tmpsfc": 0.00018067836936097592,
                "landmask": 0.0002888189919758588
            }
        },
        {
            "type": "Feature",
            "geometry": {
                "type": "Point",
                "coordinates": [
                    7.0,
                    -1.0
                ]
            },
            "properties": {
                "system_id": "INVEST_00",
                "confidence": 0.6498472631385619,
                "uncertainty_std": 0.23845267295837402,
                "ci_95": [
                    0.1824800241401488,
                    1.0
                ],
                "lead_time_hrs": 72,
                "movement_vector": {
                    "dlat_24h": 0.0,
                    "dlon_24h": 0.0
                },
                "trajectory": {},
                "top_driver": "vvelprs",
                "ugrdprs": 0.007357065565884113,
                "vgrdprs": 0.00760577293112874,
                "vvelprs": 0.007664149161428213,
                "tmpprs": 0.006994076073169708,
                "rhprs": 0.007343329954892397,
                "hgtprs": 0.007573680020868778,
                "absvprs": 0.0073541258461773396,
                "pressfc": 0.00044421260827220976,
                "capesfc": 0.0003308779851067811,
                "tmpsfc": 0.0004009816620964557,
                "landmask": 0.0006915654521435499
            }
        },
        {
            "type": "Feature",
            "geometry": {
                "type": "Point",
                "coordinates": [
                    149.0,
                    10.0
                ]
            },
            "properties": {
                "system_id": "INVEST_00",
                "confidence": 0.6493568802567019,
                "uncertainty_std": 0.11794869601726532,
                "ci_95": [
                    0.4181774360628619,
                    0.880536324450542
                ],
                "lead_time_hrs": 72,
                "movement_vector": {
                    "dlat_24h": 0.0,
                    "dlon_24h": 0.0
                },
                "trajectory": {},
                "top_driver": "ugrdprs",
                "ugrdprs": 0.004765145480632782,
                "vgrdprs": 0.004355848301202059,
                "vvelprs": 0.00444459356367588,
                "tmpprs": 0.004489948973059654,
                "rhprs": 0.004217188805341721,
                "hgtprs": 0.0045701502822339535,
                "absvprs": 0.004303721245378256,
                "pressfc": 0.00028596489573828876,
                "capesfc": 0.00021256195032037795,
                "tmpsfc": 0.000203717514523305,
                "landmask": 0.00026599792181514204
            }
        },
        {
            "type": "Feature",
            "geometry": {
                "type": "Point",
                "coordinates": [
                    -144.0,
                    13.0
                ]
            },
            "properties": {
                "system_id": "INVEST_00",
                "confidence": 0.6488162398547233,
                "uncertainty_std": 0.08244701474905014,
                "ci_95": [
                    0.48722009094658497,
                    0.8104123887628616
                ],
                "lead_time_hrs": 72,
                "movement_vector": {
                    "dlat_24h": 0.0,
                    "dlon_24h": 0.0
                },
                "trajectory": {},
                "top_driver": "ugrdprs",
                "ugrdprs": 0.003474223893135786,
                "vgrdprs": 0.0031825550831854343,
                "vvelprs": 0.0034329809714108706,
                "tmpprs": 0.003289761720225215,
                "rhprs": 0.0030583052430301905,
                "hgtprs": 0.0032665040343999863,
                "absvprs": 0.003367006778717041,
                "pressfc": 0.00027060869615525007,
                "capesfc": 0.00017038221994880587,
                "tmpsfc": 0.00017305293295066804,
                "landmask": 0.0001983220863621682
            }
        },
        {
            "type": "Feature",
            "geometry": {
                "type": "Point",
                "coordinates": [
                    66.0,
                    22.0
                ]
            },
            "properties": {
                "system_id": "INVEST_00",
                "confidence": 0.6483687693034208,
                "uncertainty_std": 0.1531752496957779,
                "ci_95": [
                    0.3481452798996961,
                    0.9485922587071455
                ],
                "lead_time_hrs": 72,
                "movement_vector": {
                    "dlat_24h": 0.0,
                    "dlon_24h": 0.0
                },
                "trajectory": {},
                "top_driver": "ugrdprs",
                "ugrdprs": 0.00405031256377697,
                "vgrdprs": 0.0037842453457415104,
                "vvelprs": 0.0037532823625952005,
                "tmpprs": 0.004045381676405668,
                "rhprs": 0.0038945917040109634,
                "hgtprs": 0.003890323219820857,
                "absvprs": 0.0036598285660147667,
                "pressfc": 0.00018676058971323073,
                "capesfc": 0.0002456619404256344,
                "tmpsfc": 0.00019795454863924533,
                "landmask": 0.00029626008472405374
            }
        },
        {
            "type": "Feature",
            "geometry": {
                "type": "Point",
                "coordinates": [
                    131.0,
                    26.0
                ]
            },
            "properties": {
                "system_id": "INVEST_00",
                "confidence": 0.6474258087523418,
                "uncertainty_std": 0.08601803332567215,
                "ci_95": [
                    0.47883046343402436,
                    0.8160211540706592
                ],
                "lead_time_hrs": 72,
                "movement_vector": {
                    "dlat_24h": 0.0,
                    "dlon_24h": 0.0
                },
                "trajectory": {},
                "top_driver": "ugrdprs",
                "ugrdprs": 0.004312173463404179,
                "vgrdprs": 0.004025065805763006,
                "vvelprs": 0.0039613316766917706,
                "tmpprs": 0.0040116384625434875,
                "rhprs": 0.003825776744633913,
                "hgtprs": 0.0038236528635025024,
                "absvprs": 0.004078610800206661,
                "pressfc": 0.0002477308444213122,
                "capesfc": 0.00023365284141618758,
                "tmpsfc": 0.00022610268206335604,
                "landmask": 0.00019624471315182745
            }
        },
        {
            "type": "Feature",
            "geometry": {
                "type": "Point",
                "coordinates": [
                    165.0,
                    32.0
                ]
            },
            "properties": {
                "system_id": "INVEST_00",
                "confidence": 0.6471021460068462,
                "uncertainty_std": 0.1363401710987091,
                "ci_95": [
                    0.3798754106533764,
                    0.9143288813603161
                ],
                "lead_time_hrs": 72,
                "movement_vector": {
                    "dlat_24h": 0.0,
                    "dlon_24h": 0.0
                },
                "trajectory": {},
                "top_driver": "ugrdprs",
                "ugrdprs": 0.002977693220600486,
                "vgrdprs": 0.0026902167592197657,
                "vvelprs": 0.0027249651029706,
                "tmpprs": 0.002535398118197918,
                "rhprs": 0.0024998432490974665,
                "hgtprs": 0.002743783872574568,
                "absvprs": 0.002615426667034626,
                "pressfc": 0.00016390887321904302,
                "capesfc": 0.00016045305528678,
                "tmpsfc": 0.00013476981257554144,
                "landmask": 0.0002206838980782777
            }
        },
        {
            "type": "Feature",
            "geometry": {
                "type": "Point",
                "coordinates": [
                    -176.0,
                    -1.0
                ]
            },
            "properties": {
                "system_id": "INVEST_00",
                "confidence": 0.6459964934140158,
                "uncertainty_std": 0.1461922973394394,
                "ci_95": [
                    0.3594595906287146,
                    0.932533396199317
                ],
                "lead_time_hrs": 72,
                "movement_vector": {
                    "dlat_24h": 0.0,
                    "dlon_24h": 0.0
                },
                "trajectory": {},
                "top_driver": "vgrdprs",
                "ugrdprs": 0.007614297326654196,
                "vgrdprs": 0.007751327008008957,
                "vvelprs": 0.007320428267121315,
                "tmpprs": 0.007102344650775194,
                "rhprs": 0.007262832019478083,
                "hgtprs": 0.007084712851792574,
                "absvprs": 0.007071233354508877,
                "pressfc": 0.0005208156071603298,
                "capesfc": 0.00037044144119136035,
                "tmpsfc": 0.0004069392161909491,
                "landmask": 0.0004924547974951565
            }
        },
        {
            "type": "Feature",
            "geometry": {
                "type": "Point",
                "coordinates": [
                    -151.0,
                    -7.0
                ]
            },
            "properties": {
                "system_id": "INVEST_00",
                "confidence": 0.64487770554453,
                "uncertainty_std": 0.08856257796287537,
                "ci_95": [
                    0.47129505273729433,
                    0.8184603583517658
                ],
                "lead_time_hrs": 72,
                "movement_vector": {
                    "dlat_24h": 0.0,
                    "dlon_24h": 0.0
                },
                "trajectory": {},
                "top_driver": "vvelprs",
                "ugrdprs": 0.007174092810600996,
                "vgrdprs": 0.007036848925054073,
                "vvelprs": 0.007378376554697752,
                "tmpprs": 0.006791330873966217,
                "rhprs": 0.006413567345589399,
                "hgtprs": 0.006979099940508604,
                "absvprs": 0.00687077222391963,
                "pressfc": 0.00037268135929480195,
                "capesfc": 0.0003581030759960413,
                "tmpsfc": 0.0004080593353137374,
                "landmask": 0.00032921487581916153
            }
        },
        {
            "type": "Feature",
            "geometry": {
                "type": "Point",
                "coordinates": [
                    117.0,
                    7.0
                ]
            },
            "properties": {
                "system_id": "INVEST_00",
                "confidence": 0.6397822592166166,
                "uncertainty_std": 0.14209452271461487,
                "ci_95": [
                    0.36127699469597147,
                    0.9182875237372616
                ],
                "lead_time_hrs": 72,
                "movement_vector": {
                    "dlat_24h": 0.0,
                    "dlon_24h": 0.0
                },
                "trajectory": {},
                "top_driver": "vgrdprs",
                "ugrdprs": 0.005971718113869429,
                "vgrdprs": 0.006077153608202934,
                "vvelprs": 0.005900996271520853,
                "tmpprs": 0.0057053593918681145,
                "rhprs": 0.005611563101410866,
                "hgtprs": 0.005705995485186577,
                "absvprs": 0.005670685321092606,
                "pressfc": 0.0003401351859793067,
                "capesfc": 0.0003505521162878722,
                "tmpsfc": 0.00038097240030765533,
                "landmask": 0.0003950379614252597
            }
        },
        {
            "type": "Feature",
            "geometry": {
                "type": "Point",
                "coordinates": [
                    -57.0,
                    34.0
                ]
            },
            "properties": {
                "system_id": "INVEST_00",
                "confidence": 0.6392152188440954,
                "uncertainty_std": 0.09774386137723923,
                "ci_95": [
                    0.4476372505447065,
                    0.8307931871434843
                ],
                "lead_time_hrs": 72,
                "movement_vector": {
                    "dlat_24h": 0.0,
                    "dlon_24h": 0.0
                },
                "trajectory": {},
                "top_driver": "ugrdprs",
                "ugrdprs": 0.006792317610234022,
                "vgrdprs": 0.006123182363808155,
                "vvelprs": 0.006414332427084446,
                "tmpprs": 0.006441035773605108,
                "rhprs": 0.005996525287628174,
                "hgtprs": 0.006276462227106094,
                "absvprs": 0.006013528909534216,
                "pressfc": 0.00037757071550004184,
                "capesfc": 0.00042207687511108816,
                "tmpsfc": 0.0002538255648687482,
                "landmask": 0.00041861218051053584
            }
        },
        {
            "type": "Feature",
            "geometry": {
                "type": "Point",
                "coordinates": [
                    -173.0,
                    -9.0
                ]
            },
            "properties": {
                "system_id": "INVEST_00",
                "confidence": 0.6387208030969683,
                "uncertainty_std": 0.11141171306371689,
                "ci_95": [
                    0.4203538454920832,
                    0.8570877607018534
                ],
                "lead_time_hrs": 72,
                "movement_vector": {
                    "dlat_24h": 0.0,
                    "dlon_24h": 0.0
                },
                "trajectory": {},
                "top_driver": "ugrdprs",
                "ugrdprs": 0.007487207651138306,
                "vgrdprs": 0.0069996267557144165,
                "vvelprs": 0.0073126377537846565,
                "tmpprs": 0.006932711694389582,
                "rhprs": 0.006768442690372467,
                "hgtprs": 0.006989091169089079,
                "absvprs": 0.007134666200727224,
                "pressfc": 0.00039597804425284266,
                "capesfc": 0.00038651435170322657,
                "tmpsfc": 0.00047445553354918957,
                "landmask": 0.000450703693786636
            }
        },
        {
            "type": "Feature",
            "geometry": {
                "type": "Point",
                "coordinates": [
                    136.0,
                    9.0
                ]
            },
            "properties": {
                "system_id": "INVEST_00",
                "confidence": 0.6387178367340028,
                "uncertainty_std": 0.1036694198846817,
                "ci_95": [
                    0.4355257737600267,
                    0.841909899707979
                ],
                "lead_time_hrs": 72,
                "movement_vector": {
                    "dlat_24h": 0.0,
                    "dlon_24h": 0.0
                },
                "trajectory": {},
                "top_driver": "ugrdprs",
                "ugrdprs": 0.0037842262536287308,
                "vgrdprs": 0.0034869187511503696,
                "vvelprs": 0.0037625152617692947,
                "tmpprs": 0.0034550544805824757,
                "rhprs": 0.0032881349325180054,
                "hgtprs": 0.00359739875420928,
                "absvprs": 0.0035688932985067368,
                "pressfc": 0.00024712985032238066,
                "capesfc": 0.00020387128461152315,
                "tmpsfc": 0.0001503897801740095,
                "landmask": 0.00022760513820685446
            }
        },
        {
            "type": "Feature",
            "geometry": {
                "type": "Point",
                "coordinates": [
                    153.0,
                    33.0
                ]
            },
            "properties": {
                "system_id": "INVEST_00",
                "confidence": 0.6372590587515964,
                "uncertainty_std": 0.11065734922885895,
                "ci_95": [
                    0.4203706542630329,
                    0.8541474632401599
                ],
                "lead_time_hrs": 72,
                "movement_vector": {
                    "dlat_24h": 0.0,
                    "dlon_24h": 0.0
                },
                "trajectory": {},
                "top_driver": "vvelprs",
                "ugrdprs": 0.008853047154843807,
                "vgrdprs": 0.008294343017041683,
                "vvelprs": 0.009077101945877075,
                "tmpprs": 0.008282307535409927,
                "rhprs": 0.008597347885370255,
                "hgtprs": 0.008949039503932,
                "absvprs": 0.008430360816419125,
                "pressfc": 0.00042865381692536175,
                "capesfc": 0.0003652054292615503,
                "tmpsfc": 0.0003637433983385563,
                "landmask": 0.0004911128198727965
            }
        },
        {
            "type": "Feature",
            "geometry": {
                "type": "Point",
                "coordinates": [
                    33.0,
                    -30.0
                ]
            },
            "properties": {
                "system_id": "INVEST_00",
                "confidence": 0.6347815159136154,
                "uncertainty_std": 0.25736093521118164,
                "ci_95": [
                    0.1303540828996994,
                    1.0
                ],
                "lead_time_hrs": 72,
                "movement_vector": {
                    "dlat_24h": 0.0,
                    "dlon_24h": 0.0
                },
                "trajectory": {},
                "top_driver": "vgrdprs",
                "ugrdprs": 0.001681300695054233,
                "vgrdprs": 0.0017146000172942877,
                "vvelprs": 0.0016283814329653978,
                "tmpprs": 0.0017020455561578274,
                "rhprs": 0.001662936178036034,
                "hgtprs": 0.001571694272570312,
                "absvprs": 0.0016057301545515656,
                "pressfc": 0.00012483452155720443,
                "capesfc": 7.895932503743097e-05,
                "tmpsfc": 7.44049611967057e-05,
                "landmask": 8.519368566339836e-05
            }
        },
        {
            "type": "Feature",
            "geometry": {
                "type": "Point",
                "coordinates": [
                    155.0,
                    14.0
                ]
            },
            "properties": {
                "system_id": "INVEST_00",
                "confidence": 0.6332719482027626,
                "uncertainty_std": 0.11207926273345947,
                "ci_95": [
                    0.413596593245182,
                    0.8529473031603432
                ],
                "lead_time_hrs": 72,
                "movement_vector": {
                    "dlat_24h": 0.0,
                    "dlon_24h": 0.0
                },
                "trajectory": {},
                "top_driver": "ugrdprs",
                "ugrdprs": 0.0047406782396137714,
                "vgrdprs": 0.00472120800986886,
                "vvelprs": 0.004583029076457024,
                "tmpprs": 0.004640916828066111,
                "rhprs": 0.00458337040618062,
                "hgtprs": 0.0045202807523310184,
                "absvprs": 0.004676157608628273,
                "pressfc": 0.0002331858704565093,
                "capesfc": 0.00021905182802584022,
                "tmpsfc": 0.00021228728292044252,
                "landmask": 0.00035880779614672065
            }
        },
        {
            "type": "Feature",
            "geometry": {
                "type": "Point",
                "coordinates": [
                    145.0,
                    4.0
                ]
            },
            "properties": {
                "system_id": "INVEST_00",
                "confidence": 0.6327730729191855,
                "uncertainty_std": 0.09602609276771545,
                "ci_95": [
                    0.4445619310944632,
                    0.8209842147439078
                ],
                "lead_time_hrs": 72,
                "movement_vector": {
                    "dlat_24h": 0.0,
                    "dlon_24h": 0.0
                },
                "trajectory": {},
                "top_driver": "absvprs",
                "ugrdprs": 0.005719857756048441,
                "vgrdprs": 0.005837637465447187,
                "vvelprs": 0.005913092289119959,
                "tmpprs": 0.005840901285409927,
                "rhprs": 0.005831989459693432,
                "hgtprs": 0.005823974497616291,
                "absvprs": 0.006038654129952192,
                "pressfc": 0.00039208983071148396,
                "capesfc": 0.0003097185108345002,
                "tmpsfc": 0.00035790944821201265,
                "landmask": 0.00044878959306515753
            }
        },
        {
            "type": "Feature",
            "geometry": {
                "type": "Point",
                "coordinates": [
                    -41.0,
                    31.0
                ]
            },
            "properties": {
                "system_id": "INVEST_00",
                "confidence": 0.6326971207840149,
                "uncertainty_std": 0.10980002582073212,
                "ci_95": [
                    0.41748907017537995,
                    0.8479051713926498
                ],
                "lead_time_hrs": 72,
                "movement_vector": {
                    "dlat_24h": 0.0,
                    "dlon_24h": 0.0
                },
                "trajectory": {},
                "top_driver": "ugrdprs",
                "ugrdprs": 0.003605924779549241,
                "vgrdprs": 0.0032135332003235817,
                "vvelprs": 0.0033511240035295486,
                "tmpprs": 0.003257915610447526,
                "rhprs": 0.003083722433075309,
                "hgtprs": 0.0034266351722180843,
                "absvprs": 0.00347312749363482,
                "pressfc": 0.0002516478125471622,
                "capesfc": 0.00016895240696612746,
                "tmpsfc": 0.0001889334962470457,
                "landmask": 0.00020769615366589278
            }
        },
        {
            "type": "Feature",
            "geometry": {
                "type": "Point",
                "coordinates": [
                    -126.0,
                    19.0
                ]
            },
            "properties": {
                "system_id": "INVEST_00",
                "confidence": 0.6310191105738252,
                "uncertainty_std": 0.1052083969116211,
                "ci_95": [
                    0.42481065262704787,
                    0.8372275685206025
                ],
                "lead_time_hrs": 72,
                "movement_vector": {
                    "dlat_24h": 0.0,
                    "dlon_24h": 0.0
                },
                "trajectory": {},
                "top_driver": "ugrdprs",
                "ugrdprs": 0.006439077202230692,
                "vgrdprs": 0.006018520332872868,
                "vvelprs": 0.006112820003181696,
                "tmpprs": 0.005866532679647207,
                "rhprs": 0.0058626518584787846,
                "hgtprs": 0.00633662985637784,
                "absvprs": 0.00613293657079339,
                "pressfc": 0.00048010077443905175,
                "capesfc": 0.00031951299752108753,
                "tmpsfc": 0.0002849680604413152,
                "landmask": 0.0003918096190318465
            }
        },
        {
            "type": "Feature",
            "geometry": {
                "type": "Point",
                "coordinates": [
                    -75.0,
                    35.0
                ]
            },
            "properties": {
                "system_id": "INVEST_00",
                "confidence": 0.6286406344336273,
                "uncertainty_std": 0.25345396995544434,
                "ci_95": [
                    0.13187085332095638,
                    1.0
                ],
                "lead_time_hrs": 72,
                "movement_vector": {
                    "dlat_24h": 0.0,
                    "dlon_24h": 0.0
                },
                "trajectory": {},
                "top_driver": "tmpprs",
                "ugrdprs": 0.006684427615255117,
                "vgrdprs": 0.005967563949525356,
                "vvelprs": 0.006479822099208832,
                "tmpprs": 0.00688661215826869,
                "rhprs": 0.006715682335197926,
                "hgtprs": 0.006455563008785248,
                "absvprs": 0.005875354167073965,
                "pressfc": 0.0004257923283148557,
                "capesfc": 0.0003429487405810505,
                "tmpsfc": 0.00036351295420899987,
                "landmask": 0.0004542390233837068
            }
        },
        {
            "type": "Feature",
            "geometry": {
                "type": "Point",
                "coordinates": [
                    180.0,
                    -10.0
                ]
            },
            "properties": {
                "system_id": "INVEST_00",
                "confidence": 0.6267316614661309,
                "uncertainty_std": 0.14412106573581696,
                "ci_95": [
                    0.34425437262392966,
                    0.9092089503083322
                ],
                "lead_time_hrs": 72,
                "movement_vector": {
                    "dlat_24h": 0.0,
                    "dlon_24h": 0.0
                },
                "trajectory": {},
                "top_driver": "hgtprs",
                "ugrdprs": 0.01097329892218113,
                "vgrdprs": 0.010818976908922195,
                "vvelprs": 0.010723539628088474,
                "tmpprs": 0.01048215664923191,
                "rhprs": 0.0103279585018754,
                "hgtprs": 0.01104686502367258,
                "absvprs": 0.010752093978226185,
                "pressfc": 0.00047689807252027094,
                "capesfc": 0.0005800622166134417,
                "tmpsfc": 0.000596231606323272,
                "landmask": 0.0005655381828546524
            }
        },
        {
            "type": "Feature",
            "geometry": {
                "type": "Point",
                "coordinates": [
                    35.0,
                    26.0
                ]
            },
            "properties": {
                "system_id": "INVEST_00",
                "confidence": 0.6265910914699201,
                "uncertainty_std": 0.3127090036869049,
                "ci_95": [
                    0.013681444243586527,
                    1.0
                ],
                "lead_time_hrs": 72,
                "movement_vector": {
                    "dlat_24h": 0.0,
                    "dlon_24h": 0.0
                },
                "trajectory": {},
                "top_driver": "ugrdprs",
                "ugrdprs": 0.00626934040337801,
                "vgrdprs": 0.0060734557919204235,
                "vvelprs": 0.005723888985812664,
                "tmpprs": 0.005787286441773176,
                "rhprs": 0.005762129090726376,
                "hgtprs": 0.005788297392427921,
                "absvprs": 0.005755588412284851,
                "pressfc": 0.0004629317263606936,
                "capesfc": 0.0003125525254290551,
                "tmpsfc": 0.0002360286162002012,
                "landmask": 0.00029306119540706277
            }
        },
        {
            "type": "Feature",
            "geometry": {
                "type": "Point",
                "coordinates": [
                    -67.0,
                    11.0
                ]
            },
            "properties": {
                "system_id": "INVEST_00",
                "confidence": 0.6259053910898071,
                "uncertainty_std": 0.08528012782335281,
                "ci_95": [
                    0.45875634055603565,
                    0.7930544416235786
                ],
                "lead_time_hrs": 72,
                "movement_vector": {
                    "dlat_24h": 0.0,
                    "dlon_24h": 0.0
                },
                "trajectory": {},
                "top_driver": "ugrdprs",
                "ugrdprs": 0.003643226344138384,
                "vgrdprs": 0.0032433252781629562,
                "vvelprs": 0.003549193497747183,
                "tmpprs": 0.003296733135357499,
                "rhprs": 0.0032468533609062433,
                "hgtprs": 0.0034310384653508663,
                "absvprs": 0.003306473372504115,
                "pressfc": 0.00021947879577055573,
                "capesfc": 0.00016565443365834653,
                "tmpsfc": 0.0001598635717527941,
                "landmask": 0.00019398854055907577
            }
        },
        {
            "type": "Feature",
            "geometry": {
                "type": "Point",
                "coordinates": [
                    -87.0,
                    7.0
                ]
            },
            "properties": {
                "system_id": "INVEST_00",
                "confidence": 0.6230029160906422,
                "uncertainty_std": 0.1358364373445511,
                "ci_95": [
                    0.35676349889532205,
                    0.8892423332859622
                ],
                "lead_time_hrs": 72,
                "movement_vector": {
                    "dlat_24h": 0.0,
                    "dlon_24h": 0.0
                },
                "trajectory": {},
                "top_driver": "ugrdprs",
                "ugrdprs": 0.007787380833178759,
                "vgrdprs": 0.007378047332167625,
                "vvelprs": 0.0076073226518929005,
                "tmpprs": 0.007153869606554508,
                "rhprs": 0.00678674504160881,
                "hgtprs": 0.007394091226160526,
                "absvprs": 0.007317744195461273,
                "pressfc": 0.00042058253893628716,
                "capesfc": 0.00038427309482358396,
                "tmpsfc": 0.0003942189796362072,
                "landmask": 0.0003442217130213976
            }
        },
        {
            "type": "Feature",
            "geometry": {
                "type": "Point",
                "coordinates": [
                    -12.0,
                    -5.0
                ]
            },
            "properties": {
                "system_id": "INVEST_00",
                "confidence": 0.6225562131789093,
                "uncertainty_std": 0.05579063668847084,
                "ci_95": [
                    0.5132065652695065,
                    0.7319058610883121
                ],
                "lead_time_hrs": 72,
                "movement_vector": {
                    "dlat_24h": 0.0,
                    "dlon_24h": 0.0
                },
                "trajectory": {},
                "top_driver": "ugrdprs",
                "ugrdprs": 0.0035784647334367037,
                "vgrdprs": 0.003314035711809993,
                "vvelprs": 0.0033499025739729404,
                "tmpprs": 0.0032928052823990583,
                "rhprs": 0.003229152411222458,
                "hgtprs": 0.0033385497517883778,
                "absvprs": 0.003386260010302067,
                "pressfc": 0.00017754574946593493,
                "capesfc": 0.00017529861361254007,
                "tmpsfc": 0.00018626925884746015,
                "landmask": 0.00030711511499248445
            }
        },
        {
            "type": "Feature",
            "geometry": {
                "type": "Point",
                "coordinates": [
                    -6.0,
                    -5.0
                ]
            },
            "properties": {
                "system_id": "INVEST_00",
                "confidence": 0.6216306949933662,
                "uncertainty_std": 0.07051069289445877,
                "ci_95": [
                    0.483429736920227,
                    0.7598316530665055
                ],
                "lead_time_hrs": 72,
                "movement_vector": {
                    "dlat_24h": 0.0,
                    "dlon_24h": 0.0
                },
                "trajectory": {},
                "top_driver": "ugrdprs",
                "ugrdprs": 0.003897164249792695,
                "vgrdprs": 0.00369797321036458,
                "vvelprs": 0.003743243170902133,
                "tmpprs": 0.0036472550127655268,
                "rhprs": 0.0035197001416236162,
                "hgtprs": 0.003816974814981222,
                "absvprs": 0.0036519053392112255,
                "pressfc": 0.00019857662846334279,
                "capesfc": 0.00017220882000401616,
                "tmpsfc": 0.00017931387992575765,
                "landmask": 0.000289652292849496
            }
        },
        {
            "type": "Feature",
            "geometry": {
                "type": "Point",
                "coordinates": [
                    -166.0,
                    -14.0
                ]
            },
            "properties": {
                "system_id": "INVEST_00",
                "confidence": 0.6183295373376674,
                "uncertainty_std": 0.09668367356061935,
                "ci_95": [
                    0.4288295371588534,
                    0.8078295375164813
                ],
                "lead_time_hrs": 72,
                "movement_vector": {
                    "dlat_24h": 0.0,
                    "dlon_24h": 0.0
                },
                "trajectory": {},
                "top_driver": "ugrdprs",
                "ugrdprs": 0.008810716681182384,
                "vgrdprs": 0.008418002165853977,
                "vvelprs": 0.008466714061796665,
                "tmpprs": 0.008285253308713436,
                "rhprs": 0.007578419055789709,
                "hgtprs": 0.008333230391144753,
                "absvprs": 0.008249920792877674,
                "pressfc": 0.00045784260146319866,
                "capesfc": 0.00039707962423563004,
                "tmpsfc": 0.0005381489754654467,
                "landmask": 0.0003993489663116634
            }
        },
        {
            "type": "Feature",
            "geometry": {
                "type": "Point",
                "coordinates": [
                    88.0,
                    -9.0
                ]
            },
            "properties": {
                "system_id": "INVEST_00",
                "confidence": 0.6182875824262859,
                "uncertainty_std": 0.1176501214504242,
                "ci_95": [
                    0.3876933443834545,
                    0.8488818204691173
                ],
                "lead_time_hrs": 72,
                "movement_vector": {
                    "dlat_24h": 0.0,
                    "dlon_24h": 0.0
                },
                "trajectory": {},
                "top_driver": "vvelprs",
                "ugrdprs": 0.003984909504652023,
                "vgrdprs": 0.0038236696273088455,
                "vvelprs": 0.004114819224923849,
                "tmpprs": 0.0038500709924846888,
                "rhprs": 0.003522227518260479,
                "hgtprs": 0.003948580473661423,
                "absvprs": 0.003953415900468826,
                "pressfc": 0.0002341515209991485,
                "capesfc": 0.00018120449385605752,
                "tmpsfc": 0.0002116179239237681,
                "landmask": 0.00023328243696596473
            }
        },
        {
            "type": "Feature",
            "geometry": {
                "type": "Point",
                "coordinates": [
                    -146.0,
                    -5.0
                ]
            },
            "properties": {
                "system_id": "INVEST_00",
                "confidence": 0.6167761480867959,
                "uncertainty_std": 0.1117115467786789,
                "ci_95": [
                    0.3978215164005853,
                    0.8357307797730066
                ],
                "lead_time_hrs": 72,
                "movement_vector": {
                    "dlat_24h": 0.0,
                    "dlon_24h": 0.0
                },
                "trajectory": {},
                "top_driver": "vvelprs",
                "ugrdprs": 0.006161140743643045,
                "vgrdprs": 0.006102326791733503,
                "vvelprs": 0.006385230924934149,
                "tmpprs": 0.006082422565668821,
                "rhprs": 0.005632038228213787,
                "hgtprs": 0.006112802308052778,
                "absvprs": 0.005920207127928734,
                "pressfc": 0.0003563616774044931,
                "capesfc": 0.0003480551822576672,
                "tmpsfc": 0.0003496203280519694,
                "landmask": 0.0003086666692979634
            }
        },
        {
            "type": "Feature",
            "geometry": {
                "type": "Point",
                "coordinates": [
                    -153.0,
                    -13.0
                ]
            },
            "properties": {
                "system_id": "INVEST_00",
                "confidence": 0.6145010280048127,
                "uncertainty_std": 0.1500971019268036,
                "ci_95": [
                    0.3203107082282776,
                    0.9086913477813476
                ],
                "lead_time_hrs": 72,
                "movement_vector": {
                    "dlat_24h": 0.0,
                    "dlon_24h": 0.0
                },
                "trajectory": {},
                "top_driver": "vvelprs",
                "ugrdprs": 0.0076610795222222805,
                "vgrdprs": 0.0073777358047664165,
                "vvelprs": 0.007687411271035671,
                "tmpprs": 0.007519619073718786,
                "rhprs": 0.006795384455472231,
                "hgtprs": 0.007524046115577221,
                "absvprs": 0.007438683416694403,
                "pressfc": 0.0004185599973425269,
                "capesfc": 0.0003598383045755327,
                "tmpsfc": 0.00046803284203633666,
                "landmask": 0.0003430980141274631
            }
        },
        {
            "type": "Feature",
            "geometry": {
                "type": "Point",
                "coordinates": [
                    -98.0,
                    3.0
                ]
            },
            "properties": {
                "system_id": "INVEST_00",
                "confidence": 0.6134980024938219,
                "uncertainty_std": 0.12867696583271027,
                "ci_95": [
                    0.3612911494617098,
                    0.865704855525934
                ],
                "lead_time_hrs": 72,
                "movement_vector": {
                    "dlat_24h": 0.0,
                    "dlon_24h": 0.0
                },
                "trajectory": {},
                "top_driver": "ugrdprs",
                "ugrdprs": 0.003579190233722329,
                "vgrdprs": 0.0032960614189505577,
                "vvelprs": 0.0035674404352903366,
                "tmpprs": 0.0033322880044579506,
                "rhprs": 0.003038625931367278,
                "hgtprs": 0.003489407943561673,
                "absvprs": 0.003401595400646329,
                "pressfc": 0.00022970025020185858,
                "capesfc": 0.0001667272299528122,
                "tmpsfc": 0.0001584139681654051,
                "landmask": 0.00021359535458032042
            }
        },
        {
            "type": "Feature",
            "geometry": {
                "type": "Point",
                "coordinates": [
                    -51.0,
                    5.0
                ]
            },
            "properties": {
                "system_id": "INVEST_00",
                "confidence": 0.612069449190606,
                "uncertainty_std": 0.12092608958482742,
                "ci_95": [
                    0.37505431360434427,
                    0.8490845847768678
                ],
                "lead_time_hrs": 72,
                "movement_vector": {
                    "dlat_24h": 0.0,
                    "dlon_24h": 0.0
                },
                "trajectory": {},
                "top_driver": "ugrdprs",
                "ugrdprs": 0.003179034451022744,
                "vgrdprs": 0.0028695210348814726,
                "vvelprs": 0.003138627391308546,
                "tmpprs": 0.002904257969930768,
                "rhprs": 0.0027344415429979563,
                "hgtprs": 0.0029904257971793413,
                "absvprs": 0.0030701032374054193,
                "pressfc": 0.0001962873648153618,
                "capesfc": 0.00014339883637148887,
                "tmpsfc": 0.00015757197979837656,
                "landmask": 0.00018418944091536105
            }
        },
        {
            "type": "Feature",
            "geometry": {
                "type": "Point",
                "coordinates": [
                    160.0,
                    -2.0
                ]
            },
            "properties": {
                "system_id": "INVEST_00",
                "confidence": 0.6112937307735172,
                "uncertainty_std": 0.13428416848182678,
                "ci_95": [
                    0.34809676054913674,
                    0.8744907009978977
                ],
                "lead_time_hrs": 72,
                "movement_vector": {
                    "dlat_24h": 0.0,
                    "dlon_24h": 0.0
                },
                "trajectory": {},
                "top_driver": "vvelprs",
                "ugrdprs": 0.0052297525107860565,
                "vgrdprs": 0.005192314740270376,
                "vvelprs": 0.005456552375108004,
                "tmpprs": 0.004844845272600651,
                "rhprs": 0.004653305280953646,
                "hgtprs": 0.005209485534578562,
                "absvprs": 0.0050093187019228935,
                "pressfc": 0.0002557634434197098,
                "capesfc": 0.00025931422715075314,
                "tmpsfc": 0.00025628419825807214,
                "landmask": 0.0003136245650239289
            }
        },
        {
            "type": "Feature",
            "geometry": {
                "type": "Point",
                "coordinates": [
                    -35.0,
                    13.0
                ]
            },
            "properties": {
                "system_id": "INVEST_00",
                "confidence": 0.6108897127238486,
                "uncertainty_std": 0.13661439716815948,
                "ci_95": [
                    0.34312549427425604,
                    0.8786539311734411
                ],
                "lead_time_hrs": 72,
                "movement_vector": {
                    "dlat_24h": 0.0,
                    "dlon_24h": 0.0
                },
                "trajectory": {},
                "top_driver": "ugrdprs",
                "ugrdprs": 0.003628709353506565,
                "vgrdprs": 0.0032171739730983973,
                "vvelprs": 0.0034943080972880125,
                "tmpprs": 0.0032459087669849396,
                "rhprs": 0.0029690060764551163,
                "hgtprs": 0.00345279136672616,
                "absvprs": 0.003443380817770958,
                "pressfc": 0.00020488568407017738,
                "capesfc": 0.00015617771714460105,
                "tmpsfc": 0.00015295276534743607,
                "landmask": 0.00023108070308808237
            }
        },
        {
            "type": "Feature",
            "geometry": {
                "type": "Point",
                "coordinates": [
                    -27.0,
                    5.0
                ]
            },
            "properties": {
                "system_id": "INVEST_00",
                "confidence": 0.6107817253161173,
                "uncertainty_std": 0.1087401807308197,
                "ci_95": [
                    0.3976509710837107,
                    0.8239124795485239
                ],
                "lead_time_hrs": 72,
                "movement_vector": {
                    "dlat_24h": 0.0,
                    "dlon_24h": 0.0
                },
                "trajectory": {},
                "top_driver": "hgtprs",
                "ugrdprs": 0.004641739651560783,
                "vgrdprs": 0.0043394723907113075,
                "vvelprs": 0.004550738260149956,
                "tmpprs": 0.004155679140239954,
                "rhprs": 0.004101095255464315,
                "hgtprs": 0.004672847222536802,
                "absvprs": 0.004415333271026611,
                "pressfc": 0.00032872206065803766,
                "capesfc": 0.0002450945903547108,
                "tmpsfc": 0.00022326504404190928,
                "landmask": 0.00029251090018078685
            }
        },
        {
            "type": "Feature",
            "geometry": {
                "type": "Point",
                "coordinates": [
                    -59.0,
                    8.0
                ]
            },
            "properties": {
                "system_id": "INVEST_00",
                "confidence": 0.6097786101623773,
                "uncertainty_std": 0.06313920021057129,
                "ci_95": [
                    0.4860257777496576,
                    0.7335314425750971
                ],
                "lead_time_hrs": 72,
                "movement_vector": {
                    "dlat_24h": 0.0,
                    "dlon_24h": 0.0
                },
                "trajectory": {},
                "top_driver": "ugrdprs",
                "ugrdprs": 0.0030169514939188957,
                "vgrdprs": 0.002669114386662841,
                "vvelprs": 0.0028797141276299953,
                "tmpprs": 0.0026796218007802963,
                "rhprs": 0.0025177595671266317,
                "hgtprs": 0.0028796561527997255,
                "absvprs": 0.00279494421556592,
                "pressfc": 0.00019849423551931977,
                "capesfc": 0.00013664616562891752,
                "tmpsfc": 0.0001476216857554391,
                "landmask": 0.00019940317724831402
            }
        },
        {
            "type": "Feature",
            "geometry": {
                "type": "Point",
                "coordinates": [
                    127.0,
                    10.0
                ]
            },
            "properties": {
                "system_id": "INVEST_00",
                "confidence": 0.6069533951049467,
                "uncertainty_std": 0.13374082744121552,
                "ci_95": [
                    0.3448213733201643,
                    0.8690854168897291
                ],
                "lead_time_hrs": 72,
                "movement_vector": {
                    "dlat_24h": 0.0,
                    "dlon_24h": 0.0
                },
                "trajectory": {},
                "top_driver": "vvelprs",
                "ugrdprs": 0.004949115216732025,
                "vgrdprs": 0.004727618768811226,
                "vvelprs": 0.005004236940294504,
                "tmpprs": 0.0045772637240588665,
                "rhprs": 0.0045058527030050755,
                "hgtprs": 0.004820069298148155,
                "absvprs": 0.004786856938153505,
                "pressfc": 0.0002257299202028662,
                "capesfc": 0.0002083317085634917,
                "tmpsfc": 0.00022358763089869171,
                "landmask": 0.00035960174864158034
            }
        },
        {
            "type": "Feature",
            "geometry": {
                "type": "Point",
                "coordinates": [
                    -34.0,
                    -1.0
                ]
            },
            "properties": {
                "system_id": "INVEST_00",
                "confidence": 0.6064091774854748,
                "uncertainty_std": 0.10921191424131393,
                "ci_95": [
                    0.39235382557249954,
                    0.8204645293984502
                ],
                "lead_time_hrs": 72,
                "movement_vector": {
                    "dlat_24h": 0.0,
                    "dlon_24h": 0.0
                },
                "trajectory": {},
                "top_driver": "ugrdprs",
                "ugrdprs": 0.0034029409289360046,
                "vgrdprs": 0.003070505801588297,
                "vvelprs": 0.003292058128863573,
                "tmpprs": 0.0030995009001344442,
                "rhprs": 0.0029851840808987617,
                "hgtprs": 0.0033149798400700092,
                "absvprs": 0.0032200973946601152,
                "pressfc": 0.00021475912944879383,
                "capesfc": 0.00014903323608450592,
                "tmpsfc": 0.00019047479145228863,
                "landmask": 0.00016273267101496458
            }
        },
        {
            "type": "Feature",
            "geometry": {
                "type": "Point",
                "coordinates": [
                    -68.0,
                    27.0
                ]
            },
            "properties": {
                "system_id": "INVEST_00",
                "confidence": 0.6059739188423025,
                "uncertainty_std": 0.14654530584812164,
                "ci_95": [
                    0.318745119379984,
                    0.893202718304621
                ],
                "lead_time_hrs": 72,
                "movement_vector": {
                    "dlat_24h": 0.0,
                    "dlon_24h": 0.0
                },
                "trajectory": {},
                "top_driver": "ugrdprs",
                "ugrdprs": 0.006176885683089495,
                "vgrdprs": 0.005867631174623966,
                "vvelprs": 0.0056357127614319324,
                "tmpprs": 0.005972649902105331,
                "rhprs": 0.005657489877194166,
                "hgtprs": 0.005930735729634762,
                "absvprs": 0.005752522964030504,
                "pressfc": 0.00031410413794219494,
                "capesfc": 0.00030708967824466527,
                "tmpsfc": 0.00036508816992864013,
                "landmask": 0.0003665361145976931
            }
        },
        {
            "type": "Feature",
            "geometry": {
                "type": "Point",
                "coordinates": [
                    -52.0,
                    13.0
                ]
            },
            "properties": {
                "system_id": "INVEST_00",
                "confidence": 0.6058174218292898,
                "uncertainty_std": 0.11414387822151184,
                "ci_95": [
                    0.38209542051512657,
                    0.829539423143453
                ],
                "lead_time_hrs": 72,
                "movement_vector": {
                    "dlat_24h": 0.0,
                    "dlon_24h": 0.0
                },
                "trajectory": {},
                "top_driver": "ugrdprs",
                "ugrdprs": 0.007741618901491165,
                "vgrdprs": 0.007205902598798275,
                "vvelprs": 0.007420158013701439,
                "tmpprs": 0.00709007540717721,
                "rhprs": 0.006727376487106085,
                "hgtprs": 0.006957018282264471,
                "absvprs": 0.007056572008877993,
                "pressfc": 0.00042079389095306396,
                "capesfc": 0.000347658758983016,
                "tmpsfc": 0.00043819527490995824,
                "landmask": 0.0003331937186885625
            }
        },
        {
            "type": "Feature",
            "geometry": {
                "type": "Point",
                "coordinates": [
                    158.0,
                    27.0
                ]
            },
            "properties": {
                "system_id": "INVEST_00",
                "confidence": 0.6052379610893608,
                "uncertainty_std": 0.15309910476207733,
                "ci_95": [
                    0.30516371575568924,
                    0.9053122064230323
                ],
                "lead_time_hrs": 72,
                "movement_vector": {
                    "dlat_24h": 0.0,
                    "dlon_24h": 0.0
                },
                "trajectory": {},
                "top_driver": "ugrdprs",
                "ugrdprs": 0.01027234923094511,
                "vgrdprs": 0.00945414137095213,
                "vvelprs": 0.009144940413534641,
                "tmpprs": 0.010032903403043747,
                "rhprs": 0.009413384832441807,
                "hgtprs": 0.009507902897894382,
                "absvprs": 0.00940767489373684,
                "pressfc": 0.0006823152652941644,
                "capesfc": 0.0005746617098338902,
                "tmpsfc": 0.0005620950250886381,
                "landmask": 0.000479669077321887
            }
        },
        {
            "type": "Feature",
            "geometry": {
                "type": "Point",
                "coordinates": [
                    148.0,
                    15.0
                ]
            },
            "properties": {
                "system_id": "INVEST_00",
                "confidence": 0.6047948664621018,
                "uncertainty_std": 0.11353957653045654,
                "ci_95": [
                    0.38225729646240697,
                    0.8273324364617967
                ],
                "lead_time_hrs": 72,
                "movement_vector": {
                    "dlat_24h": 0.0,
                    "dlon_24h": 0.0
                },
                "trajectory": {},
                "top_driver": "hgtprs",
                "ugrdprs": 0.004771954845637083,
                "vgrdprs": 0.00449686124920845,
                "vvelprs": 0.004790404345840216,
                "tmpprs": 0.0044991374015808105,
                "rhprs": 0.004345958586782217,
                "hgtprs": 0.004877882078289986,
                "absvprs": 0.0045297457836568356,
                "pressfc": 0.00032023288076743484,
                "capesfc": 0.0002699174510780722,
                "tmpsfc": 0.00022717133106198162,
                "landmask": 0.00025782687589526176
            }
        },
        {
            "type": "Feature",
            "geometry": {
                "type": "Point",
                "coordinates": [
                    -46.0,
                    30.0
                ]
            },
            "properties": {
                "system_id": "INVEST_00",
                "confidence": 0.6041278051708736,
                "uncertainty_std": 0.11602623760700226,
                "ci_95": [
                    0.3767163794611492,
                    0.831539230880598
                ],
                "lead_time_hrs": 72,
                "movement_vector": {
                    "dlat_24h": 0.0,
                    "dlon_24h": 0.0
                },
                "trajectory": {},
                "top_driver": "ugrdprs",
                "ugrdprs": 0.0034696627408266068,
                "vgrdprs": 0.003101375186815858,
                "vvelprs": 0.0033600758761167526,
                "tmpprs": 0.003093181876465678,
                "rhprs": 0.002987801795825362,
                "hgtprs": 0.0033729304559528828,
                "absvprs": 0.0033016095403581858,
                "pressfc": 0.00022624539269600064,
                "capesfc": 0.00016437582962680608,
                "tmpsfc": 0.00018492242088541389,
                "landmask": 0.00021512300008907914
            }
        },
        {
            "type": "Feature",
            "geometry": {
                "type": "Point",
                "coordinates": [
                    174.0,
                    30.0
                ]
            },
            "properties": {
                "system_id": "INVEST_00",
                "confidence": 0.6037818760302822,
                "uncertainty_std": 0.1405588686466217,
                "ci_95": [
                    0.3282864934829037,
                    0.8792772585776607
                ],
                "lead_time_hrs": 72,
                "movement_vector": {
                    "dlat_24h": 0.0,
                    "dlon_24h": 0.0
                },
                "trajectory": {},
                "top_driver": "ugrdprs",
                "ugrdprs": 0.0050362879410386086,
                "vgrdprs": 0.0044709015637636185,
                "vvelprs": 0.004450561944395304,
                "tmpprs": 0.004454153589904308,
                "rhprs": 0.0042747207917273045,
                "hgtprs": 0.004605177324265242,
                "absvprs": 0.004662186838686466,
                "pressfc": 0.0002797069901134819,
                "capesfc": 0.00022109107521828264,
                "tmpsfc": 0.0002605162444524467,
                "landmask": 0.0002497810637578368
            }
        },
        {
            "type": "Feature",
            "geometry": {
                "type": "Point",
                "coordinates": [
                    -161.0,
                    4.0
                ]
            },
            "properties": {
                "system_id": "INVEST_00",
                "confidence": 0.6021551658423104,
                "uncertainty_std": 0.11108946800231934,
                "ci_95": [
                    0.38441980855776453,
                    0.8198905231268563
                ],
                "lead_time_hrs": 72,
                "movement_vector": {
                    "dlat_24h": 0.0,
                    "dlon_24h": 0.0
                },
                "trajectory": {},
                "top_driver": "ugrdprs",
                "ugrdprs": 0.0033452901989221573,
                "vgrdprs": 0.0029565973673015833,
                "vvelprs": 0.0032357731834053993,
                "tmpprs": 0.0029735397547483444,
                "rhprs": 0.0028565118554979563,
                "hgtprs": 0.0031238747760653496,
                "absvprs": 0.0032194347586482763,
                "pressfc": 0.0001936302869580686,
                "capesfc": 0.00014682616165373474,
                "tmpsfc": 0.00018270485452376306,
                "landmask": 0.00018402945715934038
            }
        },
        {
            "type": "Feature",
            "geometry": {
                "type": "Point",
                "coordinates": [
                    168.0,
                    27.0
                ]
            },
            "properties": {
                "system_id": "INVEST_00",
                "confidence": 0.6020057113211152,
                "uncertainty_std": 0.1440839022397995,
                "ci_95": [
                    0.31960126293110824,
                    0.8844101597111222
                ],
                "lead_time_hrs": 72,
                "movement_vector": {
                    "dlat_24h": 0.0,
                    "dlon_24h": 0.0
                },
                "trajectory": {},
                "top_driver": "vvelprs",
                "ugrdprs": 0.005856731906533241,
                "vgrdprs": 0.005555241368710995,
                "vvelprs": 0.006008223630487919,
                "tmpprs": 0.005641764961183071,
                "rhprs": 0.005364230368286371,
                "hgtprs": 0.005694011226296425,
                "absvprs": 0.005934631917625666,
                "pressfc": 0.0003785839071497321,
                "capesfc": 0.0003324247954878956,
                "tmpsfc": 0.0003518732846714556,
                "landmask": 0.00031189812580123544
            }
        },
        {
            "type": "Feature",
            "geometry": {
                "type": "Point",
                "coordinates": [
                    -54.0,
                    28.0
                ]
            },
            "properties": {
                "system_id": "INVEST_00",
                "confidence": 0.5998227514510613,
                "uncertainty_std": 0.06703077256679535,
                "ci_95": [
                    0.46844243722014245,
                    0.7312030656819802
                ],
                "lead_time_hrs": 72,
                "movement_vector": {
                    "dlat_24h": 0.0,
                    "dlon_24h": 0.0
                },
                "trajectory": {},
                "top_driver": "ugrdprs",
                "ugrdprs": 0.0034792497754096985,
                "vgrdprs": 0.003134768456220627,
                "vvelprs": 0.003458730410784483,
                "tmpprs": 0.00310666230507195,
                "rhprs": 0.0029917180072516203,
                "hgtprs": 0.003345958422869444,
                "absvprs": 0.0033726911060512066,
                "pressfc": 0.00022997015912551433,
                "capesfc": 0.00017045551794581115,
                "tmpsfc": 0.00014204670151229948,
                "landmask": 0.00023054135090205818
            }
        },
        {
            "type": "Feature",
            "geometry": {
                "type": "Point",
                "coordinates": [
                    -133.0,
                    6.0
                ]
            },
            "properties": {
                "system_id": "INVEST_00",
                "confidence": 0.5996289973248858,
                "uncertainty_std": 0.17632633447647095,
                "ci_95": [
                    0.2540293817510028,
                    0.9452286128987688
                ],
                "lead_time_hrs": 72,
                "movement_vector": {
                    "dlat_24h": 0.0,
                    "dlon_24h": 0.0
                },
                "trajectory": {},
                "top_driver": "ugrdprs",
                "ugrdprs": 0.007471632678061724,
                "vgrdprs": 0.006925257854163647,
                "vvelprs": 0.006899496540427208,
                "tmpprs": 0.007270609028637409,
                "rhprs": 0.006960941478610039,
                "hgtprs": 0.006819288711994886,
                "absvprs": 0.007006768602877855,
                "pressfc": 0.0004516608314588666,
                "capesfc": 0.0002883087727241218,
                "tmpsfc": 0.0003743018314708024,
                "landmask": 0.0004367641522549093
            }
        },
        {
            "type": "Feature",
            "geometry": {
                "type": "Point",
                "coordinates": [
                    -132.0,
                    1.0
                ]
            },
            "properties": {
                "system_id": "INVEST_00",
                "confidence": 0.597948815800796,
                "uncertainty_std": 0.08659759163856506,
                "ci_95": [
                    0.42821753618920844,
                    0.7676800954123835
                ],
                "lead_time_hrs": 72,
                "movement_vector": {
                    "dlat_24h": 0.0,
                    "dlon_24h": 0.0
                },
                "trajectory": {},
                "top_driver": "ugrdprs",
                "ugrdprs": 0.00641770800575614,
                "vgrdprs": 0.006389390677213669,
                "vvelprs": 0.006199158728122711,
                "tmpprs": 0.006031461525708437,
                "rhprs": 0.006142397876828909,
                "hgtprs": 0.006392252631485462,
                "absvprs": 0.005988141056150198,
                "pressfc": 0.0004559422959573567,
                "capesfc": 0.0003468452487140894,
                "tmpsfc": 0.0003721966058947146,
                "landmask": 0.00041529955342411995
            }
        },
        {
            "type": "Feature",
            "geometry": {
                "type": "Point",
                "coordinates": [
                    151.0,
                    25.0
                ]
            },
            "properties": {
                "system_id": "INVEST_00",
                "confidence": 0.5977554380370976,
                "uncertainty_std": 0.1766279637813568,
                "ci_95": [
                    0.2515646290256383,
                    0.9439462470485569
                ],
                "lead_time_hrs": 72,
                "movement_vector": {
                    "dlat_24h": 0.0,
                    "dlon_24h": 0.0
                },
                "trajectory": {},
                "top_driver": "ugrdprs",
                "ugrdprs": 0.010332911275327206,
                "vgrdprs": 0.009095272049307823,
                "vvelprs": 0.009778664447367191,
                "tmpprs": 0.010088348761200905,
                "rhprs": 0.00982571393251419,
                "hgtprs": 0.00984232034534216,
                "absvprs": 0.009440399706363678,
                "pressfc": 0.0005970916245132685,
                "capesfc": 0.0004675452073570341,
                "tmpsfc": 0.00040775531670078635,
                "landmask": 0.0007371541578322649
            }
        },
        {
            "type": "Feature",
            "geometry": {
                "type": "Point",
                "coordinates": [
                    104.0,
                    13.0
                ]
            },
            "properties": {
                "system_id": "INVEST_00",
                "confidence": 0.5962505388439255,
                "uncertainty_std": 0.21315434575080872,
                "ci_95": [
                    0.17846802117234045,
                    1.0
                ],
                "lead_time_hrs": 72,
                "movement_vector": {
                    "dlat_24h": 0.0,
                    "dlon_24h": 0.0
                },
                "trajectory": {},
                "top_driver": "hgtprs",
                "ugrdprs": 0.008825757540762424,
                "vgrdprs": 0.007894796319305897,
                "vvelprs": 0.00813103374093771,
                "tmpprs": 0.008051189593970776,
                "rhprs": 0.008343332447111607,
                "hgtprs": 0.008955157361924648,
                "absvprs": 0.007883903570473194,
                "pressfc": 0.0005075057852081954,
                "capesfc": 0.0004462756623979658,
                "tmpsfc": 0.00043191376607865095,
                "landmask": 0.0006038390565663576
            }
        },
        {
            "type": "Feature",
            "geometry": {
                "type": "Point",
                "coordinates": [
                    164.0,
                    17.0
                ]
            },
            "properties": {
                "system_id": "INVEST_00",
                "confidence": 0.5954039402694481,
                "uncertainty_std": 0.08601558953523636,
                "ci_95": [
                    0.42681338478038483,
                    0.7639944957585114
                ],
                "lead_time_hrs": 72,
                "movement_vector": {
                    "dlat_24h": 0.0,
                    "dlon_24h": 0.0
                },
                "trajectory": {},
                "top_driver": "vvelprs",
                "ugrdprs": 0.005115175619721413,
                "vgrdprs": 0.004989985842257738,
                "vvelprs": 0.0053444504737854,
                "tmpprs": 0.004822414368391037,
                "rhprs": 0.00466203736141324,
                "hgtprs": 0.005121053196489811,
                "absvprs": 0.004981997422873974,
                "pressfc": 0.00031201919773593545,
                "capesfc": 0.00024855791707523167,
                "tmpsfc": 0.0002705611987039447,
                "landmask": 0.0003193407610524446
            }
        },
        {
            "type": "Feature",
            "geometry": {
                "type": "Point",
                "coordinates": [
                    105.0,
                    6.0
                ]
            },
            "properties": {
                "system_id": "INVEST_00",
                "confidence": 0.5953816890975372,
                "uncertainty_std": 0.15172378718852997,
                "ci_95": [
                    0.2980030662080185,
                    0.892760311987056
                ],
                "lead_time_hrs": 72,
                "movement_vector": {
                    "dlat_24h": 0.0,
                    "dlon_24h": 0.0
                },
                "trajectory": {},
                "top_driver": "ugrdprs",
                "ugrdprs": 0.013307489454746246,
                "vgrdprs": 0.013189895078539848,
                "vvelprs": 0.013046376407146454,
                "tmpprs": 0.012322778813540936,
                "rhprs": 0.011198309250175953,
                "hgtprs": 0.012970296666026115,
                "absvprs": 0.012125843204557896,
                "pressfc": 0.0006172014982439578,
                "capesfc": 0.0005782722146250308,
                "tmpsfc": 0.000793382350821048,
                "landmask": 0.000656503310892731
            }
        },
        {
            "type": "Feature",
            "geometry": {
                "type": "Point",
                "coordinates": [
                    173.0,
                    17.0
                ]
            },
            "properties": {
                "system_id": "INVEST_00",
                "confidence": 0.5945441088835459,
                "uncertainty_std": 0.12020058929920197,
                "ci_95": [
                    0.35895095385711007,
                    0.8301372639099818
                ],
                "lead_time_hrs": 72,
                "movement_vector": {
                    "dlat_24h": 0.0,
                    "dlon_24h": 0.0
                },
                "trajectory": {},
                "top_driver": "hgtprs",
                "ugrdprs": 0.007444783579558134,
                "vgrdprs": 0.007276088930666447,
                "vvelprs": 0.007438162341713905,
                "tmpprs": 0.007084188982844353,
                "rhprs": 0.007206432521343231,
                "hgtprs": 0.00802995078265667,
                "absvprs": 0.007104895543307066,
                "pressfc": 0.0003924754564650357,
                "capesfc": 0.0003912623506039381,
                "tmpsfc": 0.0002730941341724247,
                "landmask": 0.0005412398604676127
            }
        },
        {
            "type": "Feature",
            "geometry": {
                "type": "Point",
                "coordinates": [
                    156.0,
                    8.0
                ]
            },
            "properties": {
                "system_id": "INVEST_00",
                "confidence": 0.5945183225367555,
                "uncertainty_std": 0.1219797134399414,
                "ci_95": [
                    0.35543808419447037,
                    0.8335985608790406
                ],
                "lead_time_hrs": 72,
                "movement_vector": {
                    "dlat_24h": 0.0,
                    "dlon_24h": 0.0
                },
                "trajectory": {},
                "top_driver": "ugrdprs",
                "ugrdprs": 0.008409681729972363,
                "vgrdprs": 0.007996073924005032,
                "vvelprs": 0.008325831964612007,
                "tmpprs": 0.007744702510535717,
                "rhprs": 0.007470575161278248,
                "hgtprs": 0.007963830605149269,
                "absvprs": 0.008012847974896431,
                "pressfc": 0.00047098012873902917,
                "capesfc": 0.0004610954492818564,
                "tmpsfc": 0.0004146452993154526,
                "landmask": 0.0003899799194186926
            }
        },
        {
            "type": "Feature",
            "geometry": {
                "type": "Point",
                "coordinates": [
                    138.0,
                    26.0
                ]
            },
            "properties": {
                "system_id": "INVEST_00",
                "confidence": 0.5917155457866473,
                "uncertainty_std": 0.18096236884593964,
                "ci_95": [
                    0.23702930284860563,
                    0.9464017887246889
                ],
                "lead_time_hrs": 72,
                "movement_vector": {
                    "dlat_24h": 0.0,
                    "dlon_24h": 0.0
                },
                "trajectory": {},
                "top_driver": "tmpprs",
                "ugrdprs": 0.006241356022655964,
                "vgrdprs": 0.0059167020954191685,
                "vvelprs": 0.006012671627104282,
                "tmpprs": 0.006275741849094629,
                "rhprs": 0.006016890984028578,
                "hgtprs": 0.0055208043195307255,
                "absvprs": 0.005951911211013794,
                "pressfc": 0.0003746233705896884,
                "capesfc": 0.00033563567558303475,
                "tmpsfc": 0.0002549386990722269,
                "landmask": 0.00030400167452171445
            }
        },
        {
            "type": "Feature",
            "geometry": {
                "type": "Point",
                "coordinates": [
                    177.0,
                    8.0
                ]
            },
            "properties": {
                "system_id": "INVEST_00",
                "confidence": 0.5915680509038413,
                "uncertainty_std": 0.10245322436094284,
                "ci_95": [
                    0.3907597311563934,
                    0.7923763706512893
                ],
                "lead_time_hrs": 72,
                "movement_vector": {
                    "dlat_24h": 0.0,
                    "dlon_24h": 0.0
                },
                "trajectory": {},
                "top_driver": "ugrdprs",
                "ugrdprs": 0.003382910741493106,
                "vgrdprs": 0.0029950584284961224,
                "vvelprs": 0.0033380710519850254,
                "tmpprs": 0.003031971398741007,
                "rhprs": 0.0028472295962274075,
                "hgtprs": 0.0032309985253959894,
                "absvprs": 0.00318978913128376,
                "pressfc": 0.00020191339717712253,
                "capesfc": 0.00012544293713290244,
                "tmpsfc": 0.00016010635590646416,
                "landmask": 0.00018914861720986664
            }
        },
        {
            "type": "Feature",
            "geometry": {
                "type": "Point",
                "coordinates": [
                    -126.0,
                    9.0
                ]
            },
            "properties": {
                "system_id": "INVEST_00",
                "confidence": 0.5885769563444033,
                "uncertainty_std": 0.15434712171554565,
                "ci_95": [
                    0.2860565977819338,
                    0.8910973149068728
                ],
                "lead_time_hrs": 72,
                "movement_vector": {
                    "dlat_24h": 0.0,
                    "dlon_24h": 0.0
                },
                "trajectory": {},
                "top_driver": "vvelprs",
                "ugrdprs": 0.008669288828969002,
                "vgrdprs": 0.008257981389760971,
                "vvelprs": 0.008938501589000225,
                "tmpprs": 0.008386370725929737,
                "rhprs": 0.008052223362028599,
                "hgtprs": 0.008882006630301476,
                "absvprs": 0.008582076989114285,
                "pressfc": 0.0005020069656893611,
                "capesfc": 0.00048363322275690734,
                "tmpsfc": 0.00046516634756699204,
                "landmask": 0.0004218864196445793
            }
        },
        {
            "type": "Feature",
            "geometry": {
                "type": "Point",
                "coordinates": [
                    -83.0,
                    10.0
                ]
            },
            "properties": {
                "system_id": "INVEST_00",
                "confidence": 0.5875469300304443,
                "uncertainty_std": 0.13211554288864136,
                "ci_95": [
                    0.3286004659687073,
                    0.8464933940921814
                ],
                "lead_time_hrs": 72,
                "movement_vector": {
                    "dlat_24h": 0.0,
                    "dlon_24h": 0.0
                },
                "trajectory": {},
                "top_driver": "ugrdprs",
                "ugrdprs": 0.008104507811367512,
                "vgrdprs": 0.0076430682092905045,
                "vvelprs": 0.007573125418275595,
                "tmpprs": 0.00721150916069746,
                "rhprs": 0.007145147770643234,
                "hgtprs": 0.007663737051188946,
                "absvprs": 0.007383706048130989,
                "pressfc": 0.00042236430454067886,
                "capesfc": 0.000389155960874632,
                "tmpsfc": 0.0004568684962578118,
                "landmask": 0.00034906627843156457
            }
        },
        {
            "type": "Feature",
            "geometry": {
                "type": "Point",
                "coordinates": [
                    139.0,
                    5.0
                ]
            },
            "properties": {
                "system_id": "INVEST_00",
                "confidence": 0.58643723436663,
                "uncertainty_std": 0.08433208614587784,
                "ci_95": [
                    0.4211463455207094,
                    0.7517281232125506
                ],
                "lead_time_hrs": 72,
                "movement_vector": {
                    "dlat_24h": 0.0,
                    "dlon_24h": 0.0
                },
                "trajectory": {},
                "top_driver": "vvelprs",
                "ugrdprs": 0.00485896784812212,
                "vgrdprs": 0.004702568054199219,
                "vvelprs": 0.0049346075393259525,
                "tmpprs": 0.004578315187245607,
                "rhprs": 0.0042421878315508366,
                "hgtprs": 0.00484100915491581,
                "absvprs": 0.004564321134239435,
                "pressfc": 0.00024984756601043046,
                "capesfc": 0.0002487479941919446,
                "tmpsfc": 0.00023114326177164912,
                "landmask": 0.0002999630232807249
            }
        },
        {
            "type": "Feature",
            "geometry": {
                "type": "Point",
                "coordinates": [
                    -121.0,
                    2.0
                ]
            },
            "properties": {
                "system_id": "INVEST_00",
                "confidence": 0.5863444599805719,
                "uncertainty_std": 0.18122804164886475,
                "ci_95": [
                    0.23113749834879704,
                    0.9415514216123468
                ],
                "lead_time_hrs": 72,
                "movement_vector": {
                    "dlat_24h": 0.0,
                    "dlon_24h": 0.0
                },
                "trajectory": {},
                "top_driver": "ugrdprs",
                "ugrdprs": 0.0050473990850150585,
                "vgrdprs": 0.004939100239425898,
                "vvelprs": 0.0048961518332362175,
                "tmpprs": 0.004748119041323662,
                "rhprs": 0.004739327821880579,
                "hgtprs": 0.005021608900278807,
                "absvprs": 0.004929390735924244,
                "pressfc": 0.0003648303681984544,
                "capesfc": 0.0002729730331338942,
                "tmpsfc": 0.00031096936436370015,
                "landmask": 0.00031115490128286183
            }
        },
        {
            "type": "Feature",
            "geometry": {
                "type": "Point",
                "coordinates": [
                    -144.0,
                    -14.0
                ]
            },
            "properties": {
                "system_id": "INVEST_00",
                "confidence": 0.5860646733312291,
                "uncertainty_std": 0.11869554221630096,
                "ci_95": [
                    0.35342141058727927,
                    0.818707936075179
                ],
                "lead_time_hrs": 72,
                "movement_vector": {
                    "dlat_24h": 0.0,
                    "dlon_24h": 0.0
                },
                "trajectory": {},
                "top_driver": "ugrdprs",
                "ugrdprs": 0.0037974421866238117,
                "vgrdprs": 0.003490596543997526,
                "vvelprs": 0.0035603255964815617,
                "tmpprs": 0.0033351932652294636,
                "rhprs": 0.0033587769139558077,
                "hgtprs": 0.0034630384761840105,
                "absvprs": 0.0036373401526361704,
                "pressfc": 0.00020677091379184276,
                "capesfc": 0.00016249010514002293,
                "tmpsfc": 0.00014404667308554053,
                "landmask": 0.00024595644208602607
            }
        },
        {
            "type": "Feature",
            "geometry": {
                "type": "Point",
                "coordinates": [
                    126.0,
                    5.0
                ]
            },
            "properties": {
                "system_id": "INVEST_00",
                "confidence": 0.5859110654301155,
                "uncertainty_std": 0.11315374076366425,
                "ci_95": [
                    0.36412973353333355,
                    0.8076923973268975
                ],
                "lead_time_hrs": 72,
                "movement_vector": {
                    "dlat_24h": 0.0,
                    "dlon_24h": 0.0
                },
                "trajectory": {},
                "top_driver": "ugrdprs",
                "ugrdprs": 0.005859533324837685,
                "vgrdprs": 0.005593361798673868,
                "vvelprs": 0.0056043826043605804,
                "tmpprs": 0.005388100631535053,
                "rhprs": 0.005395950749516487,
                "hgtprs": 0.00549382995814085,
                "absvprs": 0.0052659050561487675,
                "pressfc": 0.0002927912282757461,
                "capesfc": 0.0002672460686881095,
                "tmpsfc": 0.00031914908322505653,
                "landmask": 0.0004059822822455317
            }
        },
        {
            "type": "Feature",
            "geometry": {
                "type": "Point",
                "coordinates": [
                    151.0,
                    -1.0
                ]
            },
            "properties": {
                "system_id": "INVEST_00",
                "confidence": 0.5858418897278057,
                "uncertainty_std": 0.12730632722377777,
                "ci_95": [
                    0.3363214883692013,
                    0.8353622910864101
                ],
                "lead_time_hrs": 72,
                "movement_vector": {
                    "dlat_24h": 0.0,
                    "dlon_24h": 0.0
                },
                "trajectory": {},
                "top_driver": "vvelprs",
                "ugrdprs": 0.003719620406627655,
                "vgrdprs": 0.003753842320293188,
                "vvelprs": 0.0039099957793951035,
                "tmpprs": 0.003468442475423217,
                "rhprs": 0.0033227342646569014,
                "hgtprs": 0.0037255887873470783,
                "absvprs": 0.0035814540460705757,
                "pressfc": 0.0001748128270264715,
                "capesfc": 0.00016786958440206945,
                "tmpsfc": 0.0001940630900207907,
                "landmask": 0.00020787454559467733
            }
        },
        {
            "type": "Feature",
            "geometry": {
                "type": "Point",
                "coordinates": [
                    0.0,
                    1.0
                ]
            },
            "properties": {
                "system_id": "INVEST_00",
                "confidence": 0.5856210796318141,
                "uncertainty_std": 0.15692369639873505,
                "ci_95": [
                    0.2780506346902934,
                    0.8931915245733348
                ],
                "lead_time_hrs": 72,
                "movement_vector": {
                    "dlat_24h": 0.0,
                    "dlon_24h": 0.0
                },
                "trajectory": {},
                "top_driver": "vgrdprs",
                "ugrdprs": 0.008930115960538387,
                "vgrdprs": 0.009042253717780113,
                "vvelprs": 0.008686005137860775,
                "tmpprs": 0.008731086738407612,
                "rhprs": 0.00808248482644558,
                "hgtprs": 0.008968310430645943,
                "absvprs": 0.008466008119285107,
                "pressfc": 0.0003915544075425714,
                "capesfc": 0.00037035884452052414,
                "tmpsfc": 0.00046575156738981605,
                "landmask": 0.0005352520965971053
            }
        },
        {
            "type": "Feature",
            "geometry": {
                "type": "Point",
                "coordinates": [
                    37.0,
                    12.0
                ]
            },
            "properties": {
                "system_id": "INVEST_00",
                "confidence": 0.5829207923107431,
                "uncertainty_std": 0.3419477641582489,
                "ci_95": [
                    0.0,
                    1.0
                ],
                "lead_time_hrs": 72,
                "movement_vector": {
                    "dlat_24h": 0.0,
                    "dlon_24h": 0.0
                },
                "trajectory": {},
                "top_driver": "tmpprs",
                "ugrdprs": 0.004318556748330593,
                "vgrdprs": 0.0042897663079202175,
                "vvelprs": 0.004142425954341888,
                "tmpprs": 0.004512821324169636,
                "rhprs": 0.00413872953504324,
                "hgtprs": 0.004084400366991758,
                "absvprs": 0.004190434701740742,
                "pressfc": 0.0002882388071157038,
                "capesfc": 0.00024599398602731526,
                "tmpsfc": 0.0002548314514569938,
                "landmask": 0.00023121314006857574
            }
        },
        {
            "type": "Feature",
            "geometry": {
                "type": "Point",
                "coordinates": [
                    -146.0,
                    0.0
                ]
            },
            "properties": {
                "system_id": "INVEST_00",
                "confidence": 0.581719194188267,
                "uncertainty_std": 0.07296361029148102,
                "ci_95": [
                    0.4387105180169642,
                    0.7247278703595699
                ],
                "lead_time_hrs": 72,
                "movement_vector": {
                    "dlat_24h": 0.0,
                    "dlon_24h": 0.0
                },
                "trajectory": {},
                "top_driver": "vvelprs",
                "ugrdprs": 0.007245739456266165,
                "vgrdprs": 0.007498458493500948,
                "vvelprs": 0.007612442597746849,
                "tmpprs": 0.007205891888588667,
                "rhprs": 0.0068796356208622456,
                "hgtprs": 0.0072390115819871426,
                "absvprs": 0.0074270362965762615,
                "pressfc": 0.00040901932516135275,
                "capesfc": 0.0004123497928958386,
                "tmpsfc": 0.00041561832767911255,
                "landmask": 0.0003721409011632204
            }
        },
        {
            "type": "Feature",
            "geometry": {
                "type": "Point",
                "coordinates": [
                    173.0,
                    2.0
                ]
            },
            "properties": {
                "system_id": "INVEST_00",
                "confidence": 0.5812556433994687,
                "uncertainty_std": 0.08272472023963928,
                "ci_95": [
                    0.4191151917297757,
                    0.7433960950691616
                ],
                "lead_time_hrs": 72,
                "movement_vector": {
                    "dlat_24h": 0.0,
                    "dlon_24h": 0.0
                },
                "trajectory": {},
                "top_driver": "ugrdprs",
                "ugrdprs": 0.003991725854575634,
                "vgrdprs": 0.0036207467783242464,
                "vvelprs": 0.003971071448177099,
                "tmpprs": 0.00359541829675436,
                "rhprs": 0.0034901064354926348,
                "hgtprs": 0.0037964838556945324,
                "absvprs": 0.003827099222689867,
                "pressfc": 0.0002468113088980317,
                "capesfc": 0.00019372296810615808,
                "tmpsfc": 0.00013837167352903634,
                "landmask": 0.00020475997007451952
            }
        },
        {
            "type": "Feature",
            "geometry": {
                "type": "Point",
                "coordinates": [
                    142.0,
                    35.0
                ]
            },
            "properties": {
                "system_id": "INVEST_00",
                "confidence": 0.5773020843751867,
                "uncertainty_std": 0.158869206905365,
                "ci_95": [
                    0.26591843884067135,
                    0.8886857299097021
                ],
                "lead_time_hrs": 72,
                "movement_vector": {
                    "dlat_24h": 0.0,
                    "dlon_24h": 0.0
                },
                "trajectory": {},
                "top_driver": "hgtprs",
                "ugrdprs": 0.013265306130051613,
                "vgrdprs": 0.012157600373029709,
                "vvelprs": 0.012298669666051865,
                "tmpprs": 0.011785733513534069,
                "rhprs": 0.01322302408516407,
                "hgtprs": 0.013629291206598282,
                "absvprs": 0.012101763859391212,
                "pressfc": 0.0005657168803736567,
                "capesfc": 0.0005124265444464982,
                "tmpsfc": 0.0006482370663434267,
                "landmask": 0.0010551015147939324
            }
        },
        {
            "type": "Feature",
            "geometry": {
                "type": "Point",
                "coordinates": [
                    118.0,
                    13.0
                ]
            },
            "properties": {
                "system_id": "INVEST_00",
                "confidence": 0.5703309274803137,
                "uncertainty_std": 0.10146880149841309,
                "ci_95": [
                    0.37145207654342405,
                    0.7692097784172033
                ],
                "lead_time_hrs": 72,
                "movement_vector": {
                    "dlat_24h": 0.0,
                    "dlon_24h": 0.0
                },
                "trajectory": {},
                "top_driver": "vvelprs",
                "ugrdprs": 0.003658255795016885,
                "vgrdprs": 0.003360837697982788,
                "vvelprs": 0.0037396298721432686,
                "tmpprs": 0.0034503061324357986,
                "rhprs": 0.00324094295501709,
                "hgtprs": 0.003575395094230771,
                "absvprs": 0.0034167468547821045,
                "pressfc": 0.00023046514252200723,
                "capesfc": 0.00019552704179659486,
                "tmpsfc": 0.00013553410826716572,
                "landmask": 0.00023589335614815354
            }
        },
        {
            "type": "Feature",
            "geometry": {
                "type": "Point",
                "coordinates": [
                    174.0,
                    35.0
                ]
            },
            "properties": {
                "system_id": "INVEST_00",
                "confidence": 0.5681510464443453,
                "uncertainty_std": 0.0673249214887619,
                "ci_95": [
                    0.436194200326372,
                    0.7001078925623186
                ],
                "lead_time_hrs": 72,
                "movement_vector": {
                    "dlat_24h": 0.0,
                    "dlon_24h": 0.0
                },
                "trajectory": {},
                "top_driver": "ugrdprs",
                "ugrdprs": 0.005205895286053419,
                "vgrdprs": 0.005043227691203356,
                "vvelprs": 0.005139542743563652,
                "tmpprs": 0.0050394232384860516,
                "rhprs": 0.00483624916523695,
                "hgtprs": 0.00517623033374548,
                "absvprs": 0.005177847575396299,
                "pressfc": 0.0003346464363858104,
                "capesfc": 0.0002758276532404125,
                "tmpsfc": 0.0002912358322646469,
                "landmask": 0.00026374493609182537
            }
        },
        {
            "type": "Feature",
            "geometry": {
                "type": "Point",
                "coordinates": [
                    112.0,
                    -5.0
                ]
            },
            "properties": {
                "system_id": "INVEST_00",
                "confidence": 0.5648085567574861,
                "uncertainty_std": 0.231376513838768,
                "ci_95": [
                    0.11131058963350082,
                    1.0
                ],
                "lead_time_hrs": 72,
                "movement_vector": {
                    "dlat_24h": 0.0,
                    "dlon_24h": 0.0
                },
                "trajectory": {},
                "top_driver": "ugrdprs",
                "ugrdprs": 0.005364197306334972,
                "vgrdprs": 0.005008365027606487,
                "vvelprs": 0.004690470639616251,
                "tmpprs": 0.005185795482248068,
                "rhprs": 0.0050108907744288445,
                "hgtprs": 0.00510968966409564,
                "absvprs": 0.004734984133392572,
                "pressfc": 0.00025984321837313473,
                "capesfc": 0.0003080529277212918,
                "tmpsfc": 0.00029666582122445107,
                "landmask": 0.0002772730658762157
            }
        },
        {
            "type": "Feature",
            "geometry": {
                "type": "Point",
                "coordinates": [
                    123.0,
                    14.0
                ]
            },
            "properties": {
                "system_id": "INVEST_00",
                "confidence": 0.5630183394115001,
                "uncertainty_std": 0.109514519572258,
                "ci_95": [
                    0.3483698810498745,
                    0.7776667977731258
                ],
                "lead_time_hrs": 72,
                "movement_vector": {
                    "dlat_24h": 0.0,
                    "dlon_24h": 0.0
                },
                "trajectory": {},
                "top_driver": "ugrdprs",
                "ugrdprs": 0.003251119516789913,
                "vgrdprs": 0.0030405030120164156,
                "vvelprs": 0.003184487810358405,
                "tmpprs": 0.003011159598827362,
                "rhprs": 0.002891735639423132,
                "hgtprs": 0.0031462442129850388,
                "absvprs": 0.0030912314541637897,
                "pressfc": 0.0001609311148058623,
                "capesfc": 0.00014844399993307889,
                "tmpsfc": 0.00018602560157887638,
                "landmask": 0.00021886084869038314
            }
        },
        {
            "type": "Feature",
            "geometry": {
                "type": "Point",
                "coordinates": [
                    -7.0,
                    0.0
                ]
            },
            "properties": {
                "system_id": "INVEST_00",
                "confidence": 0.5601636534798143,
                "uncertainty_std": 0.16377408802509308,
                "ci_95": [
                    0.2391664409506319,
                    0.8811608660089968
                ],
                "lead_time_hrs": 72,
                "movement_vector": {
                    "dlat_24h": 0.0,
                    "dlon_24h": 0.0
                },
                "trajectory": {},
                "top_driver": "ugrdprs",
                "ugrdprs": 0.004029842093586922,
                "vgrdprs": 0.0038528693839907646,
                "vvelprs": 0.003992593847215176,
                "tmpprs": 0.0037957369349896908,
                "rhprs": 0.0035732577089220285,
                "hgtprs": 0.0038734416011720896,
                "absvprs": 0.0039205243811011314,
                "pressfc": 0.00020997817046009004,
                "capesfc": 0.00016811391105875373,
                "tmpsfc": 0.0002499406400602311,
                "landmask": 0.00022242178965825588
            }
        },
        {
            "type": "Feature",
            "geometry": {
                "type": "Point",
                "coordinates": [
                    -171.0,
                    9.0
                ]
            },
            "properties": {
                "system_id": "INVEST_00",
                "confidence": 0.5584002639302394,
                "uncertainty_std": 0.05849399417638779,
                "ci_95": [
                    0.4437520353445194,
                    0.6730484925159596
                ],
                "lead_time_hrs": 72,
                "movement_vector": {
                    "dlat_24h": 0.0,
                    "dlon_24h": 0.0
                },
                "trajectory": {},
                "top_driver": "ugrdprs",
                "ugrdprs": 0.0033500695135444403,
                "vgrdprs": 0.002911477582529187,
                "vvelprs": 0.0031367898918688297,
                "tmpprs": 0.0029824578668922186,
                "rhprs": 0.002804344519972801,
                "hgtprs": 0.0031614855397492647,
                "absvprs": 0.0031691514886915684,
                "pressfc": 0.00018855789676308632,
                "capesfc": 0.00012303072435315698,
                "tmpsfc": 0.00017084350110962987,
                "landmask": 0.00019767897902056575
            }
        },
        {
            "type": "Feature",
            "geometry": {
                "type": "Point",
                "coordinates": [
                    -168.0,
                    -5.0
                ]
            },
            "properties": {
                "system_id": "INVEST_00",
                "confidence": 0.5576078267344539,
                "uncertainty_std": 0.1632603257894516,
                "ci_95": [
                    0.23761758818712875,
                    0.877598065281779
                ],
                "lead_time_hrs": 72,
                "movement_vector": {
                    "dlat_24h": 0.0,
                    "dlon_24h": 0.0
                },
                "trajectory": {},
                "top_driver": "ugrdprs",
                "ugrdprs": 0.004577389918267727,
                "vgrdprs": 0.0044426037929952145,
                "vvelprs": 0.00456108245998621,
                "tmpprs": 0.004396692384034395,
                "rhprs": 0.004311528522521257,
                "hgtprs": 0.004315769299864769,
                "absvprs": 0.004345566499978304,
                "pressfc": 0.00024232272699009627,
                "capesfc": 0.00021469207422342151,
                "tmpsfc": 0.0002895750803872943,
                "landmask": 0.0003602555370889604
            }
        },
        {
            "type": "Feature",
            "geometry": {
                "type": "Point",
                "coordinates": [
                    -173.0,
                    29.0
                ]
            },
            "properties": {
                "system_id": "INVEST_00",
                "confidence": 0.554583513234439,
                "uncertainty_std": 0.17140506207942963,
                "ci_95": [
                    0.21862959155875694,
                    0.890537434910121
                ],
                "lead_time_hrs": 72,
                "movement_vector": {
                    "dlat_24h": 0.0,
                    "dlon_24h": 0.0
                },
                "trajectory": {},
                "top_driver": "hgtprs",
                "ugrdprs": 0.005744912661612034,
                "vgrdprs": 0.005715308245271444,
                "vvelprs": 0.00594288669526577,
                "tmpprs": 0.005432521924376488,
                "rhprs": 0.005433239508420229,
                "hgtprs": 0.005994849372655153,
                "absvprs": 0.005635408218950033,
                "pressfc": 0.0002601997694000602,
                "capesfc": 0.0002633551193866879,
                "tmpsfc": 0.00028369572828523815,
                "landmask": 0.0003946029464714229
            }
        },
        {
            "type": "Feature",
            "geometry": {
                "type": "Point",
                "coordinates": [
                    -48.0,
                    16.0
                ]
            },
            "properties": {
                "system_id": "INVEST_00",
                "confidence": 0.5522727782761248,
                "uncertainty_std": 0.13032718002796173,
                "ci_95": [
                    0.29683150542131975,
                    0.8077140511309298
                ],
                "lead_time_hrs": 72,
                "movement_vector": {
                    "dlat_24h": 0.0,
                    "dlon_24h": 0.0
                },
                "trajectory": {},
                "top_driver": "hgtprs",
                "ugrdprs": 0.003880166681483388,
                "vgrdprs": 0.0035885770339518785,
                "vvelprs": 0.0037685949355363846,
                "tmpprs": 0.0036132291425019503,
                "rhprs": 0.003351873718202114,
                "hgtprs": 0.003892236389219761,
                "absvprs": 0.0036173711996525526,
                "pressfc": 0.0002235381689388305,
                "capesfc": 0.0001573463814565912,
                "tmpsfc": 0.0002010433963732794,
                "landmask": 0.00024051328364294022
            }
        },
        {
            "type": "Feature",
            "geometry": {
                "type": "Point",
                "coordinates": [
                    -59.0,
                    26.0
                ]
            },
            "properties": {
                "system_id": "INVEST_00",
                "confidence": 0.5514214856339406,
                "uncertainty_std": 0.1259918361902237,
                "ci_95": [
                    0.3044774867011021,
                    0.798365484566779
                ],
                "lead_time_hrs": 72,
                "movement_vector": {
                    "dlat_24h": 0.0,
                    "dlon_24h": 0.0
                },
                "trajectory": {},
                "top_driver": "hgtprs",
                "ugrdprs": 0.005581515841186047,
                "vgrdprs": 0.005653940141201019,
                "vvelprs": 0.0058458722196519375,
                "tmpprs": 0.005721522029489279,
                "rhprs": 0.005459443666040897,
                "hgtprs": 0.006336251273751259,
                "absvprs": 0.005936690140515566,
                "pressfc": 0.0003013887908309698,
                "capesfc": 0.0002415169437881559,
                "tmpsfc": 0.00023110414622351527,
                "landmask": 0.0004324964829720557
            }
        },
        {
            "type": "Feature",
            "geometry": {
                "type": "Point",
                "coordinates": [
                    -38.0,
                    7.0
                ]
            },
            "properties": {
                "system_id": "INVEST_00",
                "confidence": 0.5487146992549952,
                "uncertainty_std": 0.10323642194271088,
                "ci_95": [
                    0.34637131224728185,
                    0.7510580862627085
                ],
                "lead_time_hrs": 72,
                "movement_vector": {
                    "dlat_24h": 0.0,
                    "dlon_24h": 0.0
                },
                "trajectory": {},
                "top_driver": "ugrdprs",
                "ugrdprs": 0.0029137348756194115,
                "vgrdprs": 0.0026500443927943707,
                "vvelprs": 0.002903837477788329,
                "tmpprs": 0.002655954100191593,
                "rhprs": 0.0024435839150100946,
                "hgtprs": 0.002786230994388461,
                "absvprs": 0.002787688048556447,
                "pressfc": 0.0001863812212832272,
                "capesfc": 0.00014649952936451882,
                "tmpsfc": 0.00014191085938364267,
                "landmask": 0.00013297577970661223
            }
        },
        {
            "type": "Feature",
            "geometry": {
                "type": "Point",
                "coordinates": [
                    142.0,
                    0.0
                ]
            },
            "properties": {
                "system_id": "INVEST_00",
                "confidence": 0.5479516909659927,
                "uncertainty_std": 0.11212339252233505,
                "ci_95": [
                    0.328189841622216,
                    0.7677135403097695
                ],
                "lead_time_hrs": 72,
                "movement_vector": {
                    "dlat_24h": 0.0,
                    "dlon_24h": 0.0
                },
                "trajectory": {},
                "top_driver": "vvelprs",
                "ugrdprs": 0.006285031791776419,
                "vgrdprs": 0.006037220824509859,
                "vvelprs": 0.006375649943947792,
                "tmpprs": 0.005827269051223993,
                "rhprs": 0.0056848726235330105,
                "hgtprs": 0.006269678007811308,
                "absvprs": 0.005865541752427816,
                "pressfc": 0.0003087561926804483,
                "capesfc": 0.00031975473393686116,
                "tmpsfc": 0.0003333925560582429,
                "landmask": 0.000332986208377406
            }
        },
        {
            "type": "Feature",
            "geometry": {
                "type": "Point",
                "coordinates": [
                    160.0,
                    -18.0
                ]
            },
            "properties": {
                "system_id": "INVEST_00",
                "confidence": 0.5479505342919845,
                "uncertainty_std": 0.14710617065429688,
                "ci_95": [
                    0.2596224398095626,
                    0.8362786287744064
                ],
                "lead_time_hrs": 72,
                "movement_vector": {
                    "dlat_24h": 0.0,
                    "dlon_24h": 0.0
                },
                "trajectory": {},
                "top_driver": "ugrdprs",
                "ugrdprs": 0.01158840674906969,
                "vgrdprs": 0.011014659889042377,
                "vvelprs": 0.010580386966466904,
                "tmpprs": 0.010301698930561543,
                "rhprs": 0.009993883781135082,
                "hgtprs": 0.01133397500962019,
                "absvprs": 0.01038788165897131,
                "pressfc": 0.0005738043691962957,
                "capesfc": 0.0005122937727719545,
                "tmpsfc": 0.0006946657667867839,
                "landmask": 0.0007124632247723639
            }
        },
        {
            "type": "Feature",
            "geometry": {
                "type": "Point",
                "coordinates": [
                    -49.0,
                    26.0
                ]
            },
            "properties": {
                "system_id": "INVEST_00",
                "confidence": 0.5470823467992604,
                "uncertainty_std": 0.12716084718704224,
                "ci_95": [
                    0.2978470863126576,
                    0.7963176072858631
                ],
                "lead_time_hrs": 72,
                "movement_vector": {
                    "dlat_24h": 0.0,
                    "dlon_24h": 0.0
                },
                "trajectory": {},
                "top_driver": "ugrdprs",
                "ugrdprs": 0.00300497910939157,
                "vgrdprs": 0.002719368552789092,
                "vvelprs": 0.002862878143787384,
                "tmpprs": 0.0027358850929886103,
                "rhprs": 0.002541320165619254,
                "hgtprs": 0.0028433578554540873,
                "absvprs": 0.0029760419856756926,
                "pressfc": 0.00021131116955075413,
                "capesfc": 0.00013940448116045445,
                "tmpsfc": 0.00014534617366734892,
                "landmask": 0.00015104282647371292
            }
        },
        {
            "type": "Feature",
            "geometry": {
                "type": "Point",
                "coordinates": [
                    83.0,
                    -9.0
                ]
            },
            "properties": {
                "system_id": "INVEST_00",
                "confidence": 0.5465180485616519,
                "uncertainty_std": 0.10356315970420837,
                "ci_95": [
                    0.3435342555414035,
                    0.7495018415819003
                ],
                "lead_time_hrs": 72,
                "movement_vector": {
                    "dlat_24h": 0.0,
                    "dlon_24h": 0.0
                },
                "trajectory": {},
                "top_driver": "vvelprs",
                "ugrdprs": 0.005793086718767881,
                "vgrdprs": 0.005740033462643623,
                "vvelprs": 0.005987552460283041,
                "tmpprs": 0.0056593045592308044,
                "rhprs": 0.005121252033859491,
                "hgtprs": 0.005638131871819496,
                "absvprs": 0.005491125397384167,
                "pressfc": 0.0003088823286816478,
                "capesfc": 0.00028282724088057876,
                "tmpsfc": 0.00030875016818754375,
                "landmask": 0.00024759199004620314
            }
        },
        {
            "type": "Feature",
            "geometry": {
                "type": "Point",
                "coordinates": [
                    -151.0,
                    -1.0
                ]
            },
            "properties": {
                "system_id": "INVEST_00",
                "confidence": 0.5449300494440604,
                "uncertainty_std": 0.13602736592292786,
                "ci_95": [
                    0.2783164122351218,
                    0.811543686652999
                ],
                "lead_time_hrs": 72,
                "movement_vector": {
                    "dlat_24h": 0.0,
                    "dlon_24h": 0.0
                },
                "trajectory": {},
                "top_driver": "vvelprs",
                "ugrdprs": 0.004790117498487234,
                "vgrdprs": 0.004876219667494297,
                "vvelprs": 0.005141975823789835,
                "tmpprs": 0.0049621667712926865,
                "rhprs": 0.0047567859292030334,
                "hgtprs": 0.005107142962515354,
                "absvprs": 0.005076677072793245,
                "pressfc": 0.00018040720897261053,
                "capesfc": 0.00027429888723418117,
                "tmpsfc": 0.00018941890448331833,
                "landmask": 0.00030228315154090524
            }
        },
        {
            "type": "Feature",
            "geometry": {
                "type": "Point",
                "coordinates": [
                    -38.0,
                    2.0
                ]
            },
            "properties": {
                "system_id": "INVEST_00",
                "confidence": 0.5440301317628827,
                "uncertainty_std": 0.17907358705997467,
                "ci_95": [
                    0.19304590112533238,
                    0.8950143624004331
                ],
                "lead_time_hrs": 72,
                "movement_vector": {
                    "dlat_24h": 0.0,
                    "dlon_24h": 0.0
                },
                "trajectory": {},
                "top_driver": "vvelprs",
                "ugrdprs": 0.0029353140853345394,
                "vgrdprs": 0.0028420148883014917,
                "vvelprs": 0.0030448941979557276,
                "tmpprs": 0.002735037123784423,
                "rhprs": 0.002655815565958619,
                "hgtprs": 0.002937145298346877,
                "absvprs": 0.0028147452976554632,
                "pressfc": 0.0001762793108355254,
                "capesfc": 0.00011736741726053879,
                "tmpsfc": 0.0001532479072920978,
                "landmask": 0.00016906845849007368
            }
        },
        {
            "type": "Feature",
            "geometry": {
                "type": "Point",
                "coordinates": [
                    -170.0,
                    0.0
                ]
            },
            "properties": {
                "system_id": "INVEST_00",
                "confidence": 0.5437769975447218,
                "uncertainty_std": 0.12597106397151947,
                "ci_95": [
                    0.2968737121605436,
                    0.7906802829288999
                ],
                "lead_time_hrs": 72,
                "movement_vector": {
                    "dlat_24h": 0.0,
                    "dlon_24h": 0.0
                },
                "trajectory": {},
                "top_driver": "ugrdprs",
                "ugrdprs": 0.0062674907967448235,
                "vgrdprs": 0.006041387096047401,
                "vvelprs": 0.005827742163091898,
                "tmpprs": 0.005751759745180607,
                "rhprs": 0.005766856949776411,
                "hgtprs": 0.005696337204426527,
                "absvprs": 0.005407499149441719,
                "pressfc": 0.0004295365361031145,
                "capesfc": 0.000340205617249012,
                "tmpsfc": 0.00033206213265657425,
                "landmask": 0.00032680152799002826
            }
        },
        {
            "type": "Feature",
            "geometry": {
                "type": "Point",
                "coordinates": [
                    -127.0,
                    2.0
                ]
            },
            "properties": {
                "system_id": "INVEST_00",
                "confidence": 0.5430556417801757,
                "uncertainty_std": 0.15318235754966736,
                "ci_95": [
                    0.24281822098282774,
                    0.8432930625775237
                ],
                "lead_time_hrs": 72,
                "movement_vector": {
                    "dlat_24h": 0.0,
                    "dlon_24h": 0.0
                },
                "trajectory": {},
                "top_driver": "vvelprs",
                "ugrdprs": 0.0049255164340138435,
                "vgrdprs": 0.004955844487994909,
                "vvelprs": 0.005118132568895817,
                "tmpprs": 0.0048164427280426025,
                "rhprs": 0.004685882944613695,
                "hgtprs": 0.004663202445954084,
                "absvprs": 0.004746289923787117,
                "pressfc": 0.00022890638501849025,
                "capesfc": 0.0002204000047640875,
                "tmpsfc": 0.00027960489387623966,
                "landmask": 0.00034693581983447075
            }
        },
        {
            "type": "Feature",
            "geometry": {
                "type": "Point",
                "coordinates": [
                    -168.0,
                    33.0
                ]
            },
            "properties": {
                "system_id": "INVEST_00",
                "confidence": 0.542747321546905,
                "uncertainty_std": 0.0878438726067543,
                "ci_95": [
                    0.37057333123766656,
                    0.7149213118561434
                ],
                "lead_time_hrs": 72,
                "movement_vector": {
                    "dlat_24h": 0.0,
                    "dlon_24h": 0.0
                },
                "trajectory": {},
                "top_driver": "hgtprs",
                "ugrdprs": 0.004286299459636211,
                "vgrdprs": 0.004239904694259167,
                "vvelprs": 0.004234046209603548,
                "tmpprs": 0.004004758317023516,
                "rhprs": 0.003812118200585246,
                "hgtprs": 0.0043593235313892365,
                "absvprs": 0.004180074669420719,
                "pressfc": 0.00026577754761092365,
                "capesfc": 0.00021492441010195762,
                "tmpsfc": 0.00021014962112531066,
                "landmask": 0.00026929887826554477
            }
        },
        {
            "type": "Feature",
            "geometry": {
                "type": "Point",
                "coordinates": [
                    -110.0,
                    -1.0
                ]
            },
            "properties": {
                "system_id": "INVEST_00",
                "confidence": 0.5420038826424679,
                "uncertainty_std": 0.05991973355412483,
                "ci_95": [
                    0.42456120487638327,
                    0.6594465604085525
                ],
                "lead_time_hrs": 72,
                "movement_vector": {
                    "dlat_24h": 0.0,
                    "dlon_24h": 0.0
                },
                "trajectory": {},
                "top_driver": "vvelprs",
                "ugrdprs": 0.0026370910927653313,
                "vgrdprs": 0.002504579955711961,
                "vvelprs": 0.0026683027390390635,
                "tmpprs": 0.0023847194388508797,
                "rhprs": 0.002248351462185383,
                "hgtprs": 0.002569190226495266,
                "absvprs": 0.002478240756317973,
                "pressfc": 0.00015663850354030728,
                "capesfc": 0.00011602310405578464,
                "tmpsfc": 0.0001194820215459913,
                "landmask": 0.00012637772306334227
            }
        },
        {
            "type": "Feature",
            "geometry": {
                "type": "Point",
                "coordinates": [
                    -179.0,
                    11.0
                ]
            },
            "properties": {
                "system_id": "INVEST_00",
                "confidence": 0.5419148881497436,
                "uncertainty_std": 0.09544628858566284,
                "ci_95": [
                    0.35484016252184447,
                    0.7289896137776428
                ],
                "lead_time_hrs": 72,
                "movement_vector": {
                    "dlat_24h": 0.0,
                    "dlon_24h": 0.0
                },
                "trajectory": {},
                "top_driver": "vvelprs",
                "ugrdprs": 0.0035258319694548845,
                "vgrdprs": 0.0031580552458763123,
                "vvelprs": 0.0035316930152475834,
                "tmpprs": 0.003203056054189801,
                "rhprs": 0.0029938025400042534,
                "hgtprs": 0.003388552460819483,
                "absvprs": 0.003347431542351842,
                "pressfc": 0.0001929885329445824,
                "capesfc": 0.00012515421258285642,
                "tmpsfc": 0.00018337446090299636,
                "landmask": 0.00018345934222452343
            }
        },
        {
            "type": "Feature",
            "geometry": {
                "type": "Point",
                "coordinates": [
                    -138.0,
                    35.0
                ]
            },
            "properties": {
                "system_id": "INVEST_00",
                "confidence": 0.541135968455254,
                "uncertainty_std": 0.11529796570539474,
                "ci_95": [
                    0.31515195567268034,
                    0.7671199812378278
                ],
                "lead_time_hrs": 72,
                "movement_vector": {
                    "dlat_24h": 0.0,
                    "dlon_24h": 0.0
                },
                "trajectory": {},
                "top_driver": "ugrdprs",
                "ugrdprs": 0.0035737883299589157,
                "vgrdprs": 0.003206915222108364,
                "vvelprs": 0.0033551447559148073,
                "tmpprs": 0.0031655943021178246,
                "rhprs": 0.0029794590082019567,
                "hgtprs": 0.0033496622927486897,
                "absvprs": 0.003398316213861108,
                "pressfc": 0.00023591540229972452,
                "capesfc": 0.00016342401795554906,
                "tmpsfc": 0.00018202960200142115,
                "landmask": 0.00021446318714879453
            }
        },
        {
            "type": "Feature",
            "geometry": {
                "type": "Point",
                "coordinates": [
                    -79.0,
                    2.0
                ]
            },
            "properties": {
                "system_id": "INVEST_00",
                "confidence": 0.5406720342056166,
                "uncertainty_std": 0.1017681285738945,
                "ci_95": [
                    0.3412065022007834,
                    0.7401375662104498
                ],
                "lead_time_hrs": 72,
                "movement_vector": {
                    "dlat_24h": 0.0,
                    "dlon_24h": 0.0
                },
                "trajectory": {},
                "top_driver": "ugrdprs",
                "ugrdprs": 0.00314232986420393,
                "vgrdprs": 0.003098313696682453,
                "vvelprs": 0.0030391619075089693,
                "tmpprs": 0.0028789343778043985,
                "rhprs": 0.0028376199770718813,
                "hgtprs": 0.002897752681747079,
                "absvprs": 0.003005361882969737,
                "pressfc": 0.0001789912930689752,
                "capesfc": 0.00014708918752148747,
                "tmpsfc": 0.00014148224727250636,
                "landmask": 0.00016224276623688638
            }
        },
        {
            "type": "Feature",
            "geometry": {
                "type": "Point",
                "coordinates": [
                    111.0,
                    2.0
                ]
            },
            "properties": {
                "system_id": "INVEST_00",
                "confidence": 0.5396974712399989,
                "uncertainty_std": 0.13401669263839722,
                "ci_95": [
                    0.27702475366874035,
                    0.8023701888112574
                ],
                "lead_time_hrs": 72,
                "movement_vector": {
                    "dlat_24h": 0.0,
                    "dlon_24h": 0.0
                },
                "trajectory": {},
                "top_driver": "vvelprs",
                "ugrdprs": 0.0060544079169631,
                "vgrdprs": 0.005837670993059874,
                "vvelprs": 0.006174258887767792,
                "tmpprs": 0.0058330656029284,
                "rhprs": 0.005785409361124039,
                "hgtprs": 0.006058446131646633,
                "absvprs": 0.005724382121115923,
                "pressfc": 0.00038611830677837133,
                "capesfc": 0.0003364654548931867,
                "tmpsfc": 0.00031131604919210076,
                "landmask": 0.00046085703070275486
            }
        },
        {
            "type": "Feature",
            "geometry": {
                "type": "Point",
                "coordinates": [
                    92.0,
                    19.0
                ]
            },
            "properties": {
                "system_id": "INVEST_00",
                "confidence": 0.5367130284708606,
                "uncertainty_std": 0.265052855014801,
                "ci_95": [
                    0.017209432641850597,
                    1.0
                ],
                "lead_time_hrs": 72,
                "movement_vector": {
                    "dlat_24h": 0.0,
                    "dlon_24h": 0.0
                },
                "trajectory": {},
                "top_driver": "vvelprs",
                "ugrdprs": 0.007035830523818731,
                "vgrdprs": 0.007135339081287384,
                "vvelprs": 0.007556600961834192,
                "tmpprs": 0.006752923596650362,
                "rhprs": 0.006749153137207031,
                "hgtprs": 0.006923334673047066,
                "absvprs": 0.007074323948472738,
                "pressfc": 0.0004145001294091344,
                "capesfc": 0.0003001023724209517,
                "tmpsfc": 0.0002512945211492479,
                "landmask": 0.000505585630889982
            }
        },
        {
            "type": "Feature",
            "geometry": {
                "type": "Point",
                "coordinates": [
                    85.0,
                    4.0
                ]
            },
            "properties": {
                "system_id": "INVEST_00",
                "confidence": 0.5363312983014666,
                "uncertainty_std": 0.1301322877407074,
                "ci_95": [
                    0.28127201432968013,
                    0.7913905822732532
                ],
                "lead_time_hrs": 72,
                "movement_vector": {
                    "dlat_24h": 0.0,
                    "dlon_24h": 0.0
                },
                "trajectory": {},
                "top_driver": "tmpprs",
                "ugrdprs": 0.006373447831720114,
                "vgrdprs": 0.006272366736084223,
                "vvelprs": 0.006210001185536385,
                "tmpprs": 0.006715062074363232,
                "rhprs": 0.006624921225011349,
                "hgtprs": 0.006602834910154343,
                "absvprs": 0.006291656754910946,
                "pressfc": 0.0003654784522950649,
                "capesfc": 0.0003753449709620327,
                "tmpsfc": 0.00032293362892232835,
                "landmask": 0.0005851779715158045
            }
        },
        {
            "type": "Feature",
            "geometry": {
                "type": "Point",
                "coordinates": [
                    -40.0,
                    13.0
                ]
            },
            "properties": {
                "system_id": "INVEST_00",
                "confidence": 0.5321062233328229,
                "uncertainty_std": 0.08039112389087677,
                "ci_95": [
                    0.3745396205067044,
                    0.6896728261589413
                ],
                "lead_time_hrs": 72,
                "movement_vector": {
                    "dlat_24h": 0.0,
                    "dlon_24h": 0.0
                },
                "trajectory": {},
                "top_driver": "ugrdprs",
                "ugrdprs": 0.0031972797587513924,
                "vgrdprs": 0.0028085894882678986,
                "vvelprs": 0.0030752543825656176,
                "tmpprs": 0.0028192305471748114,
                "rhprs": 0.002671171212568879,
                "hgtprs": 0.00305748637765646,
                "absvprs": 0.00297509110532701,
                "pressfc": 0.00018737607751972973,
                "capesfc": 0.00011283260391792282,
                "tmpsfc": 0.00015775320935063064,
                "landmask": 0.00019983499078080058
            }
        },
        {
            "type": "Feature",
            "geometry": {
                "type": "Point",
                "coordinates": [
                    77.0,
                    -9.0
                ]
            },
            "properties": {
                "system_id": "INVEST_00",
                "confidence": 0.5303393085304786,
                "uncertainty_std": 0.12020329385995865,
                "ci_95": [
                    0.29474085256495963,
                    0.7659377644959976
                ],
                "lead_time_hrs": 72,
                "movement_vector": {
                    "dlat_24h": 0.0,
                    "dlon_24h": 0.0
                },
                "trajectory": {},
                "top_driver": "vvelprs",
                "ugrdprs": 0.0033514946699142456,
                "vgrdprs": 0.0032669221982359886,
                "vvelprs": 0.0035922881215810776,
                "tmpprs": 0.0032163092400878668,
                "rhprs": 0.002967196749523282,
                "hgtprs": 0.003326443023979664,
                "absvprs": 0.003319827374070883,
                "pressfc": 0.00018300658848602325,
                "capesfc": 0.00013475320884026587,
                "tmpsfc": 0.000176522065885365,
                "landmask": 0.00018101112800650299
            }
        },
        {
            "type": "Feature",
            "geometry": {
                "type": "Point",
                "coordinates": [
                    169.0,
                    20.0
                ]
            },
            "properties": {
                "system_id": "INVEST_00",
                "confidence": 0.5300827686365348,
                "uncertainty_std": 0.16275723278522491,
                "ci_95": [
                    0.211078592377494,
                    0.8490869448955756
                ],
                "lead_time_hrs": 72,
                "movement_vector": {
                    "dlat_24h": 0.0,
                    "dlon_24h": 0.0
                },
                "trajectory": {},
                "top_driver": "ugrdprs",
                "ugrdprs": 0.006437068805098534,
                "vgrdprs": 0.005682454444468021,
                "vvelprs": 0.005873536225408316,
                "tmpprs": 0.005747687071561813,
                "rhprs": 0.00594188692048192,
                "hgtprs": 0.006021986249834299,
                "absvprs": 0.005928513593971729,
                "pressfc": 0.0003936944995075464,
                "capesfc": 0.00025155776529572904,
                "tmpsfc": 0.0004442867648322135,
                "landmask": 0.0004003715584985912
            }
        },
        {
            "type": "Feature",
            "geometry": {
                "type": "Point",
                "coordinates": [
                    153.0,
                    -6.0
                ]
            },
            "properties": {
                "system_id": "INVEST_00",
                "confidence": 0.5285708484179488,
                "uncertainty_std": 0.14590106904506683,
                "ci_95": [
                    0.24260475308961776,
                    0.8145369437462797
                ],
                "lead_time_hrs": 72,
                "movement_vector": {
                    "dlat_24h": 0.0,
                    "dlon_24h": 0.0
                },
                "trajectory": {},
                "top_driver": "ugrdprs",
                "ugrdprs": 0.004717474337667227,
                "vgrdprs": 0.004708085674792528,
                "vvelprs": 0.004626709036529064,
                "tmpprs": 0.00435633584856987,
                "rhprs": 0.004380286205559969,
                "hgtprs": 0.00468101492151618,
                "absvprs": 0.004363642074167728,
                "pressfc": 0.0002900173421949148,
                "capesfc": 0.00023623998276889324,
                "tmpsfc": 0.00023572769714519382,
                "landmask": 0.0003101075126323849
            }
        },
        {
            "type": "Feature",
            "geometry": {
                "type": "Point",
                "coordinates": [
                    -145.0,
                    35.0
                ]
            },
            "properties": {
                "system_id": "INVEST_00",
                "confidence": 0.5284804933027906,
                "uncertainty_std": 0.19801349937915802,
                "ci_95": [
                    0.14037403451964087,
                    0.9165869520859402
                ],
                "lead_time_hrs": 72,
                "movement_vector": {
                    "dlat_24h": 0.0,
                    "dlon_24h": 0.0
                },
                "trajectory": {},
                "top_driver": "ugrdprs",
                "ugrdprs": 0.0030986391939222813,
                "vgrdprs": 0.0028734272345900536,
                "vvelprs": 0.0029886330012232065,
                "tmpprs": 0.0029122636187821627,
                "rhprs": 0.0027867923490703106,
                "hgtprs": 0.0030880016274750233,
                "absvprs": 0.0030471396166831255,
                "pressfc": 0.00017442519310861826,
                "capesfc": 0.00015455514949280769,
                "tmpsfc": 0.00014409075083676726,
                "landmask": 0.0001415032020304352
            }
        },
        {
            "type": "Feature",
            "geometry": {
                "type": "Point",
                "coordinates": [
                    -50.0,
                    35.0
                ]
            },
            "properties": {
                "system_id": "INVEST_00",
                "confidence": 0.5274161346191469,
                "uncertainty_std": 0.15422996878623962,
                "ci_95": [
                    0.2251253957981173,
                    0.8297068734401766
                ],
                "lead_time_hrs": 72,
                "movement_vector": {
                    "dlat_24h": 0.0,
                    "dlon_24h": 0.0
                },
                "trajectory": {},
                "top_driver": "ugrdprs",
                "ugrdprs": 0.005744873080402613,
                "vgrdprs": 0.005140877328813076,
                "vvelprs": 0.00528529891744256,
                "tmpprs": 0.005445387214422226,
                "rhprs": 0.005076652858406305,
                "hgtprs": 0.005163757596164942,
                "absvprs": 0.005426710471510887,
                "pressfc": 0.0003057788999285549,
                "capesfc": 0.00027222855715081096,
                "tmpsfc": 0.00031161835067905486,
                "landmask": 0.0003099421155638993
            }
        },
        {
            "type": "Feature",
            "geometry": {
                "type": "Point",
                "coordinates": [
                    -172.0,
                    14.0
                ]
            },
            "properties": {
                "system_id": "INVEST_00",
                "confidence": 0.5273105732071642,
                "uncertainty_std": 0.11790680885314941,
                "ci_95": [
                    0.2962132278549914,
                    0.7584079185593371
                ],
                "lead_time_hrs": 72,
                "movement_vector": {
                    "dlat_24h": 0.0,
                    "dlon_24h": 0.0
                },
                "trajectory": {},
                "top_driver": "vvelprs",
                "ugrdprs": 0.008314167149364948,
                "vgrdprs": 0.007997667416930199,
                "vvelprs": 0.008343879133462906,
                "tmpprs": 0.008111780509352684,
                "rhprs": 0.007677075918763876,
                "hgtprs": 0.007907816208899021,
                "absvprs": 0.007759325206279755,
                "pressfc": 0.0005835710326209664,
                "capesfc": 0.0004437674942892045,
                "tmpsfc": 0.0005387807614170015,
                "landmask": 0.0005432416801340878
            }
        },
        {
            "type": "Feature",
            "geometry": {
                "type": "Point",
                "coordinates": [
                    -137.0,
                    15.0
                ]
            },
            "properties": {
                "system_id": "INVEST_00",
                "confidence": 0.5253177553877657,
                "uncertainty_std": 0.09285743534564972,
                "ci_95": [
                    0.3433171821102923,
                    0.7073183286652391
                ],
                "lead_time_hrs": 72,
                "movement_vector": {
                    "dlat_24h": 0.0,
                    "dlon_24h": 0.0
                },
                "trajectory": {},
                "top_driver": "ugrdprs",
                "ugrdprs": 0.0033503922168165445,
                "vgrdprs": 0.002960566896945238,
                "vvelprs": 0.0030555464327335358,
                "tmpprs": 0.0029672204982489347,
                "rhprs": 0.002839034888893366,
                "hgtprs": 0.0031588426791131496,
                "absvprs": 0.0031872186809778214,
                "pressfc": 0.00022764303139410913,
                "capesfc": 0.00014648814976681024,
                "tmpsfc": 0.00015656322648283094,
                "landmask": 0.0002180224983021617
            }
        },
        {
            "type": "Feature",
            "geometry": {
                "type": "Point",
                "coordinates": [
                    -121.0,
                    8.0
                ]
            },
            "properties": {
                "system_id": "INVEST_00",
                "confidence": 0.5229206798301648,
                "uncertainty_std": 0.10915946960449219,
                "ci_95": [
                    0.30896811940536006,
                    0.7368732402549695
                ],
                "lead_time_hrs": 72,
                "movement_vector": {
                    "dlat_24h": 0.0,
                    "dlon_24h": 0.0
                },
                "trajectory": {},
                "top_driver": "vvelprs",
                "ugrdprs": 0.004921411629766226,
                "vgrdprs": 0.004963763523846865,
                "vvelprs": 0.0051831332966685295,
                "tmpprs": 0.004627743270248175,
                "rhprs": 0.0045512826181948185,
                "hgtprs": 0.005026252940297127,
                "absvprs": 0.004801003262400627,
                "pressfc": 0.00023516296641901135,
                "capesfc": 0.0002071009948849678,
                "tmpsfc": 0.00021864222071599215,
                "landmask": 0.0003010471991728991
            }
        },
        {
            "type": "Feature",
            "geometry": {
                "type": "Point",
                "coordinates": [
                    -159.0,
                    -15.0
                ]
            },
            "properties": {
                "system_id": "INVEST_00",
                "confidence": 0.5220268472555784,
                "uncertainty_std": 0.11780498921871185,
                "ci_95": [
                    0.2911290683869031,
                    0.7529246261242536
                ],
                "lead_time_hrs": 72,
                "movement_vector": {
                    "dlat_24h": 0.0,
                    "dlon_24h": 0.0
                },
                "trajectory": {},
                "top_driver": "ugrdprs",
                "ugrdprs": 0.006984130013734102,
                "vgrdprs": 0.006844320800155401,
                "vvelprs": 0.006742402445524931,
                "tmpprs": 0.0067715831100940704,
                "rhprs": 0.006283722817897797,
                "hgtprs": 0.006772694177925587,
                "absvprs": 0.0067537990398705006,
                "pressfc": 0.0003657120105344802,
                "capesfc": 0.0003343990247230977,
                "tmpsfc": 0.0003971914993599057,
                "landmask": 0.0003149467520415783
            }
        },
        {
            "type": "Feature",
            "geometry": {
                "type": "Point",
                "coordinates": [
                    60.0,
                    -6.0
                ]
            },
            "properties": {
                "system_id": "INVEST_00",
                "confidence": 0.51851327242693,
                "uncertainty_std": 0.10792442411184311,
                "ci_95": [
                    0.30698140116771755,
                    0.7300451436861425
                ],
                "lead_time_hrs": 72,
                "movement_vector": {
                    "dlat_24h": 0.0,
                    "dlon_24h": 0.0
                },
                "trajectory": {},
                "top_driver": "ugrdprs",
                "ugrdprs": 0.006837896537035704,
                "vgrdprs": 0.006704204715788364,
                "vvelprs": 0.00665555102750659,
                "tmpprs": 0.006303923204541206,
                "rhprs": 0.006525831297039986,
                "hgtprs": 0.006231458857655525,
                "absvprs": 0.006483389530330896,
                "pressfc": 0.00035401718923822045,
                "capesfc": 0.00028454529820010066,
                "tmpsfc": 0.0004701482248492539,
                "landmask": 0.0005029476596973836
            }
        },
        {
            "type": "Feature",
            "geometry": {
                "type": "Point",
                "coordinates": [
                    -85.0,
                    20.0
                ]
            },
            "properties": {
                "system_id": "INVEST_00",
                "confidence": 0.5183800946376472,
                "uncertainty_std": 0.10503251105546951,
                "ci_95": [
                    0.312516372968927,
                    0.7242438163063675
                ],
                "lead_time_hrs": 72,
                "movement_vector": {
                    "dlat_24h": 0.0,
                    "dlon_24h": 0.0
                },
                "trajectory": {},
                "top_driver": "ugrdprs",
                "ugrdprs": 0.009757313877344131,
                "vgrdprs": 0.0088385920971632,
                "vvelprs": 0.008991383947432041,
                "tmpprs": 0.008413358591496944,
                "rhprs": 0.008387626148760319,
                "hgtprs": 0.009190279990434647,
                "absvprs": 0.008564014919102192,
                "pressfc": 0.0005207508220337331,
                "capesfc": 0.00043889976222999394,
                "tmpsfc": 0.0004736477567348629,
                "landmask": 0.0005935962544754148
            }
        },
        {
            "type": "Feature",
            "geometry": {
                "type": "Point",
                "coordinates": [
                    -164.0,
                    -9.0
                ]
            },
            "properties": {
                "system_id": "INVEST_00",
                "confidence": 0.5173443148898426,
                "uncertainty_std": 0.13624371588230133,
                "ci_95": [
                    0.250306631760532,
                    0.7843819980191531
                ],
                "lead_time_hrs": 72,
                "movement_vector": {
                    "dlat_24h": 0.0,
                    "dlon_24h": 0.0
                },
                "trajectory": {},
                "top_driver": "vvelprs",
                "ugrdprs": 0.003790675662457943,
                "vgrdprs": 0.003743884153664112,
                "vvelprs": 0.004029645584523678,
                "tmpprs": 0.00367299048230052,
                "rhprs": 0.003358003683388233,
                "hgtprs": 0.003743413370102644,
                "absvprs": 0.00375270564109087,
                "pressfc": 0.0002254416176583618,
                "capesfc": 0.00018760176317300647,
                "tmpsfc": 0.00019306231115479022,
                "landmask": 0.0002253204584121704
            }
        },
        {
            "type": "Feature",
            "geometry": {
                "type": "Point",
                "coordinates": [
                    156.0,
                    22.0
                ]
            },
            "properties": {
                "system_id": "INVEST_00",
                "confidence": 0.516746416604407,
                "uncertainty_std": 0.14123405516147614,
                "ci_95": [
                    0.2399276684879138,
                    0.7935651647209002
                ],
                "lead_time_hrs": 72,
                "movement_vector": {
                    "dlat_24h": 0.0,
                    "dlon_24h": 0.0
                },
                "trajectory": {},
                "top_driver": "ugrdprs",
                "ugrdprs": 0.008685368113219738,
                "vgrdprs": 0.00820394977927208,
                "vvelprs": 0.008448226377367973,
                "tmpprs": 0.00832834467291832,
                "rhprs": 0.007765179965645075,
                "hgtprs": 0.0085140997543931,
                "absvprs": 0.00838041864335537,
                "pressfc": 0.0005736241000704467,
                "capesfc": 0.0005327617982402444,
                "tmpsfc": 0.0005006456631235778,
                "landmask": 0.0005469541647471488
            }
        },
        {
            "type": "Feature",
            "geometry": {
                "type": "Point",
                "coordinates": [
                    -179.0,
                    4.0
                ]
            },
            "properties": {
                "system_id": "INVEST_00",
                "confidence": 0.5166760184585115,
                "uncertainty_std": 0.09888847172260284,
                "ci_95": [
                    0.32285461388220993,
                    0.7104974230348131
                ],
                "lead_time_hrs": 72,
                "movement_vector": {
                    "dlat_24h": 0.0,
                    "dlon_24h": 0.0
                },
                "trajectory": {},
                "top_driver": "ugrdprs",
                "ugrdprs": 0.00539821432903409,
                "vgrdprs": 0.00520508736371994,
                "vvelprs": 0.005261261947453022,
                "tmpprs": 0.0050457315519452095,
                "rhprs": 0.004702805541455746,
                "hgtprs": 0.005088808014988899,
                "absvprs": 0.005166197661310434,
                "pressfc": 0.00031056636362336576,
                "capesfc": 0.0002817152126226574,
                "tmpsfc": 0.00026488330331631005,
                "landmask": 0.0002701749326661229
            }
        },
        {
            "type": "Feature",
            "geometry": {
                "type": "Point",
                "coordinates": [
                    -156.0,
                    -9.0
                ]
            },
            "properties": {
                "system_id": "INVEST_00",
                "confidence": 0.5166645285429009,
                "uncertainty_std": 0.0791543498635292,
                "ci_95": [
                    0.36152200281038366,
                    0.6718070542754182
                ],
                "lead_time_hrs": 72,
                "movement_vector": {
                    "dlat_24h": 0.0,
                    "dlon_24h": 0.0
                },
                "trajectory": {},
                "top_driver": "vvelprs",
                "ugrdprs": 0.004510924220085144,
                "vgrdprs": 0.004354264587163925,
                "vvelprs": 0.004645694978535175,
                "tmpprs": 0.004403282888233662,
                "rhprs": 0.0039905463345348835,
                "hgtprs": 0.0043902164325118065,
                "absvprs": 0.0043397084809839725,
                "pressfc": 0.00025988309062086046,
                "capesfc": 0.00021735249902121723,
                "tmpsfc": 0.000256769300904125,
                "landmask": 0.0002015664504142478
            }
        },
        {
            "type": "Feature",
            "geometry": {
                "type": "Point",
                "coordinates": [
                    172.0,
                    11.0
                ]
            },
            "properties": {
                "system_id": "INVEST_00",
                "confidence": 0.5164919163942769,
                "uncertainty_std": 0.08093881607055664,
                "ci_95": [
                    0.35785183689598593,
                    0.6751319958925679
                ],
                "lead_time_hrs": 72,
                "movement_vector": {
                    "dlat_24h": 0.0,
                    "dlon_24h": 0.0
                },
                "trajectory": {},
                "top_driver": "vvelprs",
                "ugrdprs": 0.00817884411662817,
                "vgrdprs": 0.007927684113383293,
                "vvelprs": 0.008234666660428047,
                "tmpprs": 0.00744526507332921,
                "rhprs": 0.007292896509170532,
                "hgtprs": 0.007676354143768549,
                "absvprs": 0.007870415225625038,
                "pressfc": 0.00043700874084606767,
                "capesfc": 0.0004115916381124407,
                "tmpsfc": 0.0004089352732989937,
                "landmask": 0.00038110715104267
            }
        },
        {
            "type": "Feature",
            "geometry": {
                "type": "Point",
                "coordinates": [
                    -174.0,
                    -14.0
                ]
            },
            "properties": {
                "system_id": "INVEST_00",
                "confidence": 0.5132671108359677,
                "uncertainty_std": 0.14080816507339478,
                "ci_95": [
                    0.23728310729211388,
                    0.7892511143798214
                ],
                "lead_time_hrs": 72,
                "movement_vector": {
                    "dlat_24h": 0.0,
                    "dlon_24h": 0.0
                },
                "trajectory": {},
                "top_driver": "vvelprs",
                "ugrdprs": 0.00339543167501688,
                "vgrdprs": 0.003424634924158454,
                "vvelprs": 0.003649733029305935,
                "tmpprs": 0.003259724471718073,
                "rhprs": 0.003068624995648861,
                "hgtprs": 0.0034683060366660357,
                "absvprs": 0.003310536500066519,
                "pressfc": 0.00020850921282544732,
                "capesfc": 0.00015340074605774134,
                "tmpsfc": 0.00016845433856360614,
                "landmask": 0.00021500643924809992
            }
        },
        {
            "type": "Feature",
            "geometry": {
                "type": "Point",
                "coordinates": [
                    167.0,
                    13.0
                ]
            },
            "properties": {
                "system_id": "INVEST_00",
                "confidence": 0.5128593627640818,
                "uncertainty_std": 0.1284969002008438,
                "ci_95": [
                    0.261005438370428,
                    0.7647132871577357
                ],
                "lead_time_hrs": 72,
                "movement_vector": {
                    "dlat_24h": 0.0,
                    "dlon_24h": 0.0
                },
                "trajectory": {},
                "top_driver": "ugrdprs",
                "ugrdprs": 0.00796626415103674,
                "vgrdprs": 0.007790226489305496,
                "vvelprs": 0.007938762195408344,
                "tmpprs": 0.007334974128752947,
                "rhprs": 0.007107197307050228,
                "hgtprs": 0.007364060264080763,
                "absvprs": 0.007384097669273615,
                "pressfc": 0.00043983320938423276,
                "capesfc": 0.00040765106678009033,
                "tmpsfc": 0.00042734117596410215,
                "landmask": 0.0003755026264116168
            }
        },
        {
            "type": "Feature",
            "geometry": {
                "type": "Point",
                "coordinates": [
                    175.0,
                    -10.0
                ]
            },
            "properties": {
                "system_id": "INVEST_00",
                "confidence": 0.5126009382011664,
                "uncertainty_std": 0.11601533740758896,
                "ci_95": [
                    0.285210876882292,
                    0.7399909995200407
                ],
                "lead_time_hrs": 72,
                "movement_vector": {
                    "dlat_24h": 0.0,
                    "dlon_24h": 0.0
                },
                "trajectory": {},
                "top_driver": "vvelprs",
                "ugrdprs": 0.010746487416327,
                "vgrdprs": 0.010587556287646294,
                "vvelprs": 0.010933080688118935,
                "tmpprs": 0.010415252298116684,
                "rhprs": 0.009938016533851624,
                "hgtprs": 0.010773281566798687,
                "absvprs": 0.010325667448341846,
                "pressfc": 0.0004993937909603119,
                "capesfc": 0.0005468016606755555,
                "tmpsfc": 0.0006424107123166323,
                "landmask": 0.0005946113378740847
            }
        },
        {
            "type": "Feature",
            "geometry": {
                "type": "Point",
                "coordinates": [
                    -103.0,
                    4.0
                ]
            },
            "properties": {
                "system_id": "INVEST_00",
                "confidence": 0.5099124816161944,
                "uncertainty_std": 0.09377619624137878,
                "ci_95": [
                    0.326111136983092,
                    0.6937138262492968
                ],
                "lead_time_hrs": 72,
                "movement_vector": {
                    "dlat_24h": 0.0,
                    "dlon_24h": 0.0
                },
                "trajectory": {},
                "top_driver": "vvelprs",
                "ugrdprs": 0.006138179451227188,
                "vgrdprs": 0.006088065914809704,
                "vvelprs": 0.006188984960317612,
                "tmpprs": 0.005816757213324308,
                "rhprs": 0.005563519895076752,
                "hgtprs": 0.005998497828841209,
                "absvprs": 0.005864317994564772,
                "pressfc": 0.000330901937559247,
                "capesfc": 0.0002752798027358949,
                "tmpsfc": 0.00029525384888984263,
                "landmask": 0.0003131670819129795
            }
        },
        {
            "type": "Feature",
            "geometry": {
                "type": "Point",
                "coordinates": [
                    -31.0,
                    10.0
                ]
            },
            "properties": {
                "system_id": "INVEST_00",
                "confidence": 0.5020206506573671,
                "uncertainty_std": 0.15951693058013916,
                "ci_95": [
                    0.18936746672029436,
                    0.8146738345944399
                ],
                "lead_time_hrs": 72,
                "movement_vector": {
                    "dlat_24h": 0.0,
                    "dlon_24h": 0.0
                },
                "trajectory": {},
                "top_driver": "ugrdprs",
                "ugrdprs": 0.0032952316105365753,
                "vgrdprs": 0.0030947751365602016,
                "vvelprs": 0.003238968551158905,
                "tmpprs": 0.0029933261685073376,
                "rhprs": 0.002842254238203168,
                "hgtprs": 0.0032440440263599157,
                "absvprs": 0.0032938444055616856,
                "pressfc": 0.00020547816529870033,
                "capesfc": 0.0001408581592841074,
                "tmpsfc": 0.00016462779603898525,
                "landmask": 0.00018509816436562687
            }
        },
        {
            "type": "Feature",
            "geometry": {
                "type": "Point",
                "coordinates": [
                    -157.0,
                    -1.0
                ]
            },
            "properties": {
                "system_id": "INVEST_00",
                "confidence": 0.5019007334252409,
                "uncertainty_std": 0.12646570801734924,
                "ci_95": [
                    0.2540279457112364,
                    0.7497735211392453
                ],
                "lead_time_hrs": 72,
                "movement_vector": {
                    "dlat_24h": 0.0,
                    "dlon_24h": 0.0
                },
                "trajectory": {},
                "top_driver": "vvelprs",
                "ugrdprs": 0.006428432650864124,
                "vgrdprs": 0.006413850001990795,
                "vvelprs": 0.006490583065897226,
                "tmpprs": 0.0060986727476119995,
                "rhprs": 0.005961830262094736,
                "hgtprs": 0.006396925076842308,
                "absvprs": 0.006188028492033482,
                "pressfc": 0.00030783150577917695,
                "capesfc": 0.0003519007295835763,
                "tmpsfc": 0.0002949851332232356,
                "landmask": 0.0003168214170727879
            }
        },
        {
            "type": "Feature",
            "geometry": {
                "type": "Point",
                "coordinates": [
                    168.0,
                    4.0
                ]
            },
            "properties": {
                "system_id": "INVEST_00",
                "confidence": 0.4958805801103873,
                "uncertainty_std": 0.10717941075563431,
                "ci_95": [
                    0.2858089350293441,
                    0.7059522251914305
                ],
                "lead_time_hrs": 72,
                "movement_vector": {
                    "dlat_24h": 0.0,
                    "dlon_24h": 0.0
                },
                "trajectory": {},
                "top_driver": "vvelprs",
                "ugrdprs": 0.007682386320084333,
                "vgrdprs": 0.007535182870924473,
                "vvelprs": 0.0077604991383850574,
                "tmpprs": 0.007170025259256363,
                "rhprs": 0.006801105570048094,
                "hgtprs": 0.007216063793748617,
                "absvprs": 0.007199087180197239,
                "pressfc": 0.00042043771827593446,
                "capesfc": 0.0003757032100111246,
                "tmpsfc": 0.00040773063665255904,
                "landmask": 0.00035450002178549767
            }
        },
        {
            "type": "Feature",
            "geometry": {
                "type": "Point",
                "coordinates": [
                    69.0,
                    -9.0
                ]
            },
            "properties": {
                "system_id": "INVEST_00",
                "confidence": 0.4958135100413519,
                "uncertainty_std": 0.10066094994544983,
                "ci_95": [
                    0.2985180481482702,
                    0.6931089719344335
                ],
                "lead_time_hrs": 72,
                "movement_vector": {
                    "dlat_24h": 0.0,
                    "dlon_24h": 0.0
                },
                "trajectory": {},
                "top_driver": "vvelprs",
                "ugrdprs": 0.006664668209850788,
                "vgrdprs": 0.006545130163431168,
                "vvelprs": 0.006814232096076012,
                "tmpprs": 0.006362748332321644,
                "rhprs": 0.006084003020077944,
                "hgtprs": 0.006624401547014713,
                "absvprs": 0.006428148131817579,
                "pressfc": 0.0003620789502747357,
                "capesfc": 0.0003675459010992199,
                "tmpsfc": 0.0003688311844598502,
                "landmask": 0.00030214100843295455
            }
        },
        {
            "type": "Feature",
            "geometry": {
                "type": "Point",
                "coordinates": [
                    163.0,
                    9.0
                ]
            },
            "properties": {
                "system_id": "INVEST_00",
                "confidence": 0.4952188370531418,
                "uncertainty_std": 0.10745133459568024,
                "ci_95": [
                    0.28461422124560853,
                    0.705823452860675
                ],
                "lead_time_hrs": 72,
                "movement_vector": {
                    "dlat_24h": 0.0,
                    "dlon_24h": 0.0
                },
                "trajectory": {},
                "top_driver": "ugrdprs",
                "ugrdprs": 0.007298801094293594,
                "vgrdprs": 0.007109398487955332,
                "vvelprs": 0.007163851521909237,
                "tmpprs": 0.006784338038414717,
                "rhprs": 0.0065481895580887794,
                "hgtprs": 0.006927006877958775,
                "absvprs": 0.006881484761834145,
                "pressfc": 0.0003799509140662849,
                "capesfc": 0.0003631450526881963,
                "tmpsfc": 0.0003840885474346578,
                "landmask": 0.00034002974280156195
            }
        },
        {
            "type": "Feature",
            "geometry": {
                "type": "Point",
                "coordinates": [
                    -58.0,
                    19.0
                ]
            },
            "properties": {
                "system_id": "INVEST_00",
                "confidence": 0.4948416414422064,
                "uncertainty_std": 0.09150834381580353,
                "ci_95": [
                    0.31548528756323146,
                    0.6741979953211813
                ],
                "lead_time_hrs": 72,
                "movement_vector": {
                    "dlat_24h": 0.0,
                    "dlon_24h": 0.0
                },
                "trajectory": {},
                "top_driver": "ugrdprs",
                "ugrdprs": 0.0033957844134420156,
                "vgrdprs": 0.002974805887788534,
                "vvelprs": 0.0032082623802125454,
                "tmpprs": 0.003080112859606743,
                "rhprs": 0.0029241377487778664,
                "hgtprs": 0.0032863870728760958,
                "absvprs": 0.0032509812153875828,
                "pressfc": 0.00022840287419967353,
                "capesfc": 0.00015898172568995506,
                "tmpsfc": 0.00018275486945640296,
                "landmask": 0.00023169897031039
            }
        },
        {
            "type": "Feature",
            "geometry": {
                "type": "Point",
                "coordinates": [
                    151.0,
                    19.0
                ]
            },
            "properties": {
                "system_id": "INVEST_00",
                "confidence": 0.49383565151682096,
                "uncertainty_std": 0.13614656031131744,
                "ci_95": [
                    0.22698839330663878,
                    0.7606829097270031
                ],
                "lead_time_hrs": 72,
                "movement_vector": {
                    "dlat_24h": 0.0,
                    "dlon_24h": 0.0
                },
                "trajectory": {},
                "top_driver": "ugrdprs",
                "ugrdprs": 0.005808501970022917,
                "vgrdprs": 0.005344103556126356,
                "vvelprs": 0.00557685736566782,
                "tmpprs": 0.005305751226842403,
                "rhprs": 0.00517654325813055,
                "hgtprs": 0.005475885234773159,
                "absvprs": 0.005368605721741915,
                "pressfc": 0.00032762219780124724,
                "capesfc": 0.00032061897218227386,
                "tmpsfc": 0.00023236044216901064,
                "landmask": 0.0002820086374413222
            }
        },
        {
            "type": "Feature",
            "geometry": {
                "type": "Point",
                "coordinates": [
                    97.0,
                    -6.0
                ]
            },
            "properties": {
                "system_id": "INVEST_00",
                "confidence": 0.4917330109124984,
                "uncertainty_std": 0.13295182585716248,
                "ci_95": [
                    0.23114743223245993,
                    0.7523185895925368
                ],
                "lead_time_hrs": 72,
                "movement_vector": {
                    "dlat_24h": 0.0,
                    "dlon_24h": 0.0
                },
                "trajectory": {},
                "top_driver": "ugrdprs",
                "ugrdprs": 0.007461954839527607,
                "vgrdprs": 0.006640654057264328,
                "vvelprs": 0.0069235097616910934,
                "tmpprs": 0.006505811121314764,
                "rhprs": 0.006852190475910902,
                "hgtprs": 0.006875831633806229,
                "absvprs": 0.006643419619649649,
                "pressfc": 0.0003149723634123802,
                "capesfc": 0.00029029263532720506,
                "tmpsfc": 0.000524268252775073,
                "landmask": 0.0004827021330129355
            }
        },
        {
            "type": "Feature",
            "geometry": {
                "type": "Point",
                "coordinates": [
                    -41.0,
                    21.0
                ]
            },
            "properties": {
                "system_id": "INVEST_00",
                "confidence": 0.49162828157341526,
                "uncertainty_std": 0.1112075224518776,
                "ci_95": [
                    0.27366153756773515,
                    0.7095950255790954
                ],
                "lead_time_hrs": 72,
                "movement_vector": {
                    "dlat_24h": 0.0,
                    "dlon_24h": 0.0
                },
                "trajectory": {},
                "top_driver": "vgrdprs",
                "ugrdprs": 0.011446647346019745,
                "vgrdprs": 0.011729007586836815,
                "vvelprs": 0.011016689240932465,
                "tmpprs": 0.010752279311418533,
                "rhprs": 0.010750364512205124,
                "hgtprs": 0.010289237834513187,
                "absvprs": 0.01081790216267109,
                "pressfc": 0.000876620237249881,
                "capesfc": 0.000717968912795186,
                "tmpsfc": 0.0006980973994359374,
                "landmask": 0.0007163773407228291
            }
        },
        {
            "type": "Feature",
            "geometry": {
                "type": "Point",
                "coordinates": [
                    -164.0,
                    -2.0
                ]
            },
            "properties": {
                "system_id": "INVEST_00",
                "confidence": 0.48942022356495124,
                "uncertainty_std": 0.11084426194429398,
                "ci_95": [
                    0.27216547015413506,
                    0.7066749769757674
                ],
                "lead_time_hrs": 72,
                "movement_vector": {
                    "dlat_24h": 0.0,
                    "dlon_24h": 0.0
                },
                "trajectory": {},
                "top_driver": "vvelprs",
                "ugrdprs": 0.004485750570893288,
                "vgrdprs": 0.0044059790670871735,
                "vvelprs": 0.004497195594012737,
                "tmpprs": 0.004217707086354494,
                "rhprs": 0.00406712805852294,
                "hgtprs": 0.0043043047189712524,
                "absvprs": 0.004171779379248619,
                "pressfc": 0.000246551790041849,
                "capesfc": 0.0002165382611565292,
                "tmpsfc": 0.0002579469874035567,
                "landmask": 0.0002447957231197506
            }
        },
        {
            "type": "Feature",
            "geometry": {
                "type": "Point",
                "coordinates": [
                    159.0,
                    17.0
                ]
            },
            "properties": {
                "system_id": "INVEST_00",
                "confidence": 0.4889189978940258,
                "uncertainty_std": 0.09134387969970703,
                "ci_95": [
                    0.30988499368260003,
                    0.6679530021054516
                ],
                "lead_time_hrs": 72,
                "movement_vector": {
                    "dlat_24h": 0.0,
                    "dlon_24h": 0.0
                },
                "trajectory": {},
                "top_driver": "ugrdprs",
                "ugrdprs": 0.005693454295396805,
                "vgrdprs": 0.005371987819671631,
                "vvelprs": 0.005584253929555416,
                "tmpprs": 0.0054784114472568035,
                "rhprs": 0.005145637784153223,
                "hgtprs": 0.005488866940140724,
                "absvprs": 0.005511811003088951,
                "pressfc": 0.0003939822781831026,
                "capesfc": 0.0003199833445250988,
                "tmpsfc": 0.0002872765762731433,
                "landmask": 0.0003798238467425108
            }
        },
        {
            "type": "Feature",
            "geometry": {
                "type": "Point",
                "coordinates": [
                    -166.0,
                    18.0
                ]
            },
            "properties": {
                "system_id": "INVEST_00",
                "confidence": 0.4884153907480981,
                "uncertainty_std": 0.1384960412979126,
                "ci_95": [
                    0.2169631498041894,
                    0.7598676316920068
                ],
                "lead_time_hrs": 72,
                "movement_vector": {
                    "dlat_24h": 0.0,
                    "dlon_24h": 0.0
                },
                "trajectory": {},
                "top_driver": "hgtprs",
                "ugrdprs": 0.005999238230288029,
                "vgrdprs": 0.005702446214854717,
                "vvelprs": 0.005916674621403217,
                "tmpprs": 0.005448652897030115,
                "rhprs": 0.005321603734046221,
                "hgtprs": 0.006396208889782429,
                "absvprs": 0.005793143063783646,
                "pressfc": 0.0003262134559918195,
                "capesfc": 0.00026932847686111927,
                "tmpsfc": 0.0002773114829324186,
                "landmask": 0.00036877920501865447
            }
        },
        {
            "type": "Feature",
            "geometry": {
                "type": "Point",
                "coordinates": [
                    143.0,
                    16.0
                ]
            },
            "properties": {
                "system_id": "INVEST_00",
                "confidence": 0.48358141848252045,
                "uncertainty_std": 0.13789719343185425,
                "ci_95": [
                    0.21330291935608614,
                    0.7538599176089548
                ],
                "lead_time_hrs": 72,
                "movement_vector": {
                    "dlat_24h": 0.0,
                    "dlon_24h": 0.0
                },
                "trajectory": {},
                "top_driver": "ugrdprs",
                "ugrdprs": 0.008814492262899876,
                "vgrdprs": 0.008282936178147793,
                "vvelprs": 0.008660347200930119,
                "tmpprs": 0.00818316638469696,
                "rhprs": 0.007791918236762285,
                "hgtprs": 0.00841556303203106,
                "absvprs": 0.008506108075380325,
                "pressfc": 0.00043352480861358345,
                "capesfc": 0.0004882067732978612,
                "tmpsfc": 0.0004556197382044047,
                "landmask": 0.000431269669206813
            }
        },
        {
            "type": "Feature",
            "geometry": {
                "type": "Point",
                "coordinates": [
                    -170.0,
                    -17.0
                ]
            },
            "properties": {
                "system_id": "INVEST_00",
                "confidence": 0.48148840722672076,
                "uncertainty_std": 0.20871791243553162,
                "ci_95": [
                    0.07240129885307878,
                    0.8905755156003627
                ],
                "lead_time_hrs": 72,
                "movement_vector": {
                    "dlat_24h": 0.0,
                    "dlon_24h": 0.0
                },
                "trajectory": {},
                "top_driver": "ugrdprs",
                "ugrdprs": 0.006959331687539816,
                "vgrdprs": 0.006831555627286434,
                "vvelprs": 0.006906221155077219,
                "tmpprs": 0.006610846146941185,
                "rhprs": 0.006346127949655056,
                "hgtprs": 0.006751935929059982,
                "absvprs": 0.006527740973979235,
                "pressfc": 0.0003279823868069798,
                "capesfc": 0.00035730531089939177,
                "tmpsfc": 0.00039133342215791345,
                "landmask": 0.0003586147795431316
            }
        },
        {
            "type": "Feature",
            "geometry": {
                "type": "Point",
                "coordinates": [
                    -1.0,
                    -4.0
                ]
            },
            "properties": {
                "system_id": "INVEST_00",
                "confidence": 0.4813532161059656,
                "uncertainty_std": 0.1634744554758072,
                "ci_95": [
                    0.16094328337338354,
                    0.8017631488385477
                ],
                "lead_time_hrs": 72,
                "movement_vector": {
                    "dlat_24h": 0.0,
                    "dlon_24h": 0.0
                },
                "trajectory": {},
                "top_driver": "ugrdprs",
                "ugrdprs": 0.004495992325246334,
                "vgrdprs": 0.003993115853518248,
                "vvelprs": 0.004196770489215851,
                "tmpprs": 0.004167188424617052,
                "rhprs": 0.004054919350892305,
                "hgtprs": 0.0040314532816410065,
                "absvprs": 0.003944677300751209,
                "pressfc": 0.00022735616948921233,
                "capesfc": 0.00018529324734117836,
                "tmpsfc": 0.00026517489459365606,
                "landmask": 0.0002925675653386861
            }
        },
        {
            "type": "Feature",
            "geometry": {
                "type": "Point",
                "coordinates": [
                    178.0,
                    17.0
                ]
            },
            "properties": {
                "system_id": "INVEST_00",
                "confidence": 0.4805466191791829,
                "uncertainty_std": 0.1060214564204216,
                "ci_95": [
                    0.27274456459515656,
                    0.6883486737632092
                ],
                "lead_time_hrs": 72,
                "movement_vector": {
                    "dlat_24h": 0.0,
                    "dlon_24h": 0.0
                },
                "trajectory": {},
                "top_driver": "hgtprs",
                "ugrdprs": 0.006730014458298683,
                "vgrdprs": 0.006633249577134848,
                "vvelprs": 0.006869130302220583,
                "tmpprs": 0.006495112553238869,
                "rhprs": 0.0065238093957304955,
                "hgtprs": 0.007286990061402321,
                "absvprs": 0.006664150394499302,
                "pressfc": 0.0003961092443205416,
                "capesfc": 0.00033827757579274476,
                "tmpsfc": 0.0003264640981797129,
                "landmask": 0.0005258203600533307
            }
        },
        {
            "type": "Feature",
            "geometry": {
                "type": "Point",
                "coordinates": [
                    -79.0,
                    26.0
                ]
            },
            "properties": {
                "system_id": "INVEST_00",
                "confidence": 0.48033639180405496,
                "uncertainty_std": 0.16735705733299255,
                "ci_95": [
                    0.15231655943138955,
                    0.8083562241767204
                ],
                "lead_time_hrs": 72,
                "movement_vector": {
                    "dlat_24h": 0.0,
                    "dlon_24h": 0.0
                },
                "trajectory": {},
                "top_driver": "ugrdprs",
                "ugrdprs": 0.010081358253955841,
                "vgrdprs": 0.008939693681895733,
                "vvelprs": 0.00903891958296299,
                "tmpprs": 0.009022942744195461,
                "rhprs": 0.008847326971590519,
                "hgtprs": 0.009584280662238598,
                "absvprs": 0.008142253383994102,
                "pressfc": 0.0005985111929476261,
                "capesfc": 0.0004648157046176493,
                "tmpsfc": 0.0004576197825372219,
                "landmask": 0.0005674681160598993
            }
        },
        {
            "type": "Feature",
            "geometry": {
                "type": "Point",
                "coordinates": [
                    -45.0,
                    6.0
                ]
            },
            "properties": {
                "system_id": "INVEST_00",
                "confidence": 0.47974533268867636,
                "uncertainty_std": 0.06834887713193893,
                "ci_95": [
                    0.34578153351007607,
                    0.6137091318672767
                ],
                "lead_time_hrs": 72,
                "movement_vector": {
                    "dlat_24h": 0.0,
                    "dlon_24h": 0.0
                },
                "trajectory": {},
                "top_driver": "ugrdprs",
                "ugrdprs": 0.0024633072316646576,
                "vgrdprs": 0.0022069932892918587,
                "vvelprs": 0.0024143194314092398,
                "tmpprs": 0.002170267980545759,
                "rhprs": 0.0021244585514068604,
                "hgtprs": 0.0023629404604434967,
                "absvprs": 0.0022005378268659115,
                "pressfc": 0.00014339011977426708,
                "capesfc": 0.00012366204464342445,
                "tmpsfc": 0.00010719983401941136,
                "landmask": 0.00014069820463191718
            }
        },
        {
            "type": "Feature",
            "geometry": {
                "type": "Point",
                "coordinates": [
                    173.0,
                    25.0
                ]
            },
            "properties": {
                "system_id": "INVEST_00",
                "confidence": 0.47899144845448977,
                "uncertainty_std": 0.1427292674779892,
                "ci_95": [
                    0.19924208419763095,
                    0.7587408127113486
                ],
                "lead_time_hrs": 72,
                "movement_vector": {
                    "dlat_24h": 0.0,
                    "dlon_24h": 0.0
                },
                "trajectory": {},
                "top_driver": "ugrdprs",
                "ugrdprs": 0.006626480724662542,
                "vgrdprs": 0.005903975572437048,
                "vvelprs": 0.0058670942671597,
                "tmpprs": 0.005851173307746649,
                "rhprs": 0.005786057095974684,
                "hgtprs": 0.00608264934271574,
                "absvprs": 0.006061264779418707,
                "pressfc": 0.00040885715861804783,
                "capesfc": 0.00030714517924934626,
                "tmpsfc": 0.00037105969386175275,
                "landmask": 0.00039533674134872854
            }
        },
        {
            "type": "Feature",
            "geometry": {
                "type": "Point",
                "coordinates": [
                    -128.0,
                    14.0
                ]
            },
            "properties": {
                "system_id": "INVEST_00",
                "confidence": 0.47756680548124575,
                "uncertainty_std": 0.09679297357797623,
                "ci_95": [
                    0.28785257726841235,
                    0.6672810336940791
                ],
                "lead_time_hrs": 72,
                "movement_vector": {
                    "dlat_24h": 0.0,
                    "dlon_24h": 0.0
                },
                "trajectory": {},
                "top_driver": "vvelprs",
                "ugrdprs": 0.004123298916965723,
                "vgrdprs": 0.003950929269194603,
                "vvelprs": 0.0042413705959916115,
                "tmpprs": 0.003841063939034939,
                "rhprs": 0.003613570472225547,
                "hgtprs": 0.00403120182454586,
                "absvprs": 0.003893612651154399,
                "pressfc": 0.00026258162688463926,
                "capesfc": 0.0002538957051001489,
                "tmpsfc": 0.00019571995653677732,
                "landmask": 0.00020317999587859958
            }
        },
        {
            "type": "Feature",
            "geometry": {
                "type": "Point",
                "coordinates": [
                    164.0,
                    -13.0
                ]
            },
            "properties": {
                "system_id": "INVEST_00",
                "confidence": 0.477378338952715,
                "uncertainty_std": 0.09464579075574875,
                "ci_95": [
                    0.2918725890714474,
                    0.6628840888339825
                ],
                "lead_time_hrs": 72,
                "movement_vector": {
                    "dlat_24h": 0.0,
                    "dlon_24h": 0.0
                },
                "trajectory": {},
                "top_driver": "ugrdprs",
                "ugrdprs": 0.008558813482522964,
                "vgrdprs": 0.008322318084537983,
                "vvelprs": 0.008282779715955257,
                "tmpprs": 0.007938106544315815,
                "rhprs": 0.007670860271900892,
                "hgtprs": 0.008492499589920044,
                "absvprs": 0.007905272766947746,
                "pressfc": 0.00041195255471393466,
                "capesfc": 0.0004456637252587825,
                "tmpsfc": 0.0005671062390320003,
                "landmask": 0.0005423411494120955
            }
        },
        {
            "type": "Feature",
            "geometry": {
                "type": "Point",
                "coordinates": [
                    133.0,
                    2.0
                ]
            },
            "properties": {
                "system_id": "INVEST_00",
                "confidence": 0.4716854267542562,
                "uncertainty_std": 0.10774170607328415,
                "ci_95": [
                    0.2605116828506192,
                    0.6828591706578931
                ],
                "lead_time_hrs": 72,
                "movement_vector": {
                    "dlat_24h": 0.0,
                    "dlon_24h": 0.0
                },
                "trajectory": {},
                "top_driver": "ugrdprs",
                "ugrdprs": 0.007833992131054401,
                "vgrdprs": 0.0075159394182264805,
                "vvelprs": 0.007675121538341045,
                "tmpprs": 0.007353747729212046,
                "rhprs": 0.0070177060551941395,
                "hgtprs": 0.007579336408525705,
                "absvprs": 0.007418407127261162,
                "pressfc": 0.0003648223646450788,
                "capesfc": 0.0003466568887233734,
                "tmpsfc": 0.00044471921864897013,
                "landmask": 0.00041315966518595815
            }
        },
        {
            "type": "Feature",
            "geometry": {
                "type": "Point",
                "coordinates": [
                    137.0,
                    34.0
                ]
            },
            "properties": {
                "system_id": "INVEST_00",
                "confidence": 0.46787601165249176,
                "uncertainty_std": 0.1850382387638092,
                "ci_95": [
                    0.10520106367542575,
                    0.8305509596295577
                ],
                "lead_time_hrs": 72,
                "movement_vector": {
                    "dlat_24h": 0.0,
                    "dlon_24h": 0.0
                },
                "trajectory": {},
                "top_driver": "ugrdprs",
                "ugrdprs": 0.011537926271557808,
                "vgrdprs": 0.010467451997101307,
                "vvelprs": 0.010602079331874847,
                "tmpprs": 0.010545521974563599,
                "rhprs": 0.011472905054688454,
                "hgtprs": 0.011008989997208118,
                "absvprs": 0.01058666780591011,
                "pressfc": 0.0005139793502166867,
                "capesfc": 0.0004743280587717891,
                "tmpsfc": 0.0005322326323948801,
                "landmask": 0.0007751320372335613
            }
        },
        {
            "type": "Feature",
            "geometry": {
                "type": "Point",
                "coordinates": [
                    -46.0,
                    11.0
                ]
            },
            "properties": {
                "system_id": "INVEST_00",
                "confidence": 0.46347247513389683,
                "uncertainty_std": 0.06996197253465652,
                "ci_95": [
                    0.32634700896597,
                    0.6005979413018236
                ],
                "lead_time_hrs": 72,
                "movement_vector": {
                    "dlat_24h": 0.0,
                    "dlon_24h": 0.0
                },
                "trajectory": {},
                "top_driver": "ugrdprs",
                "ugrdprs": 0.0027993489056825638,
                "vgrdprs": 0.0025919373147189617,
                "vvelprs": 0.00278668524697423,
                "tmpprs": 0.0025705061852931976,
                "rhprs": 0.002422219840809703,
                "hgtprs": 0.002675967290997505,
                "absvprs": 0.0027710949070751667,
                "pressfc": 0.00017185286560561508,
                "capesfc": 0.00012003672600258142,
                "tmpsfc": 0.00012860014976467937,
                "landmask": 0.00015980117314029485
            }
        },
        {
            "type": "Feature",
            "geometry": {
                "type": "Point",
                "coordinates": [
                    169.0,
                    -11.0
                ]
            },
            "properties": {
                "system_id": "INVEST_00",
                "confidence": 0.463008478732936,
                "uncertainty_std": 0.12820255756378174,
                "ci_95": [
                    0.2117314659079238,
                    0.7142854915579482
                ],
                "lead_time_hrs": 72,
                "movement_vector": {
                    "dlat_24h": 0.0,
                    "dlon_24h": 0.0
                },
                "trajectory": {},
                "top_driver": "ugrdprs",
                "ugrdprs": 0.0046662683598697186,
                "vgrdprs": 0.004498821217566729,
                "vvelprs": 0.004546329844743013,
                "tmpprs": 0.004281414207071066,
                "rhprs": 0.004324613604694605,
                "hgtprs": 0.004639549646526575,
                "absvprs": 0.004649471025913954,
                "pressfc": 0.0003510423412080854,
                "capesfc": 0.0002454592031426728,
                "tmpsfc": 0.0002706917002797127,
                "landmask": 0.00033733397140167654
            }
        },
        {
            "type": "Feature",
            "geometry": {
                "type": "Point",
                "coordinates": [
                    163.0,
                    22.0
                ]
            },
            "properties": {
                "system_id": "INVEST_00",
                "confidence": 0.457272177993513,
                "uncertainty_std": 0.12742148339748383,
                "ci_95": [
                    0.2075260705344447,
                    0.7070182854525813
                ],
                "lead_time_hrs": 72,
                "movement_vector": {
                    "dlat_24h": 0.0,
                    "dlon_24h": 0.0
                },
                "trajectory": {},
                "top_driver": "vvelprs",
                "ugrdprs": 0.005678858142346144,
                "vgrdprs": 0.005321915727108717,
                "vvelprs": 0.005738660227507353,
                "tmpprs": 0.00532311899587512,
                "rhprs": 0.0050331284292042255,
                "hgtprs": 0.005583851132541895,
                "absvprs": 0.005398033652454615,
                "pressfc": 0.0003619909402914345,
                "capesfc": 0.0002924768778029829,
                "tmpsfc": 0.0002774430613499135,
                "landmask": 0.00034285406582057476
            }
        },
        {
            "type": "Feature",
            "geometry": {
                "type": "Point",
                "coordinates": [
                    148.0,
                    -7.0
                ]
            },
            "properties": {
                "system_id": "INVEST_00",
                "confidence": 0.4571348794020574,
                "uncertainty_std": 0.06875737011432648,
                "ci_95": [
                    0.3223704339779775,
                    0.5918993248261373
                ],
                "lead_time_hrs": 72,
                "movement_vector": {
                    "dlat_24h": 0.0,
                    "dlon_24h": 0.0
                },
                "trajectory": {},
                "top_driver": "ugrdprs",
                "ugrdprs": 0.0031200358644127846,
                "vgrdprs": 0.0030890831258147955,
                "vvelprs": 0.0030581499449908733,
                "tmpprs": 0.0028555747121572495,
                "rhprs": 0.002985413186252117,
                "hgtprs": 0.0030644708313047886,
                "absvprs": 0.002968390239402652,
                "pressfc": 0.00020189555652905256,
                "capesfc": 0.00017759850015863776,
                "tmpsfc": 0.0001944467512657866,
                "landmask": 0.00021231785649433732
            }
        },
        {
            "type": "Feature",
            "geometry": {
                "type": "Point",
                "coordinates": [
                    74.0,
                    -13.0
                ]
            },
            "properties": {
                "system_id": "INVEST_00",
                "confidence": 0.45556015741441996,
                "uncertainty_std": 0.1294385939836502,
                "ci_95": [
                    0.20186051320646559,
                    0.7092598016223743
                ],
                "lead_time_hrs": 72,
                "movement_vector": {
                    "dlat_24h": 0.0,
                    "dlon_24h": 0.0
                },
                "trajectory": {},
                "top_driver": "vvelprs",
                "ugrdprs": 0.006075928919017315,
                "vgrdprs": 0.005890008993446827,
                "vvelprs": 0.006103018298745155,
                "tmpprs": 0.005783156957477331,
                "rhprs": 0.005454018712043762,
                "hgtprs": 0.005775611847639084,
                "absvprs": 0.0056971716694533825,
                "pressfc": 0.0003112704143859446,
                "capesfc": 0.00030393985798582435,
                "tmpsfc": 0.0003300603129900992,
                "landmask": 0.00027341817622072995
            }
        },
        {
            "type": "Feature",
            "geometry": {
                "type": "Point",
                "coordinates": [
                    -168.0,
                    5.0
                ]
            },
            "properties": {
                "system_id": "INVEST_00",
                "confidence": 0.4528949039858417,
                "uncertainty_std": 0.11019311845302582,
                "ci_95": [
                    0.2369163918179111,
                    0.6688734161537723
                ],
                "lead_time_hrs": 72,
                "movement_vector": {
                    "dlat_24h": 0.0,
                    "dlon_24h": 0.0
                },
                "trajectory": {},
                "top_driver": "ugrdprs",
                "ugrdprs": 0.0026376184541732073,
                "vgrdprs": 0.002272691112011671,
                "vvelprs": 0.002540594432502985,
                "tmpprs": 0.0023998760152608156,
                "rhprs": 0.0021918786223977804,
                "hgtprs": 0.0024552049580961466,
                "absvprs": 0.002464389894157648,
                "pressfc": 0.0001631566701689735,
                "capesfc": 0.00011266789806541055,
                "tmpsfc": 0.00013780333392787725,
                "landmask": 0.00014304644719231874
            }
        },
        {
            "type": "Feature",
            "geometry": {
                "type": "Point",
                "coordinates": [
                    143.0,
                    25.0
                ]
            },
            "properties": {
                "system_id": "INVEST_00",
                "confidence": 0.4506089192927133,
                "uncertainty_std": 0.18968375027179718,
                "ci_95": [
                    0.07882876875999084,
                    0.8223890698254357
                ],
                "lead_time_hrs": 72,
                "movement_vector": {
                    "dlat_24h": 0.0,
                    "dlon_24h": 0.0
                },
                "trajectory": {},
                "top_driver": "ugrdprs",
                "ugrdprs": 0.011259377934038639,
                "vgrdprs": 0.011003104038536549,
                "vvelprs": 0.010860205627977848,
                "tmpprs": 0.011058897711336613,
                "rhprs": 0.010839289985597134,
                "hgtprs": 0.010749785229563713,
                "absvprs": 0.010972024872899055,
                "pressfc": 0.0005534167867153883,
                "capesfc": 0.000566315371543169,
                "tmpsfc": 0.00042105442844331264,
                "landmask": 0.0004685572348535061
            }
        },
        {
            "type": "Feature",
            "geometry": {
                "type": "Point",
                "coordinates": [
                    -77.0,
                    19.0
                ]
            },
            "properties": {
                "system_id": "INVEST_00",
                "confidence": 0.44580577547606093,
                "uncertainty_std": 0.1405392289161682,
                "ci_95": [
                    0.17034888680037125,
                    0.7212626641517506
                ],
                "lead_time_hrs": 72,
                "movement_vector": {
                    "dlat_24h": 0.0,
                    "dlon_24h": 0.0
                },
                "trajectory": {},
                "top_driver": "ugrdprs",
                "ugrdprs": 0.0033943792805075645,
                "vgrdprs": 0.0030509200878441334,
                "vvelprs": 0.003300916636362672,
                "tmpprs": 0.003106792690232396,
                "rhprs": 0.0029695082921534777,
                "hgtprs": 0.0032156328670680523,
                "absvprs": 0.0031143478117883205,
                "pressfc": 0.00019452635024208575,
                "capesfc": 0.00017025931447278708,
                "tmpsfc": 0.00014221594028640538,
                "landmask": 0.00018200886552222073
            }
        },
        {
            "type": "Feature",
            "geometry": {
                "type": "Point",
                "coordinates": [
                    -67.0,
                    22.0
                ]
            },
            "properties": {
                "system_id": "INVEST_00",
                "confidence": 0.4454761442344261,
                "uncertainty_std": 0.17912837862968445,
                "ci_95": [
                    0.09438452212024462,
                    0.7965677663486076
                ],
                "lead_time_hrs": 72,
                "movement_vector": {
                    "dlat_24h": 0.0,
                    "dlon_24h": 0.0
                },
                "trajectory": {},
                "top_driver": "vvelprs",
                "ugrdprs": 0.0034466981887817383,
                "vgrdprs": 0.003130924189463258,
                "vvelprs": 0.003531304420903325,
                "tmpprs": 0.003316485555842519,
                "rhprs": 0.0030573667027056217,
                "hgtprs": 0.003363904543220997,
                "absvprs": 0.0033476175740361214,
                "pressfc": 0.00021368084708228707,
                "capesfc": 0.00016558471543248743,
                "tmpsfc": 0.0001844176440499723,
                "landmask": 0.0001610786421224475
            }
        },
        {
            "type": "Feature",
            "geometry": {
                "type": "Point",
                "coordinates": [
                    81.0,
                    10.0
                ]
            },
            "properties": {
                "system_id": "INVEST_00",
                "confidence": 0.4423739610705803,
                "uncertainty_std": 0.31809255480766296,
                "ci_95": [
                    0.0,
                    1.0
                ],
                "lead_time_hrs": 72,
                "movement_vector": {
                    "dlat_24h": 0.0,
                    "dlon_24h": 0.0
                },
                "trajectory": {},
                "top_driver": "tmpprs",
                "ugrdprs": 0.00951861497014761,
                "vgrdprs": 0.009126058779656887,
                "vvelprs": 0.00906307715922594,
                "tmpprs": 0.009898710064589977,
                "rhprs": 0.009707462973892689,
                "hgtprs": 0.009766630828380585,
                "absvprs": 0.009632369503378868,
                "pressfc": 0.0005807122215628624,
                "capesfc": 0.0004042628570459783,
                "tmpsfc": 0.0003917819994967431,
                "landmask": 0.0006129595567472279
            }
        },
        {
            "type": "Feature",
            "geometry": {
                "type": "Point",
                "coordinates": [
                    -132.0,
                    17.0
                ]
            },
            "properties": {
                "system_id": "INVEST_00",
                "confidence": 0.441393260893443,
                "uncertainty_std": 0.10406360030174255,
                "ci_95": [
                    0.23742860430202758,
                    0.6453579174848584
                ],
                "lead_time_hrs": 72,
                "movement_vector": {
                    "dlat_24h": 0.0,
                    "dlon_24h": 0.0
                },
                "trajectory": {},
                "top_driver": "ugrdprs",
                "ugrdprs": 0.0038100327365100384,
                "vgrdprs": 0.003521706210449338,
                "vvelprs": 0.003685865318402648,
                "tmpprs": 0.0037154206074774265,
                "rhprs": 0.0034211899619549513,
                "hgtprs": 0.003565725404769182,
                "absvprs": 0.003766080364584923,
                "pressfc": 0.0002490808838047087,
                "capesfc": 0.00019135454203933477,
                "tmpsfc": 0.0001875097514130175,
                "landmask": 0.00017619786376599222
            }
        },
        {
            "type": "Feature",
            "geometry": {
                "type": "Point",
                "coordinates": [
                    -71.0,
                    18.0
                ]
            },
            "properties": {
                "system_id": "INVEST_00",
                "confidence": 0.43585895071230485,
                "uncertainty_std": 0.0701383650302887,
                "ci_95": [
                    0.29838775525293904,
                    0.5733301461716707
                ],
                "lead_time_hrs": 72,
                "movement_vector": {
                    "dlat_24h": 0.0,
                    "dlon_24h": 0.0
                },
                "trajectory": {},
                "top_driver": "vvelprs",
                "ugrdprs": 0.0028777816332876682,
                "vgrdprs": 0.0027491243090480566,
                "vvelprs": 0.002905314089730382,
                "tmpprs": 0.0025642854161560535,
                "rhprs": 0.002601579762995243,
                "hgtprs": 0.0028124365489929914,
                "absvprs": 0.0027121370658278465,
                "pressfc": 0.00016212537593673915,
                "capesfc": 0.00012337898078840226,
                "tmpsfc": 0.0001068704150384292,
                "landmask": 0.0001818377204472199
            }
        },
        {
            "type": "Feature",
            "geometry": {
                "type": "Point",
                "coordinates": [
                    82.0,
                    16.0
                ]
            },
            "properties": {
                "system_id": "INVEST_00",
                "confidence": 0.43539633737295597,
                "uncertainty_std": 0.314297616481781,
                "ci_95": [
                    0.0,
                    1.0
                ],
                "lead_time_hrs": 72,
                "movement_vector": {
                    "dlat_24h": 0.0,
                    "dlon_24h": 0.0
                },
                "trajectory": {},
                "top_driver": "tmpprs",
                "ugrdprs": 0.0081027215346694,
                "vgrdprs": 0.008096935227513313,
                "vvelprs": 0.007597239222377539,
                "tmpprs": 0.00864226371049881,
                "rhprs": 0.007973123341798782,
                "hgtprs": 0.0077917128801345825,
                "absvprs": 0.007929574698209763,
                "pressfc": 0.00039471982745453715,
                "capesfc": 0.00043899097363464534,
                "tmpsfc": 0.00040570273995399475,
                "landmask": 0.0005634419503621757
            }
        },
        {
            "type": "Feature",
            "geometry": {
                "type": "Point",
                "coordinates": [
                    -176.0,
                    17.0
                ]
            },
            "properties": {
                "system_id": "INVEST_00",
                "confidence": 0.42988892280250623,
                "uncertainty_std": 0.11406029015779495,
                "ci_95": [
                    0.20633075409322812,
                    0.6534470915117844
                ],
                "lead_time_hrs": 72,
                "movement_vector": {
                    "dlat_24h": 0.0,
                    "dlon_24h": 0.0
                },
                "trajectory": {},
                "top_driver": "vvelprs",
                "ugrdprs": 0.007651815190911293,
                "vgrdprs": 0.007567556109279394,
                "vvelprs": 0.007758449297398329,
                "tmpprs": 0.007437984924763441,
                "rhprs": 0.007354650646448135,
                "hgtprs": 0.007554112933576107,
                "absvprs": 0.007222723215818405,
                "pressfc": 0.0005445770802907646,
                "capesfc": 0.00041671411599963903,
                "tmpsfc": 0.0004956076154485345,
                "landmask": 0.0005639775190502405
            }
        },
        {
            "type": "Feature",
            "geometry": {
                "type": "Point",
                "coordinates": [
                    163.0,
                    28.0
                ]
            },
            "properties": {
                "system_id": "INVEST_00",
                "confidence": 0.42913449845925694,
                "uncertainty_std": 0.10333092510700226,
                "ci_95": [
                    0.2266058852495325,
                    0.6316631116689814
                ],
                "lead_time_hrs": 72,
                "movement_vector": {
                    "dlat_24h": 0.0,
                    "dlon_24h": 0.0
                },
                "trajectory": {},
                "top_driver": "hgtprs",
                "ugrdprs": 0.006104789208620787,
                "vgrdprs": 0.005961410701274872,
                "vvelprs": 0.006028326228260994,
                "tmpprs": 0.0061408462934195995,
                "rhprs": 0.005857022944837809,
                "hgtprs": 0.006255149841308594,
                "absvprs": 0.005943541880697012,
                "pressfc": 0.00046135298907756805,
                "capesfc": 0.00035757391015067697,
                "tmpsfc": 0.0003895714180544019,
                "landmask": 0.00039394135819748044
            }
        },
        {
            "type": "Feature",
            "geometry": {
                "type": "Point",
                "coordinates": [
                    -175.0,
                    35.0
                ]
            },
            "properties": {
                "system_id": "INVEST_00",
                "confidence": 0.4242796042050511,
                "uncertainty_std": 0.14795809984207153,
                "ci_95": [
                    0.13428172851459091,
                    0.7142774798955114
                ],
                "lead_time_hrs": 72,
                "movement_vector": {
                    "dlat_24h": 0.0,
                    "dlon_24h": 0.0
                },
                "trajectory": {},
                "top_driver": "ugrdprs",
                "ugrdprs": 0.005014317110180855,
                "vgrdprs": 0.004866179544478655,
                "vvelprs": 0.0047784242779016495,
                "tmpprs": 0.004855823237448931,
                "rhprs": 0.004584246315062046,
                "hgtprs": 0.004975118208676577,
                "absvprs": 0.004674571566283703,
                "pressfc": 0.00030882880673743784,
                "capesfc": 0.0002178353606723249,
                "tmpsfc": 0.00026216128026135266,
                "landmask": 0.00026943578268401325
            }
        },
        {
            "type": "Feature",
            "geometry": {
                "type": "Point",
                "coordinates": [
                    -174.0,
                    5.0
                ]
            },
            "properties": {
                "system_id": "INVEST_00",
                "confidence": 0.4236208623688605,
                "uncertainty_std": 0.11819836497306824,
                "ci_95": [
                    0.19195206702164674,
                    0.6552896577160743
                ],
                "lead_time_hrs": 72,
                "movement_vector": {
                    "dlat_24h": 0.0,
                    "dlon_24h": 0.0
                },
                "trajectory": {},
                "top_driver": "vvelprs",
                "ugrdprs": 0.002210368402302265,
                "vgrdprs": 0.0021015589591115713,
                "vvelprs": 0.002252612030133605,
                "tmpprs": 0.0020936650689691305,
                "rhprs": 0.0019464135402813554,
                "hgtprs": 0.0021631084382534027,
                "absvprs": 0.002222941257059574,
                "pressfc": 0.00013594406482297927,
                "capesfc": 9.453657548874617e-05,
                "tmpsfc": 0.00010218172246823087,
                "landmask": 0.00011257186270086095
            }
        },
        {
            "type": "Feature",
            "geometry": {
                "type": "Point",
                "coordinates": [
                    -105.0,
                    18.0
                ]
            },
            "properties": {
                "system_id": "INVEST_00",
                "confidence": 0.41809783113360927,
                "uncertainty_std": 0.1645156443119049,
                "ci_95": [
                    0.09564716828227565,
                    0.7405484939849429
                ],
                "lead_time_hrs": 72,
                "movement_vector": {
                    "dlat_24h": 0.0,
                    "dlon_24h": 0.0
                },
                "trajectory": {},
                "top_driver": "ugrdprs",
                "ugrdprs": 0.00913622323423624,
                "vgrdprs": 0.008462767116725445,
                "vvelprs": 0.008765319362282753,
                "tmpprs": 0.00830112025141716,
                "rhprs": 0.008175217546522617,
                "hgtprs": 0.009021229110658169,
                "absvprs": 0.008498132228851318,
                "pressfc": 0.0004605971334967762,
                "capesfc": 0.0004691093636211008,
                "tmpsfc": 0.00046729136374779046,
                "landmask": 0.0004973593167960644
            }
        },
        {
            "type": "Feature",
            "geometry": {
                "type": "Point",
                "coordinates": [
                    117.0,
                    23.0
                ]
            },
            "properties": {
                "system_id": "INVEST_00",
                "confidence": 0.4115413077535663,
                "uncertainty_std": 0.1730336993932724,
                "ci_95": [
                    0.0723952569427524,
                    0.7506873585643802
                ],
                "lead_time_hrs": 72,
                "movement_vector": {
                    "dlat_24h": 0.0,
                    "dlon_24h": 0.0
                },
                "trajectory": {},
                "top_driver": "ugrdprs",
                "ugrdprs": 0.012094906531274319,
                "vgrdprs": 0.011667114682495594,
                "vvelprs": 0.010918386280536652,
                "tmpprs": 0.011609806679189205,
                "rhprs": 0.011499539948999882,
                "hgtprs": 0.011051725596189499,
                "absvprs": 0.01161692664027214,
                "pressfc": 0.0008303675567731261,
                "capesfc": 0.00046263381955213845,
                "tmpsfc": 0.0005465977592393756,
                "landmask": 0.0007074325694702566
            }
        },
        {
            "type": "Feature",
            "geometry": {
                "type": "Point",
                "coordinates": [
                    101.0,
                    9.0
                ]
            },
            "properties": {
                "system_id": "INVEST_00",
                "confidence": 0.40707534602553286,
                "uncertainty_std": 0.2378404438495636,
                "ci_95": [
                    0.0,
                    0.8732426159706774
                ],
                "lead_time_hrs": 72,
                "movement_vector": {
                    "dlat_24h": 0.0,
                    "dlon_24h": 0.0
                },
                "trajectory": {},
                "top_driver": "ugrdprs",
                "ugrdprs": 0.0048778122290968895,
                "vgrdprs": 0.004480695351958275,
                "vvelprs": 0.004703157115727663,
                "tmpprs": 0.004545928444713354,
                "rhprs": 0.004507370758801699,
                "hgtprs": 0.004619499668478966,
                "absvprs": 0.004755299538373947,
                "pressfc": 0.0003323385026305914,
                "capesfc": 0.00023363513173535466,
                "tmpsfc": 0.00028671385371126235,
                "landmask": 0.0003468319191597402
            }
        },
        {
            "type": "Feature",
            "geometry": {
                "type": "Point",
                "coordinates": [
                    122.0,
                    9.0
                ]
            },
            "properties": {
                "system_id": "INVEST_00",
                "confidence": 0.3997015410254536,
                "uncertainty_std": 0.10170527547597885,
                "ci_95": [
                    0.20035920109253502,
                    0.5990438809583721
                ],
                "lead_time_hrs": 72,
                "movement_vector": {
                    "dlat_24h": 0.0,
                    "dlon_24h": 0.0
                },
                "trajectory": {},
                "top_driver": "ugrdprs",
                "ugrdprs": 0.0029074233025312424,
                "vgrdprs": 0.002679550088942051,
                "vvelprs": 0.0028017174918204546,
                "tmpprs": 0.002689830493181944,
                "rhprs": 0.002619710983708501,
                "hgtprs": 0.002827232703566551,
                "absvprs": 0.002663880819454789,
                "pressfc": 0.00013872247654944658,
                "capesfc": 0.00012362792040221393,
                "tmpsfc": 0.0001266666076844558,
                "landmask": 0.0002244615025119856
            }
        },
        {
            "type": "Feature",
            "geometry": {
                "type": "Point",
                "coordinates": [
                    -132.0,
                    11.0
                ]
            },
            "properties": {
                "system_id": "INVEST_00",
                "confidence": 0.3886453776513372,
                "uncertainty_std": 0.09534137696027756,
                "ci_95": [
                    0.20177627880919322,
                    0.5755144764934812
                ],
                "lead_time_hrs": 72,
                "movement_vector": {
                    "dlat_24h": 0.0,
                    "dlon_24h": 0.0
                },
                "trajectory": {},
                "top_driver": "ugrdprs",
                "ugrdprs": 0.002780056558549404,
                "vgrdprs": 0.002659066580235958,
                "vvelprs": 0.0026464625261723995,
                "tmpprs": 0.0024702288210392,
                "rhprs": 0.0024801951367408037,
                "hgtprs": 0.002539835637435317,
                "absvprs": 0.0024452379439026117,
                "pressfc": 0.00019225070718675852,
                "capesfc": 0.0001267159532289952,
                "tmpsfc": 0.00015695233014412224,
                "landmask": 0.00017127922910731286
            }
        },
        {
            "type": "Feature",
            "geometry": {
                "type": "Point",
                "coordinates": [
                    104.0,
                    0.0
                ]
            },
            "properties": {
                "system_id": "INVEST_00",
                "confidence": 0.36186413991245686,
                "uncertainty_std": 0.1577458381652832,
                "ci_95": [
                    0.05268229710850181,
                    0.6710459827164119
                ],
                "lead_time_hrs": 72,
                "movement_vector": {
                    "dlat_24h": 0.0,
                    "dlon_24h": 0.0
                },
                "trajectory": {},
                "top_driver": "ugrdprs",
                "ugrdprs": 0.003828005865216255,
                "vgrdprs": 0.0035966599825769663,
                "vvelprs": 0.0036264811642467976,
                "tmpprs": 0.003522224258631468,
                "rhprs": 0.003468285547569394,
                "hgtprs": 0.003517607692629099,
                "absvprs": 0.003513866104185581,
                "pressfc": 0.00017236190615221858,
                "capesfc": 0.00016454134311061352,
                "tmpsfc": 0.00024146786017809063,
                "landmask": 0.0002686226216610521
            }
        },
        {
            "type": "Feature",
            "geometry": {
                "type": "Point",
                "coordinates": [
                    150.0,
                    30.0
                ]
            },
            "properties": {
                "system_id": "INVEST_00",
                "confidence": 0.360742854920632,
                "uncertainty_std": 0.11927670240402222,
                "ci_95": [
                    0.12696051820874849,
                    0.5945251916325156
                ],
                "lead_time_hrs": 72,
                "movement_vector": {
                    "dlat_24h": 0.0,
                    "dlon_24h": 0.0
                },
                "trajectory": {},
                "top_driver": "ugrdprs",
                "ugrdprs": 0.00711300503462553,
                "vgrdprs": 0.006131314672529697,
                "vvelprs": 0.006590620614588261,
                "tmpprs": 0.005977819208055735,
                "rhprs": 0.006261221133172512,
                "hgtprs": 0.006482383236289024,
                "absvprs": 0.006465152837336063,
                "pressfc": 0.00023533447529189289,
                "capesfc": 0.00033396275830455124,
                "tmpsfc": 0.00032567110611125827,
                "landmask": 0.00043364701559767127
            }
        },
        {
            "type": "Feature",
            "geometry": {
                "type": "Point",
                "coordinates": [
                    106.0,
                    19.0
                ]
            },
            "properties": {
                "system_id": "INVEST_00",
                "confidence": 0.35894033068307335,
                "uncertainty_std": 0.24703803658485413,
                "ci_95": [
                    0.0,
                    0.8431348823893874
                ],
                "lead_time_hrs": 72,
                "movement_vector": {
                    "dlat_24h": 0.0,
                    "dlon_24h": 0.0
                },
                "trajectory": {},
                "top_driver": "ugrdprs",
                "ugrdprs": 0.017788372933864594,
                "vgrdprs": 0.017177360132336617,
                "vvelprs": 0.015509399585425854,
                "tmpprs": 0.016990352421998978,
                "rhprs": 0.016436969861388206,
                "hgtprs": 0.015955129638314247,
                "absvprs": 0.016435563564300537,
                "pressfc": 0.0013372002867981791,
                "capesfc": 0.0006884675240144134,
                "tmpsfc": 0.0009310911991633475,
                "landmask": 0.0009029331849887967
            }
        }
    ]
}