{
    "type": "FeatureCollection",
    "features": [
        {
            "type": "Feature",
            "geometry": {
                "type": "Point",
                "coordinates": [
                    132.0,
                    -6.0
                ]
            },
            "properties": {
                "system_id": "INVEST_01L",
                "confidence": 0.9750531478426343,
                "uncertainty_std": 0.008710931055247784,
                "ci_95": [
                    0.9579797229743486,
                    0.99212657271092
                ],
                "lead_time_hrs": 24,
                "movement_vector": {
                    "dlat_24h": 2.0,
                    "dlon_24h": 2.0
                },
                "trajectory": {
                    "24h": [
                        132.0,
                        -6.0
                    ],
                    "48h": [
                        134.0,
                        -4.0
                    ],
                    "72h": [
                        137.0,
                        -5.0
                    ]
                },
                "top_driver": "hgtprs",
                "ugrdprs": 0.00576005456969142,
                "vgrdprs": 0.005293826572597027,
                "vvelprs": 0.005364630836993456,
                "tmpprs": 0.005329368636012077,
                "rhprs": 0.0057602375745773315,
                "hgtprs": 0.005880855023860931,
                "absvprs": 0.005194390658289194,
                "pressfc": 0.0003517221484798938,
                "capesfc": 0.00024007688625715673,
                "tmpsfc": 0.0003037422429770231,
                "landmask": 0.0005234365235082805
            }
        },
        {
            "type": "Feature",
            "geometry": {
                "type": "Point",
                "coordinates": [
                    11.0,
                    -9.0
                ]
            },
            "properties": {
                "system_id": "INVEST_02L",
                "confidence": 0.9746308022096944,
                "uncertainty_std": 0.007147324271500111,
                "ci_95": [
                    0.9606220466375542,
                    0.9886395577818347
                ],
                "lead_time_hrs": 24,
                "movement_vector": {
                    "dlat_24h": -2.0,
                    "dlon_24h": 2.0
                },
                "trajectory": {
                    "24h": [
                        11.0,
                        -9.0
                    ],
                    "48h": [
                        13.0,
                        -11.0
                    ],
                    "72h": [
                        9.0,
                        -6.0
                    ]
                },
                "top_driver": "vgrdprs",
                "ugrdprs": 0.0006035611149854958,
                "vgrdprs": 0.0006146528176032007,
                "vvelprs": 0.0005898661911487579,
                "tmpprs": 0.000599075632635504,
                "rhprs": 0.0005741686909459531,
                "hgtprs": 0.000574371893890202,
                "absvprs": 0.0005996320396661758,
                "pressfc": 2.8191900128149427e-05,
                "capesfc": 3.301215838291682e-05,
                "tmpsfc": 2.791073711705394e-05,
                "landmask": 3.1982013751985505e-05
            }
        },
        {
            "type": "Feature",
            "geometry": {
                "type": "Point",
                "coordinates": [
                    98.0,
                    7.0
                ]
            },
            "properties": {
                "system_id": "INVEST_03L",
                "confidence": 0.9726730824376234,
                "uncertainty_std": 0.011085105128586292,
                "ci_95": [
                    0.9509462763855943,
                    0.9943998884896526
                ],
                "lead_time_hrs": 24,
                "movement_vector": {
                    "dlat_24h": -3.0,
                    "dlon_24h": 2.0
                },
                "trajectory": {
                    "24h": [
                        98.0,
                        7.0
                    ],
                    "48h": [
                        100.0,
                        4.0
                    ],
                    "72h": [
                        100.0,
                        4.0
                    ]
                },
                "top_driver": "ugrdprs",
                "ugrdprs": 0.005623913370072842,
                "vgrdprs": 0.005246887914836407,
                "vvelprs": 0.005141060799360275,
                "tmpprs": 0.005113373044878244,
                "rhprs": 0.005080415867269039,
                "hgtprs": 0.005462106317281723,
                "absvprs": 0.005148546304553747,
                "pressfc": 0.000397010036977008,
                "capesfc": 0.00028795431717298925,
                "tmpsfc": 0.00027869653422385454,
                "landmask": 0.0004907348193228245
            }
        },
        {
            "type": "Feature",
            "geometry": {
                "type": "Point",
                "coordinates": [
                    -22.0,
                    17.0
                ]
            },
            "properties": {
                "system_id": "INVEST_04L",
                "confidence": 0.9511686921739742,
                "uncertainty_std": 0.013178067281842232,
                "ci_95": [
                    0.9253396803015633,
                    0.976997704046385
                ],
                "lead_time_hrs": 24,
                "movement_vector": {
                    "dlat_24h": 2.0,
                    "dlon_24h": -1.0
                },
                "trajectory": {
                    "24h": [
                        -22.0,
                        17.0
                    ],
                    "48h": [
                        -23.0,
                        19.0
                    ],
                    "72h": [
                        -21.0,
                        19.0
                    ]
                },
                "top_driver": "vvelprs",
                "ugrdprs": 0.0004332365351729095,
                "vgrdprs": 0.0004278309061191976,
                "vvelprs": 0.0004401864716783166,
                "tmpprs": 0.0004034206212963909,
                "rhprs": 0.00042612600373104215,
                "hgtprs": 0.00042441714322194457,
                "absvprs": 0.00041601218981668353,
                "pressfc": 2.6381640054751188e-05,
                "capesfc": 2.965258499898482e-05,
                "tmpsfc": 2.3134631192078814e-05,
                "landmask": 3.167891190969385e-05
            }
        },
        {
            "type": "Feature",
            "geometry": {
                "type": "Point",
                "coordinates": [
                    43.0,
                    -3.0
                ]
            },
            "properties": {
                "system_id": "INVEST_05L",
                "confidence": 0.9402050348879796,
                "uncertainty_std": 0.046997956931591034,
                "ci_95": [
                    0.8480890393020611,
                    1.0
                ],
                "lead_time_hrs": 24,
                "movement_vector": {
                    "dlat_24h": 0.0,
                    "dlon_24h": 0.0
                },
                "trajectory": {
                    "24h": [
                        43.0,
                        -3.0
                    ],
                    "48h": [
                        43.0,
                        -3.0
                    ],
                    "72h": [
                        41.0,
                        -3.0
                    ]
                },
                "top_driver": "ugrdprs",
                "ugrdprs": 0.004179022274911404,
                "vgrdprs": 0.00404088431969285,
                "vvelprs": 0.003774114418774843,
                "tmpprs": 0.003901409450918436,
                "rhprs": 0.003690444165840745,
                "hgtprs": 0.003835734911262989,
                "absvprs": 0.00376951415091753,
                "pressfc": 0.00031965188100002706,
                "capesfc": 0.000151735614053905,
                "tmpsfc": 0.0002793689782265574,
                "landmask": 0.00018580124014988542
            }
        },
        {
            "type": "Feature",
            "geometry": {
                "type": "Point",
                "coordinates": [
                    0.0,
                    5.0
                ]
            },
            "properties": {
                "system_id": "INVEST_06L",
                "confidence": 0.9391781329730201,
                "uncertainty_std": 0.03134863078594208,
                "ci_95": [
                    0.8777348166325736,
                    1.0
                ],
                "lead_time_hrs": 24,
                "movement_vector": {
                    "dlat_24h": 0.0,
                    "dlon_24h": -3.0
                },
                "trajectory": {
                    "24h": [
                        0.0,
                        5.0
                    ],
                    "48h": [
                        -3.0,
                        5.0
                    ],
                    "72h": [
                        -5.0,
                        5.0
                    ]
                },
                "top_driver": "ugrdprs",
                "ugrdprs": 0.002140711760148406,
                "vgrdprs": 0.002071771305054426,
                "vvelprs": 0.0020238126162439585,
                "tmpprs": 0.0021304460242390633,
                "rhprs": 0.002115029376000166,
                "hgtprs": 0.0020598196424543858,
                "absvprs": 0.002101795980706811,
                "pressfc": 0.00010476298484718427,
                "capesfc": 0.000122434226796031,
                "tmpsfc": 9.680107177700847e-05,
                "landmask": 0.00011321203783154488
            }
        },
        {
            "type": "Feature",
            "geometry": {
                "type": "Point",
                "coordinates": [
                    5.0,
                    5.0
                ]
            },
            "properties": {
                "system_id": "INVEST_07L",
                "confidence": 0.9389715663239404,
                "uncertainty_std": 0.016135964542627335,
                "ci_95": [
                    0.9073450758203908,
                    0.97059805682749
                ],
                "lead_time_hrs": 24,
                "movement_vector": {
                    "dlat_24h": -1.0,
                    "dlon_24h": 1.0
                },
                "trajectory": {
                    "24h": [
                        5.0,
                        5.0
                    ],
                    "48h": [
                        6.0,
                        4.0
                    ],
                    "72h": [
                        4.0,
                        5.0
                    ]
                },
                "top_driver": "vvelprs",
                "ugrdprs": 0.0017675140406936407,
                "vgrdprs": 0.0017901903484016657,
                "vvelprs": 0.0018227244727313519,
                "tmpprs": 0.0017998383846133947,
                "rhprs": 0.001759587787091732,
                "hgtprs": 0.0017754032742232084,
                "absvprs": 0.0018052251543849707,
                "pressfc": 8.910388714866713e-05,
                "capesfc": 0.00010338277206756175,
                "tmpsfc": 8.174218964995816e-05,
                "landmask": 0.00012592843268066645
            }
        },
        {
            "type": "Feature",
            "geometry": {
                "type": "Point",
                "coordinates": [
                    46.0,
                    11.0
                ]
            },
            "properties": {
                "system_id": "INVEST_08L",
                "confidence": 0.938638862233122,
                "uncertainty_std": 0.02760513313114643,
                "ci_95": [
                    0.8845328012960749,
                    0.992744923170169
                ],
                "lead_time_hrs": 24,
                "movement_vector": {
                    "dlat_24h": 5.0,
                    "dlon_24h": -4.0
                },
                "trajectory": {
                    "24h": [
                        46.0,
                        11.0
                    ],
                    "48h": [
                        42.0,
                        16.0
                    ],
                    "72h": [
                        43.0,
                        14.0
                    ]
                },
                "top_driver": "vgrdprs",
                "ugrdprs": 0.0007876906893216074,
                "vgrdprs": 0.0008185309125110507,
                "vvelprs": 0.0007642884738743305,
                "tmpprs": 0.0008068282040767372,
                "rhprs": 0.0007508720154874027,
                "hgtprs": 0.0007871587877161801,
                "absvprs": 0.0007939240313135087,
                "pressfc": 3.725250280695036e-05,
                "capesfc": 3.934942651540041e-05,
                "tmpsfc": 3.249760629842058e-05,
                "landmask": 4.8869362217374146e-05
            }
        },
        {
            "type": "Feature",
            "geometry": {
                "type": "Point",
                "coordinates": [
                    -12.0,
                    6.0
                ]
            },
            "properties": {
                "system_id": "INVEST_09L",
                "confidence": 0.9353829140635411,
                "uncertainty_std": 0.04083802178502083,
                "ci_95": [
                    0.8553403913649003,
                    1.0
                ],
                "lead_time_hrs": 24,
                "movement_vector": {
                    "dlat_24h": -2.0,
                    "dlon_24h": -2.0
                },
                "trajectory": {
                    "24h": [
                        -12.0,
                        6.0
                    ],
                    "48h": [
                        -14.0,
                        4.0
                    ],
                    "72h": [
                        -13.0,
                        4.0
                    ]
                },
                "top_driver": "tmpprs",
                "ugrdprs": 0.0019061057828366756,
                "vgrdprs": 0.0018029389902949333,
                "vvelprs": 0.001669488730840385,
                "tmpprs": 0.0019353331299498677,
                "rhprs": 0.0017342723440378904,
                "hgtprs": 0.0017787559190765023,
                "absvprs": 0.0017088541062548757,
                "pressfc": 8.193896792363375e-05,
                "capesfc": 0.00011452119360910729,
                "tmpsfc": 8.109110058285296e-05,
                "landmask": 0.00015929747314658016
            }
        },
        {
            "type": "Feature",
            "geometry": {
                "type": "Point",
                "coordinates": [
                    -21.0,
                    9.0
                ]
            },
            "properties": {
                "system_id": "INVEST_10L",
                "confidence": 0.9334672683395434,
                "uncertainty_std": 0.03879117593169212,
                "ci_95": [
                    0.8574365635134269,
                    1.0
                ],
                "lead_time_hrs": 24,
                "movement_vector": {
                    "dlat_24h": -4.0,
                    "dlon_24h": 1.0
                },
                "trajectory": {
                    "24h": [
                        -21.0,
                        9.0
                    ],
                    "48h": [
                        -20.0,
                        5.0
                    ],
                    "72h": [
                        -18.0,
                        5.0
                    ]
                },
                "top_driver": "vgrdprs",
                "ugrdprs": 0.0016495836898684502,
                "vgrdprs": 0.001752221491187811,
                "vvelprs": 0.0017256169812753797,
                "tmpprs": 0.0015981936594471335,
                "rhprs": 0.0016002545598894358,
                "hgtprs": 0.001624778495170176,
                "absvprs": 0.0016357526183128357,
                "pressfc": 0.0001000934062176384,
                "capesfc": 8.83034008438699e-05,
                "tmpsfc": 7.076792098814622e-05,
                "landmask": 8.689669630257413e-05
            }
        },
        {
            "type": "Feature",
            "geometry": {
                "type": "Point",
                "coordinates": [
                    101.0,
                    3.0
                ]
            },
            "properties": {
                "system_id": "INVEST_11L",
                "confidence": 0.9268529931902568,
                "uncertainty_std": 0.029418932273983955,
                "ci_95": [
                    0.8691918859332483,
                    0.9845141004472654
                ],
                "lead_time_hrs": 24,
                "movement_vector": {
                    "dlat_24h": 1.0,
                    "dlon_24h": -1.0
                },
                "trajectory": {
                    "24h": [
                        101.0,
                        3.0
                    ],
                    "48h": [
                        100.0,
                        4.0
                    ],
                    "72h": [
                        100.0,
                        4.0
                    ]
                },
                "top_driver": "tmpprs",
                "ugrdprs": 0.004676429089158773,
                "vgrdprs": 0.004392890725284815,
                "vvelprs": 0.004467866849154234,
                "tmpprs": 0.004682742524892092,
                "rhprs": 0.004582629539072514,
                "hgtprs": 0.004663996864110231,
                "absvprs": 0.004551565740257502,
                "pressfc": 0.0003081333707086742,
                "capesfc": 0.0002740489726420492,
                "tmpsfc": 0.0002600664156489074,
                "landmask": 0.00040841629379428923
            }
        },
        {
            "type": "Feature",
            "geometry": {
                "type": "Point",
                "coordinates": [
                    -108.0,
                    20.0
                ]
            },
            "properties": {
                "system_id": "INVEST_12L",
                "confidence": 0.9176387638453762,
                "uncertainty_std": 0.028116192668676376,
                "ci_95": [
                    0.8625310262147705,
                    0.972746501475982
                ],
                "lead_time_hrs": 24,
                "movement_vector": {
                    "dlat_24h": -1.0,
                    "dlon_24h": -2.0
                },
                "trajectory": {
                    "24h": [
                        -108.0,
                        20.0
                    ],
                    "48h": [
                        -110.0,
                        19.0
                    ],
                    "72h": [
                        -110.0,
                        20.0
                    ]
                },
                "top_driver": "hgtprs",
                "ugrdprs": 0.002581418491899967,
                "vgrdprs": 0.002475031418725848,
                "vvelprs": 0.0024690746795386076,
                "tmpprs": 0.002578835468739271,
                "rhprs": 0.002532400656491518,
                "hgtprs": 0.002614154014736414,
                "absvprs": 0.002388852648437023,
                "pressfc": 0.00012139403406763449,
                "capesfc": 0.00017433044558856636,
                "tmpsfc": 0.00014786214160267264,
                "landmask": 0.00016733857046347111
            }
        },
        {
            "type": "Feature",
            "geometry": {
                "type": "Point",
                "coordinates": [
                    -17.0,
                    13.0
                ]
            },
            "properties": {
                "system_id": "INVEST_13L",
                "confidence": 0.9175699627407745,
                "uncertainty_std": 0.028186224400997162,
                "ci_95": [
                    0.8623249629148201,
                    0.972814962566729
                ],
                "lead_time_hrs": 24,
                "movement_vector": {
                    "dlat_24h": 0.0,
                    "dlon_24h": -3.0
                },
                "trajectory": {
                    "24h": [
                        -17.0,
                        13.0
                    ],
                    "48h": [
                        -20.0,
                        13.0
                    ],
                    "72h": [
                        -23.0,
                        12.0
                    ]
                },
                "top_driver": "vgrdprs",
                "ugrdprs": 0.0024601113982498646,
                "vgrdprs": 0.002626175759360194,
                "vvelprs": 0.002486876444891095,
                "tmpprs": 0.0024273181334137917,
                "rhprs": 0.0023851748555898666,
                "hgtprs": 0.0025904953945428133,
                "absvprs": 0.002512485021725297,
                "pressfc": 0.00011878135410370305,
                "capesfc": 0.00010535700130276382,
                "tmpsfc": 0.00010889903933275491,
                "landmask": 0.00023990600311663002
            }
        },
        {
            "type": "Feature",
            "geometry": {
                "type": "Point",
                "coordinates": [
                    -125.0,
                    23.0
                ]
            },
            "properties": {
                "system_id": "INVEST_14L",
                "confidence": 0.9108597861946889,
                "uncertainty_std": 0.029865939170122147,
                "ci_95": [
                    0.8523225454212495,
                    0.9693970269681282
                ],
                "lead_time_hrs": 24,
                "movement_vector": {
                    "dlat_24h": 1.0,
                    "dlon_24h": 0.0
                },
                "trajectory": {
                    "24h": [
                        -125.0,
                        23.0
                    ],
                    "48h": [
                        -125.0,
                        24.0
                    ],
                    "72h": [
                        -125.0,
                        24.0
                    ]
                },
                "top_driver": "absvprs",
                "ugrdprs": 0.001068217447027564,
                "vgrdprs": 0.001078551053069532,
                "vvelprs": 0.0010893307626247406,
                "tmpprs": 0.0010384962661191821,
                "rhprs": 0.0010348052019253373,
                "hgtprs": 0.0010577935026958585,
                "absvprs": 0.0011085382429882884,
                "pressfc": 6.628564733546227e-05,
                "capesfc": 7.20947136869654e-05,
                "tmpsfc": 6.352060154313222e-05,
                "landmask": 6.567168020410463e-05
            }
        },
        {
            "type": "Feature",
            "geometry": {
                "type": "Point",
                "coordinates": [
                    95.0,
                    2.0
                ]
            },
            "properties": {
                "system_id": "INVEST_15L",
                "confidence": 0.9107239128722028,
                "uncertainty_std": 0.029610121622681618,
                "ci_95": [
                    0.8526880744917468,
                    0.9687597512526588
                ],
                "lead_time_hrs": 24,
                "movement_vector": {
                    "dlat_24h": 2.0,
                    "dlon_24h": 0.0
                },
                "trajectory": {
                    "24h": [
                        95.0,
                        2.0
                    ],
                    "48h": [
                        95.0,
                        4.0
                    ],
                    "72h": [
                        95.0,
                        4.0
                    ]
                },
                "top_driver": "ugrdprs",
                "ugrdprs": 0.003400161163881421,
                "vgrdprs": 0.0030303297098726034,
                "vvelprs": 0.002884316723793745,
                "tmpprs": 0.002989902626723051,
                "rhprs": 0.003023665165528655,
                "hgtprs": 0.003242212114855647,
                "absvprs": 0.0029919096268713474,
                "pressfc": 0.00019546816474758089,
                "capesfc": 0.00014832172018941492,
                "tmpsfc": 0.00017816676700022072,
                "landmask": 0.000304203451378271
            }
        },
        {
            "type": "Feature",
            "geometry": {
                "type": "Point",
                "coordinates": [
                    68.0,
                    4.0
                ]
            },
            "properties": {
                "system_id": "INVEST_16L",
                "confidence": 0.9082862808488613,
                "uncertainty_std": 0.03877157345414162,
                "ci_95": [
                    0.8322939968787437,
                    0.9842785648189789
                ],
                "lead_time_hrs": 24,
                "movement_vector": {
                    "dlat_24h": -1.0,
                    "dlon_24h": -2.0
                },
                "trajectory": {
                    "24h": [
                        68.0,
                        4.0
                    ],
                    "48h": [
                        66.0,
                        3.0
                    ],
                    "72h": [
                        68.0,
                        0.0
                    ]
                },
                "top_driver": "hgtprs",
                "ugrdprs": 0.009138648398220539,
                "vgrdprs": 0.00834016501903534,
                "vvelprs": 0.008493881672620773,
                "tmpprs": 0.009105912409722805,
                "rhprs": 0.00877668522298336,
                "hgtprs": 0.009248514659702778,
                "absvprs": 0.008180856704711914,
                "pressfc": 0.0003993918653577566,
                "capesfc": 0.0005371981533244252,
                "tmpsfc": 0.00046283681876957417,
                "landmask": 0.0008499138057231903
            }
        },
        {
            "type": "Feature",
            "geometry": {
                "type": "Point",
                "coordinates": [
                    55.0,
                    3.0
                ]
            },
            "properties": {
                "system_id": "INVEST_17L",
                "confidence": 0.9063036331909177,
                "uncertainty_std": 0.057799357920885086,
                "ci_95": [
                    0.7930168916659829,
                    1.0
                ],
                "lead_time_hrs": 24,
                "movement_vector": {
                    "dlat_24h": 1.0,
                    "dlon_24h": 1.0
                },
                "trajectory": {
                    "24h": [
                        55.0,
                        3.0
                    ],
                    "48h": [
                        56.0,
                        4.0
                    ],
                    "72h": [
                        61.0,
                        3.0
                    ]
                },
                "top_driver": "tmpprs",
                "ugrdprs": 0.0023688245564699173,
                "vgrdprs": 0.0023478821385651827,
                "vvelprs": 0.0023262673057615757,
                "tmpprs": 0.0024893132504075766,
                "rhprs": 0.002260650275275111,
                "hgtprs": 0.002387898974120617,
                "absvprs": 0.0021249123383313417,
                "pressfc": 0.00012812572822440416,
                "capesfc": 0.00014836301852483302,
                "tmpsfc": 0.0001556289498694241,
                "landmask": 0.0001101381640182808
            }
        },
        {
            "type": "Feature",
            "geometry": {
                "type": "Point",
                "coordinates": [
                    111.0,
                    17.0
                ]
            },
            "properties": {
                "system_id": "INVEST_18L",
                "confidence": 0.9058270372276874,
                "uncertainty_std": 0.06693225353956223,
                "ci_95": [
                    0.7746398202901454,
                    1.0
                ],
                "lead_time_hrs": 24,
                "movement_vector": {
                    "dlat_24h": -1.0,
                    "dlon_24h": 3.0
                },
                "trajectory": {
                    "24h": [
                        111.0,
                        17.0
                    ],
                    "48h": [
                        114.0,
                        16.0
                    ],
                    "72h": [
                        116.0,
                        18.0
                    ]
                },
                "top_driver": "tmpprs",
                "ugrdprs": 0.0057860566303133965,
                "vgrdprs": 0.005613371729850769,
                "vvelprs": 0.0054179891012609005,
                "tmpprs": 0.006015476770699024,
                "rhprs": 0.005809909198433161,
                "hgtprs": 0.005847820080816746,
                "absvprs": 0.005916600581258535,
                "pressfc": 0.00038042792584747076,
                "capesfc": 0.0002745441743172705,
                "tmpsfc": 0.0002972845977637917,
                "landmask": 0.0002781522343866527
            }
        },
        {
            "type": "Feature",
            "geometry": {
                "type": "Point",
                "coordinates": [
                    62.0,
                    25.0
                ]
            },
            "properties": {
                "system_id": "INVEST_19L",
                "confidence": 0.9005265621521484,
                "uncertainty_std": 0.063789963722229,
                "ci_95": [
                    0.7754982332565796,
                    1.0
                ],
                "lead_time_hrs": 24,
                "movement_vector": {
                    "dlat_24h": 0.0,
                    "dlon_24h": 3.0
                },
                "trajectory": {
                    "24h": [
                        62.0,
                        25.0
                    ],
                    "48h": [
                        65.0,
                        25.0
                    ],
                    "72h": [
                        62.0,
                        25.0
                    ]
                },
                "top_driver": "vvelprs",
                "ugrdprs": 0.001134385820478201,
                "vgrdprs": 0.0011414162581786513,
                "vvelprs": 0.0011903446866199374,
                "tmpprs": 0.0010753116803243756,
                "rhprs": 0.0010792643297463655,
                "hgtprs": 0.0011167482007294893,
                "absvprs": 0.0010725498432293534,
                "pressfc": 7.643934804946184e-05,
                "capesfc": 6.084816050133668e-05,
                "tmpsfc": 5.916960435570218e-05,
                "landmask": 6.21213621343486e-05
            }
        },
        {
            "type": "Feature",
            "geometry": {
                "type": "Point",
                "coordinates": [
                    74.0,
                    -1.0
                ]
            },
            "properties": {
                "system_id": "INVEST_20L",
                "confidence": 0.9005228845896182,
                "uncertainty_std": 0.04292046278715134,
                "ci_95": [
                    0.8163987775268016,
                    0.9846469916524347
                ],
                "lead_time_hrs": 24,
                "movement_vector": {
                    "dlat_24h": 2.0,
                    "dlon_24h": 3.0
                },
                "trajectory": {
                    "24h": [
                        74.0,
                        -1.0
                    ],
                    "48h": [
                        77.0,
                        1.0
                    ],
                    "72h": [
                        79.0,
                        3.0
                    ]
                },
                "top_driver": "rhprs",
                "ugrdprs": 0.00968491192907095,
                "vgrdprs": 0.008734390139579773,
                "vvelprs": 0.00887241493910551,
                "tmpprs": 0.00916347187012434,
                "rhprs": 0.009730207733809948,
                "hgtprs": 0.009534228593111038,
                "absvprs": 0.009251890704035759,
                "pressfc": 0.0005845263949595392,
                "capesfc": 0.0004025764355901629,
                "tmpsfc": 0.00055128731764853,
                "landmask": 0.0008903089910745621
            }
        },
        {
            "type": "Feature",
            "geometry": {
                "type": "Point",
                "coordinates": [
                    143.0,
                    25.0
                ]
            },
            "properties": {
                "system_id": "INVEST_21L",
                "confidence": 0.8974353675613621,
                "uncertainty_std": 0.04513491690158844,
                "ci_95": [
                    0.8089709304342487,
                    0.9858998046884755
                ],
                "lead_time_hrs": 24,
                "movement_vector": {
                    "dlat_24h": 0.0,
                    "dlon_24h": -3.0
                },
                "trajectory": {
                    "24h": [
                        143.0,
                        25.0
                    ],
                    "48h": [
                        140.0,
                        25.0
                    ],
                    "72h": [
                        138.0,
                        26.0
                    ]
                },
                "top_driver": "ugrdprs",
                "ugrdprs": 0.003093611216172576,
                "vgrdprs": 0.002924970118328929,
                "vvelprs": 0.0029072770848870277,
                "tmpprs": 0.0027866007294505835,
                "rhprs": 0.0028946874663233757,
                "hgtprs": 0.00294510368257761,
                "absvprs": 0.0028206571005284786,
                "pressfc": 0.00012852002691943198,
                "capesfc": 0.00015794347564224154,
                "tmpsfc": 0.00014192606613505632,
                "landmask": 0.00014308354002423584
            }
        },
        {
            "type": "Feature",
            "geometry": {
                "type": "Point",
                "coordinates": [
                    -20.0,
                    22.0
                ]
            },
            "properties": {
                "system_id": "INVEST_22L",
                "confidence": 0.8950644391613013,
                "uncertainty_std": 0.07078243792057037,
                "ci_95": [
                    0.7563308608369834,
                    1.0
                ],
                "lead_time_hrs": 24,
                "movement_vector": {
                    "dlat_24h": 4.0,
                    "dlon_24h": 0.0
                },
                "trajectory": {
                    "24h": [
                        -20.0,
                        22.0
                    ],
                    "48h": [
                        -20.0,
                        26.0
                    ],
                    "72h": [
                        -19.0,
                        24.0
                    ]
                },
                "top_driver": "vvelprs",
                "ugrdprs": 0.0007567682769149542,
                "vgrdprs": 0.0007781199528835714,
                "vvelprs": 0.0008190591470338404,
                "tmpprs": 0.000727599544916302,
                "rhprs": 0.0008042702102102339,
                "hgtprs": 0.0007858420140109956,
                "absvprs": 0.00070949801011011,
                "pressfc": 4.9552869313629344e-05,
                "capesfc": 4.408055610838346e-05,
                "tmpsfc": 3.700538582052104e-05,
                "landmask": 4.6848734200466424e-05
            }
        },
        {
            "type": "Feature",
            "geometry": {
                "type": "Point",
                "coordinates": [
                    148.0,
                    -16.0
                ]
            },
            "properties": {
                "system_id": "INVEST_23L",
                "confidence": 0.8925927366985698,
                "uncertainty_std": 0.02049080841243267,
                "ci_95": [
                    0.8524307522102017,
                    0.9327547211869378
                ],
                "lead_time_hrs": 24,
                "movement_vector": {
                    "dlat_24h": 0.0,
                    "dlon_24h": -2.0
                },
                "trajectory": {
                    "24h": [
                        148.0,
                        -16.0
                    ],
                    "48h": [
                        146.0,
                        -16.0
                    ],
                    "72h": [
                        147.0,
                        -18.0
                    ]
                },
                "top_driver": "ugrdprs",
                "ugrdprs": 0.004689664114266634,
                "vgrdprs": 0.004353442694991827,
                "vvelprs": 0.004266378469765186,
                "tmpprs": 0.004223410971462727,
                "rhprs": 0.0042303260415792465,
                "hgtprs": 0.004471798427402973,
                "absvprs": 0.004091889131814241,
                "pressfc": 0.0003076953289564699,
                "capesfc": 0.00019435229478403926,
                "tmpsfc": 0.00030481748399324715,
                "landmask": 0.0002900160034187138
            }
        },
        {
            "type": "Feature",
            "geometry": {
                "type": "Point",
                "coordinates": [
                    138.0,
                    27.0
                ]
            },
            "properties": {
                "system_id": "INVEST_24L",
                "confidence": 0.8898696359555386,
                "uncertainty_std": 0.03391224890947342,
                "ci_95": [
                    0.8234016280929707,
                    0.9563376438181065
                ],
                "lead_time_hrs": 24,
                "movement_vector": {
                    "dlat_24h": 2.0,
                    "dlon_24h": -1.0
                },
                "trajectory": {
                    "24h": [
                        138.0,
                        27.0
                    ],
                    "48h": [
                        137.0,
                        29.0
                    ],
                    "72h": [
                        138.0,
                        26.0
                    ]
                },
                "top_driver": "ugrdprs",
                "ugrdprs": 0.0018046966288238764,
                "vgrdprs": 0.0017448561266064644,
                "vvelprs": 0.001772985327988863,
                "tmpprs": 0.001734948600642383,
                "rhprs": 0.0017200218280777335,
                "hgtprs": 0.0017311136471107602,
                "absvprs": 0.0017604926833882928,
                "pressfc": 0.00010591336467768997,
                "capesfc": 9.83857098617591e-05,
                "tmpsfc": 7.155348430387676e-05,
                "landmask": 0.0001327247591689229
            }
        },
        {
            "type": "Feature",
            "geometry": {
                "type": "Point",
                "coordinates": [
                    73.0,
                    -6.0
                ]
            },
            "properties": {
                "system_id": "INVEST_25L",
                "confidence": 0.8824794766589391,
                "uncertainty_std": 0.07627484947443008,
                "ci_95": [
                    0.7329807716890562,
                    1.0
                ],
                "lead_time_hrs": 24,
                "movement_vector": {
                    "dlat_24h": 1.0,
                    "dlon_24h": -1.0
                },
                "trajectory": {
                    "24h": [
                        73.0,
                        -6.0
                    ],
                    "48h": [
                        72.0,
                        -5.0
                    ],
                    "72h": [
                        73.0,
                        -5.0
                    ]
                },
                "top_driver": "hgtprs",
                "ugrdprs": 0.004051585216075182,
                "vgrdprs": 0.0037984095979481936,
                "vvelprs": 0.003815979231148958,
                "tmpprs": 0.0035884277895092964,
                "rhprs": 0.003761453088372946,
                "hgtprs": 0.004224151838570833,
                "absvprs": 0.0037600465584546328,
                "pressfc": 0.00020527116430457681,
                "capesfc": 0.0002515072119422257,
                "tmpsfc": 0.0001840250479290262,
                "landmask": 0.0004339824372436851
            }
        },
        {
            "type": "Feature",
            "geometry": {
                "type": "Point",
                "coordinates": [
                    125.0,
                    -8.0
                ]
            },
            "properties": {
                "system_id": "INVEST_26L",
                "confidence": 0.8810383408687088,
                "uncertainty_std": 0.03699183836579323,
                "ci_95": [
                    0.8085343376717541,
                    0.9535423440656635
                ],
                "lead_time_hrs": 24,
                "movement_vector": {
                    "dlat_24h": 5.0,
                    "dlon_24h": -1.0
                },
                "trajectory": {
                    "24h": [
                        125.0,
                        -8.0
                    ],
                    "48h": [
                        124.0,
                        -3.0
                    ],
                    "72h": [
                        122.0,
                        0.0
                    ]
                },
                "top_driver": "ugrdprs",
                "ugrdprs": 0.011200398206710815,
                "vgrdprs": 0.01060325838625431,
                "vvelprs": 0.009994319640100002,
                "tmpprs": 0.010607676580548286,
                "rhprs": 0.011038396507501602,
                "hgtprs": 0.010993005707859993,
                "absvprs": 0.010515199974179268,
                "pressfc": 0.0007986978744156659,
                "capesfc": 0.0004608773742802441,
                "tmpsfc": 0.0005879167001694441,
                "landmask": 0.0008578984416089952
            }
        },
        {
            "type": "Feature",
            "geometry": {
                "type": "Point",
                "coordinates": [
                    14.0,
                    13.0
                ]
            },
            "properties": {
                "system_id": "INVEST_27L",
                "confidence": 0.8773838850188627,
                "uncertainty_std": 0.14603039622306824,
                "ci_95": [
                    0.5911643084216489,
                    1.0
                ],
                "lead_time_hrs": 24,
                "movement_vector": {
                    "dlat_24h": 0.0,
                    "dlon_24h": 0.0
                },
                "trajectory": {
                    "24h": [
                        14.0,
                        13.0
                    ],
                    "48h": [
                        14.0,
                        13.0
                    ],
                    "72h": [
                        14.0,
                        13.0
                    ]
                },
                "top_driver": "rhprs",
                "ugrdprs": 0.0014982610009610653,
                "vgrdprs": 0.0014797972980886698,
                "vvelprs": 0.0014471622416749597,
                "tmpprs": 0.001438375562429428,
                "rhprs": 0.0015303426189348102,
                "hgtprs": 0.0014647988136857748,
                "absvprs": 0.0014824081445112824,
                "pressfc": 0.00011546199675649405,
                "capesfc": 7.44532881071791e-05,
                "tmpsfc": 6.971706170588732e-05,
                "landmask": 8.016257925191894e-05
            }
        },
        {
            "type": "Feature",
            "geometry": {
                "type": "Point",
                "coordinates": [
                    8.0,
                    1.0
                ]
            },
            "properties": {
                "system_id": "INVEST_28L",
                "confidence": 0.8735312178429734,
                "uncertainty_std": 0.056002259254455566,
                "ci_95": [
                    0.7637667897042405,
                    0.9832956459817063
                ],
                "lead_time_hrs": 24,
                "movement_vector": {
                    "dlat_24h": -2.0,
                    "dlon_24h": -2.0
                },
                "trajectory": {
                    "24h": [
                        8.0,
                        1.0
                    ],
                    "48h": [
                        6.0,
                        -1.0
                    ],
                    "72h": [
                        7.0,
                        -1.0
                    ]
                },
                "top_driver": "vvelprs",
                "ugrdprs": 0.00459802383556962,
                "vgrdprs": 0.004713807720690966,
                "vvelprs": 0.004757299553602934,
                "tmpprs": 0.004298744723200798,
                "rhprs": 0.0042762975208461285,
                "hgtprs": 0.004622582346200943,
                "absvprs": 0.004456778522580862,
                "pressfc": 0.00031383606255985796,
                "capesfc": 0.00020822652732022107,
                "tmpsfc": 0.00020521951955743134,
                "landmask": 0.00025167549028992653
            }
        },
        {
            "type": "Feature",
            "geometry": {
                "type": "Point",
                "coordinates": [
                    -28.0,
                    18.0
                ]
            },
            "properties": {
                "system_id": "INVEST_29L",
                "confidence": 0.8732082720836902,
                "uncertainty_std": 0.06611386686563492,
                "ci_95": [
                    0.7436250930270458,
                    1.0
                ],
                "lead_time_hrs": 24,
                "movement_vector": {
                    "dlat_24h": -1.0,
                    "dlon_24h": 0.0
                },
                "trajectory": {
                    "24h": [
                        -28.0,
                        18.0
                    ],
                    "48h": [
                        -28.0,
                        17.0
                    ],
                    "72h": [
                        -30.0,
                        16.0
                    ]
                },
                "top_driver": "ugrdprs",
                "ugrdprs": 0.002230321755632758,
                "vgrdprs": 0.0020633921958506107,
                "vvelprs": 0.002105418359860778,
                "tmpprs": 0.0019576377235352993,
                "rhprs": 0.0021362791303545237,
                "hgtprs": 0.0021863412111997604,
                "absvprs": 0.002043444197624922,
                "pressfc": 9.937240247381851e-05,
                "capesfc": 0.0001262303994735703,
                "tmpsfc": 0.00010050266428152099,
                "landmask": 0.00018488665227778256
            }
        },
        {
            "type": "Feature",
            "geometry": {
                "type": "Point",
                "coordinates": [
                    34.0,
                    -1.0
                ]
            },
            "properties": {
                "system_id": "INVEST_30L",
                "confidence": 0.8718972486944101,
                "uncertainty_std": 0.11461608111858368,
                "ci_95": [
                    0.6472497297019861,
                    1.0
                ],
                "lead_time_hrs": 24,
                "movement_vector": {
                    "dlat_24h": -1.0,
                    "dlon_24h": -2.0
                },
                "trajectory": {
                    "24h": [
                        34.0,
                        -1.0
                    ],
                    "48h": [
                        32.0,
                        -2.0
                    ],
                    "72h": [
                        32.0,
                        -2.0
                    ]
                },
                "top_driver": "ugrdprs",
                "ugrdprs": 0.010069516487419605,
                "vgrdprs": 0.0089732576161623,
                "vvelprs": 0.008882555179297924,
                "tmpprs": 0.009780454449355602,
                "rhprs": 0.00953627098351717,
                "hgtprs": 0.009794705547392368,
                "absvprs": 0.009052732959389687,
                "pressfc": 0.00040343706496059895,
                "capesfc": 0.0006696037016808987,
                "tmpsfc": 0.0005861094105057418,
                "landmask": 0.0007914050365798175
            }
        },
        {
            "type": "Feature",
            "geometry": {
                "type": "Point",
                "coordinates": [
                    134.0,
                    29.0
                ]
            },
            "properties": {
                "system_id": "INVEST_31L",
                "confidence": 0.8715492127249053,
                "uncertainty_std": 0.04447401687502861,
                "ci_95": [
                    0.7843801396498492,
                    0.9587182857999613
                ],
                "lead_time_hrs": 24,
                "movement_vector": {
                    "dlat_24h": 0.0,
                    "dlon_24h": -2.0
                },
                "trajectory": {
                    "24h": [
                        134.0,
                        29.0
                    ],
                    "48h": [
                        132.0,
                        29.0
                    ],
                    "72h": [
                        133.0,
                        30.0
                    ]
                },
                "top_driver": "vgrdprs",
                "ugrdprs": 0.005969719495624304,
                "vgrdprs": 0.006016258616000414,
                "vvelprs": 0.005918649025261402,
                "tmpprs": 0.005923151038587093,
                "rhprs": 0.005748629104346037,
                "hgtprs": 0.005740624852478504,
                "absvprs": 0.00557795399799943,
                "pressfc": 0.00037393232923932374,
                "capesfc": 0.00035355708678252995,
                "tmpsfc": 0.0002899163227993995,
                "landmask": 0.0003504768246784806
            }
        },
        {
            "type": "Feature",
            "geometry": {
                "type": "Point",
                "coordinates": [
                    -47.0,
                    -28.0
                ]
            },
            "properties": {
                "system_id": "INVEST_32L",
                "confidence": 0.8597238184276198,
                "uncertainty_std": 0.041612520813941956,
                "ci_95": [
                    0.7781632776322935,
                    0.9412843592229461
                ],
                "lead_time_hrs": 24,
                "movement_vector": {
                    "dlat_24h": 0.0,
                    "dlon_24h": 1.0
                },
                "trajectory": {
                    "24h": [
                        -47.0,
                        -28.0
                    ],
                    "48h": [
                        -46.0,
                        -28.0
                    ],
                    "72h": null
                },
                "top_driver": "ugrdprs",
                "ugrdprs": 0.004375786520540714,
                "vgrdprs": 0.003801613114774227,
                "vvelprs": 0.0039339191280305386,
                "tmpprs": 0.003951439633965492,
                "rhprs": 0.0038890275172889233,
                "hgtprs": 0.00405880156904459,
                "absvprs": 0.003937090747058392,
                "pressfc": 0.0001947948185261339,
                "capesfc": 0.00016617393703199923,
                "tmpsfc": 0.00021094499970786273,
                "landmask": 0.0003148284158669412
            }
        },
        {
            "type": "Feature",
            "geometry": {
                "type": "Point",
                "coordinates": [
                    -82.0,
                    10.0
                ]
            },
            "properties": {
                "system_id": "INVEST_33L",
                "confidence": 0.859482679628948,
                "uncertainty_std": 0.03346247225999832,
                "ci_95": [
                    0.7938962339993513,
                    0.9250691252585447
                ],
                "lead_time_hrs": 24,
                "movement_vector": {
                    "dlat_24h": 0.0,
                    "dlon_24h": 0.0
                },
                "trajectory": {
                    "24h": [
                        -82.0,
                        10.0
                    ],
                    "48h": [
                        -82.0,
                        10.0
                    ],
                    "72h": [
                        -83.0,
                        10.0
                    ]
                },
                "top_driver": "ugrdprs",
                "ugrdprs": 0.0026262756437063217,
                "vgrdprs": 0.0023279283195734024,
                "vvelprs": 0.0026069926097989082,
                "tmpprs": 0.002350557828322053,
                "rhprs": 0.002205547643825412,
                "hgtprs": 0.0025903256610035896,
                "absvprs": 0.0025031762197613716,
                "pressfc": 0.0001780417369445786,
                "capesfc": 0.00017332992865704,
                "tmpsfc": 0.00011351324792485684,
                "landmask": 0.00016145608969964087
            }
        },
        {
            "type": "Feature",
            "geometry": {
                "type": "Point",
                "coordinates": [
                    -142.0,
                    7.0
                ]
            },
            "properties": {
                "system_id": "INVEST_34L",
                "confidence": 0.8572156450253058,
                "uncertainty_std": 0.025834351778030396,
                "ci_95": [
                    0.8065803155403662,
                    0.9078509745102453
                ],
                "lead_time_hrs": 24,
                "movement_vector": {
                    "dlat_24h": 2.0,
                    "dlon_24h": 0.0
                },
                "trajectory": {
                    "24h": [
                        -142.0,
                        7.0
                    ],
                    "48h": [
                        -142.0,
                        9.0
                    ],
                    "72h": [
                        -143.0,
                        6.0
                    ]
                },
                "top_driver": "ugrdprs",
                "ugrdprs": 0.003908848389983177,
                "vgrdprs": 0.003635961329564452,
                "vvelprs": 0.0037759547121822834,
                "tmpprs": 0.0037838625721633434,
                "rhprs": 0.0034896282013505697,
                "hgtprs": 0.0035221928264945745,
                "absvprs": 0.0038391726557165384,
                "pressfc": 0.0002469579048920423,
                "capesfc": 0.0002141770819434896,
                "tmpsfc": 0.0001854206930147484,
                "landmask": 0.0001654709194554016
            }
        },
        {
            "type": "Feature",
            "geometry": {
                "type": "Point",
                "coordinates": [
                    -111.0,
                    24.0
                ]
            },
            "properties": {
                "system_id": "INVEST_35L",
                "confidence": 0.8518453498192529,
                "uncertainty_std": 0.08815566450357437,
                "ci_95": [
                    0.6790602473922471,
                    1.0
                ],
                "lead_time_hrs": 24,
                "movement_vector": {
                    "dlat_24h": -1.0,
                    "dlon_24h": -2.0
                },
                "trajectory": {
                    "24h": [
                        -111.0,
                        24.0
                    ],
                    "48h": [
                        -113.0,
                        23.0
                    ],
                    "72h": [
                        -114.0,
                        23.0
                    ]
                },
                "top_driver": "tmpprs",
                "ugrdprs": 0.0053995330817997456,
                "vgrdprs": 0.00548967020586133,
                "vvelprs": 0.005177355837076902,
                "tmpprs": 0.005624222103506327,
                "rhprs": 0.005439006257802248,
                "hgtprs": 0.005223318003118038,
                "absvprs": 0.005063734948635101,
                "pressfc": 0.00035534854396246374,
                "capesfc": 0.0003209365822840482,
                "tmpsfc": 0.0003439123393036425,
                "landmask": 0.00030817504739388824
            }
        },
        {
            "type": "Feature",
            "geometry": {
                "type": "Point",
                "coordinates": [
                    39.0,
                    -6.0
                ]
            },
            "properties": {
                "system_id": "INVEST_36L",
                "confidence": 0.8410384715319061,
                "uncertainty_std": 0.09727820008993149,
                "ci_95": [
                    0.6503731993556404,
                    1.0
                ],
                "lead_time_hrs": 24,
                "movement_vector": {
                    "dlat_24h": -1.0,
                    "dlon_24h": 1.0
                },
                "trajectory": {
                    "24h": [
                        39.0,
                        -6.0
                    ],
                    "48h": [
                        40.0,
                        -7.0
                    ],
                    "72h": [
                        41.0,
                        -3.0
                    ]
                },
                "top_driver": "tmpprs",
                "ugrdprs": 0.00965388584882021,
                "vgrdprs": 0.009299572557210922,
                "vvelprs": 0.008699260652065277,
                "tmpprs": 0.009937334805727005,
                "rhprs": 0.009006740525364876,
                "hgtprs": 0.009616023860871792,
                "absvprs": 0.009081309661269188,
                "pressfc": 0.0006823830772191286,
                "capesfc": 0.00042464700527489185,
                "tmpsfc": 0.0004893786390312016,
                "landmask": 0.0004020784981548786
            }
        },
        {
            "type": "Feature",
            "geometry": {
                "type": "Point",
                "coordinates": [
                    170.0,
                    34.0
                ]
            },
            "properties": {
                "system_id": "INVEST_37L",
                "confidence": 0.8385797657013864,
                "uncertainty_std": 0.07630506157875061,
                "ci_95": [
                    0.6890218450070351,
                    0.9881376863957376
                ],
                "lead_time_hrs": 24,
                "movement_vector": {
                    "dlat_24h": 0.0,
                    "dlon_24h": 1.0
                },
                "trajectory": {
                    "24h": [
                        170.0,
                        34.0
                    ],
                    "48h": [
                        171.0,
                        34.0
                    ],
                    "72h": [
                        170.0,
                        33.0
                    ]
                },
                "top_driver": "ugrdprs",
                "ugrdprs": 0.0019373107934370637,
                "vgrdprs": 0.00178689940366894,
                "vvelprs": 0.0018173374701291323,
                "tmpprs": 0.0017752376152202487,
                "rhprs": 0.001826680265367031,
                "hgtprs": 0.0019091097638010979,
                "absvprs": 0.00182502088136971,
                "pressfc": 8.790654828771949e-05,
                "capesfc": 8.175511902663857e-05,
                "tmpsfc": 8.151017391355708e-05,
                "landmask": 0.00015016920224297792
            }
        },
        {
            "type": "Feature",
            "geometry": {
                "type": "Point",
                "coordinates": [
                    58.0,
                    19.0
                ]
            },
            "properties": {
                "system_id": "INVEST_38L",
                "confidence": 0.8363428065057724,
                "uncertainty_std": 0.08649970591068268,
                "ci_95": [
                    0.6668033829208344,
                    1.0
                ],
                "lead_time_hrs": 24,
                "movement_vector": {
                    "dlat_24h": 2.0,
                    "dlon_24h": 2.0
                },
                "trajectory": {
                    "24h": [
                        58.0,
                        19.0
                    ],
                    "48h": [
                        60.0,
                        21.0
                    ],
                    "72h": [
                        58.0,
                        18.0
                    ]
                },
                "top_driver": "ugrdprs",
                "ugrdprs": 0.0024798810482025146,
                "vgrdprs": 0.0024279409553855658,
                "vvelprs": 0.002283650217577815,
                "tmpprs": 0.0023009120486676693,
                "rhprs": 0.002168758772313595,
                "hgtprs": 0.0024444852024316788,
                "absvprs": 0.0023250021040439606,
                "pressfc": 0.0001540404773550108,
                "capesfc": 9.722268441691995e-05,
                "tmpsfc": 0.00011717498273355886,
                "landmask": 0.00012735369091387838
            }
        },
        {
            "type": "Feature",
            "geometry": {
                "type": "Point",
                "coordinates": [
                    -5.0,
                    5.0
                ]
            },
            "properties": {
                "system_id": "INVEST_39L",
                "confidence": 0.8353345156400488,
                "uncertainty_std": 0.0908697172999382,
                "ci_95": [
                    0.6572298697321699,
                    1.0
                ],
                "lead_time_hrs": 24,
                "movement_vector": {
                    "dlat_24h": 0.0,
                    "dlon_24h": 2.0
                },
                "trajectory": {
                    "24h": [
                        -5.0,
                        5.0
                    ],
                    "48h": [
                        -3.0,
                        5.0
                    ],
                    "72h": [
                        -5.0,
                        5.0
                    ]
                },
                "top_driver": "ugrdprs",
                "ugrdprs": 0.0033324125688523054,
                "vgrdprs": 0.0033074193634092808,
                "vvelprs": 0.0032297088764607906,
                "tmpprs": 0.0030615078285336494,
                "rhprs": 0.0030609946697950363,
                "hgtprs": 0.0031256447546184063,
                "absvprs": 0.0030483566224575043,
                "pressfc": 0.00021191131963860244,
                "capesfc": 0.00015072825772222131,
                "tmpsfc": 0.00014549578190781176,
                "landmask": 0.0001840807672124356
            }
        },
        {
            "type": "Feature",
            "geometry": {
                "type": "Point",
                "coordinates": [
                    -16.0,
                    18.0
                ]
            },
            "properties": {
                "system_id": "INVEST_40L",
                "confidence": 0.8312556900248367,
                "uncertainty_std": 0.10730620473623276,
                "ci_95": [
                    0.6209355287418205,
                    1.0
                ],
                "lead_time_hrs": 24,
                "movement_vector": {
                    "dlat_24h": 0.0,
                    "dlon_24h": -1.0
                },
                "trajectory": {
                    "24h": [
                        -16.0,
                        18.0
                    ],
                    "48h": [
                        -17.0,
                        18.0
                    ],
                    "72h": [
                        -17.0,
                        16.0
                    ]
                },
                "top_driver": "ugrdprs",
                "ugrdprs": 0.0012269220314919949,
                "vgrdprs": 0.0011887630680575967,
                "vvelprs": 0.0011913584312424064,
                "tmpprs": 0.001183370710350573,
                "rhprs": 0.001185862929560244,
                "hgtprs": 0.0012112974654883146,
                "absvprs": 0.0011383692035451531,
                "pressfc": 6.838937406428158e-05,
                "capesfc": 6.703584222123027e-05,
                "tmpsfc": 6.245848635444418e-05,
                "landmask": 8.602533489465714e-05
            }
        },
        {
            "type": "Feature",
            "geometry": {
                "type": "Point",
                "coordinates": [
                    46.0,
                    2.0
                ]
            },
            "properties": {
                "system_id": "INVEST_41L",
                "confidence": 0.8307968101834646,
                "uncertainty_std": 0.21386131644248962,
                "ci_95": [
                    0.411628629956185,
                    1.0
                ],
                "lead_time_hrs": 24,
                "movement_vector": {
                    "dlat_24h": -5.0,
                    "dlon_24h": -3.0
                },
                "trajectory": {
                    "24h": [
                        46.0,
                        2.0
                    ],
                    "48h": [
                        43.0,
                        -3.0
                    ],
                    "72h": [
                        41.0,
                        -3.0
                    ]
                },
                "top_driver": "tmpprs",
                "ugrdprs": 0.004788476973772049,
                "vgrdprs": 0.0045909821055829525,
                "vvelprs": 0.00449861865490675,
                "tmpprs": 0.005036909133195877,
                "rhprs": 0.004551728721708059,
                "hgtprs": 0.004502488765865564,
                "absvprs": 0.004441011231392622,
                "pressfc": 0.00030083299498073757,
                "capesfc": 0.00028899835888296366,
                "tmpsfc": 0.0002793566673062742,
                "landmask": 0.00018441607244312763
            }
        },
        {
            "type": "Feature",
            "geometry": {
                "type": "Point",
                "coordinates": [
                    123.0,
                    28.0
                ]
            },
            "properties": {
                "system_id": "INVEST_42L",
                "confidence": 0.8246620979015175,
                "uncertainty_std": 0.0768570527434349,
                "ci_95": [
                    0.674022274524385,
                    0.9753019212786499
                ],
                "lead_time_hrs": 24,
                "movement_vector": {
                    "dlat_24h": 0.0,
                    "dlon_24h": 4.0
                },
                "trajectory": {
                    "24h": [
                        123.0,
                        28.0
                    ],
                    "48h": [
                        127.0,
                        28.0
                    ],
                    "72h": [
                        126.0,
                        28.0
                    ]
                },
                "top_driver": "tmpprs",
                "ugrdprs": 0.0030004738364368677,
                "vgrdprs": 0.0027881916612386703,
                "vvelprs": 0.0027354133781045675,
                "tmpprs": 0.0030624140053987503,
                "rhprs": 0.0028287535533308983,
                "hgtprs": 0.002949279500171542,
                "absvprs": 0.002948814770206809,
                "pressfc": 0.00021548122458625585,
                "capesfc": 0.00013514341844711453,
                "tmpsfc": 0.00017162181029561907,
                "landmask": 0.0001980231754714623
            }
        },
        {
            "type": "Feature",
            "geometry": {
                "type": "Point",
                "coordinates": [
                    6.0,
                    -11.0
                ]
            },
            "properties": {
                "system_id": "INVEST_43L",
                "confidence": 0.8238126339958157,
                "uncertainty_std": 0.08050917088985443,
                "ci_95": [
                    0.6660146590517011,
                    0.9816106089399304
                ],
                "lead_time_hrs": 24,
                "movement_vector": {
                    "dlat_24h": 0.0,
                    "dlon_24h": 2.0
                },
                "trajectory": {
                    "24h": [
                        6.0,
                        -11.0
                    ],
                    "48h": [
                        8.0,
                        -11.0
                    ],
                    "72h": [
                        9.0,
                        -6.0
                    ]
                },
                "top_driver": "ugrdprs",
                "ugrdprs": 0.004568988922983408,
                "vgrdprs": 0.004199068993330002,
                "vvelprs": 0.004174930043518543,
                "tmpprs": 0.00411274703219533,
                "rhprs": 0.004031109157949686,
                "hgtprs": 0.0042871469631791115,
                "absvprs": 0.00426720455288887,
                "pressfc": 0.00028139131609350443,
                "capesfc": 0.00020620682334993035,
                "tmpsfc": 0.00028164329705759883,
                "landmask": 0.0003557817544788122
            }
        },
        {
            "type": "Feature",
            "geometry": {
                "type": "Point",
                "coordinates": [
                    -64.0,
                    33.0
                ]
            },
            "properties": {
                "system_id": "INVEST_44L",
                "confidence": 0.821978811813923,
                "uncertainty_std": 0.0649128407239914,
                "ci_95": [
                    0.6947496439948998,
                    0.9492079796329461
                ],
                "lead_time_hrs": 24,
                "movement_vector": {
                    "dlat_24h": -1.0,
                    "dlon_24h": 0.0
                },
                "trajectory": {
                    "24h": [
                        -64.0,
                        33.0
                    ],
                    "48h": [
                        -64.0,
                        32.0
                    ],
                    "72h": [
                        -62.0,
                        34.0
                    ]
                },
                "top_driver": "vvelprs",
                "ugrdprs": 0.0018595695728436112,
                "vgrdprs": 0.0015818303218111396,
                "vvelprs": 0.001921287039294839,
                "tmpprs": 0.0017605735920369625,
                "rhprs": 0.0017352179856970906,
                "hgtprs": 0.0018076723208650947,
                "absvprs": 0.0016686181770637631,
                "pressfc": 0.00010740196012193337,
                "capesfc": 7.128046127036214e-05,
                "tmpsfc": 9.0041670773644e-05,
                "landmask": 9.677943307906389e-05
            }
        },
        {
            "type": "Feature",
            "geometry": {
                "type": "Point",
                "coordinates": [
                    78.0,
                    -5.0
                ]
            },
            "properties": {
                "system_id": "INVEST_45L",
                "confidence": 0.8204201544512206,
                "uncertainty_std": 0.06676410883665085,
                "ci_95": [
                    0.689562501131385,
                    0.9512778077710563
                ],
                "lead_time_hrs": 24,
                "movement_vector": {
                    "dlat_24h": 0.0,
                    "dlon_24h": -1.0
                },
                "trajectory": {
                    "24h": [
                        78.0,
                        -5.0
                    ],
                    "48h": [
                        77.0,
                        -5.0
                    ],
                    "72h": [
                        80.0,
                        -4.0
                    ]
                },
                "top_driver": "hgtprs",
                "ugrdprs": 0.008299415931105614,
                "vgrdprs": 0.008118811994791031,
                "vvelprs": 0.008095205761492252,
                "tmpprs": 0.008431414142251015,
                "rhprs": 0.008842751383781433,
                "hgtprs": 0.009406349621713161,
                "absvprs": 0.007819313555955887,
                "pressfc": 0.0004310043586883694,
                "capesfc": 0.0004353599506430328,
                "tmpsfc": 0.0003818075929302722,
                "landmask": 0.0009866261389106512
            }
        },
        {
            "type": "Feature",
            "geometry": {
                "type": "Point",
                "coordinates": [
                    -147.0,
                    6.0
                ]
            },
            "properties": {
                "system_id": "INVEST_46L",
                "confidence": 0.8195814989178821,
                "uncertainty_std": 0.05899377167224884,
                "ci_95": [
                    0.7039537064402744,
                    0.9352092913954898
                ],
                "lead_time_hrs": 24,
                "movement_vector": {
                    "dlat_24h": 0.0,
                    "dlon_24h": 0.0
                },
                "trajectory": {
                    "24h": [
                        -147.0,
                        6.0
                    ],
                    "48h": [
                        -147.0,
                        6.0
                    ],
                    "72h": [
                        -147.0,
                        9.0
                    ]
                },
                "top_driver": "ugrdprs",
                "ugrdprs": 0.0033211861737072468,
                "vgrdprs": 0.0030592840630561113,
                "vvelprs": 0.003182383719831705,
                "tmpprs": 0.0032000357750803232,
                "rhprs": 0.002958013443276286,
                "hgtprs": 0.003103448310866952,
                "absvprs": 0.0031989228446036577,
                "pressfc": 0.0001916567125590518,
                "capesfc": 0.0001642427669139579,
                "tmpsfc": 0.00016661280824337155,
                "landmask": 0.00014949022443033755
            }
        },
        {
            "type": "Feature",
            "geometry": {
                "type": "Point",
                "coordinates": [
                    -159.0,
                    10.0
                ]
            },
            "properties": {
                "system_id": "INVEST_47L",
                "confidence": 0.8195023201570303,
                "uncertainty_std": 0.05571378022432327,
                "ci_95": [
                    0.7103033109173567,
                    0.9287013293967039
                ],
                "lead_time_hrs": 24,
                "movement_vector": {
                    "dlat_24h": -2.0,
                    "dlon_24h": -1.0
                },
                "trajectory": {
                    "24h": [
                        -159.0,
                        10.0
                    ],
                    "48h": [
                        -160.0,
                        8.0
                    ],
                    "72h": [
                        -164.0,
                        8.0
                    ]
                },
                "top_driver": "ugrdprs",
                "ugrdprs": 0.003612873377278447,
                "vgrdprs": 0.0033060437999665737,
                "vvelprs": 0.003509096335619688,
                "tmpprs": 0.0033935806713998318,
                "rhprs": 0.003092973493039608,
                "hgtprs": 0.003465065034106374,
                "absvprs": 0.0035068695433437824,
                "pressfc": 0.0001918861671583727,
                "capesfc": 0.0001969480945263058,
                "tmpsfc": 0.00015690963482484221,
                "landmask": 0.00022452528355643153
            }
        },
        {
            "type": "Feature",
            "geometry": {
                "type": "Point",
                "coordinates": [
                    -93.0,
                    15.0
                ]
            },
            "properties": {
                "system_id": "INVEST_48L",
                "confidence": 0.8186043285678126,
                "uncertainty_std": 0.06878932565450668,
                "ci_95": [
                    0.6837772502849795,
                    0.9534314068506458
                ],
                "lead_time_hrs": 24,
                "movement_vector": {
                    "dlat_24h": -3.0,
                    "dlon_24h": 0.0
                },
                "trajectory": {
                    "24h": [
                        -93.0,
                        15.0
                    ],
                    "48h": [
                        -93.0,
                        12.0
                    ],
                    "72h": [
                        -93.0,
                        13.0
                    ]
                },
                "top_driver": "ugrdprs",
                "ugrdprs": 0.006581205874681473,
                "vgrdprs": 0.00592648284509778,
                "vvelprs": 0.006025778129696846,
                "tmpprs": 0.006092922296375036,
                "rhprs": 0.005944960750639439,
                "hgtprs": 0.006275856401771307,
                "absvprs": 0.005914709530770779,
                "pressfc": 0.00035440275678411126,
                "capesfc": 0.00032557774102315307,
                "tmpsfc": 0.0004231161728966981,
                "landmask": 0.00042581994784995914
            }
        },
        {
            "type": "Feature",
            "geometry": {
                "type": "Point",
                "coordinates": [
                    -149.0,
                    14.0
                ]
            },
            "properties": {
                "system_id": "INVEST_49L",
                "confidence": 0.8167930794813538,
                "uncertainty_std": 0.0641264095902443,
                "ci_95": [
                    0.691105316684475,
                    0.9424808422782327
                ],
                "lead_time_hrs": 24,
                "movement_vector": {
                    "dlat_24h": -3.0,
                    "dlon_24h": -1.0
                },
                "trajectory": {
                    "24h": [
                        -149.0,
                        14.0
                    ],
                    "48h": [
                        -150.0,
                        11.0
                    ],
                    "72h": [
                        -147.0,
                        9.0
                    ]
                },
                "top_driver": "vvelprs",
                "ugrdprs": 0.0033029753249138594,
                "vgrdprs": 0.003137516789138317,
                "vvelprs": 0.00352067151106894,
                "tmpprs": 0.003242830978706479,
                "rhprs": 0.003117532469332218,
                "hgtprs": 0.0031460316386073828,
                "absvprs": 0.0032005864195525646,
                "pressfc": 0.0002005028072744608,
                "capesfc": 0.0001572090113768354,
                "tmpsfc": 0.00016760888684075326,
                "landmask": 0.00013305028551258147
            }
        },
        {
            "type": "Feature",
            "geometry": {
                "type": "Point",
                "coordinates": [
                    -160.0,
                    -9.0
                ]
            },
            "properties": {
                "system_id": "INVEST_50L",
                "confidence": 0.8156987454079273,
                "uncertainty_std": 0.05952729284763336,
                "ci_95": [
                    0.6990252514265659,
                    0.9323722393892887
                ],
                "lead_time_hrs": 24,
                "movement_vector": {
                    "dlat_24h": 1.0,
                    "dlon_24h": 4.0
                },
                "trajectory": {
                    "24h": [
                        -160.0,
                        -9.0
                    ],
                    "48h": [
                        -156.0,
                        -8.0
                    ],
                    "72h": [
                        -156.0,
                        -9.0
                    ]
                },
                "top_driver": "tmpprs",
                "ugrdprs": 0.005213040392845869,
                "vgrdprs": 0.005089673679322004,
                "vvelprs": 0.004976034164428711,
                "tmpprs": 0.005329440347850323,
                "rhprs": 0.004906001966446638,
                "hgtprs": 0.005100750830024481,
                "absvprs": 0.0053185089491307735,
                "pressfc": 0.00028839221340604126,
                "capesfc": 0.00026661614538170397,
                "tmpsfc": 0.00030771660385653377,
                "landmask": 0.00032790511613711715
            }
        },
        {
            "type": "Feature",
            "geometry": {
                "type": "Point",
                "coordinates": [
                    -98.0,
                    10.0
                ]
            },
            "properties": {
                "system_id": "INVEST_51L",
                "confidence": 0.815294280495933,
                "uncertainty_std": 0.07421332597732544,
                "ci_95": [
                    0.6698361615803752,
                    0.9607523994114908
                ],
                "lead_time_hrs": 24,
                "movement_vector": {
                    "dlat_24h": 2.0,
                    "dlon_24h": 0.0
                },
                "trajectory": {
                    "24h": [
                        -98.0,
                        10.0
                    ],
                    "48h": [
                        -98.0,
                        12.0
                    ],
                    "72h": [
                        -98.0,
                        16.0
                    ]
                },
                "top_driver": "ugrdprs",
                "ugrdprs": 0.007338091731071472,
                "vgrdprs": 0.0066777062602341175,
                "vvelprs": 0.006952796597033739,
                "tmpprs": 0.006458909250795841,
                "rhprs": 0.006305297836661339,
                "hgtprs": 0.0069290525279939175,
                "absvprs": 0.006454478017985821,
                "pressfc": 0.0004483368247747421,
                "capesfc": 0.00034592655720189214,
                "tmpsfc": 0.00044692170922644436,
                "landmask": 0.0005285062361508608
            }
        },
        {
            "type": "Feature",
            "geometry": {
                "type": "Point",
                "coordinates": [
                    -27.0,
                    12.0
                ]
            },
            "properties": {
                "system_id": "INVEST_52L",
                "confidence": 0.8141605021961791,
                "uncertainty_std": 0.14203034341335297,
                "ci_95": [
                    0.5357810291060072,
                    1.0
                ],
                "lead_time_hrs": 24,
                "movement_vector": {
                    "dlat_24h": 1.0,
                    "dlon_24h": 2.0
                },
                "trajectory": {
                    "24h": [
                        -27.0,
                        12.0
                    ],
                    "48h": [
                        -25.0,
                        13.0
                    ],
                    "72h": [
                        -23.0,
                        12.0
                    ]
                },
                "top_driver": "hgtprs",
                "ugrdprs": 0.003097045235335827,
                "vgrdprs": 0.0030358945950865746,
                "vvelprs": 0.0031119135674089193,
                "tmpprs": 0.0028504945803433657,
                "rhprs": 0.0028707943856716156,
                "hgtprs": 0.003164076479151845,
                "absvprs": 0.00291255465708673,
                "pressfc": 0.0001665749732637778,
                "capesfc": 0.00015908294881228358,
                "tmpsfc": 0.0001371115940855816,
                "landmask": 0.0002961984428111464
            }
        },
        {
            "type": "Feature",
            "geometry": {
                "type": "Point",
                "coordinates": [
                    165.0,
                    32.0
                ]
            },
            "properties": {
                "system_id": "INVEST_53L",
                "confidence": 0.811423429547478,
                "uncertainty_std": 0.07666873186826706,
                "ci_95": [
                    0.6611527150856746,
                    0.9616941440092814
                ],
                "lead_time_hrs": 24,
                "movement_vector": {
                    "dlat_24h": 1.0,
                    "dlon_24h": 1.0
                },
                "trajectory": {
                    "24h": [
                        165.0,
                        32.0
                    ],
                    "48h": [
                        166.0,
                        33.0
                    ],
                    "72h": [
                        165.0,
                        32.0
                    ]
                },
                "top_driver": "tmpprs",
                "ugrdprs": 0.002196648856624961,
                "vgrdprs": 0.002147188177332282,
                "vvelprs": 0.00205429270863533,
                "tmpprs": 0.002269825665280223,
                "rhprs": 0.0021039647981524467,
                "hgtprs": 0.0021902064327150583,
                "absvprs": 0.0019997672643512487,
                "pressfc": 0.00010465800005476922,
                "capesfc": 0.00013440108159556985,
                "tmpsfc": 0.00011769840057240799,
                "landmask": 0.000127269871882163
            }
        },
        {
            "type": "Feature",
            "geometry": {
                "type": "Point",
                "coordinates": [
                    145.0,
                    34.0
                ]
            },
            "properties": {
                "system_id": "INVEST_54L",
                "confidence": 0.8066691917696763,
                "uncertainty_std": 0.11332443356513977,
                "ci_95": [
                    0.5845533019820024,
                    1.0
                ],
                "lead_time_hrs": 24,
                "movement_vector": {
                    "dlat_24h": 1.0,
                    "dlon_24h": -3.0
                },
                "trajectory": {
                    "24h": [
                        145.0,
                        34.0
                    ],
                    "48h": [
                        142.0,
                        35.0
                    ],
                    "72h": [
                        142.0,
                        35.0
                    ]
                },
                "top_driver": "ugrdprs",
                "ugrdprs": 0.003389394609257579,
                "vgrdprs": 0.003331894986331463,
                "vvelprs": 0.0031740213744342327,
                "tmpprs": 0.003280422417446971,
                "rhprs": 0.0033769337460398674,
                "hgtprs": 0.003342785406857729,
                "absvprs": 0.0031958394683897495,
                "pressfc": 0.0001627205783734098,
                "capesfc": 0.0001482993975514546,
                "tmpsfc": 0.00012083402543794364,
                "landmask": 0.00013646644947584718
            }
        },
        {
            "type": "Feature",
            "geometry": {
                "type": "Point",
                "coordinates": [
                    -153.0,
                    11.0
                ]
            },
            "properties": {
                "system_id": "INVEST_55L",
                "confidence": 0.8018246304083242,
                "uncertainty_std": 0.07732070237398148,
                "ci_95": [
                    0.6502760537553205,
                    0.9533732070613279
                ],
                "lead_time_hrs": 24,
                "movement_vector": {
                    "dlat_24h": 0.0,
                    "dlon_24h": 3.0
                },
                "trajectory": {
                    "24h": [
                        -153.0,
                        11.0
                    ],
                    "48h": [
                        -150.0,
                        11.0
                    ],
                    "72h": [
                        -147.0,
                        9.0
                    ]
                },
                "top_driver": "ugrdprs",
                "ugrdprs": 0.0031686383299529552,
                "vgrdprs": 0.002970741596072912,
                "vvelprs": 0.003078045090660453,
                "tmpprs": 0.0030409295577555895,
                "rhprs": 0.0027916342951357365,
                "hgtprs": 0.0030923103913664818,
                "absvprs": 0.003104523289948702,
                "pressfc": 0.00017518583626952022,
                "capesfc": 0.0001831869303714484,
                "tmpsfc": 0.00014152386575005949,
                "landmask": 0.00014559099508915097
            }
        },
        {
            "type": "Feature",
            "geometry": {
                "type": "Point",
                "coordinates": [
                    -138.0,
                    10.0
                ]
            },
            "properties": {
                "system_id": "INVEST_56L",
                "confidence": 0.8004263511762074,
                "uncertainty_std": 0.08911758661270142,
                "ci_95": [
                    0.6257558814153127,
                    0.9750968209371021
                ],
                "lead_time_hrs": 24,
                "movement_vector": {
                    "dlat_24h": 0.0,
                    "dlon_24h": 1.0
                },
                "trajectory": {
                    "24h": [
                        -138.0,
                        10.0
                    ],
                    "48h": [
                        -137.0,
                        10.0
                    ],
                    "72h": [
                        -138.0,
                        6.0
                    ]
                },
                "top_driver": "ugrdprs",
                "ugrdprs": 0.004199414514005184,
                "vgrdprs": 0.004025881178677082,
                "vvelprs": 0.004069593269377947,
                "tmpprs": 0.0040748631581664085,
                "rhprs": 0.0038743403274565935,
                "hgtprs": 0.003837874159216881,
                "absvprs": 0.004164380952715874,
                "pressfc": 0.0002669217938091606,
                "capesfc": 0.00023645568580832332,
                "tmpsfc": 0.0002109603665303439,
                "landmask": 0.00016710830095689744
            }
        },
        {
            "type": "Feature",
            "geometry": {
                "type": "Point",
                "coordinates": [
                    -117.0,
                    29.0
                ]
            },
            "properties": {
                "system_id": "INVEST_57L",
                "confidence": 0.797090802782047,
                "uncertainty_std": 0.07653681188821793,
                "ci_95": [
                    0.6470786514811399,
                    0.9471029540829542
                ],
                "lead_time_hrs": 24,
                "movement_vector": {
                    "dlat_24h": -2.0,
                    "dlon_24h": 2.0
                },
                "trajectory": {
                    "24h": [
                        -117.0,
                        29.0
                    ],
                    "48h": [
                        -115.0,
                        27.0
                    ],
                    "72h": [
                        -114.0,
                        23.0
                    ]
                },
                "top_driver": "rhprs",
                "ugrdprs": 0.003591295797377825,
                "vgrdprs": 0.0034987921826541424,
                "vvelprs": 0.003517897566780448,
                "tmpprs": 0.0037101279012858868,
                "rhprs": 0.0038250938523560762,
                "hgtprs": 0.003623438533395529,
                "absvprs": 0.0034326338209211826,
                "pressfc": 0.00025013790582306683,
                "capesfc": 0.00023214382235892117,
                "tmpsfc": 0.0002613857213873416,
                "landmask": 0.00021097697026561946
            }
        },
        {
            "type": "Feature",
            "geometry": {
                "type": "Point",
                "coordinates": [
                    -93.0,
                    29.0
                ]
            },
            "properties": {
                "system_id": "INVEST_58L",
                "confidence": 0.7914390165704703,
                "uncertainty_std": 0.09993883222341537,
                "ci_95": [
                    0.5955589054125762,
                    0.9873191277283645
                ],
                "lead_time_hrs": 24,
                "movement_vector": {
                    "dlat_24h": -2.0,
                    "dlon_24h": 2.0
                },
                "trajectory": {
                    "24h": [
                        -93.0,
                        29.0
                    ],
                    "48h": [
                        -91.0,
                        27.0
                    ],
                    "72h": [
                        -94.0,
                        29.0
                    ]
                },
                "top_driver": "tmpprs",
                "ugrdprs": 0.003067644778639078,
                "vgrdprs": 0.0030797419603914022,
                "vvelprs": 0.0030021914280951023,
                "tmpprs": 0.003243132261559367,
                "rhprs": 0.0030782714020460844,
                "hgtprs": 0.00311659905128181,
                "absvprs": 0.0031161438673734665,
                "pressfc": 0.00020904644043184817,
                "capesfc": 0.00018085511692333966,
                "tmpsfc": 0.0001423800567863509,
                "landmask": 0.000266327551798895
            }
        },
        {
            "type": "Feature",
            "geometry": {
                "type": "Point",
                "coordinates": [
                    -87.0,
                    24.0
                ]
            },
            "properties": {
                "system_id": "INVEST_59L",
                "confidence": 0.7913803925483364,
                "uncertainty_std": 0.1440705507993698,
                "ci_95": [
                    0.5090021129815716,
                    1.0
                ],
                "lead_time_hrs": 24,
                "movement_vector": {
                    "dlat_24h": -2.0,
                    "dlon_24h": -3.0
                },
                "trajectory": {
                    "24h": [
                        -87.0,
                        24.0
                    ],
                    "48h": [
                        -90.0,
                        22.0
                    ],
                    "72h": [
                        -91.0,
                        20.0
                    ]
                },
                "top_driver": "ugrdprs",
                "ugrdprs": 0.004009687807410955,
                "vgrdprs": 0.0035831278655678034,
                "vvelprs": 0.0036404142156243324,
                "tmpprs": 0.003731725737452507,
                "rhprs": 0.00357864354737103,
                "hgtprs": 0.003926335833966732,
                "absvprs": 0.0036673531867563725,
                "pressfc": 0.00025709986221045256,
                "capesfc": 0.00019419942691456527,
                "tmpsfc": 0.00021831637423019856,
                "landmask": 0.0003037590940948576
            }
        },
        {
            "type": "Feature",
            "geometry": {
                "type": "Point",
                "coordinates": [
                    -108.0,
                    6.0
                ]
            },
            "properties": {
                "system_id": "INVEST_60L",
                "confidence": 0.7885653478553939,
                "uncertainty_std": 0.08844511955976486,
                "ci_95": [
                    0.6152129135182548,
                    0.961917782192533
                ],
                "lead_time_hrs": 24,
                "movement_vector": {
                    "dlat_24h": 2.0,
                    "dlon_24h": 1.0
                },
                "trajectory": {
                    "24h": [
                        -108.0,
                        6.0
                    ],
                    "48h": [
                        -107.0,
                        8.0
                    ],
                    "72h": [
                        -106.0,
                        8.0
                    ]
                },
                "top_driver": "ugrdprs",
                "ugrdprs": 0.003763369517400861,
                "vgrdprs": 0.003435322782024741,
                "vvelprs": 0.0036736191250383854,
                "tmpprs": 0.003461027517914772,
                "rhprs": 0.0033381038811057806,
                "hgtprs": 0.003563359845429659,
                "absvprs": 0.003536815522238612,
                "pressfc": 0.00023582848371006548,
                "capesfc": 0.00020383710216265172,
                "tmpsfc": 0.00013655349903274328,
                "landmask": 0.0002588483039289713
            }
        },
        {
            "type": "Feature",
            "geometry": {
                "type": "Point",
                "coordinates": [
                    -156.0,
                    6.0
                ]
            },
            "properties": {
                "system_id": "INVEST_61L",
                "confidence": 0.7879031386424581,
                "uncertainty_std": 0.048503607511520386,
                "ci_95": [
                    0.6928360679198782,
                    0.882970209365038
                ],
                "lead_time_hrs": 24,
                "movement_vector": {
                    "dlat_24h": 2.0,
                    "dlon_24h": 1.0
                },
                "trajectory": {
                    "24h": [
                        -156.0,
                        6.0
                    ],
                    "48h": [
                        -155.0,
                        8.0
                    ],
                    "72h": [
                        -153.0,
                        8.0
                    ]
                },
                "top_driver": "ugrdprs",
                "ugrdprs": 0.004304902162402868,
                "vgrdprs": 0.004100820980966091,
                "vvelprs": 0.004070173483341932,
                "tmpprs": 0.00422319071367383,
                "rhprs": 0.003949631936848164,
                "hgtprs": 0.003969436977058649,
                "absvprs": 0.004252053797245026,
                "pressfc": 0.00025642922264523804,
                "capesfc": 0.00022406205243896693,
                "tmpsfc": 0.0002164213510695845,
                "landmask": 0.00015610239643137902
            }
        },
        {
            "type": "Feature",
            "geometry": {
                "type": "Point",
                "coordinates": [
                    -72.0,
                    33.0
                ]
            },
            "properties": {
                "system_id": "INVEST_62L",
                "confidence": 0.7878509297904929,
                "uncertainty_std": 0.10389304161071777,
                "ci_95": [
                    0.584220568233486,
                    0.9914812913474997
                ],
                "lead_time_hrs": 24,
                "movement_vector": {
                    "dlat_24h": -1.0,
                    "dlon_24h": 1.0
                },
                "trajectory": {
                    "24h": [
                        -72.0,
                        33.0
                    ],
                    "48h": [
                        -71.0,
                        32.0
                    ],
                    "72h": [
                        -70.0,
                        33.0
                    ]
                },
                "top_driver": "ugrdprs",
                "ugrdprs": 0.008191047236323357,
                "vgrdprs": 0.007857966236770153,
                "vvelprs": 0.007577114272862673,
                "tmpprs": 0.007616763468831778,
                "rhprs": 0.007843310944736004,
                "hgtprs": 0.007855934090912342,
                "absvprs": 0.007518052123486996,
                "pressfc": 0.000609794573392719,
                "capesfc": 0.0002915035292971879,
                "tmpsfc": 0.0004365388012956828,
                "landmask": 0.0005421968526206911
            }
        },
        {
            "type": "Feature",
            "geometry": {
                "type": "Point",
                "coordinates": [
                    50.0,
                    5.0
                ]
            },
            "properties": {
                "system_id": "INVEST_63L",
                "confidence": 0.7872932950295383,
                "uncertainty_std": 0.16686388850212097,
                "ci_95": [
                    0.46024007356538116,
                    1.0
                ],
                "lead_time_hrs": 24,
                "movement_vector": {
                    "dlat_24h": -1.0,
                    "dlon_24h": 6.0
                },
                "trajectory": {
                    "24h": [
                        50.0,
                        5.0
                    ],
                    "48h": [
                        56.0,
                        4.0
                    ],
                    "72h": [
                        61.0,
                        3.0
                    ]
                },
                "top_driver": "tmpprs",
                "ugrdprs": 0.004496118985116482,
                "vgrdprs": 0.004307021386921406,
                "vvelprs": 0.004265572875738144,
                "tmpprs": 0.004507372155785561,
                "rhprs": 0.004228538833558559,
                "hgtprs": 0.004357903264462948,
                "absvprs": 0.0040910812094807625,
                "pressfc": 0.00024957224377430975,
                "capesfc": 0.0002946000313386321,
                "tmpsfc": 0.0002774667227640748,
                "landmask": 0.0002603293105494231
            }
        },
        {
            "type": "Feature",
            "geometry": {
                "type": "Point",
                "coordinates": [
                    -31.0,
                    -6.0
                ]
            },
            "properties": {
                "system_id": "INVEST_64L",
                "confidence": 0.7856858429195098,
                "uncertainty_std": 0.06422055512666702,
                "ci_95": [
                    0.6598135548712425,
                    0.9115581309677772
                ],
                "lead_time_hrs": 24,
                "movement_vector": {
                    "dlat_24h": -2.0,
                    "dlon_24h": 0.0
                },
                "trajectory": {
                    "24h": [
                        -31.0,
                        -6.0
                    ],
                    "48h": [
                        -31.0,
                        -8.0
                    ],
                    "72h": [
                        -28.0,
                        -10.0
                    ]
                },
                "top_driver": "ugrdprs",
                "ugrdprs": 0.005483134649693966,
                "vgrdprs": 0.005071100778877735,
                "vvelprs": 0.005365878809243441,
                "tmpprs": 0.00483600702136755,
                "rhprs": 0.004578715190291405,
                "hgtprs": 0.005134368781000376,
                "absvprs": 0.0053261928260326385,
                "pressfc": 0.00035906871198676527,
                "capesfc": 0.00024093301908578724,
                "tmpsfc": 0.0003162166685797274,
                "landmask": 0.00030187948141247034
            }
        },
        {
            "type": "Feature",
            "geometry": {
                "type": "Point",
                "coordinates": [
                    -87.0,
                    -2.0
                ]
            },
            "properties": {
                "system_id": "INVEST_65L",
                "confidence": 0.785497823767106,
                "uncertainty_std": 0.0703946202993393,
                "ci_95": [
                    0.647524367980401,
                    0.9234712795538109
                ],
                "lead_time_hrs": 24,
                "movement_vector": {
                    "dlat_24h": -1.0,
                    "dlon_24h": -1.0
                },
                "trajectory": {
                    "24h": [
                        -87.0,
                        -2.0
                    ],
                    "48h": [
                        -88.0,
                        -3.0
                    ],
                    "72h": [
                        -91.0,
                        -2.0
                    ]
                },
                "top_driver": "vvelprs",
                "ugrdprs": 0.004577283747494221,
                "vgrdprs": 0.004409806337207556,
                "vvelprs": 0.00470483535900712,
                "tmpprs": 0.004227108787745237,
                "rhprs": 0.0040781330317258835,
                "hgtprs": 0.0046027847565710545,
                "absvprs": 0.00436633825302124,
                "pressfc": 0.0003192804579157382,
                "capesfc": 0.00024419662076979876,
                "tmpsfc": 0.00020856925402767956,
                "landmask": 0.00027226563543081284
            }
        },
        {
            "type": "Feature",
            "geometry": {
                "type": "Point",
                "coordinates": [
                    -88.0,
                    30.0
                ]
            },
            "properties": {
                "system_id": "INVEST_66L",
                "confidence": 0.7848893465561392,
                "uncertainty_std": 0.22221341729164124,
                "ci_95": [
                    0.3493510486645224,
                    1.0
                ],
                "lead_time_hrs": 24,
                "movement_vector": {
                    "dlat_24h": 0.0,
                    "dlon_24h": 1.0
                },
                "trajectory": {
                    "24h": [
                        -88.0,
                        30.0
                    ],
                    "48h": [
                        -87.0,
                        30.0
                    ],
                    "72h": [
                        -83.0,
                        29.0
                    ]
                },
                "top_driver": "vgrdprs",
                "ugrdprs": 0.00010077776096295565,
                "vgrdprs": 0.00010611779725877568,
                "vvelprs": 0.00010065139213111252,
                "tmpprs": 0.0001024599841912277,
                "rhprs": 9.986657823901623e-05,
                "hgtprs": 0.00010002003546105698,
                "absvprs": 9.55399518716149e-05,
                "pressfc": 5.577351203100989e-06,
                "capesfc": 4.205234290566295e-06,
                "tmpsfc": 4.718257059721509e-06,
                "landmask": 5.105946456751553e-06
            }
        },
        {
            "type": "Feature",
            "geometry": {
                "type": "Point",
                "coordinates": [
                    116.0,
                    19.0
                ]
            },
            "properties": {
                "system_id": "INVEST_67L",
                "confidence": 0.7834743002286397,
                "uncertainty_std": 0.12705503404140472,
                "ci_95": [
                    0.5344464335074864,
                    1.0
                ],
                "lead_time_hrs": 24,
                "movement_vector": {
                    "dlat_24h": 3.0,
                    "dlon_24h": -1.0
                },
                "trajectory": {
                    "24h": [
                        116.0,
                        19.0
                    ],
                    "48h": [
                        115.0,
                        22.0
                    ],
                    "72h": [
                        117.0,
                        23.0
                    ]
                },
                "top_driver": "hgtprs",
                "ugrdprs": 0.010766487568616867,
                "vgrdprs": 0.010176134295761585,
                "vvelprs": 0.009837070479989052,
                "tmpprs": 0.010686884634196758,
                "rhprs": 0.01068397518247366,
                "hgtprs": 0.01128466334193945,
                "absvprs": 0.01083980780094862,
                "pressfc": 0.0006800860865041614,
                "capesfc": 0.0005139933782629669,
                "tmpsfc": 0.0005165257025510073,
                "landmask": 0.0005328914849087596
            }
        },
        {
            "type": "Feature",
            "geometry": {
                "type": "Point",
                "coordinates": [
                    -107.0,
                    14.0
                ]
            },
            "properties": {
                "system_id": "INVEST_68L",
                "confidence": 0.7821062715138146,
                "uncertainty_std": 0.09127842634916306,
                "ci_95": [
                    0.6032005558694551,
                    0.9610119871581742
                ],
                "lead_time_hrs": 24,
                "movement_vector": {
                    "dlat_24h": 3.0,
                    "dlon_24h": 2.0
                },
                "trajectory": {
                    "24h": [
                        -107.0,
                        14.0
                    ],
                    "48h": [
                        -105.0,
                        17.0
                    ],
                    "72h": [
                        -105.0,
                        18.0
                    ]
                },
                "top_driver": "hgtprs",
                "ugrdprs": 0.003049369901418686,
                "vgrdprs": 0.0032401089556515217,
                "vvelprs": 0.0031028788071125746,
                "tmpprs": 0.0031155922915786505,
                "rhprs": 0.002998888026922941,
                "hgtprs": 0.003287646686658263,
                "absvprs": 0.0030313017778098583,
                "pressfc": 0.00016438669990748167,
                "capesfc": 0.0001356498250970617,
                "tmpsfc": 0.00017644620675127953,
                "landmask": 0.0002596150152385235
            }
        },
        {
            "type": "Feature",
            "geometry": {
                "type": "Point",
                "coordinates": [
                    146.0,
                    29.0
                ]
            },
            "properties": {
                "system_id": "INVEST_69L",
                "confidence": 0.7815804941165463,
                "uncertainty_std": 0.08297374844551086,
                "ci_95": [
                    0.618951947163345,
                    0.9442090410697476
                ],
                "lead_time_hrs": 24,
                "movement_vector": {
                    "dlat_24h": 1.0,
                    "dlon_24h": 2.0
                },
                "trajectory": {
                    "24h": [
                        146.0,
                        29.0
                    ],
                    "48h": [
                        148.0,
                        30.0
                    ],
                    "72h": [
                        150.0,
                        30.0
                    ]
                },
                "top_driver": "vgrdprs",
                "ugrdprs": 0.0031558843329548836,
                "vgrdprs": 0.003303761361166835,
                "vvelprs": 0.003121244255453348,
                "tmpprs": 0.003056078450754285,
                "rhprs": 0.0029471952002495527,
                "hgtprs": 0.0030624917708337307,
                "absvprs": 0.003144681453704834,
                "pressfc": 0.00016632783808745444,
                "capesfc": 0.00014752244169358164,
                "tmpsfc": 0.00014777464093640447,
                "landmask": 0.0001861550990724936
            }
        },
        {
            "type": "Feature",
            "geometry": {
                "type": "Point",
                "coordinates": [
                    -76.0,
                    30.0
                ]
            },
            "properties": {
                "system_id": "INVEST_70L",
                "confidence": 0.7779677391966972,
                "uncertainty_std": 0.14511647820472717,
                "ci_95": [
                    0.4935394419154319,
                    1.0
                ],
                "lead_time_hrs": 24,
                "movement_vector": {
                    "dlat_24h": 1.0,
                    "dlon_24h": 0.0
                },
                "trajectory": {
                    "24h": [
                        -76.0,
                        30.0
                    ],
                    "48h": [
                        -76.0,
                        31.0
                    ],
                    "72h": [
                        -75.0,
                        29.0
                    ]
                },
                "top_driver": "ugrdprs",
                "ugrdprs": 0.0036312539596110582,
                "vgrdprs": 0.0033784424886107445,
                "vvelprs": 0.0032417266629636288,
                "tmpprs": 0.003458739258348942,
                "rhprs": 0.003288554260507226,
                "hgtprs": 0.003348212456330657,
                "absvprs": 0.0031428728252649307,
                "pressfc": 0.00019023632921744138,
                "capesfc": 0.00021165102953091264,
                "tmpsfc": 0.00018055913096759468,
                "landmask": 0.00024311455490533262
            }
        },
        {
            "type": "Feature",
            "geometry": {
                "type": "Point",
                "coordinates": [
                    -103.0,
                    18.0
                ]
            },
            "properties": {
                "system_id": "INVEST_71L",
                "confidence": 0.777269379406269,
                "uncertainty_std": 0.08387275040149689,
                "ci_95": [
                    0.6128787886193351,
                    0.9416599701932028
                ],
                "lead_time_hrs": 24,
                "movement_vector": {
                    "dlat_24h": -1.0,
                    "dlon_24h": -2.0
                },
                "trajectory": {
                    "24h": [
                        -103.0,
                        18.0
                    ],
                    "48h": [
                        -105.0,
                        17.0
                    ],
                    "72h": [
                        -105.0,
                        18.0
                    ]
                },
                "top_driver": "hgtprs",
                "ugrdprs": 0.0036687117535620928,
                "vgrdprs": 0.0036297920159995556,
                "vvelprs": 0.003495919518172741,
                "tmpprs": 0.0036980288568884134,
                "rhprs": 0.0036759302020072937,
                "hgtprs": 0.003735622623935342,
                "absvprs": 0.0036497029941529036,
                "pressfc": 0.00023431857698597014,
                "capesfc": 0.00020574359223246574,
                "tmpsfc": 0.00021626822126563638,
                "landmask": 0.0002683589409571141
            }
        },
        {
            "type": "Feature",
            "geometry": {
                "type": "Point",
                "coordinates": [
                    79.0,
                    2.0
                ]
            },
            "properties": {
                "system_id": "INVEST_72L",
                "confidence": 0.7763942743887637,
                "uncertainty_std": 0.09664022922515869,
                "ci_95": [
                    0.5869794251074527,
                    0.9658091236700748
                ],
                "lead_time_hrs": 24,
                "movement_vector": {
                    "dlat_24h": -1.0,
                    "dlon_24h": -2.0
                },
                "trajectory": {
                    "24h": [
                        79.0,
                        2.0
                    ],
                    "48h": [
                        77.0,
                        1.0
                    ],
                    "72h": [
                        79.0,
                        3.0
                    ]
                },
                "top_driver": "ugrdprs",
                "ugrdprs": 0.009060133248567581,
                "vgrdprs": 0.00852220319211483,
                "vvelprs": 0.00827586930245161,
                "tmpprs": 0.008240681141614914,
                "rhprs": 0.008787170983850956,
                "hgtprs": 0.008922863751649857,
                "absvprs": 0.00804187823086977,
                "pressfc": 0.0005325648235157132,
                "capesfc": 0.0004862814676016569,
                "tmpsfc": 0.0005694901919923723,
                "landmask": 0.0007887118263170123
            }
        },
        {
            "type": "Feature",
            "geometry": {
                "type": "Point",
                "coordinates": [
                    -81.0,
                    -2.0
                ]
            },
            "properties": {
                "system_id": "INVEST_73L",
                "confidence": 0.7742008477387418,
                "uncertainty_std": 0.13236525654792786,
                "ci_95": [
                    0.5147649449048032,
                    1.0
                ],
                "lead_time_hrs": 24,
                "movement_vector": {
                    "dlat_24h": 3.0,
                    "dlon_24h": 1.0
                },
                "trajectory": {
                    "24h": [
                        -81.0,
                        -2.0
                    ],
                    "48h": [
                        -80.0,
                        1.0
                    ],
                    "72h": [
                        -79.0,
                        2.0
                    ]
                },
                "top_driver": "ugrdprs",
                "ugrdprs": 0.008374171331524849,
                "vgrdprs": 0.007672133855521679,
                "vvelprs": 0.007651286665350199,
                "tmpprs": 0.008035710081458092,
                "rhprs": 0.007845507003366947,
                "hgtprs": 0.008124149404466152,
                "absvprs": 0.007765804883092642,
                "pressfc": 0.00042417412623763084,
                "capesfc": 0.00042008102172985673,
                "tmpsfc": 0.0005482621490955353,
                "landmask": 0.0003872243396472186
            }
        },
        {
            "type": "Feature",
            "geometry": {
                "type": "Point",
                "coordinates": [
                    172.0,
                    -3.0
                ]
            },
            "properties": {
                "system_id": "INVEST_74L",
                "confidence": 0.7735805551459543,
                "uncertainty_std": 0.09340102225542068,
                "ci_95": [
                    0.5905145515253297,
                    0.9566465587665788
                ],
                "lead_time_hrs": 24,
                "movement_vector": {
                    "dlat_24h": -1.0,
                    "dlon_24h": -1.0
                },
                "trajectory": {
                    "24h": [
                        172.0,
                        -3.0
                    ],
                    "48h": [
                        171.0,
                        -4.0
                    ],
                    "72h": [
                        174.0,
                        -5.0
                    ]
                },
                "top_driver": "ugrdprs",
                "ugrdprs": 0.005583605729043484,
                "vgrdprs": 0.005244536325335503,
                "vvelprs": 0.005425476934760809,
                "tmpprs": 0.004979555960744619,
                "rhprs": 0.004915382247418165,
                "hgtprs": 0.005475806538015604,
                "absvprs": 0.005341342184692621,
                "pressfc": 0.0003323343116790056,
                "capesfc": 0.0002653643023222685,
                "tmpsfc": 0.00031807698542252183,
                "landmask": 0.0003526426444295794
            }
        },
        {
            "type": "Feature",
            "geometry": {
                "type": "Point",
                "coordinates": [
                    61.0,
                    3.0
                ]
            },
            "properties": {
                "system_id": "INVEST_75L",
                "confidence": 0.7717054506176505,
                "uncertainty_std": 0.13207848370075226,
                "ci_95": [
                    0.512831622564176,
                    1.0
                ],
                "lead_time_hrs": 24,
                "movement_vector": {
                    "dlat_24h": 1.0,
                    "dlon_24h": 0.0
                },
                "trajectory": {
                    "24h": [
                        61.0,
                        3.0
                    ],
                    "48h": [
                        61.0,
                        4.0
                    ],
                    "72h": [
                        61.0,
                        3.0
                    ]
                },
                "top_driver": "ugrdprs",
                "ugrdprs": 0.0114697040989995,
                "vgrdprs": 0.010642671026289463,
                "vvelprs": 0.010657438077032566,
                "tmpprs": 0.011012550443410873,
                "rhprs": 0.010876648128032684,
                "hgtprs": 0.011201951652765274,
                "absvprs": 0.010528666898608208,
                "pressfc": 0.0007138543296605349,
                "capesfc": 0.0005307960091158748,
                "tmpsfc": 0.0006486987695097923,
                "landmask": 0.001091722515411675
            }
        },
        {
            "type": "Feature",
            "geometry": {
                "type": "Point",
                "coordinates": [
                    51.0,
                    0.0
                ]
            },
            "properties": {
                "system_id": "INVEST_76L",
                "confidence": 0.7672709494763025,
                "uncertainty_std": 0.043027445673942566,
                "ci_95": [
                    0.6829371559553751,
                    0.8516047429972299
                ],
                "lead_time_hrs": 24,
                "movement_vector": {
                    "dlat_24h": -1.0,
                    "dlon_24h": 2.0
                },
                "trajectory": {
                    "24h": [
                        51.0,
                        0.0
                    ],
                    "48h": [
                        53.0,
                        -1.0
                    ],
                    "72h": [
                        58.0,
                        -1.0
                    ]
                },
                "top_driver": "ugrdprs",
                "ugrdprs": 0.012204553931951523,
                "vgrdprs": 0.010923265479505062,
                "vvelprs": 0.010440792888402939,
                "tmpprs": 0.011099678464233875,
                "rhprs": 0.010900894179940224,
                "hgtprs": 0.011378875933587551,
                "absvprs": 0.010544107295572758,
                "pressfc": 0.0009294707560911775,
                "capesfc": 0.0005589697975665331,
                "tmpsfc": 0.0006094914278946817,
                "landmask": 0.0008679992752149701
            }
        },
        {
            "type": "Feature",
            "geometry": {
                "type": "Point",
                "coordinates": [
                    126.0,
                    34.0
                ]
            },
            "properties": {
                "system_id": "INVEST_77L",
                "confidence": 0.7622638554801058,
                "uncertainty_std": 0.15610891580581665,
                "ci_95": [
                    0.45629038050070514,
                    1.0
                ],
                "lead_time_hrs": 24,
                "movement_vector": {
                    "dlat_24h": 1.0,
                    "dlon_24h": 3.0
                },
                "trajectory": {
                    "24h": [
                        126.0,
                        34.0
                    ],
                    "48h": [
                        129.0,
                        35.0
                    ],
                    "72h": [
                        132.0,
                        35.0
                    ]
                },
                "top_driver": "vvelprs",
                "ugrdprs": 0.004255526699125767,
                "vgrdprs": 0.004241883754730225,
                "vvelprs": 0.0044130925089120865,
                "tmpprs": 0.00428994232788682,
                "rhprs": 0.004071984440088272,
                "hgtprs": 0.004058411344885826,
                "absvprs": 0.004134120885282755,
                "pressfc": 0.00027291494188830256,
                "capesfc": 0.00021101841412018985,
                "tmpsfc": 0.00018939295841846615,
                "landmask": 0.0002853329642675817
            }
        },
        {
            "type": "Feature",
            "geometry": {
                "type": "Point",
                "coordinates": [
                    133.0,
                    15.0
                ]
            },
            "properties": {
                "system_id": "INVEST_78L",
                "confidence": 0.760299101642141,
                "uncertainty_std": 0.07122693955898285,
                "ci_95": [
                    0.6206943001065346,
                    0.8999039031777474
                ],
                "lead_time_hrs": 24,
                "movement_vector": {
                    "dlat_24h": -2.0,
                    "dlon_24h": 1.0
                },
                "trajectory": {
                    "24h": [
                        133.0,
                        15.0
                    ],
                    "48h": [
                        134.0,
                        13.0
                    ],
                    "72h": [
                        131.0,
                        14.0
                    ]
                },
                "top_driver": "hgtprs",
                "ugrdprs": 0.005702660884708166,
                "vgrdprs": 0.005750868935137987,
                "vvelprs": 0.005617723800241947,
                "tmpprs": 0.005494203884154558,
                "rhprs": 0.005710736848413944,
                "hgtprs": 0.005890280939638615,
                "absvprs": 0.005280477926135063,
                "pressfc": 0.0003216761688236147,
                "capesfc": 0.00025256903609260917,
                "tmpsfc": 0.00034089721157215536,
                "landmask": 0.00041792148840613663
            }
        },
        {
            "type": "Feature",
            "geometry": {
                "type": "Point",
                "coordinates": [
                    -52.0,
                    35.0
                ]
            },
            "properties": {
                "system_id": "INVEST_79L",
                "confidence": 0.759861486184848,
                "uncertainty_std": 0.12738575041294098,
                "ci_95": [
                    0.5101854153754837,
                    1.0
                ],
                "lead_time_hrs": 24,
                "movement_vector": {
                    "dlat_24h": -4.0,
                    "dlon_24h": 3.0
                },
                "trajectory": {
                    "24h": [
                        -52.0,
                        35.0
                    ],
                    "48h": [
                        -49.0,
                        31.0
                    ],
                    "72h": [
                        -46.0,
                        30.0
                    ]
                },
                "top_driver": "hgtprs",
                "ugrdprs": 0.0032498114742338657,
                "vgrdprs": 0.0033739530481398106,
                "vvelprs": 0.0033132487442344427,
                "tmpprs": 0.0033329518046230078,
                "rhprs": 0.0032235661055892706,
                "hgtprs": 0.003504771739244461,
                "absvprs": 0.003275060560554266,
                "pressfc": 0.0001063081799657084,
                "capesfc": 0.00020692097314167768,
                "tmpsfc": 0.0001560515956953168,
                "landmask": 0.00016415589198004454
            }
        },
        {
            "type": "Feature",
            "geometry": {
                "type": "Point",
                "coordinates": [
                    -54.0,
                    30.0
                ]
            },
            "properties": {
                "system_id": "INVEST_80L",
                "confidence": 0.7568988381064957,
                "uncertainty_std": 0.05187341570854187,
                "ci_95": [
                    0.6552269433177537,
                    0.8585707328952378
                ],
                "lead_time_hrs": 24,
                "movement_vector": {
                    "dlat_24h": -2.0,
                    "dlon_24h": -2.0
                },
                "trajectory": {
                    "24h": [
                        -54.0,
                        30.0
                    ],
                    "48h": [
                        -56.0,
                        28.0
                    ],
                    "72h": [
                        -54.0,
                        28.0
                    ]
                },
                "top_driver": "ugrdprs",
                "ugrdprs": 0.0032091792672872543,
                "vgrdprs": 0.0029347434174269438,
                "vvelprs": 0.003022128948941827,
                "tmpprs": 0.0029380987398326397,
                "rhprs": 0.002835021587088704,
                "hgtprs": 0.003020794363692403,
                "absvprs": 0.002925662789493799,
                "pressfc": 0.00017699906311463565,
                "capesfc": 0.00019423746562097222,
                "tmpsfc": 0.0001423485082341358,
                "landmask": 0.00018312026804778725
            }
        },
        {
            "type": "Feature",
            "geometry": {
                "type": "Point",
                "coordinates": [
                    64.0,
                    -1.0
                ]
            },
            "properties": {
                "system_id": "INVEST_81L",
                "confidence": 0.7530633733208628,
                "uncertainty_std": 0.11156287789344788,
                "ci_95": [
                    0.534400132649705,
                    0.9717266139920206
                ],
                "lead_time_hrs": 24,
                "movement_vector": {
                    "dlat_24h": -3.0,
                    "dlon_24h": -1.0
                },
                "trajectory": {
                    "24h": [
                        64.0,
                        -1.0
                    ],
                    "48h": [
                        63.0,
                        -4.0
                    ],
                    "72h": [
                        65.0,
                        -6.0
                    ]
                },
                "top_driver": "hgtprs",
                "ugrdprs": 0.006367517169564962,
                "vgrdprs": 0.006458080839365721,
                "vvelprs": 0.006379205267876387,
                "tmpprs": 0.006194381508976221,
                "rhprs": 0.006185205187648535,
                "hgtprs": 0.006509304977953434,
                "absvprs": 0.006271344609558582,
                "pressfc": 0.0003772401832975447,
                "capesfc": 0.000356757955159992,
                "tmpsfc": 0.0003371646744199097,
                "landmask": 0.0004740075673907995
            }
        },
        {
            "type": "Feature",
            "geometry": {
                "type": "Point",
                "coordinates": [
                    -112.0,
                    17.0
                ]
            },
            "properties": {
                "system_id": "INVEST_82L",
                "confidence": 0.7521814713802599,
                "uncertainty_std": 0.1033967137336731,
                "ci_95": [
                    0.5495239124622606,
                    0.9548390302982592
                ],
                "lead_time_hrs": 24,
                "movement_vector": {
                    "dlat_24h": 2.0,
                    "dlon_24h": 2.0
                },
                "trajectory": {
                    "24h": [
                        -112.0,
                        17.0
                    ],
                    "48h": [
                        -110.0,
                        19.0
                    ],
                    "72h": [
                        -110.0,
                        20.0
                    ]
                },
                "top_driver": "hgtprs",
                "ugrdprs": 0.008240778930485249,
                "vgrdprs": 0.0078119998797774315,
                "vvelprs": 0.00763588584959507,
                "tmpprs": 0.008293882012367249,
                "rhprs": 0.008567504584789276,
                "hgtprs": 0.008728395216166973,
                "absvprs": 0.00752496812492609,
                "pressfc": 0.0004286606563255191,
                "capesfc": 0.0005554035305976868,
                "tmpsfc": 0.0005391649901866913,
                "landmask": 0.0005119201960042119
            }
        },
        {
            "type": "Feature",
            "geometry": {
                "type": "Point",
                "coordinates": [
                    -145.0,
                    11.0
                ]
            },
            "properties": {
                "system_id": "INVEST_83L",
                "confidence": 0.7515707428126666,
                "uncertainty_std": 0.05338644981384277,
                "ci_95": [
                    0.6469333011775347,
                    0.8562081844477984
                ],
                "lead_time_hrs": 24,
                "movement_vector": {
                    "dlat_24h": -2.0,
                    "dlon_24h": 3.0
                },
                "trajectory": {
                    "24h": [
                        -145.0,
                        11.0
                    ],
                    "48h": [
                        -142.0,
                        9.0
                    ],
                    "72h": [
                        -143.0,
                        6.0
                    ]
                },
                "top_driver": "ugrdprs",
                "ugrdprs": 0.0032547798473387957,
                "vgrdprs": 0.0029652505181729794,
                "vvelprs": 0.003229202004149556,
                "tmpprs": 0.003013797104358673,
                "rhprs": 0.002897028811275959,
                "hgtprs": 0.0031257092487066984,
                "absvprs": 0.003221210790798068,
                "pressfc": 0.0001849393011070788,
                "capesfc": 0.00016678283282089978,
                "tmpsfc": 0.00015296164201572537,
                "landmask": 0.00019254420476499945
            }
        },
        {
            "type": "Feature",
            "geometry": {
                "type": "Point",
                "coordinates": [
                    -35.0,
                    -9.0
                ]
            },
            "properties": {
                "system_id": "INVEST_84L",
                "confidence": 0.7509717198775097,
                "uncertainty_std": 0.09673107415437698,
                "ci_95": [
                    0.5613788145349308,
                    0.9405646252200885
                ],
                "lead_time_hrs": 24,
                "movement_vector": {
                    "dlat_24h": 1.0,
                    "dlon_24h": 4.0
                },
                "trajectory": {
                    "24h": [
                        -35.0,
                        -9.0
                    ],
                    "48h": [
                        -31.0,
                        -8.0
                    ],
                    "72h": [
                        -28.0,
                        -10.0
                    ]
                },
                "top_driver": "ugrdprs",
                "ugrdprs": 0.004091649316251278,
                "vgrdprs": 0.0038053379394114017,
                "vvelprs": 0.003980952315032482,
                "tmpprs": 0.003622279269620776,
                "rhprs": 0.003666477045044303,
                "hgtprs": 0.004016481339931488,
                "absvprs": 0.003898507682606578,
                "pressfc": 0.0002564093447290361,
                "capesfc": 0.00019540682842489332,
                "tmpsfc": 0.00018810670007951558,
                "landmask": 0.0002813740575220436
            }
        },
        {
            "type": "Feature",
            "geometry": {
                "type": "Point",
                "coordinates": [
                    -7.0,
                    -4.0
                ]
            },
            "properties": {
                "system_id": "INVEST_85L",
                "confidence": 0.7506122008989597,
                "uncertainty_std": 0.07349913567304611,
                "ci_95": [
                    0.6065538949797894,
                    0.8946705068181301
                ],
                "lead_time_hrs": 24,
                "movement_vector": {
                    "dlat_24h": -1.0,
                    "dlon_24h": 0.0
                },
                "trajectory": {
                    "24h": [
                        -7.0,
                        -4.0
                    ],
                    "48h": [
                        -7.0,
                        -5.0
                    ],
                    "72h": [
                        -6.0,
                        -5.0
                    ]
                },
                "top_driver": "ugrdprs",
                "ugrdprs": 0.005748032126575708,
                "vgrdprs": 0.005305123515427113,
                "vvelprs": 0.005551761016249657,
                "tmpprs": 0.005085336044430733,
                "rhprs": 0.004969973117113113,
                "hgtprs": 0.0054818629287183285,
                "absvprs": 0.005378370173275471,
                "pressfc": 0.00027656456222757697,
                "capesfc": 0.00025845368509180844,
                "tmpsfc": 0.0003154398873448372,
                "landmask": 0.00037987803807482123
            }
        },
        {
            "type": "Feature",
            "geometry": {
                "type": "Point",
                "coordinates": [
                    -142.0,
                    -17.0
                ]
            },
            "properties": {
                "system_id": "INVEST_86L",
                "confidence": 0.7489539698849228,
                "uncertainty_std": 0.07723431289196014,
                "ci_95": [
                    0.5975747166166809,
                    0.9003332231531647
                ],
                "lead_time_hrs": 24,
                "movement_vector": {
                    "dlat_24h": 3.0,
                    "dlon_24h": -1.0
                },
                "trajectory": {
                    "24h": [
                        -142.0,
                        -17.0
                    ],
                    "48h": [
                        -143.0,
                        -14.0
                    ],
                    "72h": [
                        -144.0,
                        -14.0
                    ]
                },
                "top_driver": "absvprs",
                "ugrdprs": 0.004459524527192116,
                "vgrdprs": 0.004341595806181431,
                "vvelprs": 0.004400575999170542,
                "tmpprs": 0.00451044412329793,
                "rhprs": 0.004146489314734936,
                "hgtprs": 0.004610324744135141,
                "absvprs": 0.004643713589757681,
                "pressfc": 0.0003612677683122456,
                "capesfc": 0.00022992532467469573,
                "tmpsfc": 0.0002813871542457491,
                "landmask": 0.00018194460426457226
            }
        },
        {
            "type": "Feature",
            "geometry": {
                "type": "Point",
                "coordinates": [
                    -90.0,
                    10.0
                ]
            },
            "properties": {
                "system_id": "INVEST_87L",
                "confidence": 0.7470443554557586,
                "uncertainty_std": 0.04968487098813057,
                "ci_95": [
                    0.6496620083190228,
                    0.8444267025924945
                ],
                "lead_time_hrs": 24,
                "movement_vector": {
                    "dlat_24h": 1.0,
                    "dlon_24h": 2.0
                },
                "trajectory": {
                    "24h": [
                        -90.0,
                        10.0
                    ],
                    "48h": [
                        -88.0,
                        11.0
                    ],
                    "72h": [
                        -87.0,
                        7.0
                    ]
                },
                "top_driver": "hgtprs",
                "ugrdprs": 0.003730051452293992,
                "vgrdprs": 0.003619268536567688,
                "vvelprs": 0.00372687098570168,
                "tmpprs": 0.0034981360659003258,
                "rhprs": 0.0033942630980163813,
                "hgtprs": 0.0039071873761713505,
                "absvprs": 0.0037430147640407085,
                "pressfc": 0.00021710836153943092,
                "capesfc": 0.00017058063531294465,
                "tmpsfc": 0.00018558210285846144,
                "landmask": 0.000263230933342129
            }
        },
        {
            "type": "Feature",
            "geometry": {
                "type": "Point",
                "coordinates": [
                    161.0,
                    0.0
                ]
            },
            "properties": {
                "system_id": "INVEST_88L",
                "confidence": 0.7442990769383572,
                "uncertainty_std": 0.1096317246556282,
                "ci_95": [
                    0.5294208966133259,
                    0.9591772572633884
                ],
                "lead_time_hrs": 24,
                "movement_vector": {
                    "dlat_24h": 2.0,
                    "dlon_24h": 2.0
                },
                "trajectory": {
                    "24h": [
                        161.0,
                        0.0
                    ],
                    "48h": [
                        163.0,
                        2.0
                    ],
                    "72h": [
                        163.0,
                        2.0
                    ]
                },
                "top_driver": "ugrdprs",
                "ugrdprs": 0.004297712352126837,
                "vgrdprs": 0.0039242226630449295,
                "vvelprs": 0.004242307972162962,
                "tmpprs": 0.004002497997134924,
                "rhprs": 0.003674242878332734,
                "hgtprs": 0.004061604849994183,
                "absvprs": 0.004131552297621965,
                "pressfc": 0.00026521453401073813,
                "capesfc": 0.00023086612054612488,
                "tmpsfc": 0.0002073240466415882,
                "landmask": 0.0002515315427444875
            }
        },
        {
            "type": "Feature",
            "geometry": {
                "type": "Point",
                "coordinates": [
                    -154.0,
                    -12.0
                ]
            },
            "properties": {
                "system_id": "INVEST_89L",
                "confidence": 0.7420486667823462,
                "uncertainty_std": 0.0662757083773613,
                "ci_95": [
                    0.612148278362718,
                    0.8719490552019743
                ],
                "lead_time_hrs": 24,
                "movement_vector": {
                    "dlat_24h": -2.0,
                    "dlon_24h": -1.0
                },
                "trajectory": {
                    "24h": [
                        -154.0,
                        -12.0
                    ],
                    "48h": [
                        -155.0,
                        -14.0
                    ],
                    "72h": [
                        -153.0,
                        -13.0
                    ]
                },
                "top_driver": "ugrdprs",
                "ugrdprs": 0.003994337748736143,
                "vgrdprs": 0.003770476905629039,
                "vvelprs": 0.003839766141027212,
                "tmpprs": 0.0037391295190900564,
                "rhprs": 0.003661908209323883,
                "hgtprs": 0.0036821996327489614,
                "absvprs": 0.003761046100407839,
                "pressfc": 0.00017347981338389218,
                "capesfc": 0.00021758684306405485,
                "tmpsfc": 0.00019100010104011744,
                "landmask": 0.0003293594636488706
            }
        },
        {
            "type": "Feature",
            "geometry": {
                "type": "Point",
                "coordinates": [
                    -124.0,
                    18.0
                ]
            },
            "properties": {
                "system_id": "INVEST_90L",
                "confidence": 0.7415961710685085,
                "uncertainty_std": 0.07376956194639206,
                "ci_95": [
                    0.5970078296535801,
                    0.8861845124834369
                ],
                "lead_time_hrs": 24,
                "movement_vector": {
                    "dlat_24h": 1.0,
                    "dlon_24h": -2.0
                },
                "trajectory": {
                    "24h": [
                        -124.0,
                        18.0
                    ],
                    "48h": [
                        -126.0,
                        19.0
                    ],
                    "72h": [
                        -126.0,
                        19.0
                    ]
                },
                "top_driver": "vvelprs",
                "ugrdprs": 0.005697899032384157,
                "vgrdprs": 0.00557602196931839,
                "vvelprs": 0.005858270451426506,
                "tmpprs": 0.005451565608382225,
                "rhprs": 0.0053204637952148914,
                "hgtprs": 0.005648693069815636,
                "absvprs": 0.005655928049236536,
                "pressfc": 0.00047087689745239913,
                "capesfc": 0.00037564602098427713,
                "tmpsfc": 0.0002677555603440851,
                "landmask": 0.00042901423876173794
            }
        },
        {
            "type": "Feature",
            "geometry": {
                "type": "Point",
                "coordinates": [
                    7.0,
                    -4.0
                ]
            },
            "properties": {
                "system_id": "INVEST_91L",
                "confidence": 0.7382287401727861,
                "uncertainty_std": 0.1018468365073204,
                "ci_95": [
                    0.538608940618438,
                    0.9378485397271341
                ],
                "lead_time_hrs": 24,
                "movement_vector": {
                    "dlat_24h": 3.0,
                    "dlon_24h": -1.0
                },
                "trajectory": {
                    "24h": [
                        7.0,
                        -4.0
                    ],
                    "48h": [
                        6.0,
                        -1.0
                    ],
                    "72h": [
                        7.0,
                        -1.0
                    ]
                },
                "top_driver": "vvelprs",
                "ugrdprs": 0.00885870773345232,
                "vgrdprs": 0.00870859157294035,
                "vvelprs": 0.00894550047814846,
                "tmpprs": 0.008138494566082954,
                "rhprs": 0.007743415422737598,
                "hgtprs": 0.008102322928607464,
                "absvprs": 0.008528253994882107,
                "pressfc": 0.00043016314157284796,
                "capesfc": 0.0004235042433720082,
                "tmpsfc": 0.00042691369890235364,
                "landmask": 0.0004524069663602859
            }
        },
        {
            "type": "Feature",
            "geometry": {
                "type": "Point",
                "coordinates": [
                    -121.0,
                    27.0
                ]
            },
            "properties": {
                "system_id": "INVEST_92L",
                "confidence": 0.7376319219460942,
                "uncertainty_std": 0.10058441758155823,
                "ci_95": [
                    0.5404864634862401,
                    0.9347773804059483
                ],
                "lead_time_hrs": 24,
                "movement_vector": {
                    "dlat_24h": 0.0,
                    "dlon_24h": 1.0
                },
                "trajectory": {
                    "24h": [
                        -121.0,
                        27.0
                    ],
                    "48h": [
                        -120.0,
                        27.0
                    ],
                    "72h": [
                        -119.0,
                        25.0
                    ]
                },
                "top_driver": "vgrdprs",
                "ugrdprs": 0.007897471077740192,
                "vgrdprs": 0.007898068986833096,
                "vvelprs": 0.007410681340843439,
                "tmpprs": 0.007693159393966198,
                "rhprs": 0.007550237700343132,
                "hgtprs": 0.007433990016579628,
                "absvprs": 0.0073944092728197575,
                "pressfc": 0.0004776550049427897,
                "capesfc": 0.0004114350595045835,
                "tmpsfc": 0.0004226609889883548,
                "landmask": 0.00043674357584677637
            }
        },
        {
            "type": "Feature",
            "geometry": {
                "type": "Point",
                "coordinates": [
                    88.0,
                    -1.0
                ]
            },
            "properties": {
                "system_id": "INVEST_93L",
                "confidence": 0.7360525103879777,
                "uncertainty_std": 0.11355084925889969,
                "ci_95": [
                    0.5134928458405343,
                    0.9586121749354211
                ],
                "lead_time_hrs": 24,
                "movement_vector": {
                    "dlat_24h": -2.0,
                    "dlon_24h": 3.0
                },
                "trajectory": {
                    "24h": [
                        88.0,
                        -1.0
                    ],
                    "48h": [
                        91.0,
                        -3.0
                    ],
                    "72h": [
                        92.0,
                        -4.0
                    ]
                },
                "top_driver": "ugrdprs",
                "ugrdprs": 0.009427515789866447,
                "vgrdprs": 0.008674100041389465,
                "vvelprs": 0.008581161499023438,
                "tmpprs": 0.008997783996164799,
                "rhprs": 0.008684203960001469,
                "hgtprs": 0.008807082660496235,
                "absvprs": 0.009289168752729893,
                "pressfc": 0.0006433411035686731,
                "capesfc": 0.00033610715763643384,
                "tmpsfc": 0.0006002268637530506,
                "landmask": 0.00046613317681476474
            }
        },
        {
            "type": "Feature",
            "geometry": {
                "type": "Point",
                "coordinates": [
                    -134.0,
                    -15.0
                ]
            },
            "properties": {
                "system_id": "INVEST_94L",
                "confidence": 0.7352618601427771,
                "uncertainty_std": 0.04551125690340996,
                "ci_95": [
                    0.6460597966120936,
                    0.8244639236734606
                ],
                "lead_time_hrs": 24,
                "movement_vector": {
                    "dlat_24h": 1.0,
                    "dlon_24h": -2.0
                },
                "trajectory": {
                    "24h": [
                        -134.0,
                        -15.0
                    ],
                    "48h": [
                        -136.0,
                        -14.0
                    ],
                    "72h": [
                        -140.0,
                        -11.0
                    ]
                },
                "top_driver": "absvprs",
                "ugrdprs": 0.004875523038208485,
                "vgrdprs": 0.004792128689587116,
                "vvelprs": 0.004904337227344513,
                "tmpprs": 0.00478115351870656,
                "rhprs": 0.004554622806608677,
                "hgtprs": 0.004809134174138308,
                "absvprs": 0.004967107903212309,
                "pressfc": 0.00032022703089751303,
                "capesfc": 0.0002728589461185038,
                "tmpsfc": 0.00027573254192247987,
                "landmask": 0.0002617735299281776
            }
        },
        {
            "type": "Feature",
            "geometry": {
                "type": "Point",
                "coordinates": [
                    -12.0,
                    1.0
                ]
            },
            "properties": {
                "system_id": "INVEST_95L",
                "confidence": 0.7325566316067528,
                "uncertainty_std": 0.11174268275499344,
                "ci_95": [
                    0.5135409734069656,
                    0.95157228980654
                ],
                "lead_time_hrs": 24,
                "movement_vector": {
                    "dlat_24h": 3.0,
                    "dlon_24h": -2.0
                },
                "trajectory": {
                    "24h": [
                        -12.0,
                        1.0
                    ],
                    "48h": [
                        -14.0,
                        4.0
                    ],
                    "72h": [
                        -13.0,
                        4.0
                    ]
                },
                "top_driver": "ugrdprs",
                "ugrdprs": 0.010803619399666786,
                "vgrdprs": 0.009300380945205688,
                "vvelprs": 0.009956815280020237,
                "tmpprs": 0.009969361126422882,
                "rhprs": 0.009114336222410202,
                "hgtprs": 0.010217470116913319,
                "absvprs": 0.009762100875377655,
                "pressfc": 0.00048170966329053044,
                "capesfc": 0.000499411893542856,
                "tmpsfc": 0.0005282603669911623,
                "landmask": 0.0006801917916163802
            }
        },
        {
            "type": "Feature",
            "geometry": {
                "type": "Point",
                "coordinates": [
                    -102.0,
                    7.0
                ]
            },
            "properties": {
                "system_id": "INVEST_96L",
                "confidence": 0.7262372073953158,
                "uncertainty_std": 0.1762194186449051,
                "ci_95": [
                    0.3808471468513019,
                    1.0
                ],
                "lead_time_hrs": 24,
                "movement_vector": {
                    "dlat_24h": 2.0,
                    "dlon_24h": 0.0
                },
                "trajectory": {
                    "24h": [
                        -102.0,
                        7.0
                    ],
                    "48h": [
                        -102.0,
                        9.0
                    ],
                    "72h": [
                        -100.0,
                        8.0
                    ]
                },
                "top_driver": "ugrdprs",
                "ugrdprs": 0.004090848378837109,
                "vgrdprs": 0.004011949989944696,
                "vvelprs": 0.003985718823969364,
                "tmpprs": 0.0038410730194300413,
                "rhprs": 0.0037434068508446217,
                "hgtprs": 0.004036391153931618,
                "absvprs": 0.0039036653470247984,
                "pressfc": 0.0002788740966934711,
                "capesfc": 0.00021520706650335342,
                "tmpsfc": 0.00019669152970891446,
                "landmask": 0.00029432831797748804
            }
        },
        {
            "type": "Feature",
            "geometry": {
                "type": "Point",
                "coordinates": [
                    119.0,
                    25.0
                ]
            },
            "properties": {
                "system_id": "INVEST_97L",
                "confidence": 0.7246458477386372,
                "uncertainty_std": 0.09483660012483597,
                "ci_95": [
                    0.5387661114939587,
                    0.9105255839833156
                ],
                "lead_time_hrs": 24,
                "movement_vector": {
                    "dlat_24h": 0.0,
                    "dlon_24h": 1.0
                },
                "trajectory": {
                    "24h": [
                        119.0,
                        25.0
                    ],
                    "48h": [
                        120.0,
                        25.0
                    ],
                    "72h": [
                        122.0,
                        25.0
                    ]
                },
                "top_driver": "tmpprs",
                "ugrdprs": 0.00572667270898819,
                "vgrdprs": 0.005645332857966423,
                "vvelprs": 0.00530871981754899,
                "tmpprs": 0.005839836318045855,
                "rhprs": 0.005356284324079752,
                "hgtprs": 0.005616136360913515,
                "absvprs": 0.00581625709310174,
                "pressfc": 0.000462943542515859,
                "capesfc": 0.00024021755962166935,
                "tmpsfc": 0.0003875451802741736,
                "landmask": 0.00028587717679329216
            }
        },
        {
            "type": "Feature",
            "geometry": {
                "type": "Point",
                "coordinates": [
                    105.0,
                    -10.0
                ]
            },
            "properties": {
                "system_id": "INVEST_98L",
                "confidence": 0.720418235495704,
                "uncertainty_std": 0.15986816585063934,
                "ci_95": [
                    0.40707663042845094,
                    1.0
                ],
                "lead_time_hrs": 24,
                "movement_vector": {
                    "dlat_24h": 2.0,
                    "dlon_24h": -2.0
                },
                "trajectory": {
                    "24h": [
                        105.0,
                        -10.0
                    ],
                    "48h": [
                        103.0,
                        -8.0
                    ],
                    "72h": [
                        102.0,
                        -5.0
                    ]
                },
                "top_driver": "ugrdprs",
                "ugrdprs": 0.0074336230754852295,
                "vgrdprs": 0.007133718580007553,
                "vvelprs": 0.007361949887126684,
                "tmpprs": 0.006908821873366833,
                "rhprs": 0.006912834942340851,
                "hgtprs": 0.0072413356974720955,
                "absvprs": 0.007161782588809729,
                "pressfc": 0.00040831658407114446,
                "capesfc": 0.00034796353429555893,
                "tmpsfc": 0.00038017748738639057,
                "landmask": 0.0005169552750885487
            }
        },
        {
            "type": "Feature",
            "geometry": {
                "type": "Point",
                "coordinates": [
                    -37.0,
                    -16.0
                ]
            },
            "properties": {
                "system_id": "INVEST_99L",
                "confidence": 0.7200474087870282,
                "uncertainty_std": 0.11796072125434875,
                "ci_95": [
                    0.48884439512850464,
                    0.9512504224455518
                ],
                "lead_time_hrs": 24,
                "movement_vector": {
                    "dlat_24h": 2.0,
                    "dlon_24h": 0.0
                },
                "trajectory": {
                    "24h": [
                        -37.0,
                        -16.0
                    ],
                    "48h": [
                        -37.0,
                        -14.0
                    ],
                    "72h": [
                        -38.0,
                        -15.0
                    ]
                },
                "top_driver": "hgtprs",
                "ugrdprs": 0.004337158519774675,
                "vgrdprs": 0.004222508054226637,
                "vvelprs": 0.004254711326211691,
                "tmpprs": 0.0042192330583930016,
                "rhprs": 0.00424797972664237,
                "hgtprs": 0.004393097944557667,
                "absvprs": 0.00435682525858283,
                "pressfc": 0.00032680609729140997,
                "capesfc": 0.0002651969844009727,
                "tmpsfc": 0.00024649882107041776,
                "landmask": 0.00030004678410477936
            }
        },
        {
            "type": "Feature",
            "geometry": {
                "type": "Point",
                "coordinates": [
                    117.0,
                    14.0
                ]
            },
            "properties": {
                "system_id": "INVEST_100L",
                "confidence": 0.7196314603965694,
                "uncertainty_std": 0.07423508167266846,
                "ci_95": [
                    0.5741307003181393,
                    0.8651322204749996
                ],
                "lead_time_hrs": 24,
                "movement_vector": {
                    "dlat_24h": -2.0,
                    "dlon_24h": 0.0
                },
                "trajectory": {
                    "24h": [
                        117.0,
                        14.0
                    ],
                    "48h": [
                        117.0,
                        12.0
                    ],
                    "72h": [
                        118.0,
                        13.0
                    ]
                },
                "top_driver": "ugrdprs",
                "ugrdprs": 0.0052400073036551476,
                "vgrdprs": 0.004837902262806892,
                "vvelprs": 0.0047844829969108105,
                "tmpprs": 0.004920884966850281,
                "rhprs": 0.004648387897759676,
                "hgtprs": 0.005094005726277828,
                "absvprs": 0.004713735543191433,
                "pressfc": 0.00022660024114884436,
                "capesfc": 0.0002959665725938976,
                "tmpsfc": 0.0002037106460193172,
                "landmask": 0.0004218916001264006
            }
        },
        {
            "type": "Feature",
            "geometry": {
                "type": "Point",
                "coordinates": [
                    28.0,
                    -17.0
                ]
            },
            "properties": {
                "system_id": "INVEST_101L",
                "confidence": 0.7153800878524978,
                "uncertainty_std": 0.19650734961032867,
                "ci_95": [
                    0.3302256826162537,
                    1.0
                ],
                "lead_time_hrs": 24,
                "movement_vector": {
                    "dlat_24h": 3.0,
                    "dlon_24h": 7.0
                },
                "trajectory": {
                    "24h": [
                        28.0,
                        -17.0
                    ],
                    "48h": [
                        35.0,
                        -14.0
                    ],
                    "72h": [
                        35.0,
                        -14.0
                    ]
                },
                "top_driver": "tmpprs",
                "ugrdprs": 0.007219734136015177,
                "vgrdprs": 0.006919954903423786,
                "vvelprs": 0.006903518456965685,
                "tmpprs": 0.007392052561044693,
                "rhprs": 0.007039576303213835,
                "hgtprs": 0.007131388410925865,
                "absvprs": 0.006473845802247524,
                "pressfc": 0.00035543672856874764,
                "capesfc": 0.00043402405572123826,
                "tmpsfc": 0.00044167356099933386,
                "landmask": 0.0004025892703793943
            }
        },
        {
            "type": "Feature",
            "geometry": {
                "type": "Point",
                "coordinates": [
                    -83.0,
                    17.0
                ]
            },
            "properties": {
                "system_id": "INVEST_102L",
                "confidence": 0.7149275422571216,
                "uncertainty_std": 0.08586595207452774,
                "ci_95": [
                    0.5466302761910473,
                    0.8832248083231959
                ],
                "lead_time_hrs": 24,
                "movement_vector": {
                    "dlat_24h": 2.0,
                    "dlon_24h": 0.0
                },
                "trajectory": {
                    "24h": [
                        -83.0,
                        17.0
                    ],
                    "48h": [
                        -83.0,
                        19.0
                    ],
                    "72h": [
                        -85.0,
                        20.0
                    ]
                },
                "top_driver": "hgtprs",
                "ugrdprs": 0.005351327825337648,
                "vgrdprs": 0.005397349130362272,
                "vvelprs": 0.005278204567730427,
                "tmpprs": 0.00550275482237339,
                "rhprs": 0.005262728314846754,
                "hgtprs": 0.005571187473833561,
                "absvprs": 0.0055201235227286816,
                "pressfc": 0.00037352231447584927,
                "capesfc": 0.0003143903741147369,
                "tmpsfc": 0.000319306825986132,
                "landmask": 0.00027718450292013586
            }
        },
        {
            "type": "Feature",
            "geometry": {
                "type": "Point",
                "coordinates": [
                    129.0,
                    29.0
                ]
            },
            "properties": {
                "system_id": "INVEST_103L",
                "confidence": 0.712692265231501,
                "uncertainty_std": 0.10412771254777908,
                "ci_95": [
                    0.508601948637854,
                    0.9167825818251479
                ],
                "lead_time_hrs": 24,
                "movement_vector": {
                    "dlat_24h": -1.0,
                    "dlon_24h": -2.0
                },
                "trajectory": {
                    "24h": [
                        129.0,
                        29.0
                    ],
                    "48h": [
                        127.0,
                        28.0
                    ],
                    "72h": [
                        126.0,
                        28.0
                    ]
                },
                "top_driver": "tmpprs",
                "ugrdprs": 0.00535648874938488,
                "vgrdprs": 0.0050672125071287155,
                "vvelprs": 0.004841343034058809,
                "tmpprs": 0.005399717949330807,
                "rhprs": 0.004744010977447033,
                "hgtprs": 0.005262160673737526,
                "absvprs": 0.005170364864170551,
                "pressfc": 0.0003252926981076598,
                "capesfc": 0.00024989989469759166,
                "tmpsfc": 0.00021096346608828753,
                "landmask": 0.00023862102534621954
            }
        },
        {
            "type": "Feature",
            "geometry": {
                "type": "Point",
                "coordinates": [
                    -136.0,
                    -9.0
                ]
            },
            "properties": {
                "system_id": "INVEST_104L",
                "confidence": 0.7123709574004806,
                "uncertainty_std": 0.07745400071144104,
                "ci_95": [
                    0.5605611160060562,
                    0.8641807987949051
                ],
                "lead_time_hrs": 24,
                "movement_vector": {
                    "dlat_24h": 1.0,
                    "dlon_24h": -4.0
                },
                "trajectory": {
                    "24h": [
                        -136.0,
                        -9.0
                    ],
                    "48h": [
                        -140.0,
                        -8.0
                    ],
                    "72h": [
                        -140.0,
                        -11.0
                    ]
                },
                "top_driver": "ugrdprs",
                "ugrdprs": 0.007879259996116161,
                "vgrdprs": 0.0077120838686823845,
                "vvelprs": 0.007760472130030394,
                "tmpprs": 0.007633372209966183,
                "rhprs": 0.007176149636507034,
                "hgtprs": 0.0077887773513793945,
                "absvprs": 0.0077329338528215885,
                "pressfc": 0.0003963816270697862,
                "capesfc": 0.00040882956818677485,
                "tmpsfc": 0.0004788413061760366,
                "landmask": 0.00041216632234863937
            }
        },
        {
            "type": "Feature",
            "geometry": {
                "type": "Point",
                "coordinates": [
                    93.0,
                    20.0
                ]
            },
            "properties": {
                "system_id": "INVEST_105L",
                "confidence": 0.7113350692593662,
                "uncertainty_std": 0.11334015429019928,
                "ci_95": [
                    0.4891883668505756,
                    0.9334817716681567
                ],
                "lead_time_hrs": 24,
                "movement_vector": {
                    "dlat_24h": -1.0,
                    "dlon_24h": -1.0
                },
                "trajectory": {
                    "24h": [
                        93.0,
                        20.0
                    ],
                    "48h": [
                        92.0,
                        19.0
                    ],
                    "72h": [
                        92.0,
                        19.0
                    ]
                },
                "top_driver": "ugrdprs",
                "ugrdprs": 0.007216091733425856,
                "vgrdprs": 0.006725609768182039,
                "vvelprs": 0.006930690258741379,
                "tmpprs": 0.006956006865948439,
                "rhprs": 0.006595756858587265,
                "hgtprs": 0.00664525618776679,
                "absvprs": 0.006664369720965624,
                "pressfc": 0.0003871250955853611,
                "capesfc": 0.00040880657616071403,
                "tmpsfc": 0.00032802115310914814,
                "landmask": 0.0004288920608814806
            }
        },
        {
            "type": "Feature",
            "geometry": {
                "type": "Point",
                "coordinates": [
                    -152.0,
                    3.0
                ]
            },
            "properties": {
                "system_id": "INVEST_106L",
                "confidence": 0.7111751378970401,
                "uncertainty_std": 0.07785418629646301,
                "ci_95": [
                    0.5585809327559726,
                    0.8637693430381076
                ],
                "lead_time_hrs": 24,
                "movement_vector": {
                    "dlat_24h": 1.0,
                    "dlon_24h": 0.0
                },
                "trajectory": {
                    "24h": [
                        -152.0,
                        3.0
                    ],
                    "48h": [
                        -152.0,
                        4.0
                    ],
                    "72h": [
                        -150.0,
                        4.0
                    ]
                },
                "top_driver": "ugrdprs",
                "ugrdprs": 0.0044431122951209545,
                "vgrdprs": 0.003924785181879997,
                "vvelprs": 0.004051035735756159,
                "tmpprs": 0.004080330487340689,
                "rhprs": 0.0037600924260914326,
                "hgtprs": 0.004031444899737835,
                "absvprs": 0.004246976226568222,
                "pressfc": 0.00029247181373648345,
                "capesfc": 0.0001806746586225927,
                "tmpsfc": 0.00024972474784590304,
                "landmask": 0.00021075851691421121
            }
        },
        {
            "type": "Feature",
            "geometry": {
                "type": "Point",
                "coordinates": [
                    177.0,
                    -4.0
                ]
            },
            "properties": {
                "system_id": "INVEST_107L",
                "confidence": 0.7092536792647002,
                "uncertainty_std": 0.11078979820013046,
                "ci_95": [
                    0.4921056747924445,
                    0.9264016837369559
                ],
                "lead_time_hrs": 24,
                "movement_vector": {
                    "dlat_24h": 2.0,
                    "dlon_24h": 0.0
                },
                "trajectory": {
                    "24h": [
                        177.0,
                        -4.0
                    ],
                    "48h": [
                        177.0,
                        -2.0
                    ],
                    "72h": [
                        177.0,
                        -1.0
                    ]
                },
                "top_driver": "hgtprs",
                "ugrdprs": 0.005062850192189217,
                "vgrdprs": 0.004823532421141863,
                "vvelprs": 0.004963552113622427,
                "tmpprs": 0.004678274970501661,
                "rhprs": 0.00485704280436039,
                "hgtprs": 0.0051642791368067265,
                "absvprs": 0.004912355449050665,
                "pressfc": 0.0003779369581025094,
                "capesfc": 0.00025739637203514576,
                "tmpsfc": 0.0002883987908717245,
                "landmask": 0.0003542527265381068
            }
        },
        {
            "type": "Feature",
            "geometry": {
                "type": "Point",
                "coordinates": [
                    -59.0,
                    33.0
                ]
            },
            "properties": {
                "system_id": "INVEST_108L",
                "confidence": 0.7072131070844445,
                "uncertainty_std": 0.10822105407714844,
                "ci_95": [
                    0.4950998410932336,
                    0.9193263730756555
                ],
                "lead_time_hrs": 24,
                "movement_vector": {
                    "dlat_24h": 0.0,
                    "dlon_24h": 0.0
                },
                "trajectory": {
                    "24h": [
                        -59.0,
                        33.0
                    ],
                    "48h": [
                        -59.0,
                        33.0
                    ],
                    "72h": [
                        -57.0,
                        34.0
                    ]
                },
                "top_driver": "ugrdprs",
                "ugrdprs": 0.004856608808040619,
                "vgrdprs": 0.004692219663411379,
                "vvelprs": 0.004386620596051216,
                "tmpprs": 0.0047157625667750835,
                "rhprs": 0.004202087875455618,
                "hgtprs": 0.004709630273282528,
                "absvprs": 0.004260003566741943,
                "pressfc": 0.0003203144879080355,
                "capesfc": 0.0002350973809370771,
                "tmpsfc": 0.00027201962075196207,
                "landmask": 0.0002294651058036834
            }
        },
        {
            "type": "Feature",
            "geometry": {
                "type": "Point",
                "coordinates": [
                    146.0,
                    18.0
                ]
            },
            "properties": {
                "system_id": "INVEST_109L",
                "confidence": 0.7049005357969678,
                "uncertainty_std": 0.0881308764219284,
                "ci_95": [
                    0.532164018009988,
                    0.8776370535839475
                ],
                "lead_time_hrs": 24,
                "movement_vector": {
                    "dlat_24h": 3.0,
                    "dlon_24h": 1.0
                },
                "trajectory": {
                    "24h": [
                        146.0,
                        18.0
                    ],
                    "48h": [
                        147.0,
                        21.0
                    ],
                    "72h": [
                        147.0,
                        22.0
                    ]
                },
                "top_driver": "absvprs",
                "ugrdprs": 0.005540912505239248,
                "vgrdprs": 0.005411875434219837,
                "vvelprs": 0.005292964167892933,
                "tmpprs": 0.005305523052811623,
                "rhprs": 0.005139993503689766,
                "hgtprs": 0.005227535497397184,
                "absvprs": 0.005636733490973711,
                "pressfc": 0.00035152232157997787,
                "capesfc": 0.0003618102928157896,
                "tmpsfc": 0.0002818097418639809,
                "landmask": 0.0003121385525446385
            }
        },
        {
            "type": "Feature",
            "geometry": {
                "type": "Point",
                "coordinates": [
                    163.0,
                    26.0
                ]
            },
            "properties": {
                "system_id": "INVEST_110L",
                "confidence": 0.7032866500067648,
                "uncertainty_std": 0.04979104548692703,
                "ci_95": [
                    0.6056962008523878,
                    0.8008770991611418
                ],
                "lead_time_hrs": 24,
                "movement_vector": {
                    "dlat_24h": 0.0,
                    "dlon_24h": 1.0
                },
                "trajectory": {
                    "24h": [
                        163.0,
                        26.0
                    ],
                    "48h": [
                        164.0,
                        26.0
                    ],
                    "72h": [
                        163.0,
                        28.0
                    ]
                },
                "top_driver": "hgtprs",
                "ugrdprs": 0.006873801350593567,
                "vgrdprs": 0.0065618581138551235,
                "vvelprs": 0.0060902805998921394,
                "tmpprs": 0.006609974894672632,
                "rhprs": 0.006428190972656012,
                "hgtprs": 0.0068918257020413876,
                "absvprs": 0.006532501894980669,
                "pressfc": 0.0004425384395290166,
                "capesfc": 0.0003279025841038674,
                "tmpsfc": 0.00036937338882125914,
                "landmask": 0.0004151466127950698
            }
        },
        {
            "type": "Feature",
            "geometry": {
                "type": "Point",
                "coordinates": [
                    138.0,
                    -1.0
                ]
            },
            "properties": {
                "system_id": "INVEST_111L",
                "confidence": 0.7011498240644374,
                "uncertainty_std": 0.1253412514925003,
                "ci_95": [
                    0.45548097113913677,
                    0.946818676989738
                ],
                "lead_time_hrs": 24,
                "movement_vector": {
                    "dlat_24h": 2.0,
                    "dlon_24h": 1.0
                },
                "trajectory": {
                    "24h": [
                        138.0,
                        -1.0
                    ],
                    "48h": [
                        139.0,
                        1.0
                    ],
                    "72h": [
                        142.0,
                        0.0
                    ]
                },
                "top_driver": "ugrdprs",
                "ugrdprs": 0.006562645547091961,
                "vgrdprs": 0.006330728996545076,
                "vvelprs": 0.0064033158123493195,
                "tmpprs": 0.006341457366943359,
                "rhprs": 0.0061690532602369785,
                "hgtprs": 0.00643065944314003,
                "absvprs": 0.006333854049444199,
                "pressfc": 0.00034721597330644727,
                "capesfc": 0.0002955598756670952,
                "tmpsfc": 0.00038943099207244813,
                "landmask": 0.00045971409417688847
            }
        },
        {
            "type": "Feature",
            "geometry": {
                "type": "Point",
                "coordinates": [
                    -56.0,
                    6.0
                ]
            },
            "properties": {
                "system_id": "INVEST_112L",
                "confidence": 0.7004361121745413,
                "uncertainty_std": 0.09477293491363525,
                "ci_95": [
                    0.5146811597438161,
                    0.8861910646052664
                ],
                "lead_time_hrs": 24,
                "movement_vector": {
                    "dlat_24h": 4.0,
                    "dlon_24h": 0.0
                },
                "trajectory": {
                    "24h": [
                        -56.0,
                        6.0
                    ],
                    "48h": [
                        -56.0,
                        10.0
                    ],
                    "72h": [
                        -59.0,
                        8.0
                    ]
                },
                "top_driver": "vvelprs",
                "ugrdprs": 0.004647363908588886,
                "vgrdprs": 0.004335370380431414,
                "vvelprs": 0.004660644568502903,
                "tmpprs": 0.004258906934410334,
                "rhprs": 0.0041857375763356686,
                "hgtprs": 0.004507298115640879,
                "absvprs": 0.0044017210602760315,
                "pressfc": 0.0003150640113744885,
                "capesfc": 0.000262642017332837,
                "tmpsfc": 0.00021561326866503805,
                "landmask": 0.0002141589211532846
            }
        },
        {
            "type": "Feature",
            "geometry": {
                "type": "Point",
                "coordinates": [
                    37.0,
                    12.0
                ]
            },
            "properties": {
                "system_id": "INVEST_113L",
                "confidence": 0.7003554605455405,
                "uncertainty_std": 0.17871825397014618,
                "ci_95": [
                    0.35006768276405403,
                    1.0
                ],
                "lead_time_hrs": 24,
                "movement_vector": {
                    "dlat_24h": 0.0,
                    "dlon_24h": 0.0
                },
                "trajectory": {
                    "24h": [
                        37.0,
                        12.0
                    ],
                    "48h": [
                        37.0,
                        12.0
                    ],
                    "72h": [
                        37.0,
                        12.0
                    ]
                },
                "top_driver": "ugrdprs",
                "ugrdprs": 0.00575239909812808,
                "vgrdprs": 0.005472417455166578,
                "vvelprs": 0.005433921702206135,
                "tmpprs": 0.005579995922744274,
                "rhprs": 0.005704033654183149,
                "hgtprs": 0.005692671053111553,
                "absvprs": 0.005370276514440775,
                "pressfc": 0.0003254907496739179,
                "capesfc": 0.0003708209260366857,
                "tmpsfc": 0.0003002938174176961,
                "landmask": 0.0004605140711646527
            }
        },
        {
            "type": "Feature",
            "geometry": {
                "type": "Point",
                "coordinates": [
                    114.0,
                    9.0
                ]
            },
            "properties": {
                "system_id": "INVEST_114L",
                "confidence": 0.7002217196996662,
                "uncertainty_std": 0.1263580173254013,
                "ci_95": [
                    0.4525600057418796,
                    0.9478834336574528
                ],
                "lead_time_hrs": 24,
                "movement_vector": {
                    "dlat_24h": -2.0,
                    "dlon_24h": 1.0
                },
                "trajectory": {
                    "24h": [
                        114.0,
                        9.0
                    ],
                    "48h": [
                        115.0,
                        7.0
                    ],
                    "72h": [
                        117.0,
                        7.0
                    ]
                },
                "top_driver": "vvelprs",
                "ugrdprs": 0.006692436523735523,
                "vgrdprs": 0.006429917179048061,
                "vvelprs": 0.006716631352901459,
                "tmpprs": 0.006515804212540388,
                "rhprs": 0.005987444426864386,
                "hgtprs": 0.006524064112454653,
                "absvprs": 0.006445559673011303,
                "pressfc": 0.00026485719718039036,
                "capesfc": 0.0003052785759791732,
                "tmpsfc": 0.000345983833540231,
                "landmask": 0.0004592356854118407
            }
        },
        {
            "type": "Feature",
            "geometry": {
                "type": "Point",
                "coordinates": [
                    92.0,
                    6.0
                ]
            },
            "properties": {
                "system_id": "INVEST_115L",
                "confidence": 0.6994978736898151,
                "uncertainty_std": 0.21886056661605835,
                "ci_95": [
                    0.2705311631223407,
                    1.0
                ],
                "lead_time_hrs": 24,
                "movement_vector": {
                    "dlat_24h": -2.0,
                    "dlon_24h": -2.0
                },
                "trajectory": {
                    "24h": [
                        92.0,
                        6.0
                    ],
                    "48h": [
                        90.0,
                        4.0
                    ],
                    "72h": [
                        90.0,
                        4.0
                    ]
                },
                "top_driver": "ugrdprs",
                "ugrdprs": 0.013455246575176716,
                "vgrdprs": 0.011644147336483002,
                "vvelprs": 0.012449043802917004,
                "tmpprs": 0.013107827864587307,
                "rhprs": 0.012737264856696129,
                "hgtprs": 0.013291437178850174,
                "absvprs": 0.011784017086029053,
                "pressfc": 0.0006380971753969789,
                "capesfc": 0.0009001247235573828,
                "tmpsfc": 0.000663903949316591,
                "landmask": 0.001035073772072792
            }
        },
        {
            "type": "Feature",
            "geometry": {
                "type": "Point",
                "coordinates": [
                    -56.0,
                    -2.0
                ]
            },
            "properties": {
                "system_id": "INVEST_116L",
                "confidence": 0.6994082286913267,
                "uncertainty_std": 0.10774253308773041,
                "ci_95": [
                    0.4882328638393751,
                    0.9105835935432782
                ],
                "lead_time_hrs": 24,
                "movement_vector": {
                    "dlat_24h": 0.0,
                    "dlon_24h": 0.0
                },
                "trajectory": {
                    "24h": [
                        -56.0,
                        -2.0
                    ],
                    "48h": [
                        -56.0,
                        -2.0
                    ],
                    "72h": [
                        -56.0,
                        -2.0
                    ]
                },
                "top_driver": "ugrdprs",
                "ugrdprs": 0.004837690852582455,
                "vgrdprs": 0.004559337627142668,
                "vvelprs": 0.004782980307936668,
                "tmpprs": 0.004513364750891924,
                "rhprs": 0.00411085644736886,
                "hgtprs": 0.00445743091404438,
                "absvprs": 0.004568140953779221,
                "pressfc": 0.0002977997937705368,
                "capesfc": 0.00023365480592474341,
                "tmpsfc": 0.00022164348047226667,
                "landmask": 0.0002875205536838621
            }
        },
        {
            "type": "Feature",
            "geometry": {
                "type": "Point",
                "coordinates": [
                    -88.0,
                    16.0
                ]
            },
            "properties": {
                "system_id": "INVEST_117L",
                "confidence": 0.6988319502214628,
                "uncertainty_std": 0.06183882802724838,
                "ci_95": [
                    0.577627847288056,
                    0.8200360531548696
                ],
                "lead_time_hrs": 24,
                "movement_vector": {
                    "dlat_24h": 1.0,
                    "dlon_24h": 0.0
                },
                "trajectory": {
                    "24h": [
                        -88.0,
                        16.0
                    ],
                    "48h": [
                        -88.0,
                        17.0
                    ],
                    "72h": [
                        -91.0,
                        20.0
                    ]
                },
                "top_driver": "ugrdprs",
                "ugrdprs": 0.005610262975096703,
                "vgrdprs": 0.005385693162679672,
                "vvelprs": 0.005396770313382149,
                "tmpprs": 0.0056024291552603245,
                "rhprs": 0.005255692172795534,
                "hgtprs": 0.005580185912549496,
                "absvprs": 0.005534069146960974,
                "pressfc": 0.0003073699481319636,
                "capesfc": 0.000286142312688753,
                "tmpsfc": 0.0003587737155612558,
                "landmask": 0.0003409263154026121
            }
        },
        {
            "type": "Feature",
            "geometry": {
                "type": "Point",
                "coordinates": [
                    141.0,
                    31.0
                ]
            },
            "properties": {
                "system_id": "INVEST_118L",
                "confidence": 0.6969149365555499,
                "uncertainty_std": 0.18700069189071655,
                "ci_95": [
                    0.3303935804497455,
                    1.0
                ],
                "lead_time_hrs": 24,
                "movement_vector": {
                    "dlat_24h": -2.0,
                    "dlon_24h": 1.0
                },
                "trajectory": {
                    "24h": [
                        141.0,
                        31.0
                    ],
                    "48h": [
                        142.0,
                        29.0
                    ],
                    "72h": [
                        143.0,
                        25.0
                    ]
                },
                "top_driver": "vgrdprs",
                "ugrdprs": 0.012014240957796574,
                "vgrdprs": 0.01279387716203928,
                "vvelprs": 0.012419930659234524,
                "tmpprs": 0.011853900738060474,
                "rhprs": 0.012477017007768154,
                "hgtprs": 0.01223947573453188,
                "absvprs": 0.012680093757808208,
                "pressfc": 0.0006861682049930096,
                "capesfc": 0.0006185519741848111,
                "tmpsfc": 0.0006254369509406388,
                "landmask": 0.0007337378920055926
            }
        },
        {
            "type": "Feature",
            "geometry": {
                "type": "Point",
                "coordinates": [
                    -142.0,
                    -8.0
                ]
            },
            "properties": {
                "system_id": "INVEST_119L",
                "confidence": 0.6960326917945674,
                "uncertainty_std": 0.07707392424345016,
                "ci_95": [
                    0.5449678002774051,
                    0.8470975833117297
                ],
                "lead_time_hrs": 24,
                "movement_vector": {
                    "dlat_24h": 0.0,
                    "dlon_24h": 2.0
                },
                "trajectory": {
                    "24h": [
                        -142.0,
                        -8.0
                    ],
                    "48h": [
                        -140.0,
                        -8.0
                    ],
                    "72h": [
                        -140.0,
                        -11.0
                    ]
                },
                "top_driver": "hgtprs",
                "ugrdprs": 0.008228400722146034,
                "vgrdprs": 0.008050302043557167,
                "vvelprs": 0.008273904211819172,
                "tmpprs": 0.00788032729178667,
                "rhprs": 0.007694263942539692,
                "hgtprs": 0.008331473916769028,
                "absvprs": 0.008287254720926285,
                "pressfc": 0.00044052134035155177,
                "capesfc": 0.0004343921900726855,
                "tmpsfc": 0.0005131282960064709,
                "landmask": 0.0004119086661376059
            }
        },
        {
            "type": "Feature",
            "geometry": {
                "type": "Point",
                "coordinates": [
                    168.0,
                    28.0
                ]
            },
            "properties": {
                "system_id": "INVEST_120L",
                "confidence": 0.695740845015526,
                "uncertainty_std": 0.0836075097322464,
                "ci_95": [
                    0.5318701259403231,
                    0.8596115640907289
                ],
                "lead_time_hrs": 24,
                "movement_vector": {
                    "dlat_24h": 1.0,
                    "dlon_24h": 0.0
                },
                "trajectory": {
                    "24h": [
                        168.0,
                        28.0
                    ],
                    "48h": [
                        168.0,
                        29.0
                    ],
                    "72h": [
                        168.0,
                        27.0
                    ]
                },
                "top_driver": "ugrdprs",
                "ugrdprs": 0.0050248075276613235,
                "vgrdprs": 0.004860265180468559,
                "vvelprs": 0.004661019891500473,
                "tmpprs": 0.004827150143682957,
                "rhprs": 0.004598427098244429,
                "hgtprs": 0.004945474211126566,
                "absvprs": 0.004809635691344738,
                "pressfc": 0.00031240645330399275,
                "capesfc": 0.000283783592749387,
                "tmpsfc": 0.00027020700508728623,
                "landmask": 0.00019242001872044057
            }
        },
        {
            "type": "Feature",
            "geometry": {
                "type": "Point",
                "coordinates": [
                    106.0,
                    4.0
                ]
            },
            "properties": {
                "system_id": "INVEST_121L",
                "confidence": 0.6940228849529082,
                "uncertainty_std": 0.10381253808736801,
                "ci_95": [
                    0.4905503103016669,
                    0.8974954596041496
                ],
                "lead_time_hrs": 24,
                "movement_vector": {
                    "dlat_24h": -2.0,
                    "dlon_24h": -1.0
                },
                "trajectory": {
                    "24h": [
                        106.0,
                        4.0
                    ],
                    "48h": [
                        105.0,
                        2.0
                    ],
                    "72h": [
                        104.0,
                        0.0
                    ]
                },
                "top_driver": "ugrdprs",
                "ugrdprs": 0.009887885302305222,
                "vgrdprs": 0.009413202293217182,
                "vvelprs": 0.009375031106173992,
                "tmpprs": 0.009562932886183262,
                "rhprs": 0.009531783871352673,
                "hgtprs": 0.009581581689417362,
                "absvprs": 0.0095670772716403,
                "pressfc": 0.0005957881221547723,
                "capesfc": 0.0005238523590378463,
                "tmpsfc": 0.0005141313304193318,
                "landmask": 0.0008008034783415496
            }
        },
        {
            "type": "Feature",
            "geometry": {
                "type": "Point",
                "coordinates": [
                    140.0,
                    13.0
                ]
            },
            "properties": {
                "system_id": "INVEST_122L",
                "confidence": 0.6939977949324555,
                "uncertainty_std": 0.09900892525911331,
                "ci_95": [
                    0.49994030142459345,
                    0.8880552884403176
                ],
                "lead_time_hrs": 24,
                "movement_vector": {
                    "dlat_24h": -1.0,
                    "dlon_24h": -1.0
                },
                "trajectory": {
                    "24h": [
                        140.0,
                        13.0
                    ],
                    "48h": [
                        139.0,
                        12.0
                    ],
                    "72h": [
                        138.0,
                        14.0
                    ]
                },
                "top_driver": "ugrdprs",
                "ugrdprs": 0.004936159122735262,
                "vgrdprs": 0.004540520254522562,
                "vvelprs": 0.004603664390742779,
                "tmpprs": 0.004689386114478111,
                "rhprs": 0.004575829952955246,
                "hgtprs": 0.00476695504039526,
                "absvprs": 0.004893630277365446,
                "pressfc": 0.00023090699687600136,
                "capesfc": 0.00024164114438463002,
                "tmpsfc": 0.0002745874226093292,
                "landmask": 0.00038631472853012383
            }
        },
        {
            "type": "Feature",
            "geometry": {
                "type": "Point",
                "coordinates": [
                    -90.0,
                    -6.0
                ]
            },
            "properties": {
                "system_id": "INVEST_123L",
                "confidence": 0.6938752676409036,
                "uncertainty_std": 0.07813140004873276,
                "ci_95": [
                    0.5407377235453874,
                    0.8470128117364197
                ],
                "lead_time_hrs": 24,
                "movement_vector": {
                    "dlat_24h": 3.0,
                    "dlon_24h": 2.0
                },
                "trajectory": {
                    "24h": [
                        -90.0,
                        -6.0
                    ],
                    "48h": [
                        -88.0,
                        -3.0
                    ],
                    "72h": [
                        -91.0,
                        -2.0
                    ]
                },
                "top_driver": "ugrdprs",
                "ugrdprs": 0.00553085096180439,
                "vgrdprs": 0.005320526659488678,
                "vvelprs": 0.005441721994429827,
                "tmpprs": 0.005509499926120043,
                "rhprs": 0.005381617695093155,
                "hgtprs": 0.005514103453606367,
                "absvprs": 0.005292871501296759,
                "pressfc": 0.00032135090441443026,
                "capesfc": 0.00028814893448725343,
                "tmpsfc": 0.00034984518424607813,
                "landmask": 0.0004176843212917447
            }
        },
        {
            "type": "Feature",
            "geometry": {
                "type": "Point",
                "coordinates": [
                    124.0,
                    23.0
                ]
            },
            "properties": {
                "system_id": "INVEST_124L",
                "confidence": 0.6937896813061052,
                "uncertainty_std": 0.12324879318475723,
                "ci_95": [
                    0.452222046663981,
                    0.9353573159482294
                ],
                "lead_time_hrs": 24,
                "movement_vector": {
                    "dlat_24h": -2.0,
                    "dlon_24h": -1.0
                },
                "trajectory": {
                    "24h": [
                        124.0,
                        23.0
                    ],
                    "48h": [
                        123.0,
                        21.0
                    ],
                    "72h": [
                        122.0,
                        19.0
                    ]
                },
                "top_driver": "ugrdprs",
                "ugrdprs": 0.004529161844402552,
                "vgrdprs": 0.004163794219493866,
                "vvelprs": 0.0041518257930874825,
                "tmpprs": 0.004152634181082249,
                "rhprs": 0.004034407436847687,
                "hgtprs": 0.004277602769434452,
                "absvprs": 0.004243750590831041,
                "pressfc": 0.00022240779071580619,
                "capesfc": 0.00022883784549776465,
                "tmpsfc": 0.00018740844097919762,
                "landmask": 0.00039266495150513947
            }
        },
        {
            "type": "Feature",
            "geometry": {
                "type": "Point",
                "coordinates": [
                    -17.0,
                    5.0
                ]
            },
            "properties": {
                "system_id": "INVEST_125L",
                "confidence": 0.6934514974202419,
                "uncertainty_std": 0.07623184472322464,
                "ci_95": [
                    0.5440370817627216,
                    0.8428659130777623
                ],
                "lead_time_hrs": 24,
                "movement_vector": {
                    "dlat_24h": 0.0,
                    "dlon_24h": -3.0
                },
                "trajectory": {
                    "24h": [
                        -17.0,
                        5.0
                    ],
                    "48h": [
                        -20.0,
                        5.0
                    ],
                    "72h": [
                        -18.0,
                        5.0
                    ]
                },
                "top_driver": "vvelprs",
                "ugrdprs": 0.004429948050528765,
                "vgrdprs": 0.004391233902424574,
                "vvelprs": 0.004526160657405853,
                "tmpprs": 0.004209201782941818,
                "rhprs": 0.003965334966778755,
                "hgtprs": 0.0043430328369140625,
                "absvprs": 0.004310739226639271,
                "pressfc": 0.00020069992751814425,
                "capesfc": 0.000169650767929852,
                "tmpsfc": 0.00016172166215255857,
                "landmask": 0.0003264905826654285
            }
        },
        {
            "type": "Feature",
            "geometry": {
                "type": "Point",
                "coordinates": [
                    139.0,
                    20.0
                ]
            },
            "properties": {
                "system_id": "INVEST_126L",
                "confidence": 0.6919433761451139,
                "uncertainty_std": 0.09899429231882095,
                "ci_95": [
                    0.49791456320022487,
                    0.885972189090003
                ],
                "lead_time_hrs": 24,
                "movement_vector": {
                    "dlat_24h": 1.0,
                    "dlon_24h": -2.0
                },
                "trajectory": {
                    "24h": [
                        139.0,
                        20.0
                    ],
                    "48h": [
                        137.0,
                        21.0
                    ],
                    "72h": [
                        139.0,
                        20.0
                    ]
                },
                "top_driver": "ugrdprs",
                "ugrdprs": 0.00478486018255353,
                "vgrdprs": 0.004559044726192951,
                "vvelprs": 0.00434067053720355,
                "tmpprs": 0.00449263583868742,
                "rhprs": 0.004251222591847181,
                "hgtprs": 0.004437243565917015,
                "absvprs": 0.004500173963606358,
                "pressfc": 0.00027339046937413514,
                "capesfc": 0.0002665929205249995,
                "tmpsfc": 0.00023955029610078782,
                "landmask": 0.00019421403703745455
            }
        },
        {
            "type": "Feature",
            "geometry": {
                "type": "Point",
                "coordinates": [
                    134.0,
                    24.0
                ]
            },
            "properties": {
                "system_id": "INVEST_127L",
                "confidence": 0.6913519483260753,
                "uncertainty_std": 0.05954471975564957,
                "ci_95": [
                    0.5746442976050021,
                    0.8080595990471484
                ],
                "lead_time_hrs": 24,
                "movement_vector": {
                    "dlat_24h": 0.0,
                    "dlon_24h": -1.0
                },
                "trajectory": {
                    "24h": [
                        134.0,
                        24.0
                    ],
                    "48h": [
                        133.0,
                        24.0
                    ],
                    "72h": [
                        131.0,
                        26.0
                    ]
                },
                "top_driver": "ugrdprs",
                "ugrdprs": 0.006206383928656578,
                "vgrdprs": 0.005563646554946899,
                "vvelprs": 0.005961973685771227,
                "tmpprs": 0.005798899568617344,
                "rhprs": 0.005590937100350857,
                "hgtprs": 0.005601664539426565,
                "absvprs": 0.005824572406709194,
                "pressfc": 0.0003651340084616095,
                "capesfc": 0.0003463072353042662,
                "tmpsfc": 0.0003333328932058066,
                "landmask": 0.0003979011089541018
            }
        },
        {
            "type": "Feature",
            "geometry": {
                "type": "Point",
                "coordinates": [
                    84.0,
                    -5.0
                ]
            },
            "properties": {
                "system_id": "INVEST_128L",
                "confidence": 0.6891019738481896,
                "uncertainty_std": 0.08132395148277283,
                "ci_95": [
                    0.5297070289419549,
                    0.8484969187544243
                ],
                "lead_time_hrs": 24,
                "movement_vector": {
                    "dlat_24h": 2.0,
                    "dlon_24h": -2.0
                },
                "trajectory": {
                    "24h": [
                        84.0,
                        -5.0
                    ],
                    "48h": [
                        82.0,
                        -3.0
                    ],
                    "72h": [
                        80.0,
                        -4.0
                    ]
                },
                "top_driver": "ugrdprs",
                "ugrdprs": 0.006604489870369434,
                "vgrdprs": 0.006069620605558157,
                "vvelprs": 0.005926834885030985,
                "tmpprs": 0.006112862844020128,
                "rhprs": 0.006106551270931959,
                "hgtprs": 0.006066239904612303,
                "absvprs": 0.006095082499086857,
                "pressfc": 0.0003352319181431085,
                "capesfc": 0.0002666747313924134,
                "tmpsfc": 0.00040860616718418896,
                "landmask": 0.0003427943156566471
            }
        },
        {
            "type": "Feature",
            "geometry": {
                "type": "Point",
                "coordinates": [
                    -45.0,
                    35.0
                ]
            },
            "properties": {
                "system_id": "INVEST_129L",
                "confidence": 0.6857526913630966,
                "uncertainty_std": 0.06693755835294724,
                "ci_95": [
                    0.55455507699132,
                    0.8169503057348732
                ],
                "lead_time_hrs": 24,
                "movement_vector": {
                    "dlat_24h": -2.0,
                    "dlon_24h": 0.0
                },
                "trajectory": {
                    "24h": [
                        -45.0,
                        35.0
                    ],
                    "48h": [
                        -45.0,
                        33.0
                    ],
                    "72h": [
                        -46.0,
                        30.0
                    ]
                },
                "top_driver": "ugrdprs",
                "ugrdprs": 0.004782140254974365,
                "vgrdprs": 0.00452074920758605,
                "vvelprs": 0.00432446226477623,
                "tmpprs": 0.004484521225094795,
                "rhprs": 0.0042175366543233395,
                "hgtprs": 0.004295740742236376,
                "absvprs": 0.004428682383149862,
                "pressfc": 0.00027501891599968076,
                "capesfc": 0.0002457372029311955,
                "tmpsfc": 0.00021085477783344686,
                "landmask": 0.0002459092647768557
            }
        },
        {
            "type": "Feature",
            "geometry": {
                "type": "Point",
                "coordinates": [
                    36.0,
                    4.0
                ]
            },
            "properties": {
                "system_id": "INVEST_130L",
                "confidence": 0.6856776542379762,
                "uncertainty_std": 0.16970041394233704,
                "ci_95": [
                    0.35306484291099566,
                    1.0
                ],
                "lead_time_hrs": 24,
                "movement_vector": {
                    "dlat_24h": 0.0,
                    "dlon_24h": 0.0
                },
                "trajectory": {
                    "24h": [
                        36.0,
                        4.0
                    ],
                    "48h": [
                        36.0,
                        4.0
                    ],
                    "72h": [
                        36.0,
                        4.0
                    ]
                },
                "top_driver": "ugrdprs",
                "ugrdprs": 0.006430929526686668,
                "vgrdprs": 0.005866533610969782,
                "vvelprs": 0.005902663338929415,
                "tmpprs": 0.006194825284183025,
                "rhprs": 0.0056289504282176495,
                "hgtprs": 0.0058618513867259026,
                "absvprs": 0.0059774634428322315,
                "pressfc": 0.000351431081071496,
                "capesfc": 0.00028431054670363665,
                "tmpsfc": 0.00029056446510367095,
                "landmask": 0.000465637567685917
            }
        },
        {
            "type": "Feature",
            "geometry": {
                "type": "Point",
                "coordinates": [
                    2.0,
                    -7.0
                ]
            },
            "properties": {
                "system_id": "INVEST_131L",
                "confidence": 0.6851037530315741,
                "uncertainty_std": 0.12995338439941406,
                "ci_95": [
                    0.43039511960872257,
                    0.9398123864544257
                ],
                "lead_time_hrs": 24,
                "movement_vector": {
                    "dlat_24h": -4.0,
                    "dlon_24h": 1.0
                },
                "trajectory": {
                    "24h": [
                        2.0,
                        -7.0
                    ],
                    "48h": [
                        3.0,
                        -11.0
                    ],
                    "72h": [
                        9.0,
                        -6.0
                    ]
                },
                "top_driver": "ugrdprs",
                "ugrdprs": 0.00491696922108531,
                "vgrdprs": 0.004757280927151442,
                "vvelprs": 0.004709434695541859,
                "tmpprs": 0.004678221419453621,
                "rhprs": 0.00462859682738781,
                "hgtprs": 0.004777036141604185,
                "absvprs": 0.004757356829941273,
                "pressfc": 0.00030971565865911543,
                "capesfc": 0.00028700512484647334,
                "tmpsfc": 0.00023444011458195746,
                "landmask": 0.00033322241506539285
            }
        },
        {
            "type": "Feature",
            "geometry": {
                "type": "Point",
                "coordinates": [
                    -119.0,
                    34.0
                ]
            },
            "properties": {
                "system_id": "INVEST_132L",
                "confidence": 0.6845509911589817,
                "uncertainty_std": 0.2345876544713974,
                "ci_95": [
                    0.22475918839504277,
                    1.0
                ],
                "lead_time_hrs": 24,
                "movement_vector": {
                    "dlat_24h": -1.0,
                    "dlon_24h": 0.0
                },
                "trajectory": {
                    "24h": [
                        -119.0,
                        34.0
                    ],
                    "48h": [
                        -119.0,
                        33.0
                    ],
                    "72h": [
                        -120.0,
                        30.0
                    ]
                },
                "top_driver": "tmpprs",
                "ugrdprs": 0.012259887531399727,
                "vgrdprs": 0.011526491492986679,
                "vvelprs": 0.012060968205332756,
                "tmpprs": 0.012589685618877411,
                "rhprs": 0.01170587632805109,
                "hgtprs": 0.01141936331987381,
                "absvprs": 0.011347461491823196,
                "pressfc": 0.0007054360467009246,
                "capesfc": 0.0006354101351462305,
                "tmpsfc": 0.000651160953566432,
                "landmask": 0.0005342229269444942
            }
        },
        {
            "type": "Feature",
            "geometry": {
                "type": "Point",
                "coordinates": [
                    -152.0,
                    -7.0
                ]
            },
            "properties": {
                "system_id": "INVEST_133L",
                "confidence": 0.6842070217274577,
                "uncertainty_std": 0.09275669604539871,
                "ci_95": [
                    0.5024038974784762,
                    0.8660101459764392
                ],
                "lead_time_hrs": 24,
                "movement_vector": {
                    "dlat_24h": -1.0,
                    "dlon_24h": -4.0
                },
                "trajectory": {
                    "24h": [
                        -152.0,
                        -7.0
                    ],
                    "48h": [
                        -156.0,
                        -8.0
                    ],
                    "72h": [
                        -156.0,
                        -9.0
                    ]
                },
                "top_driver": "ugrdprs",
                "ugrdprs": 0.0049413712695240974,
                "vgrdprs": 0.004625948145985603,
                "vvelprs": 0.004932932555675507,
                "tmpprs": 0.004735467955470085,
                "rhprs": 0.004518176894634962,
                "hgtprs": 0.004844521638005972,
                "absvprs": 0.0048831552267074585,
                "pressfc": 0.0002793908352032304,
                "capesfc": 0.0002206530625699088,
                "tmpsfc": 0.0002928429457824677,
                "landmask": 0.00019836057617794722
            }
        },
        {
            "type": "Feature",
            "geometry": {
                "type": "Point",
                "coordinates": [
                    120.0,
                    1.0
                ]
            },
            "properties": {
                "system_id": "INVEST_134L",
                "confidence": 0.6837958258756612,
                "uncertainty_std": 0.075223907828331,
                "ci_95": [
                    0.5363569665321325,
                    0.83123468521919
                ],
                "lead_time_hrs": 24,
                "movement_vector": {
                    "dlat_24h": 3.0,
                    "dlon_24h": -1.0
                },
                "trajectory": {
                    "24h": [
                        120.0,
                        1.0
                    ],
                    "48h": [
                        119.0,
                        4.0
                    ],
                    "72h": [
                        117.0,
                        7.0
                    ]
                },
                "top_driver": "hgtprs",
                "ugrdprs": 0.009618083946406841,
                "vgrdprs": 0.009583129547536373,
                "vvelprs": 0.00982439611107111,
                "tmpprs": 0.008915236219763756,
                "rhprs": 0.008729035034775734,
                "hgtprs": 0.009889095090329647,
                "absvprs": 0.009150305762887001,
                "pressfc": 0.0004628337046597153,
                "capesfc": 0.0004961029626429081,
                "tmpsfc": 0.0005059817340224981,
                "landmask": 0.0004910645075142384
            }
        },
        {
            "type": "Feature",
            "geometry": {
                "type": "Point",
                "coordinates": [
                    -154.0,
                    17.0
                ]
            },
            "properties": {
                "system_id": "INVEST_135L",
                "confidence": 0.6837077124824201,
                "uncertainty_std": 0.1147308275103569,
                "ci_95": [
                    0.4588352905621206,
                    0.9085801344027197
                ],
                "lead_time_hrs": 24,
                "movement_vector": {
                    "dlat_24h": -2.0,
                    "dlon_24h": 1.0
                },
                "trajectory": {
                    "24h": [
                        -154.0,
                        17.0
                    ],
                    "48h": [
                        -153.0,
                        15.0
                    ],
                    "72h": [
                        -157.0,
                        11.0
                    ]
                },
                "top_driver": "ugrdprs",
                "ugrdprs": 0.005378628149628639,
                "vgrdprs": 0.004961379803717136,
                "vvelprs": 0.0053513431921601295,
                "tmpprs": 0.005096098408102989,
                "rhprs": 0.004483042750507593,
                "hgtprs": 0.005219887010753155,
                "absvprs": 0.005138368345797062,
                "pressfc": 0.0002851563913282007,
                "capesfc": 0.0002509475452825427,
                "tmpsfc": 0.0003076738503295928,
                "landmask": 0.0002635172277223319
            }
        },
        {
            "type": "Feature",
            "geometry": {
                "type": "Point",
                "coordinates": [
                    -130.0,
                    4.0
                ]
            },
            "properties": {
                "system_id": "INVEST_136L",
                "confidence": 0.6800708955005171,
                "uncertainty_std": 0.12391185015439987,
                "ci_95": [
                    0.4372036691978934,
                    0.9229381218031409
                ],
                "lead_time_hrs": 24,
                "movement_vector": {
                    "dlat_24h": 1.0,
                    "dlon_24h": 3.0
                },
                "trajectory": {
                    "24h": [
                        -130.0,
                        4.0
                    ],
                    "48h": [
                        -127.0,
                        5.0
                    ],
                    "72h": [
                        -127.0,
                        2.0
                    ]
                },
                "top_driver": "vvelprs",
                "ugrdprs": 0.006429695524275303,
                "vgrdprs": 0.006388207897543907,
                "vvelprs": 0.0065636904910206795,
                "tmpprs": 0.006113564129918814,
                "rhprs": 0.006219581700861454,
                "hgtprs": 0.006494686473160982,
                "absvprs": 0.006279919296503067,
                "pressfc": 0.0004448225081432611,
                "capesfc": 0.00032607573666609824,
                "tmpsfc": 0.0002991481451317668,
                "landmask": 0.0004931180737912655
            }
        },
        {
            "type": "Feature",
            "geometry": {
                "type": "Point",
                "coordinates": [
                    -60.0,
                    28.0
                ]
            },
            "properties": {
                "system_id": "INVEST_137L",
                "confidence": 0.6798607825907355,
                "uncertainty_std": 0.07340865582227707,
                "ci_95": [
                    0.5359798171790724,
                    0.8237417480023985
                ],
                "lead_time_hrs": 24,
                "movement_vector": {
                    "dlat_24h": 1.0,
                    "dlon_24h": -1.0
                },
                "trajectory": {
                    "24h": [
                        -60.0,
                        28.0
                    ],
                    "48h": [
                        -61.0,
                        29.0
                    ],
                    "72h": [
                        -64.0,
                        29.0
                    ]
                },
                "top_driver": "ugrdprs",
                "ugrdprs": 0.006213956046849489,
                "vgrdprs": 0.005968160927295685,
                "vvelprs": 0.005896059796214104,
                "tmpprs": 0.006010560784488916,
                "rhprs": 0.00575329689309001,
                "hgtprs": 0.006004375405609608,
                "absvprs": 0.00592832500115037,
                "pressfc": 0.00036301559885032475,
                "capesfc": 0.00032339669996872544,
                "tmpsfc": 0.00041016252362169325,
                "landmask": 0.00043424643808975816
            }
        },
        {
            "type": "Feature",
            "geometry": {
                "type": "Point",
                "coordinates": [
                    153.0,
                    25.0
                ]
            },
            "properties": {
                "system_id": "INVEST_138L",
                "confidence": 0.6764834787601852,
                "uncertainty_std": 0.140138640999794,
                "ci_95": [
                    0.401811742400589,
                    0.9511552151197815
                ],
                "lead_time_hrs": 24,
                "movement_vector": {
                    "dlat_24h": -1.0,
                    "dlon_24h": -2.0
                },
                "trajectory": {
                    "24h": [
                        153.0,
                        25.0
                    ],
                    "48h": [
                        151.0,
                        24.0
                    ],
                    "72h": [
                        151.0,
                        25.0
                    ]
                },
                "top_driver": "ugrdprs",
                "ugrdprs": 0.009861700236797333,
                "vgrdprs": 0.008948630653321743,
                "vvelprs": 0.009629802778363228,
                "tmpprs": 0.00928354449570179,
                "rhprs": 0.008967085741460323,
                "hgtprs": 0.009601659141480923,
                "absvprs": 0.009264612570405006,
                "pressfc": 0.0006660591461695731,
                "capesfc": 0.00047046830877661705,
                "tmpsfc": 0.0005467964801937342,
                "landmask": 0.0006371894269250333
            }
        },
        {
            "type": "Feature",
            "geometry": {
                "type": "Point",
                "coordinates": [
                    68.0,
                    23.0
                ]
            },
            "properties": {
                "system_id": "INVEST_139L",
                "confidence": 0.6757663601395638,
                "uncertainty_std": 0.09328721463680267,
                "ci_95": [
                    0.4929234194514306,
                    0.858609300827697
                ],
                "lead_time_hrs": 24,
                "movement_vector": {
                    "dlat_24h": 1.0,
                    "dlon_24h": 3.0
                },
                "trajectory": {
                    "24h": [
                        68.0,
                        23.0
                    ],
                    "48h": [
                        71.0,
                        24.0
                    ],
                    "72h": [
                        71.0,
                        24.0
                    ]
                },
                "top_driver": "vvelprs",
                "ugrdprs": 0.00520606804639101,
                "vgrdprs": 0.005101647228002548,
                "vvelprs": 0.005419713910669088,
                "tmpprs": 0.004848809447139502,
                "rhprs": 0.005077073350548744,
                "hgtprs": 0.005063402932137251,
                "absvprs": 0.005061919800937176,
                "pressfc": 0.00029873911989852786,
                "capesfc": 0.00029837555484846234,
                "tmpsfc": 0.0002757153706625104,
                "landmask": 0.0002566468610893935
            }
        },
        {
            "type": "Feature",
            "geometry": {
                "type": "Point",
                "coordinates": [
                    -95.0,
                    -7.0
                ]
            },
            "properties": {
                "system_id": "INVEST_140L",
                "confidence": 0.6749554682139702,
                "uncertainty_std": 0.10574658960103989,
                "ci_95": [
                    0.46769215259593205,
                    0.8822187838320084
                ],
                "lead_time_hrs": 24,
                "movement_vector": {
                    "dlat_24h": 5.0,
                    "dlon_24h": 2.0
                },
                "trajectory": {
                    "24h": [
                        -95.0,
                        -7.0
                    ],
                    "48h": [
                        -93.0,
                        -2.0
                    ],
                    "72h": [
                        -91.0,
                        -2.0
                    ]
                },
                "top_driver": "ugrdprs",
                "ugrdprs": 0.005911757703870535,
                "vgrdprs": 0.005448943469673395,
                "vvelprs": 0.005616234615445137,
                "tmpprs": 0.005425409879535437,
                "rhprs": 0.005220470484346151,
                "hgtprs": 0.0054270499385893345,
                "absvprs": 0.005565408617258072,
                "pressfc": 0.0002858153311535716,
                "capesfc": 0.0002410208253422752,
                "tmpsfc": 0.00039119465509429574,
                "landmask": 0.0003538285382091999
            }
        },
        {
            "type": "Feature",
            "geometry": {
                "type": "Point",
                "coordinates": [
                    135.0,
                    34.0
                ]
            },
            "properties": {
                "system_id": "INVEST_141L",
                "confidence": 0.6735399629232663,
                "uncertainty_std": 0.137505441904068,
                "ci_95": [
                    0.40402929679129307,
                    0.9430506290552396
                ],
                "lead_time_hrs": 24,
                "movement_vector": {
                    "dlat_24h": -1.0,
                    "dlon_24h": 0.0
                },
                "trajectory": {
                    "24h": [
                        135.0,
                        34.0
                    ],
                    "48h": [
                        135.0,
                        33.0
                    ],
                    "72h": [
                        137.0,
                        34.0
                    ]
                },
                "top_driver": "ugrdprs",
                "ugrdprs": 0.00570876756682992,
                "vgrdprs": 0.005559562239795923,
                "vvelprs": 0.005403272341936827,
                "tmpprs": 0.005618859548121691,
                "rhprs": 0.005259667988866568,
                "hgtprs": 0.005431710742413998,
                "absvprs": 0.005397157743573189,
                "pressfc": 0.00038525418494828045,
                "capesfc": 0.00028824174660257995,
                "tmpsfc": 0.00020517931261565536,
                "landmask": 0.0002572246303316206
            }
        },
        {
            "type": "Feature",
            "geometry": {
                "type": "Point",
                "coordinates": [
                    -3.0,
                    0.0
                ]
            },
            "properties": {
                "system_id": "INVEST_142L",
                "confidence": 0.6714316469504668,
                "uncertainty_std": 0.10985451191663742,
                "ci_95": [
                    0.4561168035938574,
                    0.8867464903070761
                ],
                "lead_time_hrs": 24,
                "movement_vector": {
                    "dlat_24h": -1.0,
                    "dlon_24h": 1.0
                },
                "trajectory": {
                    "24h": [
                        -3.0,
                        0.0
                    ],
                    "48h": [
                        -2.0,
                        -1.0
                    ],
                    "72h": [
                        0.0,
                        1.0
                    ]
                },
                "top_driver": "ugrdprs",
                "ugrdprs": 0.009557192213833332,
                "vgrdprs": 0.008590476587414742,
                "vvelprs": 0.00930645689368248,
                "tmpprs": 0.009379801340401173,
                "rhprs": 0.00834757648408413,
                "hgtprs": 0.009543164633214474,
                "absvprs": 0.00899603869765997,
                "pressfc": 0.00046461407328024507,
                "capesfc": 0.0004395050054881722,
                "tmpsfc": 0.0004960750229656696,
                "landmask": 0.0006993981078267097
            }
        },
        {
            "type": "Feature",
            "geometry": {
                "type": "Point",
                "coordinates": [
                    -166.0,
                    -9.0
                ]
            },
            "properties": {
                "system_id": "INVEST_143L",
                "confidence": 0.6712984140926082,
                "uncertainty_std": 0.11525484174489975,
                "ci_95": [
                    0.44539892427260463,
                    0.8971979039126117
                ],
                "lead_time_hrs": 24,
                "movement_vector": {
                    "dlat_24h": 1.0,
                    "dlon_24h": 0.0
                },
                "trajectory": {
                    "24h": [
                        -166.0,
                        -9.0
                    ],
                    "48h": [
                        -166.0,
                        -8.0
                    ],
                    "72h": [
                        -164.0,
                        -9.0
                    ]
                },
                "top_driver": "ugrdprs",
                "ugrdprs": 0.007345396094024181,
                "vgrdprs": 0.0066969553008675575,
                "vvelprs": 0.006598444655537605,
                "tmpprs": 0.006733843125402927,
                "rhprs": 0.0067182243801653385,
                "hgtprs": 0.006871717516332865,
                "absvprs": 0.007289771921932697,
                "pressfc": 0.00046761537669226527,
                "capesfc": 0.00029026655829511583,
                "tmpsfc": 0.0004874437872786075,
                "landmask": 0.0003893329412676394
            }
        },
        {
            "type": "Feature",
            "geometry": {
                "type": "Point",
                "coordinates": [
                    -94.0,
                    3.0
                ]
            },
            "properties": {
                "system_id": "INVEST_144L",
                "confidence": 0.6710304034667804,
                "uncertainty_std": 0.126470148563385,
                "ci_95": [
                    0.4231489122825458,
                    0.9189118946510151
                ],
                "lead_time_hrs": 24,
                "movement_vector": {
                    "dlat_24h": 0.0,
                    "dlon_24h": 3.0
                },
                "trajectory": {
                    "24h": [
                        -94.0,
                        3.0
                    ],
                    "48h": [
                        -91.0,
                        3.0
                    ],
                    "72h": [
                        -91.0,
                        -2.0
                    ]
                },
                "top_driver": "ugrdprs",
                "ugrdprs": 0.006428664084523916,
                "vgrdprs": 0.006102565210312605,
                "vvelprs": 0.006336954887956381,
                "tmpprs": 0.006090601906180382,
                "rhprs": 0.005575098097324371,
                "hgtprs": 0.0061276741325855255,
                "absvprs": 0.0060014864429831505,
                "pressfc": 0.00034670589957386255,
                "capesfc": 0.00024202000349760056,
                "tmpsfc": 0.0003780538390856236,
                "landmask": 0.0002679178724065423
            }
        },
        {
            "type": "Feature",
            "geometry": {
                "type": "Point",
                "coordinates": [
                    149.0,
                    6.0
                ]
            },
            "properties": {
                "system_id": "INVEST_145L",
                "confidence": 0.6678094481399628,
                "uncertainty_std": 0.051079876720905304,
                "ci_95": [
                    0.5676928897669884,
                    0.7679260065129372
                ],
                "lead_time_hrs": 24,
                "movement_vector": {
                    "dlat_24h": -2.0,
                    "dlon_24h": 1.0
                },
                "trajectory": {
                    "24h": [
                        149.0,
                        6.0
                    ],
                    "48h": [
                        150.0,
                        4.0
                    ],
                    "72h": [
                        150.0,
                        5.0
                    ]
                },
                "top_driver": "ugrdprs",
                "ugrdprs": 0.004461006727069616,
                "vgrdprs": 0.0040819887071847916,
                "vvelprs": 0.004205844830721617,
                "tmpprs": 0.004299906548112631,
                "rhprs": 0.0041675386019051075,
                "hgtprs": 0.004146107938140631,
                "absvprs": 0.00429617241024971,
                "pressfc": 0.00025257671950384974,
                "capesfc": 0.00022383149189408869,
                "tmpsfc": 0.0002061469858745113,
                "landmask": 0.00029821950010955334
            }
        },
        {
            "type": "Feature",
            "geometry": {
                "type": "Point",
                "coordinates": [
                    121.0,
                    33.0
                ]
            },
            "properties": {
                "system_id": "INVEST_146L",
                "confidence": 0.6677472622016479,
                "uncertainty_std": 0.20162977278232574,
                "ci_95": [
                    0.2725529075482895,
                    1.0
                ],
                "lead_time_hrs": 24,
                "movement_vector": {
                    "dlat_24h": 0.0,
                    "dlon_24h": 0.0
                },
                "trajectory": {
                    "24h": [
                        121.0,
                        33.0
                    ],
                    "48h": [
                        121.0,
                        33.0
                    ],
                    "72h": [
                        121.0,
                        34.0
                    ]
                },
                "top_driver": "hgtprs",
                "ugrdprs": 0.009580099023878574,
                "vgrdprs": 0.009499775245785713,
                "vvelprs": 0.009537629783153534,
                "tmpprs": 0.009370418265461922,
                "rhprs": 0.009676221758127213,
                "hgtprs": 0.009970415383577347,
                "absvprs": 0.009251069277524948,
                "pressfc": 0.0007744086906313896,
                "capesfc": 0.00044689152855426073,
                "tmpsfc": 0.00048273420543409884,
                "landmask": 0.0005846309359185398
            }
        },
        {
            "type": "Feature",
            "geometry": {
                "type": "Point",
                "coordinates": [
                    69.0,
                    -3.0
                ]
            },
            "properties": {
                "system_id": "INVEST_147L",
                "confidence": 0.6674974956354739,
                "uncertainty_std": 0.13384310901165009,
                "ci_95": [
                    0.4051650019726397,
                    0.9298299892983081
                ],
                "lead_time_hrs": 24,
                "movement_vector": {
                    "dlat_24h": 2.0,
                    "dlon_24h": 0.0
                },
                "trajectory": {
                    "24h": [
                        69.0,
                        -3.0
                    ],
                    "48h": [
                        69.0,
                        -1.0
                    ],
                    "72h": [
                        68.0,
                        0.0
                    ]
                },
                "top_driver": "ugrdprs",
                "ugrdprs": 0.006961162202060223,
                "vgrdprs": 0.006285725627094507,
                "vvelprs": 0.006567526143044233,
                "tmpprs": 0.006141713820397854,
                "rhprs": 0.005942381452769041,
                "hgtprs": 0.006132830865681171,
                "absvprs": 0.006530986167490482,
                "pressfc": 0.00043932374683208764,
                "capesfc": 0.0003405549796298146,
                "tmpsfc": 0.00033158721635118127,
                "landmask": 0.0003768854367081076
            }
        },
        {
            "type": "Feature",
            "geometry": {
                "type": "Point",
                "coordinates": [
                    -32.0,
                    14.0
                ]
            },
            "properties": {
                "system_id": "INVEST_148L",
                "confidence": 0.6620117461065883,
                "uncertainty_std": 0.11175931245088577,
                "ci_95": [
                    0.4429634937028522,
                    0.8810599985103245
                ],
                "lead_time_hrs": 24,
                "movement_vector": {
                    "dlat_24h": -1.0,
                    "dlon_24h": 1.0
                },
                "trajectory": {
                    "24h": [
                        -32.0,
                        14.0
                    ],
                    "48h": [
                        -31.0,
                        13.0
                    ],
                    "72h": [
                        -31.0,
                        10.0
                    ]
                },
                "top_driver": "ugrdprs",
                "ugrdprs": 0.004300463944673538,
                "vgrdprs": 0.003843747079372406,
                "vvelprs": 0.004197539761662483,
                "tmpprs": 0.003975825849920511,
                "rhprs": 0.00354771688580513,
                "hgtprs": 0.004132810980081558,
                "absvprs": 0.0041773696430027485,
                "pressfc": 0.00024283806851599365,
                "capesfc": 0.0002042028500000015,
                "tmpsfc": 0.00020648600184358656,
                "landmask": 0.00027774006593972445
            }
        },
        {
            "type": "Feature",
            "geometry": {
                "type": "Point",
                "coordinates": [
                    101.0,
                    -5.0
                ]
            },
            "properties": {
                "system_id": "INVEST_149L",
                "confidence": 0.6605904066218558,
                "uncertainty_std": 0.1270752251148224,
                "ci_95": [
                    0.4115229653968039,
                    0.9096578478469076
                ],
                "lead_time_hrs": 24,
                "movement_vector": {
                    "dlat_24h": 2.0,
                    "dlon_24h": 0.0
                },
                "trajectory": {
                    "24h": [
                        101.0,
                        -5.0
                    ],
                    "48h": [
                        101.0,
                        -3.0
                    ],
                    "72h": [
                        102.0,
                        -5.0
                    ]
                },
                "top_driver": "ugrdprs",
                "ugrdprs": 0.005032169166952372,
                "vgrdprs": 0.004871439188718796,
                "vvelprs": 0.00466532539576292,
                "tmpprs": 0.004922567866742611,
                "rhprs": 0.004687356296926737,
                "hgtprs": 0.004876669030636549,
                "absvprs": 0.004687817767262459,
                "pressfc": 0.00026171852368861437,
                "capesfc": 0.0002720352204050869,
                "tmpsfc": 0.00030372224864549935,
                "landmask": 0.00030816422076895833
            }
        },
        {
            "type": "Feature",
            "geometry": {
                "type": "Point",
                "coordinates": [
                    -120.0,
                    21.0
                ]
            },
            "properties": {
                "system_id": "INVEST_150L",
                "confidence": 0.6585784219705225,
                "uncertainty_std": 0.13450583815574646,
                "ci_95": [
                    0.39494697918525945,
                    0.9222098647557856
                ],
                "lead_time_hrs": 24,
                "movement_vector": {
                    "dlat_24h": 2.0,
                    "dlon_24h": 2.0
                },
                "trajectory": {
                    "24h": [
                        -120.0,
                        21.0
                    ],
                    "48h": [
                        -118.0,
                        23.0
                    ],
                    "72h": [
                        -119.0,
                        25.0
                    ]
                },
                "top_driver": "hgtprs",
                "ugrdprs": 0.005762241315096617,
                "vgrdprs": 0.00553873972967267,
                "vvelprs": 0.005737609695643187,
                "tmpprs": 0.005707371048629284,
                "rhprs": 0.005677735898643732,
                "hgtprs": 0.0060545350424945354,
                "absvprs": 0.0056413100101053715,
                "pressfc": 0.0003188597911503166,
                "capesfc": 0.0003023947065230459,
                "tmpsfc": 0.0002570857759565115,
                "landmask": 0.0005950300837866962
            }
        },
        {
            "type": "Feature",
            "geometry": {
                "type": "Point",
                "coordinates": [
                    153.0,
                    -16.0
                ]
            },
            "properties": {
                "system_id": "INVEST_151L",
                "confidence": 0.6578573576441318,
                "uncertainty_std": 0.24356533586978912,
                "ci_95": [
                    0.18046929933934508,
                    1.0
                ],
                "lead_time_hrs": 24,
                "movement_vector": {
                    "dlat_24h": -2.0,
                    "dlon_24h": -1.0
                },
                "trajectory": {
                    "24h": [
                        153.0,
                        -16.0
                    ],
                    "48h": [
                        152.0,
                        -18.0
                    ],
                    "72h": [
                        155.0,
                        -18.0
                    ]
                },
                "top_driver": "ugrdprs",
                "ugrdprs": 0.009868530556559563,
                "vgrdprs": 0.009228706359863281,
                "vvelprs": 0.008964003063738346,
                "tmpprs": 0.00927094928920269,
                "rhprs": 0.009519207291305065,
                "hgtprs": 0.009302236139774323,
                "absvprs": 0.008888608776032925,
                "pressfc": 0.0005600869189947844,
                "capesfc": 0.0005164231988601387,
                "tmpsfc": 0.0005521728307940066,
                "landmask": 0.0007908378029242158
            }
        },
        {
            "type": "Feature",
            "geometry": {
                "type": "Point",
                "coordinates": [
                    94.0,
                    -5.0
                ]
            },
            "properties": {
                "system_id": "INVEST_152L",
                "confidence": 0.6574372451922598,
                "uncertainty_std": 0.07754718512296677,
                "ci_95": [
                    0.5054447623512449,
                    0.8094297280332746
                ],
                "lead_time_hrs": 24,
                "movement_vector": {
                    "dlat_24h": 2.0,
                    "dlon_24h": 2.0
                },
                "trajectory": {
                    "24h": [
                        94.0,
                        -5.0
                    ],
                    "48h": [
                        96.0,
                        -3.0
                    ],
                    "72h": [
                        96.0,
                        -1.0
                    ]
                },
                "top_driver": "ugrdprs",
                "ugrdprs": 0.007259428035467863,
                "vgrdprs": 0.006834935396909714,
                "vvelprs": 0.007136533502489328,
                "tmpprs": 0.0069155446253716946,
                "rhprs": 0.006818870082497597,
                "hgtprs": 0.007012655492872,
                "absvprs": 0.007040013559162617,
                "pressfc": 0.00038166818558238447,
                "capesfc": 0.00031874520936980844,
                "tmpsfc": 0.0004390237445477396,
                "landmask": 0.0005277013988234103
            }
        },
        {
            "type": "Feature",
            "geometry": {
                "type": "Point",
                "coordinates": [
                    -176.0,
                    -8.0
                ]
            },
            "properties": {
                "system_id": "INVEST_153L",
                "confidence": 0.6566349395665365,
                "uncertainty_std": 0.14068882167339325,
                "ci_95": [
                    0.38088484908668574,
                    0.9323850300463873
                ],
                "lead_time_hrs": 24,
                "movement_vector": {
                    "dlat_24h": -2.0,
                    "dlon_24h": -1.0
                },
                "trajectory": {
                    "24h": [
                        -176.0,
                        -8.0
                    ],
                    "48h": [
                        -177.0,
                        -10.0
                    ],
                    "72h": [
                        -173.0,
                        -9.0
                    ]
                },
                "top_driver": "hgtprs",
                "ugrdprs": 0.007689951919019222,
                "vgrdprs": 0.007692961022257805,
                "vvelprs": 0.00769063038751483,
                "tmpprs": 0.007235260680317879,
                "rhprs": 0.007061731070280075,
                "hgtprs": 0.0077345711179077625,
                "absvprs": 0.007519153878092766,
                "pressfc": 0.00038911151932552457,
                "capesfc": 0.0004024809168186039,
                "tmpsfc": 0.00041369645623490214,
                "landmask": 0.00043787856702692807
            }
        },
        {
            "type": "Feature",
            "geometry": {
                "type": "Point",
                "coordinates": [
                    -144.0,
                    2.0
                ]
            },
            "properties": {
                "system_id": "INVEST_154L",
                "confidence": 0.6551630703826014,
                "uncertainty_std": 0.0836804211139679,
                "ci_95": [
                    0.4911494449992243,
                    0.8191766957659784
                ],
                "lead_time_hrs": 24,
                "movement_vector": {
                    "dlat_24h": -1.0,
                    "dlon_24h": -2.0
                },
                "trajectory": {
                    "24h": [
                        -144.0,
                        2.0
                    ],
                    "48h": [
                        -146.0,
                        1.0
                    ],
                    "72h": [
                        -146.0,
                        0.0
                    ]
                },
                "top_driver": "ugrdprs",
                "ugrdprs": 0.008416552096605301,
                "vgrdprs": 0.008154131472110748,
                "vvelprs": 0.008314727805554867,
                "tmpprs": 0.007946683093905449,
                "rhprs": 0.007308617699891329,
                "hgtprs": 0.008019396103918552,
                "absvprs": 0.008134757168591022,
                "pressfc": 0.0004426160594448447,
                "capesfc": 0.0004587828880175948,
                "tmpsfc": 0.00045455756480805576,
                "landmask": 0.0003660037473309785
            }
        },
        {
            "type": "Feature",
            "geometry": {
                "type": "Point",
                "coordinates": [
                    -147.0,
                    -8.0
                ]
            },
            "properties": {
                "system_id": "INVEST_155L",
                "confidence": 0.6534555188946072,
                "uncertainty_std": 0.09297312051057816,
                "ci_95": [
                    0.471228202693874,
                    0.8356828350953404
                ],
                "lead_time_hrs": 24,
                "movement_vector": {
                    "dlat_24h": 0.0,
                    "dlon_24h": 1.0
                },
                "trajectory": {
                    "24h": [
                        -147.0,
                        -8.0
                    ],
                    "48h": [
                        -146.0,
                        -8.0
                    ],
                    "72h": [
                        -147.0,
                        -10.0
                    ]
                },
                "top_driver": "hgtprs",
                "ugrdprs": 0.008022270165383816,
                "vgrdprs": 0.008179721422493458,
                "vvelprs": 0.007829719223082066,
                "tmpprs": 0.00768437422811985,
                "rhprs": 0.00753659987822175,
                "hgtprs": 0.008234530687332153,
                "absvprs": 0.008164444006979465,
                "pressfc": 0.0003818848344963044,
                "capesfc": 0.0003802274586632848,
                "tmpsfc": 0.0004999965894967318,
                "landmask": 0.00043322754208929837
            }
        },
        {
            "type": "Feature",
            "geometry": {
                "type": "Point",
                "coordinates": [
                    -133.0,
                    14.0
                ]
            },
            "properties": {
                "system_id": "INVEST_156L",
                "confidence": 0.6511125762140099,
                "uncertainty_std": 0.10489050298929214,
                "ci_95": [
                    0.44552719035499727,
                    0.8566979620730224
                ],
                "lead_time_hrs": 24,
                "movement_vector": {
                    "dlat_24h": 2.0,
                    "dlon_24h": 2.0
                },
                "trajectory": {
                    "24h": [
                        -133.0,
                        14.0
                    ],
                    "48h": [
                        -131.0,
                        16.0
                    ],
                    "72h": [
                        -132.0,
                        17.0
                    ]
                },
                "top_driver": "ugrdprs",
                "ugrdprs": 0.004827514756470919,
                "vgrdprs": 0.004508044570684433,
                "vvelprs": 0.00451117567718029,
                "tmpprs": 0.004740593954920769,
                "rhprs": 0.004214306361973286,
                "hgtprs": 0.004608191549777985,
                "absvprs": 0.004535348154604435,
                "pressfc": 0.000343271967722103,
                "capesfc": 0.00028067134553566575,
                "tmpsfc": 0.00022449714015237987,
                "landmask": 0.0002657492586877197
            }
        },
        {
            "type": "Feature",
            "geometry": {
                "type": "Point",
                "coordinates": [
                    156.0,
                    9.0
                ]
            },
            "properties": {
                "system_id": "INVEST_157L",
                "confidence": 0.6483359729324195,
                "uncertainty_std": 0.06873064488172531,
                "ci_95": [
                    0.5136239089642379,
                    0.7830480369006011
                ],
                "lead_time_hrs": 24,
                "movement_vector": {
                    "dlat_24h": -2.0,
                    "dlon_24h": -2.0
                },
                "trajectory": {
                    "24h": [
                        156.0,
                        9.0
                    ],
                    "48h": [
                        154.0,
                        7.0
                    ],
                    "72h": [
                        156.0,
                        8.0
                    ]
                },
                "top_driver": "hgtprs",
                "ugrdprs": 0.0048652347177267075,
                "vgrdprs": 0.00456822756677866,
                "vvelprs": 0.004752587527036667,
                "tmpprs": 0.004807875957340002,
                "rhprs": 0.004416949115693569,
                "hgtprs": 0.004869797732681036,
                "absvprs": 0.004718279466032982,
                "pressfc": 0.0003388240293134004,
                "capesfc": 0.0002961688151117414,
                "tmpsfc": 0.00022199736849870533,
                "landmask": 0.0003330722393002361
            }
        },
        {
            "type": "Feature",
            "geometry": {
                "type": "Point",
                "coordinates": [
                    -42.0,
                    32.0
                ]
            },
            "properties": {
                "system_id": "INVEST_158L",
                "confidence": 0.648128050286114,
                "uncertainty_std": 0.12710091471672058,
                "ci_95": [
                    0.39901025744134166,
                    0.8972458431308863
                ],
                "lead_time_hrs": 24,
                "movement_vector": {
                    "dlat_24h": -1.0,
                    "dlon_24h": 1.0
                },
                "trajectory": {
                    "24h": [
                        -42.0,
                        32.0
                    ],
                    "48h": [
                        -41.0,
                        31.0
                    ],
                    "72h": [
                        -41.0,
                        31.0
                    ]
                },
                "top_driver": "ugrdprs",
                "ugrdprs": 0.0045927418395876884,
                "vgrdprs": 0.0043268147855997086,
                "vvelprs": 0.004319098312407732,
                "tmpprs": 0.004057704471051693,
                "rhprs": 0.004062717780470848,
                "hgtprs": 0.004452758934348822,
                "absvprs": 0.004483304917812347,
                "pressfc": 0.0003009354986716062,
                "capesfc": 0.00021067637135274708,
                "tmpsfc": 0.00022800714941695333,
                "landmask": 0.0003010285145137459
            }
        },
        {
            "type": "Feature",
            "geometry": {
                "type": "Point",
                "coordinates": [
                    -116.0,
                    11.0
                ]
            },
            "properties": {
                "system_id": "INVEST_159L",
                "confidence": 0.6452689292355087,
                "uncertainty_std": 0.10897520184516907,
                "ci_95": [
                    0.4316775336189773,
                    0.8588603248520401
                ],
                "lead_time_hrs": 24,
                "movement_vector": {
                    "dlat_24h": 0.0,
                    "dlon_24h": -3.0
                },
                "trajectory": {
                    "24h": [
                        -116.0,
                        11.0
                    ],
                    "48h": [
                        -119.0,
                        11.0
                    ],
                    "72h": [
                        -121.0,
                        8.0
                    ]
                },
                "top_driver": "ugrdprs",
                "ugrdprs": 0.004469691775739193,
                "vgrdprs": 0.004296508617699146,
                "vvelprs": 0.00435967743396759,
                "tmpprs": 0.004052477423101664,
                "rhprs": 0.003871204797178507,
                "hgtprs": 0.004357290454208851,
                "absvprs": 0.004164068028330803,
                "pressfc": 0.00018620886839926243,
                "capesfc": 0.00021291499433573335,
                "tmpsfc": 0.0001975800551008433,
                "landmask": 0.00025662124971859157
            }
        },
        {
            "type": "Feature",
            "geometry": {
                "type": "Point",
                "coordinates": [
                    -71.0,
                    28.0
                ]
            },
            "properties": {
                "system_id": "INVEST_160L",
                "confidence": 0.644121222059766,
                "uncertainty_std": 0.1588974893093109,
                "ci_95": [
                    0.33268214301351656,
                    0.9555603011060154
                ],
                "lead_time_hrs": 24,
                "movement_vector": {
                    "dlat_24h": -2.0,
                    "dlon_24h": 0.0
                },
                "trajectory": {
                    "24h": [
                        -71.0,
                        28.0
                    ],
                    "48h": [
                        -71.0,
                        26.0
                    ],
                    "72h": [
                        -68.0,
                        27.0
                    ]
                },
                "top_driver": "hgtprs",
                "ugrdprs": 0.011003642342984676,
                "vgrdprs": 0.010293252766132355,
                "vvelprs": 0.009837189689278603,
                "tmpprs": 0.00971320178359747,
                "rhprs": 0.00971057265996933,
                "hgtprs": 0.011061625555157661,
                "absvprs": 0.00974144134670496,
                "pressfc": 0.0007530126604251564,
                "capesfc": 0.0005270583787932992,
                "tmpsfc": 0.0005878053489141166,
                "landmask": 0.0006664558313786983
            }
        },
        {
            "type": "Feature",
            "geometry": {
                "type": "Point",
                "coordinates": [
                    -78.0,
                    7.0
                ]
            },
            "properties": {
                "system_id": "INVEST_161L",
                "confidence": 0.6399011342142751,
                "uncertainty_std": 0.13946740329265594,
                "ci_95": [
                    0.36654502376066944,
                    0.9132572446678807
                ],
                "lead_time_hrs": 24,
                "movement_vector": {
                    "dlat_24h": -1.0,
                    "dlon_24h": -1.0
                },
                "trajectory": {
                    "24h": [
                        -78.0,
                        7.0
                    ],
                    "48h": [
                        -79.0,
                        6.0
                    ],
                    "72h": [
                        -79.0,
                        2.0
                    ]
                },
                "top_driver": "ugrdprs",
                "ugrdprs": 0.0073199160397052765,
                "vgrdprs": 0.00686614727601409,
                "vvelprs": 0.006908374838531017,
                "tmpprs": 0.006803277414292097,
                "rhprs": 0.006214761640876532,
                "hgtprs": 0.006751460954546928,
                "absvprs": 0.006856117397546768,
                "pressfc": 0.0003649138961918652,
                "capesfc": 0.0003573739086277783,
                "tmpsfc": 0.0003910960804205388,
                "landmask": 0.00029016504413448274
            }
        },
        {
            "type": "Feature",
            "geometry": {
                "type": "Point",
                "coordinates": [
                    -171.0,
                    -12.0
                ]
            },
            "properties": {
                "system_id": "INVEST_162L",
                "confidence": 0.6391662756027459,
                "uncertainty_std": 0.06311285495758057,
                "ci_95": [
                    0.515465079885888,
                    0.7628674713196038
                ],
                "lead_time_hrs": 24,
                "movement_vector": {
                    "dlat_24h": 3.0,
                    "dlon_24h": 0.0
                },
                "trajectory": {
                    "24h": [
                        -171.0,
                        -12.0
                    ],
                    "48h": [
                        -171.0,
                        -9.0
                    ],
                    "72h": [
                        -173.0,
                        -9.0
                    ]
                },
                "top_driver": "ugrdprs",
                "ugrdprs": 0.009461483918130398,
                "vgrdprs": 0.009062518365681171,
                "vvelprs": 0.009260406717658043,
                "tmpprs": 0.008981633931398392,
                "rhprs": 0.008560164831578732,
                "hgtprs": 0.009251903742551804,
                "absvprs": 0.009135440923273563,
                "pressfc": 0.0004418333410285413,
                "capesfc": 0.00046358228428289294,
                "tmpsfc": 0.0005695194704458117,
                "landmask": 0.0004950108123011887
            }
        },
        {
            "type": "Feature",
            "geometry": {
                "type": "Point",
                "coordinates": [
                    160.0,
                    -5.0
                ]
            },
            "properties": {
                "system_id": "INVEST_163L",
                "confidence": 0.6367942657891857,
                "uncertainty_std": 0.14028890430927277,
                "ci_95": [
                    0.3618280133430111,
                    0.9117605182353603
                ],
                "lead_time_hrs": 24,
                "movement_vector": {
                    "dlat_24h": 0.0,
                    "dlon_24h": 0.0
                },
                "trajectory": {
                    "24h": [
                        160.0,
                        -5.0
                    ],
                    "48h": [
                        160.0,
                        -5.0
                    ],
                    "72h": [
                        160.0,
                        -2.0
                    ]
                },
                "top_driver": "vvelprs",
                "ugrdprs": 0.009039783850312233,
                "vgrdprs": 0.008622330613434315,
                "vvelprs": 0.009121246635913849,
                "tmpprs": 0.008375519886612892,
                "rhprs": 0.007937111891806126,
                "hgtprs": 0.008997774682939053,
                "absvprs": 0.008392169140279293,
                "pressfc": 0.00043071055551990867,
                "capesfc": 0.000437766284449026,
                "tmpsfc": 0.0005332706496119499,
                "landmask": 0.0004535735643003136
            }
        },
        {
            "type": "Feature",
            "geometry": {
                "type": "Point",
                "coordinates": [
                    -56.0,
                    25.0
                ]
            },
            "properties": {
                "system_id": "INVEST_164L",
                "confidence": 0.6353671970184328,
                "uncertainty_std": 0.08376732468605042,
                "ci_95": [
                    0.47118324063377404,
                    0.7995511534030916
                ],
                "lead_time_hrs": 24,
                "movement_vector": {
                    "dlat_24h": 3.0,
                    "dlon_24h": 0.0
                },
                "trajectory": {
                    "24h": [
                        -56.0,
                        25.0
                    ],
                    "48h": [
                        -56.0,
                        28.0
                    ],
                    "72h": [
                        -54.0,
                        28.0
                    ]
                },
                "top_driver": "vvelprs",
                "ugrdprs": 0.004248285666108131,
                "vgrdprs": 0.003782297484576702,
                "vvelprs": 0.004287607967853546,
                "tmpprs": 0.003892704611644149,
                "rhprs": 0.003699708729982376,
                "hgtprs": 0.004092905204743147,
                "absvprs": 0.0040317727252841,
                "pressfc": 0.00026908141444437206,
                "capesfc": 0.00021387245215009898,
                "tmpsfc": 0.00020903398399241269,
                "landmask": 0.00022108829580247402
            }
        },
        {
            "type": "Feature",
            "geometry": {
                "type": "Point",
                "coordinates": [
                    167.0,
                    22.0
                ]
            },
            "properties": {
                "system_id": "INVEST_165L",
                "confidence": 0.6349954611887562,
                "uncertainty_std": 0.1048591285943985,
                "ci_95": [
                    0.4294715691437351,
                    0.8405193532337772
                ],
                "lead_time_hrs": 24,
                "movement_vector": {
                    "dlat_24h": -1.0,
                    "dlon_24h": -2.0
                },
                "trajectory": {
                    "24h": [
                        167.0,
                        22.0
                    ],
                    "48h": [
                        165.0,
                        21.0
                    ],
                    "72h": [
                        163.0,
                        22.0
                    ]
                },
                "top_driver": "ugrdprs",
                "ugrdprs": 0.005858291871845722,
                "vgrdprs": 0.005523387808352709,
                "vvelprs": 0.005470657255500555,
                "tmpprs": 0.00570008484646678,
                "rhprs": 0.005337566137313843,
                "hgtprs": 0.005377075634896755,
                "absvprs": 0.0055726058781147,
                "pressfc": 0.0003481936873868108,
                "capesfc": 0.0002718494215514511,
                "tmpsfc": 0.0003162168723065406,
                "landmask": 0.00024519613361917436
            }
        },
        {
            "type": "Feature",
            "geometry": {
                "type": "Point",
                "coordinates": [
                    -66.0,
                    29.0
                ]
            },
            "properties": {
                "system_id": "INVEST_166L",
                "confidence": 0.6349750032058085,
                "uncertainty_std": 0.146712064743042,
                "ci_95": [
                    0.34741935630944615,
                    0.9225306501021708
                ],
                "lead_time_hrs": 24,
                "movement_vector": {
                    "dlat_24h": -3.0,
                    "dlon_24h": 1.0
                },
                "trajectory": {
                    "24h": [
                        -66.0,
                        29.0
                    ],
                    "48h": [
                        -65.0,
                        26.0
                    ],
                    "72h": [
                        -64.0,
                        29.0
                    ]
                },
                "top_driver": "hgtprs",
                "ugrdprs": 0.007134063169360161,
                "vgrdprs": 0.006512835156172514,
                "vvelprs": 0.006525610573589802,
                "tmpprs": 0.006423202343285084,
                "rhprs": 0.005906605627387762,
                "hgtprs": 0.007162649650126696,
                "absvprs": 0.006481652148067951,
                "pressfc": 0.0004943201201967895,
                "capesfc": 0.0003243700775783509,
                "tmpsfc": 0.0004316604172345251,
                "landmask": 0.00039495498640462756
            }
        },
        {
            "type": "Feature",
            "geometry": {
                "type": "Point",
                "coordinates": [
                    156.0,
                    4.0
                ]
            },
            "properties": {
                "system_id": "INVEST_167L",
                "confidence": 0.6333230146782098,
                "uncertainty_std": 0.09796067327260971,
                "ci_95": [
                    0.4413200950638948,
                    0.8253259342925249
                ],
                "lead_time_hrs": 24,
                "movement_vector": {
                    "dlat_24h": -3.0,
                    "dlon_24h": -1.0
                },
                "trajectory": {
                    "24h": [
                        156.0,
                        4.0
                    ],
                    "48h": [
                        155.0,
                        1.0
                    ],
                    "72h": [
                        155.0,
                        2.0
                    ]
                },
                "top_driver": "ugrdprs",
                "ugrdprs": 0.004824837204068899,
                "vgrdprs": 0.004325915593653917,
                "vvelprs": 0.004663725383579731,
                "tmpprs": 0.004384160041809082,
                "rhprs": 0.004026946611702442,
                "hgtprs": 0.0045294081792235374,
                "absvprs": 0.004582135006785393,
                "pressfc": 0.00028319720877334476,
                "capesfc": 0.0002432308392599225,
                "tmpsfc": 0.00024191910051740706,
                "landmask": 0.000259086285950616
            }
        },
        {
            "type": "Feature",
            "geometry": {
                "type": "Point",
                "coordinates": [
                    -47.0,
                    7.0
                ]
            },
            "properties": {
                "system_id": "INVEST_168L",
                "confidence": 0.6322743279149333,
                "uncertainty_std": 0.11281361430883408,
                "ci_95": [
                    0.41115964386961856,
                    0.8533890119602481
                ],
                "lead_time_hrs": 24,
                "movement_vector": {
                    "dlat_24h": 1.0,
                    "dlon_24h": 1.0
                },
                "trajectory": {
                    "24h": [
                        -47.0,
                        7.0
                    ],
                    "48h": [
                        -46.0,
                        8.0
                    ],
                    "72h": [
                        -45.0,
                        6.0
                    ]
                },
                "top_driver": "ugrdprs",
                "ugrdprs": 0.004119856748729944,
                "vgrdprs": 0.003691292367875576,
                "vvelprs": 0.003997660707682371,
                "tmpprs": 0.0037612062878906727,
                "rhprs": 0.0035535767674446106,
                "hgtprs": 0.0038745426572859287,
                "absvprs": 0.0039345985278487206,
                "pressfc": 0.0002623333130031824,
                "capesfc": 0.0001865847734734416,
                "tmpsfc": 0.00019970200082752854,
                "landmask": 0.0002535251260269433
            }
        },
        {
            "type": "Feature",
            "geometry": {
                "type": "Point",
                "coordinates": [
                    150.0,
                    34.0
                ]
            },
            "properties": {
                "system_id": "INVEST_169L",
                "confidence": 0.6321576913387292,
                "uncertainty_std": 0.11307891458272934,
                "ci_95": [
                    0.4105230187565797,
                    0.8537923639208788
                ],
                "lead_time_hrs": 24,
                "movement_vector": {
                    "dlat_24h": 1.0,
                    "dlon_24h": -1.0
                },
                "trajectory": {
                    "24h": [
                        150.0,
                        34.0
                    ],
                    "48h": [
                        149.0,
                        35.0
                    ],
                    "72h": [
                        146.0,
                        33.0
                    ]
                },
                "top_driver": "ugrdprs",
                "ugrdprs": 0.005492839030921459,
                "vgrdprs": 0.005057557485997677,
                "vvelprs": 0.005413532257080078,
                "tmpprs": 0.005177005659788847,
                "rhprs": 0.005075658205896616,
                "hgtprs": 0.0053740739822387695,
                "absvprs": 0.0050505404360592365,
                "pressfc": 0.00035344905336387455,
                "capesfc": 0.00029937532963231206,
                "tmpsfc": 0.00027221726486459374,
                "landmask": 0.0004421940539032221
            }
        },
        {
            "type": "Feature",
            "geometry": {
                "type": "Point",
                "coordinates": [
                    -32.0,
                    33.0
                ]
            },
            "properties": {
                "system_id": "INVEST_170L",
                "confidence": 0.6314229079090948,
                "uncertainty_std": 0.1184740960597992,
                "ci_95": [
                    0.3992136796318884,
                    0.8636321361863013
                ],
                "lead_time_hrs": 24,
                "movement_vector": {
                    "dlat_24h": 1.0,
                    "dlon_24h": -1.0
                },
                "trajectory": {
                    "24h": [
                        -32.0,
                        33.0
                    ],
                    "48h": [
                        -33.0,
                        34.0
                    ],
                    "72h": [
                        -33.0,
                        35.0
                    ]
                },
                "top_driver": "ugrdprs",
                "ugrdprs": 0.0036616188008338213,
                "vgrdprs": 0.0033371984027326107,
                "vvelprs": 0.003379848785698414,
                "tmpprs": 0.0032774987630546093,
                "rhprs": 0.0031898824963718653,
                "hgtprs": 0.003490795847028494,
                "absvprs": 0.003595421789214015,
                "pressfc": 0.00025800702860578895,
                "capesfc": 0.00016860170580912381,
                "tmpsfc": 0.000171352454344742,
                "landmask": 0.00023134042567107826
            }
        },
        {
            "type": "Feature",
            "geometry": {
                "type": "Point",
                "coordinates": [
                    -91.0,
                    21.0
                ]
            },
            "properties": {
                "system_id": "INVEST_171L",
                "confidence": 0.631267497752895,
                "uncertainty_std": 0.13083456456661224,
                "ci_95": [
                    0.37483175120233503,
                    0.887703244303455
                ],
                "lead_time_hrs": 24,
                "movement_vector": {
                    "dlat_24h": 1.0,
                    "dlon_24h": 1.0
                },
                "trajectory": {
                    "24h": [
                        -91.0,
                        21.0
                    ],
                    "48h": [
                        -90.0,
                        22.0
                    ],
                    "72h": [
                        -91.0,
                        20.0
                    ]
                },
                "top_driver": "ugrdprs",
                "ugrdprs": 0.009667089208960533,
                "vgrdprs": 0.009081610478460789,
                "vvelprs": 0.008719027042388916,
                "tmpprs": 0.009348834864795208,
                "rhprs": 0.009297139942646027,
                "hgtprs": 0.009009775705635548,
                "absvprs": 0.00940741878002882,
                "pressfc": 0.0007096819463185966,
                "capesfc": 0.00034743943251669407,
                "tmpsfc": 0.0005480285617522895,
                "landmask": 0.0005297134630382061
            }
        },
        {
            "type": "Feature",
            "geometry": {
                "type": "Point",
                "coordinates": [
                    128.0,
                    12.0
                ]
            },
            "properties": {
                "system_id": "INVEST_172L",
                "confidence": 0.6303693635931304,
                "uncertainty_std": 0.12735652923583984,
                "ci_95": [
                    0.38075056629088433,
                    0.8799881608953766
                ],
                "lead_time_hrs": 24,
                "movement_vector": {
                    "dlat_24h": -2.0,
                    "dlon_24h": 0.0
                },
                "trajectory": {
                    "24h": [
                        128.0,
                        12.0
                    ],
                    "48h": [
                        128.0,
                        10.0
                    ],
                    "72h": [
                        127.0,
                        10.0
                    ]
                },
                "top_driver": "ugrdprs",
                "ugrdprs": 0.004446788225322962,
                "vgrdprs": 0.004196904134005308,
                "vvelprs": 0.004234934691339731,
                "tmpprs": 0.004084432031959295,
                "rhprs": 0.003964727278798819,
                "hgtprs": 0.004220316186547279,
                "absvprs": 0.0042564659379422665,
                "pressfc": 0.0002023013075813651,
                "capesfc": 0.00021196401212364435,
                "tmpsfc": 0.00022377975983545184,
                "landmask": 0.0002864011621568352
            }
        },
        {
            "type": "Feature",
            "geometry": {
                "type": "Point",
                "coordinates": [
                    -170.0,
                    10.0
                ]
            },
            "properties": {
                "system_id": "INVEST_173L",
                "confidence": 0.6301063177279667,
                "uncertainty_std": 0.12876926362514496,
                "ci_95": [
                    0.37771856102268253,
                    0.8824940744332508
                ],
                "lead_time_hrs": 24,
                "movement_vector": {
                    "dlat_24h": -1.0,
                    "dlon_24h": -1.0
                },
                "trajectory": {
                    "24h": [
                        -170.0,
                        10.0
                    ],
                    "48h": [
                        -171.0,
                        9.0
                    ],
                    "72h": [
                        -171.0,
                        9.0
                    ]
                },
                "top_driver": "hgtprs",
                "ugrdprs": 0.006856032181531191,
                "vgrdprs": 0.006547602824866772,
                "vvelprs": 0.006789767649024725,
                "tmpprs": 0.006287219934165478,
                "rhprs": 0.0062397378496825695,
                "hgtprs": 0.0072709619998931885,
                "absvprs": 0.0067023360170423985,
                "pressfc": 0.0003329706669319421,
                "capesfc": 0.00033194784191437066,
                "tmpsfc": 0.00026634070673026145,
                "landmask": 0.000446403311798349
            }
        },
        {
            "type": "Feature",
            "geometry": {
                "type": "Point",
                "coordinates": [
                    -26.0,
                    4.0
                ]
            },
            "properties": {
                "system_id": "INVEST_174L",
                "confidence": 0.6292239933458498,
                "uncertainty_std": 0.14067310094833374,
                "ci_95": [
                    0.35350471548711565,
                    0.904943271204584
                ],
                "lead_time_hrs": 24,
                "movement_vector": {
                    "dlat_24h": 2.0,
                    "dlon_24h": 1.0
                },
                "trajectory": {
                    "24h": [
                        -26.0,
                        4.0
                    ],
                    "48h": [
                        -25.0,
                        6.0
                    ],
                    "72h": [
                        -27.0,
                        5.0
                    ]
                },
                "top_driver": "vvelprs",
                "ugrdprs": 0.003227808279916644,
                "vgrdprs": 0.00316446996293962,
                "vvelprs": 0.003281612880527973,
                "tmpprs": 0.0030158781446516514,
                "rhprs": 0.003009598236531019,
                "hgtprs": 0.00317182089202106,
                "absvprs": 0.0031209371518343687,
                "pressfc": 0.00019819516455754638,
                "capesfc": 0.00020216559641994536,
                "tmpsfc": 0.00013504127855412662,
                "landmask": 0.00019731701468117535
            }
        },
        {
            "type": "Feature",
            "geometry": {
                "type": "Point",
                "coordinates": [
                    173.0,
                    26.0
                ]
            },
            "properties": {
                "system_id": "INVEST_175L",
                "confidence": 0.6286374151155497,
                "uncertainty_std": 0.10046453773975372,
                "ci_95": [
                    0.4317269211456324,
                    0.825547909085467
                ],
                "lead_time_hrs": 24,
                "movement_vector": {
                    "dlat_24h": 2.0,
                    "dlon_24h": 0.0
                },
                "trajectory": {
                    "24h": [
                        173.0,
                        26.0
                    ],
                    "48h": [
                        173.0,
                        28.0
                    ],
                    "72h": [
                        174.0,
                        30.0
                    ]
                },
                "top_driver": "ugrdprs",
                "ugrdprs": 0.004220902919769287,
                "vgrdprs": 0.00394353736191988,
                "vvelprs": 0.0040905652567744255,
                "tmpprs": 0.003936212509870529,
                "rhprs": 0.003915489185601473,
                "hgtprs": 0.003959839232265949,
                "absvprs": 0.004037380218505859,
                "pressfc": 0.0002639147569425404,
                "capesfc": 0.0002157625276595354,
                "tmpsfc": 0.00022976810578256845,
                "landmask": 0.00022404713672585785
            }
        },
        {
            "type": "Feature",
            "geometry": {
                "type": "Point",
                "coordinates": [
                    129.0,
                    22.0
                ]
            },
            "properties": {
                "system_id": "INVEST_176L",
                "confidence": 0.6276494628846834,
                "uncertainty_std": 0.05805642530322075,
                "ci_95": [
                    0.5138588692903707,
                    0.741440056478996
                ],
                "lead_time_hrs": 24,
                "movement_vector": {
                    "dlat_24h": -1.0,
                    "dlon_24h": -1.0
                },
                "trajectory": {
                    "24h": [
                        129.0,
                        22.0
                    ],
                    "48h": [
                        128.0,
                        21.0
                    ],
                    "72h": [
                        127.0,
                        19.0
                    ]
                },
                "top_driver": "ugrdprs",
                "ugrdprs": 0.005451774690300226,
                "vgrdprs": 0.005172851961106062,
                "vvelprs": 0.005259865429252386,
                "tmpprs": 0.005060562398284674,
                "rhprs": 0.005006300285458565,
                "hgtprs": 0.00521280150860548,
                "absvprs": 0.005206835921853781,
                "pressfc": 0.00026388821424916387,
                "capesfc": 0.00029043169342912734,
                "tmpsfc": 0.00032161903800442815,
                "landmask": 0.0003738839295692742
            }
        },
        {
            "type": "Feature",
            "geometry": {
                "type": "Point",
                "coordinates": [
                    -176.0,
                    9.0
                ]
            },
            "properties": {
                "system_id": "INVEST_177L",
                "confidence": 0.626888320540987,
                "uncertainty_std": 0.13939601182937622,
                "ci_95": [
                    0.3536721373554096,
                    0.9001045037265644
                ],
                "lead_time_hrs": 24,
                "movement_vector": {
                    "dlat_24h": -3.0,
                    "dlon_24h": 0.0
                },
                "trajectory": {
                    "24h": [
                        -176.0,
                        9.0
                    ],
                    "48h": [
                        -176.0,
                        6.0
                    ],
                    "72h": [
                        -174.0,
                        5.0
                    ]
                },
                "top_driver": "ugrdprs",
                "ugrdprs": 0.004131781868636608,
                "vgrdprs": 0.003766509471461177,
                "vvelprs": 0.004025710746645927,
                "tmpprs": 0.0038460069335997105,
                "rhprs": 0.003496643155813217,
                "hgtprs": 0.003866395214572549,
                "absvprs": 0.003965083509683609,
                "pressfc": 0.000262095796642825,
                "capesfc": 0.0002035028737736866,
                "tmpsfc": 0.00021052917873021215,
                "landmask": 0.00018822646234184504
            }
        },
        {
            "type": "Feature",
            "geometry": {
                "type": "Point",
                "coordinates": [
                    146.0,
                    -5.0
                ]
            },
            "properties": {
                "system_id": "INVEST_178L",
                "confidence": 0.626223025316208,
                "uncertainty_std": 0.1497836858034134,
                "ci_95": [
                    0.33264700114151774,
                    0.9197990494908983
                ],
                "lead_time_hrs": 24,
                "movement_vector": {
                    "dlat_24h": 1.0,
                    "dlon_24h": 0.0
                },
                "trajectory": {
                    "24h": [
                        146.0,
                        -5.0
                    ],
                    "48h": [
                        146.0,
                        -4.0
                    ],
                    "72h": [
                        148.0,
                        -7.0
                    ]
                },
                "top_driver": "vvelprs",
                "ugrdprs": 0.007628546096384525,
                "vgrdprs": 0.0076044052839279175,
                "vvelprs": 0.007639775983989239,
                "tmpprs": 0.007080604322254658,
                "rhprs": 0.006911794189363718,
                "hgtprs": 0.00761847198009491,
                "absvprs": 0.007177628576755524,
                "pressfc": 0.0003920131712220609,
                "capesfc": 0.00034340121783316135,
                "tmpsfc": 0.00042614739504642785,
                "landmask": 0.0004121353558730334
            }
        },
        {
            "type": "Feature",
            "geometry": {
                "type": "Point",
                "coordinates": [
                    -135.0,
                    6.0
                ]
            },
            "properties": {
                "system_id": "INVEST_179L",
                "confidence": 0.6258673626748225,
                "uncertainty_std": 0.06717187911272049,
                "ci_95": [
                    0.4942104796138903,
                    0.7575242457357546
                ],
                "lead_time_hrs": 24,
                "movement_vector": {
                    "dlat_24h": -1.0,
                    "dlon_24h": 1.0
                },
                "trajectory": {
                    "24h": [
                        -135.0,
                        6.0
                    ],
                    "48h": [
                        -134.0,
                        5.0
                    ],
                    "72h": [
                        -133.0,
                        6.0
                    ]
                },
                "top_driver": "vvelprs",
                "ugrdprs": 0.00471912557259202,
                "vgrdprs": 0.00434796791523695,
                "vvelprs": 0.004744655452668667,
                "tmpprs": 0.004211422987282276,
                "rhprs": 0.00414015119895339,
                "hgtprs": 0.004558029118925333,
                "absvprs": 0.004640437196940184,
                "pressfc": 0.00028931230190210044,
                "capesfc": 0.00026806897949427366,
                "tmpsfc": 0.00018989747331943363,
                "landmask": 0.00027801067335531116
            }
        },
        {
            "type": "Feature",
            "geometry": {
                "type": "Point",
                "coordinates": [
                    -34.0,
                    -2.0
                ]
            },
            "properties": {
                "system_id": "INVEST_180L",
                "confidence": 0.6249455606557447,
                "uncertainty_std": 0.11214908212423325,
                "ci_95": [
                    0.4051333596922475,
                    0.8447577616192419
                ],
                "lead_time_hrs": 24,
                "movement_vector": {
                    "dlat_24h": 2.0,
                    "dlon_24h": 2.0
                },
                "trajectory": {
                    "24h": [
                        -34.0,
                        -2.0
                    ],
                    "48h": [
                        -32.0,
                        0.0
                    ],
                    "72h": [
                        -34.0,
                        -1.0
                    ]
                },
                "top_driver": "vvelprs",
                "ugrdprs": 0.006903385743498802,
                "vgrdprs": 0.006675326731055975,
                "vvelprs": 0.00693478062748909,
                "tmpprs": 0.006323160603642464,
                "rhprs": 0.006143578793853521,
                "hgtprs": 0.006563958711922169,
                "absvprs": 0.00625292444601655,
                "pressfc": 0.00041059000068344176,
                "capesfc": 0.0003170949930790812,
                "tmpsfc": 0.00036776275373995304,
                "landmask": 0.00033941250876523554
            }
        },
        {
            "type": "Feature",
            "geometry": {
                "type": "Point",
                "coordinates": [
                    146.0,
                    12.0
                ]
            },
            "properties": {
                "system_id": "INVEST_181L",
                "confidence": 0.6246068351408759,
                "uncertainty_std": 0.09593085944652557,
                "ci_95": [
                    0.43658235062568573,
                    0.812631319656066
                ],
                "lead_time_hrs": 24,
                "movement_vector": {
                    "dlat_24h": 0.0,
                    "dlon_24h": -2.0
                },
                "trajectory": {
                    "24h": [
                        146.0,
                        12.0
                    ],
                    "48h": [
                        144.0,
                        12.0
                    ],
                    "72h": [
                        142.0,
                        11.0
                    ]
                },
                "top_driver": "ugrdprs",
                "ugrdprs": 0.00489316089078784,
                "vgrdprs": 0.004459941294044256,
                "vvelprs": 0.004816622007638216,
                "tmpprs": 0.004675473086535931,
                "rhprs": 0.004584676586091518,
                "hgtprs": 0.004779942333698273,
                "absvprs": 0.004696829244494438,
                "pressfc": 0.00032785843359306455,
                "capesfc": 0.00026204728055745363,
                "tmpsfc": 0.00024407400633208454,
                "landmask": 0.00021313867182470858
            }
        },
        {
            "type": "Feature",
            "geometry": {
                "type": "Point",
                "coordinates": [
                    -119.0,
                    16.0
                ]
            },
            "properties": {
                "system_id": "INVEST_182L",
                "confidence": 0.6239239575880098,
                "uncertainty_std": 0.10518006980419159,
                "ci_95": [
                    0.4177710207717943,
                    0.8300768944042253
                ],
                "lead_time_hrs": 24,
                "movement_vector": {
                    "dlat_24h": 0.0,
                    "dlon_24h": -3.0
                },
                "trajectory": {
                    "24h": [
                        -119.0,
                        16.0
                    ],
                    "48h": [
                        -122.0,
                        16.0
                    ],
                    "72h": [
                        -123.0,
                        13.0
                    ]
                },
                "top_driver": "hgtprs",
                "ugrdprs": 0.005621696822345257,
                "vgrdprs": 0.0054179164581000805,
                "vvelprs": 0.005257041193544865,
                "tmpprs": 0.005144582595676184,
                "rhprs": 0.00517949927598238,
                "hgtprs": 0.005652986001223326,
                "absvprs": 0.005325073376297951,
                "pressfc": 0.0002853702171705663,
                "capesfc": 0.00023160307318903506,
                "tmpsfc": 0.00024793375632725656,
                "landmask": 0.00044913755846209824
            }
        },
        {
            "type": "Feature",
            "geometry": {
                "type": "Point",
                "coordinates": [
                    -47.0,
                    31.0
                ]
            },
            "properties": {
                "system_id": "INVEST_183L",
                "confidence": 0.6231405071797549,
                "uncertainty_std": 0.06276466697454453,
                "ci_95": [
                    0.5001217599096476,
                    0.7461592544498622
                ],
                "lead_time_hrs": 24,
                "movement_vector": {
                    "dlat_24h": 0.0,
                    "dlon_24h": -2.0
                },
                "trajectory": {
                    "24h": [
                        -47.0,
                        31.0
                    ],
                    "48h": [
                        -49.0,
                        31.0
                    ],
                    "72h": [
                        -46.0,
                        30.0
                    ]
                },
                "top_driver": "hgtprs",
                "ugrdprs": 0.006709699518978596,
                "vgrdprs": 0.006481665652245283,
                "vvelprs": 0.006556252017617226,
                "tmpprs": 0.006428825668990612,
                "rhprs": 0.006598134525120258,
                "hgtprs": 0.006944791879504919,
                "absvprs": 0.006754996255040169,
                "pressfc": 0.0003790636546909809,
                "capesfc": 0.0002959541161544621,
                "tmpsfc": 0.00031042491900734603,
                "landmask": 0.00048203091137111187
            }
        },
        {
            "type": "Feature",
            "geometry": {
                "type": "Point",
                "coordinates": [
                    -137.0,
                    0.0
                ]
            },
            "properties": {
                "system_id": "INVEST_184L",
                "confidence": 0.6226721209309883,
                "uncertainty_std": 0.10596039891242981,
                "ci_95": [
                    0.41498973906262593,
                    0.8303545027993507
                ],
                "lead_time_hrs": 24,
                "movement_vector": {
                    "dlat_24h": 0.0,
                    "dlon_24h": -3.0
                },
                "trajectory": {
                    "24h": [
                        -137.0,
                        0.0
                    ],
                    "48h": [
                        -140.0,
                        0.0
                    ],
                    "72h": [
                        -146.0,
                        0.0
                    ]
                },
                "top_driver": "ugrdprs",
                "ugrdprs": 0.00507845263928175,
                "vgrdprs": 0.004927710629999638,
                "vvelprs": 0.005048997234553099,
                "tmpprs": 0.004937571939080954,
                "rhprs": 0.004553288221359253,
                "hgtprs": 0.004948403686285019,
                "absvprs": 0.004912334959954023,
                "pressfc": 0.0003410367062315345,
                "capesfc": 0.00030200471519492567,
                "tmpsfc": 0.00027734244940802455,
                "landmask": 0.000325834727846086
            }
        },
        {
            "type": "Feature",
            "geometry": {
                "type": "Point",
                "coordinates": [
                    168.0,
                    0.0
                ]
            },
            "properties": {
                "system_id": "INVEST_185L",
                "confidence": 0.6188824835262821,
                "uncertainty_std": 0.10588490217924118,
                "ci_95": [
                    0.41134807525496936,
                    0.8264168917975947
                ],
                "lead_time_hrs": 24,
                "movement_vector": {
                    "dlat_24h": 1.0,
                    "dlon_24h": 2.0
                },
                "trajectory": {
                    "24h": [
                        168.0,
                        0.0
                    ],
                    "48h": [
                        170.0,
                        1.0
                    ],
                    "72h": [
                        169.0,
                        -1.0
                    ]
                },
                "top_driver": "vvelprs",
                "ugrdprs": 0.007938078604638577,
                "vgrdprs": 0.008109087124466896,
                "vvelprs": 0.008310498669743538,
                "tmpprs": 0.007709144614636898,
                "rhprs": 0.007006887346506119,
                "hgtprs": 0.00800457876175642,
                "absvprs": 0.00815321784466505,
                "pressfc": 0.00044783263001590967,
                "capesfc": 0.00045159654109738767,
                "tmpsfc": 0.0004024833324365318,
                "landmask": 0.0003649558639153838
            }
        },
        {
            "type": "Feature",
            "geometry": {
                "type": "Point",
                "coordinates": [
                    -37.0,
                    14.0
                ]
            },
            "properties": {
                "system_id": "INVEST_186L",
                "confidence": 0.6174566361605526,
                "uncertainty_std": 0.1252070814371109,
                "ci_95": [
                    0.37205075654381525,
                    0.8628625157772899
                ],
                "lead_time_hrs": 24,
                "movement_vector": {
                    "dlat_24h": -2.0,
                    "dlon_24h": -2.0
                },
                "trajectory": {
                    "24h": [
                        -37.0,
                        14.0
                    ],
                    "48h": [
                        -39.0,
                        12.0
                    ],
                    "72h": [
                        -40.0,
                        13.0
                    ]
                },
                "top_driver": "absvprs",
                "ugrdprs": 0.0033576982095837593,
                "vgrdprs": 0.0031456230208277702,
                "vvelprs": 0.003334438893944025,
                "tmpprs": 0.0031714492943137884,
                "rhprs": 0.0029986840672791004,
                "hgtprs": 0.00327284331433475,
                "absvprs": 0.003372741397470236,
                "pressfc": 0.00019642364350147545,
                "capesfc": 0.00016619055531919003,
                "tmpsfc": 0.00013371284876484424,
                "landmask": 0.0002352590236114338
            }
        },
        {
            "type": "Feature",
            "geometry": {
                "type": "Point",
                "coordinates": [
                    -15.0,
                    27.0
                ]
            },
            "properties": {
                "system_id": "INVEST_187L",
                "confidence": 0.6138346863987231,
                "uncertainty_std": 0.26648765802383423,
                "ci_95": [
                    0.09151887667200798,
                    1.0
                ],
                "lead_time_hrs": 24,
                "movement_vector": {
                    "dlat_24h": -1.0,
                    "dlon_24h": -5.0
                },
                "trajectory": {
                    "24h": [
                        -15.0,
                        27.0
                    ],
                    "48h": [
                        -20.0,
                        26.0
                    ],
                    "72h": [
                        -19.0,
                        24.0
                    ]
                },
                "top_driver": "vvelprs",
                "ugrdprs": 0.004628044553101063,
                "vgrdprs": 0.0045645530335605145,
                "vvelprs": 0.004807004239410162,
                "tmpprs": 0.004588204901665449,
                "rhprs": 0.004474175628274679,
                "hgtprs": 0.004535798914730549,
                "absvprs": 0.004162181168794632,
                "pressfc": 0.0003616333124227822,
                "capesfc": 0.00017424537509214133,
                "tmpsfc": 0.00022076151799410582,
                "landmask": 0.00021957221906632185
            }
        },
        {
            "type": "Feature",
            "geometry": {
                "type": "Point",
                "coordinates": [
                    136.0,
                    8.0
                ]
            },
            "properties": {
                "system_id": "INVEST_188L",
                "confidence": 0.613793201155185,
                "uncertainty_std": 0.06891730427742004,
                "ci_95": [
                    0.4787152847714417,
                    0.7488711175389282
                ],
                "lead_time_hrs": 24,
                "movement_vector": {
                    "dlat_24h": -2.0,
                    "dlon_24h": 2.0
                },
                "trajectory": {
                    "24h": [
                        136.0,
                        8.0
                    ],
                    "48h": [
                        138.0,
                        6.0
                    ],
                    "72h": [
                        139.0,
                        5.0
                    ]
                },
                "top_driver": "ugrdprs",
                "ugrdprs": 0.003913027234375477,
                "vgrdprs": 0.003544609295204282,
                "vvelprs": 0.003740902291610837,
                "tmpprs": 0.003571013920009136,
                "rhprs": 0.0035050357691943645,
                "hgtprs": 0.003735912963747978,
                "absvprs": 0.003709100652486086,
                "pressfc": 0.0001875186135293916,
                "capesfc": 0.00017131581262219697,
                "tmpsfc": 0.00016540256910957396,
                "landmask": 0.00028412052779458463
            }
        },
        {
            "type": "Feature",
            "geometry": {
                "type": "Point",
                "coordinates": [
                    100.0,
                    -10.0
                ]
            },
            "properties": {
                "system_id": "INVEST_189L",
                "confidence": 0.6133926135591979,
                "uncertainty_std": 0.12180046737194061,
                "ci_95": [
                    0.37466369751019435,
                    0.8521215296082015
                ],
                "lead_time_hrs": 24,
                "movement_vector": {
                    "dlat_24h": 2.0,
                    "dlon_24h": 3.0
                },
                "trajectory": {
                    "24h": [
                        100.0,
                        -10.0
                    ],
                    "48h": [
                        103.0,
                        -8.0
                    ],
                    "72h": [
                        102.0,
                        -5.0
                    ]
                },
                "top_driver": "ugrdprs",
                "ugrdprs": 0.0104196947067976,
                "vgrdprs": 0.009998809546232224,
                "vvelprs": 0.00993380043655634,
                "tmpprs": 0.010194553062319756,
                "rhprs": 0.00944511592388153,
                "hgtprs": 0.010225295089185238,
                "absvprs": 0.010234109126031399,
                "pressfc": 0.0004507809062488377,
                "capesfc": 0.0005521257407963276,
                "tmpsfc": 0.00067057617707178,
                "landmask": 0.0005479956162162125
            }
        },
        {
            "type": "Feature",
            "geometry": {
                "type": "Point",
                "coordinates": [
                    -104.0,
                    1.0
                ]
            },
            "properties": {
                "system_id": "INVEST_190L",
                "confidence": 0.6132048053755602,
                "uncertainty_std": 0.13053253293037415,
                "ci_95": [
                    0.3573610408320269,
                    0.8690485699190935
                ],
                "lead_time_hrs": 24,
                "movement_vector": {
                    "dlat_24h": 2.0,
                    "dlon_24h": -1.0
                },
                "trajectory": {
                    "24h": [
                        -104.0,
                        1.0
                    ],
                    "48h": [
                        -105.0,
                        3.0
                    ],
                    "72h": [
                        -103.0,
                        4.0
                    ]
                },
                "top_driver": "ugrdprs",
                "ugrdprs": 0.005348075646907091,
                "vgrdprs": 0.005238983314484358,
                "vvelprs": 0.005308801773935556,
                "tmpprs": 0.0050361366011202335,
                "rhprs": 0.004674321506172419,
                "hgtprs": 0.005289149470627308,
                "absvprs": 0.005130034871399403,
                "pressfc": 0.0002824911498464644,
                "capesfc": 0.00026467678253538907,
                "tmpsfc": 0.00027052563382312655,
                "landmask": 0.00027091027004644275
            }
        },
        {
            "type": "Feature",
            "geometry": {
                "type": "Point",
                "coordinates": [
                    141.0,
                    6.0
                ]
            },
            "properties": {
                "system_id": "INVEST_191L",
                "confidence": 0.6131860076048259,
                "uncertainty_std": 0.07892794162034988,
                "ci_95": [
                    0.4584872420289401,
                    0.7678847731807117
                ],
                "lead_time_hrs": 24,
                "movement_vector": {
                    "dlat_24h": 0.0,
                    "dlon_24h": -3.0
                },
                "trajectory": {
                    "24h": [
                        141.0,
                        6.0
                    ],
                    "48h": [
                        138.0,
                        6.0
                    ],
                    "72h": [
                        139.0,
                        5.0
                    ]
                },
                "top_driver": "ugrdprs",
                "ugrdprs": 0.0046559954062104225,
                "vgrdprs": 0.004376597236841917,
                "vvelprs": 0.004459156189113855,
                "tmpprs": 0.0043793353252112865,
                "rhprs": 0.004223382566124201,
                "hgtprs": 0.004523034673184156,
                "absvprs": 0.004417784512042999,
                "pressfc": 0.00022702357091475278,
                "capesfc": 0.00023575722298119217,
                "tmpsfc": 0.00018135603750124574,
                "landmask": 0.0003973627754021436
            }
        },
        {
            "type": "Feature",
            "geometry": {
                "type": "Point",
                "coordinates": [
                    179.0,
                    18.0
                ]
            },
            "properties": {
                "system_id": "INVEST_192L",
                "confidence": 0.6100677913718736,
                "uncertainty_std": 0.09858902543783188,
                "ci_95": [
                    0.4168333015137231,
                    0.8033022812300241
                ],
                "lead_time_hrs": 24,
                "movement_vector": {
                    "dlat_24h": 0.0,
                    "dlon_24h": -3.0
                },
                "trajectory": {
                    "24h": [
                        179.0,
                        18.0
                    ],
                    "48h": [
                        176.0,
                        18.0
                    ],
                    "72h": [
                        178.0,
                        17.0
                    ]
                },
                "top_driver": "hgtprs",
                "ugrdprs": 0.006225114688277245,
                "vgrdprs": 0.006079561077058315,
                "vvelprs": 0.006106097251176834,
                "tmpprs": 0.005921401083469391,
                "rhprs": 0.0056537846103310585,
                "hgtprs": 0.006566600874066353,
                "absvprs": 0.0061646332032978535,
                "pressfc": 0.0003311527252662927,
                "capesfc": 0.00026684789918363094,
                "tmpsfc": 0.0002824407711159438,
                "landmask": 0.0004511003789957613
            }
        },
        {
            "type": "Feature",
            "geometry": {
                "type": "Point",
                "coordinates": [
                    165.0,
                    -7.0
                ]
            },
            "properties": {
                "system_id": "INVEST_193L",
                "confidence": 0.6099718197548878,
                "uncertainty_std": 0.0915018692612648,
                "ci_95": [
                    0.4306281560028088,
                    0.7893154835069668
                ],
                "lead_time_hrs": 24,
                "movement_vector": {
                    "dlat_24h": 1.0,
                    "dlon_24h": 0.0
                },
                "trajectory": {
                    "24h": [
                        165.0,
                        -7.0
                    ],
                    "48h": [
                        165.0,
                        -6.0
                    ],
                    "72h": [
                        165.0,
                        -5.0
                    ]
                },
                "top_driver": "ugrdprs",
                "ugrdprs": 0.005877966061234474,
                "vgrdprs": 0.005670861806720495,
                "vvelprs": 0.0058186897076666355,
                "tmpprs": 0.005476798862218857,
                "rhprs": 0.005462437402456999,
                "hgtprs": 0.005874840077012777,
                "absvprs": 0.005704529583454132,
                "pressfc": 0.0003686242562253028,
                "capesfc": 0.0003206375695299357,
                "tmpsfc": 0.0003578235046006739,
                "landmask": 0.0004296734696254134
            }
        },
        {
            "type": "Feature",
            "geometry": {
                "type": "Point",
                "coordinates": [
                    -36.0,
                    31.0
                ]
            },
            "properties": {
                "system_id": "INVEST_194L",
                "confidence": 0.605410656609618,
                "uncertainty_std": 0.11159397661685944,
                "ci_95": [
                    0.38668646244057353,
                    0.8241348507786626
                ],
                "lead_time_hrs": 24,
                "movement_vector": {
                    "dlat_24h": -1.0,
                    "dlon_24h": 0.0
                },
                "trajectory": {
                    "24h": [
                        -36.0,
                        31.0
                    ],
                    "48h": [
                        -36.0,
                        30.0
                    ],
                    "72h": [
                        -37.0,
                        33.0
                    ]
                },
                "top_driver": "ugrdprs",
                "ugrdprs": 0.004080758895725012,
                "vgrdprs": 0.003795037744566798,
                "vvelprs": 0.003839248325675726,
                "tmpprs": 0.0036802017129957676,
                "rhprs": 0.0035014464519917965,
                "hgtprs": 0.0039029158651828766,
                "absvprs": 0.0038928433787077665,
                "pressfc": 0.0002959383127745241,
                "capesfc": 0.00019194450578652322,
                "tmpsfc": 0.00019944195810239762,
                "landmask": 0.000250759330810979
            }
        },
        {
            "type": "Feature",
            "geometry": {
                "type": "Point",
                "coordinates": [
                    160.0,
                    32.0
                ]
            },
            "properties": {
                "system_id": "INVEST_195L",
                "confidence": 0.6042106043907612,
                "uncertainty_std": 0.1401696652173996,
                "ci_95": [
                    0.32947806056465806,
                    0.8789431482168644
                ],
                "lead_time_hrs": 24,
                "movement_vector": {
                    "dlat_24h": -2.0,
                    "dlon_24h": 0.0
                },
                "trajectory": {
                    "24h": [
                        160.0,
                        32.0
                    ],
                    "48h": [
                        160.0,
                        30.0
                    ],
                    "72h": [
                        158.0,
                        32.0
                    ]
                },
                "top_driver": "ugrdprs",
                "ugrdprs": 0.006130041554570198,
                "vgrdprs": 0.005349081475287676,
                "vvelprs": 0.005499530117958784,
                "tmpprs": 0.005549032241106033,
                "rhprs": 0.005631432868540287,
                "hgtprs": 0.005362174939364195,
                "absvprs": 0.005704700946807861,
                "pressfc": 0.00040526187513023615,
                "capesfc": 0.00022420709137804806,
                "tmpsfc": 0.00036273751175031066,
                "landmask": 0.0003618433838710189
            }
        },
        {
            "type": "Feature",
            "geometry": {
                "type": "Point",
                "coordinates": [
                    -108.0,
                    -4.0
                ]
            },
            "properties": {
                "system_id": "INVEST_196L",
                "confidence": 0.6037795423553746,
                "uncertainty_std": 0.12247837334871292,
                "ci_95": [
                    0.3637219305918973,
                    0.8438371541188519
                ],
                "lead_time_hrs": 24,
                "movement_vector": {
                    "dlat_24h": 1.0,
                    "dlon_24h": -1.0
                },
                "trajectory": {
                    "24h": [
                        -108.0,
                        -4.0
                    ],
                    "48h": [
                        -109.0,
                        -3.0
                    ],
                    "72h": [
                        -110.0,
                        -1.0
                    ]
                },
                "top_driver": "ugrdprs",
                "ugrdprs": 0.006819542031735182,
                "vgrdprs": 0.0062728156335651875,
                "vvelprs": 0.006297360174357891,
                "tmpprs": 0.006179267540574074,
                "rhprs": 0.005752262193709612,
                "hgtprs": 0.006334617268294096,
                "absvprs": 0.006218897178769112,
                "pressfc": 0.00035596999805420637,
                "capesfc": 0.00030111681553535163,
                "tmpsfc": 0.00033249720581807196,
                "landmask": 0.00032207791809923947
            }
        },
        {
            "type": "Feature",
            "geometry": {
                "type": "Point",
                "coordinates": [
                    -176.0,
                    -2.0
                ]
            },
            "properties": {
                "system_id": "INVEST_197L",
                "confidence": 0.6012226721473725,
                "uncertainty_std": 0.0948365330696106,
                "ci_95": [
                    0.41534306733093573,
                    0.7871022769638092
                ],
                "lead_time_hrs": 24,
                "movement_vector": {
                    "dlat_24h": 1.0,
                    "dlon_24h": -2.0
                },
                "trajectory": {
                    "24h": [
                        -176.0,
                        -2.0
                    ],
                    "48h": [
                        -178.0,
                        -1.0
                    ],
                    "72h": [
                        -176.0,
                        -1.0
                    ]
                },
                "top_driver": "vvelprs",
                "ugrdprs": 0.004524683579802513,
                "vgrdprs": 0.0044504189863801,
                "vvelprs": 0.004690078087151051,
                "tmpprs": 0.004301481414586306,
                "rhprs": 0.0040656267665326595,
                "hgtprs": 0.004528920166194439,
                "absvprs": 0.004155495669692755,
                "pressfc": 0.00022439206077251583,
                "capesfc": 0.00021854025544598699,
                "tmpsfc": 0.00021307366841938347,
                "landmask": 0.00028338414267636836
            }
        },
        {
            "type": "Feature",
            "geometry": {
                "type": "Point",
                "coordinates": [
                    56.0,
                    -3.0
                ]
            },
            "properties": {
                "system_id": "INVEST_198L",
                "confidence": 0.6009596354704473,
                "uncertainty_std": 0.14223025739192963,
                "ci_95": [
                    0.32218833098226524,
                    0.8797309399586293
                ],
                "lead_time_hrs": 24,
                "movement_vector": {
                    "dlat_24h": 2.0,
                    "dlon_24h": 2.0
                },
                "trajectory": {
                    "24h": [
                        56.0,
                        -3.0
                    ],
                    "48h": [
                        58.0,
                        -1.0
                    ],
                    "72h": [
                        58.0,
                        -1.0
                    ]
                },
                "top_driver": "vgrdprs",
                "ugrdprs": 0.0030607942026108503,
                "vgrdprs": 0.003088761819526553,
                "vvelprs": 0.003035041270777583,
                "tmpprs": 0.003010362386703491,
                "rhprs": 0.0030235659796744585,
                "hgtprs": 0.0030323017854243517,
                "absvprs": 0.0029719085432589054,
                "pressfc": 0.00019858502491842955,
                "capesfc": 0.00017473215120844543,
                "tmpsfc": 0.00019750696083065122,
                "landmask": 0.0002165257028536871
            }
        },
        {
            "type": "Feature",
            "geometry": {
                "type": "Point",
                "coordinates": [
                    178.0,
                    2.0
                ]
            },
            "properties": {
                "system_id": "INVEST_199L",
                "confidence": 0.6000588404619522,
                "uncertainty_std": 0.10955972969532013,
                "ci_95": [
                    0.3853217702591248,
                    0.8147959106647797
                ],
                "lead_time_hrs": 24,
                "movement_vector": {
                    "dlat_24h": -4.0,
                    "dlon_24h": -1.0
                },
                "trajectory": {
                    "24h": [
                        178.0,
                        2.0
                    ],
                    "48h": [
                        177.0,
                        -2.0
                    ],
                    "72h": [
                        177.0,
                        -1.0
                    ]
                },
                "top_driver": "vvelprs",
                "ugrdprs": 0.005349252372980118,
                "vgrdprs": 0.00515176123008132,
                "vvelprs": 0.005350180901587009,
                "tmpprs": 0.0049521662294864655,
                "rhprs": 0.00464708311483264,
                "hgtprs": 0.005110430531203747,
                "absvprs": 0.00512321200221777,
                "pressfc": 0.00031454028794541955,
                "capesfc": 0.0002916129888035357,
                "tmpsfc": 0.0002544801973272115,
                "landmask": 0.00025188177824020386
            }
        },
        {
            "type": "Feature",
            "geometry": {
                "type": "Point",
                "coordinates": [
                    -162.0,
                    6.0
                ]
            },
            "properties": {
                "system_id": "INVEST_200L",
                "confidence": 0.5999637705624083,
                "uncertainty_std": 0.08000611513853073,
                "ci_95": [
                    0.44315178489088813,
                    0.7567757562339286
                ],
                "lead_time_hrs": 24,
                "movement_vector": {
                    "dlat_24h": 2.0,
                    "dlon_24h": 2.0
                },
                "trajectory": {
                    "24h": [
                        -162.0,
                        6.0
                    ],
                    "48h": [
                        -160.0,
                        8.0
                    ],
                    "72h": [
                        -164.0,
                        8.0
                    ]
                },
                "top_driver": "ugrdprs",
                "ugrdprs": 0.004074840806424618,
                "vgrdprs": 0.0036384575068950653,
                "vvelprs": 0.003974515944719315,
                "tmpprs": 0.003891440574079752,
                "rhprs": 0.0035756512079387903,
                "hgtprs": 0.003804608713835478,
                "absvprs": 0.003830884350463748,
                "pressfc": 0.0002249020035378635,
                "capesfc": 0.00018893110973294824,
                "tmpsfc": 0.0002003412664635107,
                "landmask": 0.00019997141498606652
            }
        },
        {
            "type": "Feature",
            "geometry": {
                "type": "Point",
                "coordinates": [
                    -176.0,
                    35.0
                ]
            },
            "properties": {
                "system_id": "INVEST_201L",
                "confidence": 0.5987813541083896,
                "uncertainty_std": 0.1321626454591751,
                "ci_95": [
                    0.3397425690084064,
                    0.8578201392083729
                ],
                "lead_time_hrs": 24,
                "movement_vector": {
                    "dlat_24h": 0.0,
                    "dlon_24h": 2.0
                },
                "trajectory": {
                    "24h": [
                        -176.0,
                        35.0
                    ],
                    "48h": [
                        -174.0,
                        35.0
                    ],
                    "72h": [
                        -175.0,
                        35.0
                    ]
                },
                "top_driver": "tmpprs",
                "ugrdprs": 0.008000915870070457,
                "vgrdprs": 0.006941914092749357,
                "vvelprs": 0.007569093257188797,
                "tmpprs": 0.008009218610823154,
                "rhprs": 0.007976693101227283,
                "hgtprs": 0.007776713464409113,
                "absvprs": 0.007888015359640121,
                "pressfc": 0.0005128366174176335,
                "capesfc": 0.0004438605101313442,
                "tmpsfc": 0.00034317420795559883,
                "landmask": 0.00048418412916362286
            }
        },
        {
            "type": "Feature",
            "geometry": {
                "type": "Point",
                "coordinates": [
                    76.0,
                    32.0
                ]
            },
            "properties": {
                "system_id": "INVEST_202L",
                "confidence": 0.5978107188847656,
                "uncertainty_std": 0.32263892889022827,
                "ci_95": [
                    0.0,
                    1.0
                ],
                "lead_time_hrs": 24,
                "movement_vector": {
                    "dlat_24h": 0.0,
                    "dlon_24h": 0.0
                },
                "trajectory": {
                    "24h": [
                        76.0,
                        32.0
                    ],
                    "48h": [
                        76.0,
                        32.0
                    ],
                    "72h": [
                        76.0,
                        32.0
                    ]
                },
                "top_driver": "rhprs",
                "ugrdprs": 0.005403995513916016,
                "vgrdprs": 0.00563090993091464,
                "vvelprs": 0.005365337245166302,
                "tmpprs": 0.005456316284835339,
                "rhprs": 0.005642763338983059,
                "hgtprs": 0.005561979487538338,
                "absvprs": 0.005289099644869566,
                "pressfc": 0.00038456867332570255,
                "capesfc": 0.0002653591218404472,
                "tmpsfc": 0.0002812986494973302,
                "landmask": 0.00030762923415750265
            }
        },
        {
            "type": "Feature",
            "geometry": {
                "type": "Point",
                "coordinates": [
                    121.0,
                    19.0
                ]
            },
            "properties": {
                "system_id": "INVEST_203L",
                "confidence": 0.5973942703054137,
                "uncertainty_std": 0.11322106420993805,
                "ci_95": [
                    0.37548098445393513,
                    0.8193075561568923
                ],
                "lead_time_hrs": 24,
                "movement_vector": {
                    "dlat_24h": 2.0,
                    "dlon_24h": 2.0
                },
                "trajectory": {
                    "24h": [
                        121.0,
                        19.0
                    ],
                    "48h": [
                        123.0,
                        21.0
                    ],
                    "72h": [
                        122.0,
                        19.0
                    ]
                },
                "top_driver": "ugrdprs",
                "ugrdprs": 0.007664932403713465,
                "vgrdprs": 0.006878687534481287,
                "vvelprs": 0.006838542874902487,
                "tmpprs": 0.007194689940661192,
                "rhprs": 0.006782408803701401,
                "hgtprs": 0.007203205022960901,
                "absvprs": 0.007264925632625818,
                "pressfc": 0.0003589895786717534,
                "capesfc": 0.00031523811048828065,
                "tmpsfc": 0.0003336257068440318,
                "landmask": 0.0003826511383522302
            }
        },
        {
            "type": "Feature",
            "geometry": {
                "type": "Point",
                "coordinates": [
                    153.0,
                    -4.0
                ]
            },
            "properties": {
                "system_id": "INVEST_204L",
                "confidence": 0.5961862085376315,
                "uncertainty_std": 0.13813529908657074,
                "ci_95": [
                    0.32544102232795286,
                    0.8669313947473101
                ],
                "lead_time_hrs": 24,
                "movement_vector": {
                    "dlat_24h": 1.0,
                    "dlon_24h": -2.0
                },
                "trajectory": {
                    "24h": [
                        153.0,
                        -4.0
                    ],
                    "48h": [
                        151.0,
                        -3.0
                    ],
                    "72h": [
                        151.0,
                        -1.0
                    ]
                },
                "top_driver": "vvelprs",
                "ugrdprs": 0.0049815005622804165,
                "vgrdprs": 0.004890598356723785,
                "vvelprs": 0.0052179452031850815,
                "tmpprs": 0.004577695392072201,
                "rhprs": 0.004414095543324947,
                "hgtprs": 0.004827361088246107,
                "absvprs": 0.004772919695824385,
                "pressfc": 0.0002774118329398334,
                "capesfc": 0.0002163783210562542,
                "tmpsfc": 0.00029750479734502733,
                "landmask": 0.0003144697693642229
            }
        },
        {
            "type": "Feature",
            "geometry": {
                "type": "Point",
                "coordinates": [
                    85.0,
                    4.0
                ]
            },
            "properties": {
                "system_id": "INVEST_205L",
                "confidence": 0.5879599892508245,
                "uncertainty_std": 0.19155383110046387,
                "ci_95": [
                    0.21251448029391534,
                    0.9634054982077336
                ],
                "lead_time_hrs": 24,
                "movement_vector": {
                    "dlat_24h": -2.0,
                    "dlon_24h": -3.0
                },
                "trajectory": {
                    "24h": [
                        85.0,
                        4.0
                    ],
                    "48h": [
                        82.0,
                        2.0
                    ],
                    "72h": [
                        79.0,
                        3.0
                    ]
                },
                "top_driver": "ugrdprs",
                "ugrdprs": 0.004828449338674545,
                "vgrdprs": 0.004446931183338165,
                "vvelprs": 0.004274694249033928,
                "tmpprs": 0.004779221024364233,
                "rhprs": 0.004463447257876396,
                "hgtprs": 0.004686946980655193,
                "absvprs": 0.004465135745704174,
                "pressfc": 0.00024327082792297006,
                "capesfc": 0.00021937154815532267,
                "tmpsfc": 0.0002419193770037964,
                "landmask": 0.00031971189309842885
            }
        },
        {
            "type": "Feature",
            "geometry": {
                "type": "Point",
                "coordinates": [
                    31.0,
                    34.0
                ]
            },
            "properties": {
                "system_id": "INVEST_206L",
                "confidence": 0.5876510912648804,
                "uncertainty_std": 0.1508278250694275,
                "ci_95": [
                    0.29202855412880246,
                    0.8832736284009582
                ],
                "lead_time_hrs": 24,
                "movement_vector": {
                    "dlat_24h": 0.0,
                    "dlon_24h": 3.0
                },
                "trajectory": {
                    "24h": [
                        31.0,
                        34.0
                    ],
                    "48h": [
                        34.0,
                        34.0
                    ],
                    "72h": null
                },
                "top_driver": "rhprs",
                "ugrdprs": 0.00878373347222805,
                "vgrdprs": 0.008857154287397861,
                "vvelprs": 0.008734568953514099,
                "tmpprs": 0.00856082048267126,
                "rhprs": 0.009005177766084671,
                "hgtprs": 0.008838708512485027,
                "absvprs": 0.008069964125752449,
                "pressfc": 0.0006492772954516113,
                "capesfc": 0.0004256155516486615,
                "tmpsfc": 0.0003251159214414656,
                "landmask": 0.000617369485553354
            }
        },
        {
            "type": "Feature",
            "geometry": {
                "type": "Point",
                "coordinates": [
                    131.0,
                    -11.0
                ]
            },
            "properties": {
                "system_id": "INVEST_207L",
                "confidence": 0.5856696636081481,
                "uncertainty_std": 0.17231643199920654,
                "ci_95": [
                    0.2479294568897033,
                    0.9234098703265929
                ],
                "lead_time_hrs": 24,
                "movement_vector": {
                    "dlat_24h": 1.0,
                    "dlon_24h": 7.0
                },
                "trajectory": {
                    "24h": [
                        131.0,
                        -11.0
                    ],
                    "48h": [
                        138.0,
                        -10.0
                    ],
                    "72h": [
                        139.0,
                        -11.0
                    ]
                },
                "top_driver": "ugrdprs",
                "ugrdprs": 0.013034336268901825,
                "vgrdprs": 0.011419421061873436,
                "vvelprs": 0.011929352767765522,
                "tmpprs": 0.012242775410413742,
                "rhprs": 0.01122455857694149,
                "hgtprs": 0.011760142631828785,
                "absvprs": 0.01203185599297285,
                "pressfc": 0.0006776193622499704,
                "capesfc": 0.0005150730139575899,
                "tmpsfc": 0.0007669540354982018,
                "landmask": 0.0006718711229041219
            }
        },
        {
            "type": "Feature",
            "geometry": {
                "type": "Point",
                "coordinates": [
                    105.0,
                    -2.0
                ]
            },
            "properties": {
                "system_id": "INVEST_208L",
                "confidence": 0.5842837365779486,
                "uncertainty_std": 0.14890660345554352,
                "ci_95": [
                    0.29242679380508335,
                    0.876140679350814
                ],
                "lead_time_hrs": 24,
                "movement_vector": {
                    "dlat_24h": 0.0,
                    "dlon_24h": 4.0
                },
                "trajectory": {
                    "24h": [
                        105.0,
                        -2.0
                    ],
                    "48h": [
                        109.0,
                        -2.0
                    ],
                    "72h": [
                        107.0,
                        -4.0
                    ]
                },
                "top_driver": "ugrdprs",
                "ugrdprs": 0.01052448432892561,
                "vgrdprs": 0.010016129352152348,
                "vvelprs": 0.010121471248567104,
                "tmpprs": 0.009731247089803219,
                "rhprs": 0.008985993452370167,
                "hgtprs": 0.010242002084851265,
                "absvprs": 0.009977252222597599,
                "pressfc": 0.0005295040900819004,
                "capesfc": 0.00044800349860452116,
                "tmpsfc": 0.0006864070892333984,
                "landmask": 0.0006313748308457434
            }
        },
        {
            "type": "Feature",
            "geometry": {
                "type": "Point",
                "coordinates": [
                    -125.0,
                    -2.0
                ]
            },
            "properties": {
                "system_id": "INVEST_209L",
                "confidence": 0.5835230190435368,
                "uncertainty_std": 0.14938978850841522,
                "ci_95": [
                    0.29071903356704293,
                    0.8763270045200307
                ],
                "lead_time_hrs": 24,
                "movement_vector": {
                    "dlat_24h": -2.0,
                    "dlon_24h": 0.0
                },
                "trajectory": {
                    "24h": [
                        -125.0,
                        -2.0
                    ],
                    "48h": [
                        -125.0,
                        -4.0
                    ],
                    "72h": [
                        -127.0,
                        2.0
                    ]
                },
                "top_driver": "hgtprs",
                "ugrdprs": 0.005962856113910675,
                "vgrdprs": 0.005976204760372639,
                "vvelprs": 0.005985114257782698,
                "tmpprs": 0.0059049092233181,
                "rhprs": 0.005457559134811163,
                "hgtprs": 0.006048633251339197,
                "absvprs": 0.005773642566055059,
                "pressfc": 0.00031767680775374174,
                "capesfc": 0.00030373060144484043,
                "tmpsfc": 0.0003885142505168915,
                "landmask": 0.0002777078188955784
            }
        },
        {
            "type": "Feature",
            "geometry": {
                "type": "Point",
                "coordinates": [
                    -116.0,
                    24.0
                ]
            },
            "properties": {
                "system_id": "INVEST_210L",
                "confidence": 0.5833367866022713,
                "uncertainty_std": 0.1078151986002922,
                "ci_95": [
                    0.37201899734569854,
                    0.794654575858844
                ],
                "lead_time_hrs": 24,
                "movement_vector": {
                    "dlat_24h": -1.0,
                    "dlon_24h": -2.0
                },
                "trajectory": {
                    "24h": [
                        -116.0,
                        24.0
                    ],
                    "48h": [
                        -118.0,
                        23.0
                    ],
                    "72h": [
                        -119.0,
                        25.0
                    ]
                },
                "top_driver": "hgtprs",
                "ugrdprs": 0.00903821550309658,
                "vgrdprs": 0.009148351848125458,
                "vvelprs": 0.008670644834637642,
                "tmpprs": 0.008817349560558796,
                "rhprs": 0.008555958978831768,
                "hgtprs": 0.009184477850794792,
                "absvprs": 0.008810574188828468,
                "pressfc": 0.0006205062381923199,
                "capesfc": 0.0003773600037675351,
                "tmpsfc": 0.0005751348799094558,
                "landmask": 0.0005949720507487655
            }
        },
        {
            "type": "Feature",
            "geometry": {
                "type": "Point",
                "coordinates": [
                    152.0,
                    30.0
                ]
            },
            "properties": {
                "system_id": "INVEST_211L",
                "confidence": 0.5824229352647385,
                "uncertainty_std": 0.15723587572574615,
                "ci_95": [
                    0.2742406188422761,
                    0.890605251687201
                ],
                "lead_time_hrs": 24,
                "movement_vector": {
                    "dlat_24h": 2.0,
                    "dlon_24h": 0.0
                },
                "trajectory": {
                    "24h": [
                        152.0,
                        30.0
                    ],
                    "48h": [
                        152.0,
                        32.0
                    ],
                    "72h": [
                        153.0,
                        33.0
                    ]
                },
                "top_driver": "tmpprs",
                "ugrdprs": 0.01028447225689888,
                "vgrdprs": 0.009957704693078995,
                "vvelprs": 0.010268805548548698,
                "tmpprs": 0.010849829763174057,
                "rhprs": 0.010121556930243969,
                "hgtprs": 0.009947463870048523,
                "absvprs": 0.009718555957078934,
                "pressfc": 0.0006122002378106117,
                "capesfc": 0.00045163906179368496,
                "tmpsfc": 0.00037298572715371847,
                "landmask": 0.0004825308278668672
            }
        },
        {
            "type": "Feature",
            "geometry": {
                "type": "Point",
                "coordinates": [
                    172.0,
                    -12.0
                ]
            },
            "properties": {
                "system_id": "INVEST_212L",
                "confidence": 0.58018253299137,
                "uncertainty_std": 0.15331298112869263,
                "ci_95": [
                    0.27968908997913244,
                    0.8806759760036076
                ],
                "lead_time_hrs": 24,
                "movement_vector": {
                    "dlat_24h": 4.0,
                    "dlon_24h": 3.0
                },
                "trajectory": {
                    "24h": [
                        172.0,
                        -12.0
                    ],
                    "48h": [
                        175.0,
                        -8.0
                    ],
                    "72h": [
                        175.0,
                        -10.0
                    ]
                },
                "top_driver": "ugrdprs",
                "ugrdprs": 0.009083537384867668,
                "vgrdprs": 0.00874611921608448,
                "vvelprs": 0.008969461545348167,
                "tmpprs": 0.008574693463742733,
                "rhprs": 0.008005058392882347,
                "hgtprs": 0.00893681962043047,
                "absvprs": 0.00851056445389986,
                "pressfc": 0.00048051823978312314,
                "capesfc": 0.0004404650826472789,
                "tmpsfc": 0.00047734443796798587,
                "landmask": 0.0004195739165879786
            }
        },
        {
            "type": "Feature",
            "geometry": {
                "type": "Point",
                "coordinates": [
                    -121.0,
                    -5.0
                ]
            },
            "properties": {
                "system_id": "INVEST_213L",
                "confidence": 0.5778279540863496,
                "uncertainty_std": 0.1454305499792099,
                "ci_95": [
                    0.29278407612709817,
                    0.862871832045601
                ],
                "lead_time_hrs": 24,
                "movement_vector": {
                    "dlat_24h": -2.0,
                    "dlon_24h": 0.0
                },
                "trajectory": {
                    "24h": [
                        -121.0,
                        -5.0
                    ],
                    "48h": [
                        -121.0,
                        -7.0
                    ],
                    "72h": null
                },
                "top_driver": "hgtprs",
                "ugrdprs": 0.006804370321333408,
                "vgrdprs": 0.006826744414865971,
                "vvelprs": 0.006683793384581804,
                "tmpprs": 0.006531824823468924,
                "rhprs": 0.006374535150825977,
                "hgtprs": 0.0068521699868142605,
                "absvprs": 0.006594691891223192,
                "pressfc": 0.0003283594851382077,
                "capesfc": 0.000328781025018543,
                "tmpsfc": 0.0004038288607262075,
                "landmask": 0.00035404751542955637
            }
        },
        {
            "type": "Feature",
            "geometry": {
                "type": "Point",
                "coordinates": [
                    91.0,
                    -14.0
                ]
            },
            "properties": {
                "system_id": "INVEST_214L",
                "confidence": 0.5770950813308213,
                "uncertainty_std": 0.11064153164625168,
                "ci_95": [
                    0.36023767930416806,
                    0.7939524833574746
                ],
                "lead_time_hrs": 24,
                "movement_vector": {
                    "dlat_24h": 1.0,
                    "dlon_24h": 1.0
                },
                "trajectory": {
                    "24h": [
                        91.0,
                        -14.0
                    ],
                    "48h": [
                        92.0,
                        -13.0
                    ],
                    "72h": [
                        88.0,
                        -9.0
                    ]
                },
                "top_driver": "ugrdprs",
                "ugrdprs": 0.004490138031542301,
                "vgrdprs": 0.0042863343842327595,
                "vvelprs": 0.00422233622521162,
                "tmpprs": 0.004382092040032148,
                "rhprs": 0.004286418668925762,
                "hgtprs": 0.0043830061331391335,
                "absvprs": 0.0044531854800879955,
                "pressfc": 0.00030664599034935236,
                "capesfc": 0.0001660599373281002,
                "tmpsfc": 0.0002712334389798343,
                "landmask": 0.0002304046502104029
            }
        },
        {
            "type": "Feature",
            "geometry": {
                "type": "Point",
                "coordinates": [
                    -163.0,
                    15.0
                ]
            },
            "properties": {
                "system_id": "INVEST_215L",
                "confidence": 0.5764241943681264,
                "uncertainty_std": 0.15432120859622955,
                "ci_95": [
                    0.2739546255195165,
                    0.8788937632167364
                ],
                "lead_time_hrs": 24,
                "movement_vector": {
                    "dlat_24h": 2.0,
                    "dlon_24h": 2.0
                },
                "trajectory": {
                    "24h": [
                        -163.0,
                        15.0
                    ],
                    "48h": [
                        -161.0,
                        17.0
                    ],
                    "72h": [
                        -162.0,
                        13.0
                    ]
                },
                "top_driver": "hgtprs",
                "ugrdprs": 0.006619161460548639,
                "vgrdprs": 0.006341695785522461,
                "vvelprs": 0.006670232862234116,
                "tmpprs": 0.0060473717749118805,
                "rhprs": 0.0061259279027581215,
                "hgtprs": 0.006974584423005581,
                "absvprs": 0.006535012740641832,
                "pressfc": 0.000314365781378001,
                "capesfc": 0.0003242563980165869,
                "tmpsfc": 0.0002872354525607079,
                "landmask": 0.00040670885937288404
            }
        },
        {
            "type": "Feature",
            "geometry": {
                "type": "Point",
                "coordinates": [
                    -114.0,
                    6.0
                ]
            },
            "properties": {
                "system_id": "INVEST_216L",
                "confidence": 0.5748261833575794,
                "uncertainty_std": 0.17808929085731506,
                "ci_95": [
                    0.2257711732772419,
                    0.923881193437917
                ],
                "lead_time_hrs": 24,
                "movement_vector": {
                    "dlat_24h": 1.0,
                    "dlon_24h": 2.0
                },
                "trajectory": {
                    "24h": [
                        -114.0,
                        6.0
                    ],
                    "48h": [
                        -112.0,
                        7.0
                    ],
                    "72h": [
                        -111.0,
                        7.0
                    ]
                },
                "top_driver": "vvelprs",
                "ugrdprs": 0.004920250736176968,
                "vgrdprs": 0.004710986744612455,
                "vvelprs": 0.005036918446421623,
                "tmpprs": 0.004699022509157658,
                "rhprs": 0.00437379302456975,
                "hgtprs": 0.004885484464466572,
                "absvprs": 0.004656866192817688,
                "pressfc": 0.0002524167357478291,
                "capesfc": 0.00021693318558391184,
                "tmpsfc": 0.00026150254416279495,
                "landmask": 0.0002758863556664437
            }
        },
        {
            "type": "Feature",
            "geometry": {
                "type": "Point",
                "coordinates": [
                    165.0,
                    -13.0
                ]
            },
            "properties": {
                "system_id": "INVEST_217L",
                "confidence": 0.5735813120844031,
                "uncertainty_std": 0.12110769748687744,
                "ci_95": [
                    0.3362102250101233,
                    0.8109523991586829
                ],
                "lead_time_hrs": 24,
                "movement_vector": {
                    "dlat_24h": -2.0,
                    "dlon_24h": -4.0
                },
                "trajectory": {
                    "24h": [
                        165.0,
                        -13.0
                    ],
                    "48h": [
                        161.0,
                        -15.0
                    ],
                    "72h": [
                        160.0,
                        -18.0
                    ]
                },
                "top_driver": "hgtprs",
                "ugrdprs": 0.006647930014878511,
                "vgrdprs": 0.006537487264722586,
                "vvelprs": 0.006586292292922735,
                "tmpprs": 0.006321892142295837,
                "rhprs": 0.006076785735785961,
                "hgtprs": 0.006671251263469458,
                "absvprs": 0.006370773538947105,
                "pressfc": 0.0004217482637614012,
                "capesfc": 0.00036508787889033556,
                "tmpsfc": 0.0003203894302714616,
                "landmask": 0.00043973131687380373
            }
        },
        {
            "type": "Feature",
            "geometry": {
                "type": "Point",
                "coordinates": [
                    88.0,
                    21.0
                ]
            },
            "properties": {
                "system_id": "INVEST_218L",
                "confidence": 0.5735662993207861,
                "uncertainty_std": 0.15304574370384216,
                "ci_95": [
                    0.2735966416612554,
                    0.8735359569803167
                ],
                "lead_time_hrs": 24,
                "movement_vector": {
                    "dlat_24h": 0.0,
                    "dlon_24h": -1.0
                },
                "trajectory": {
                    "24h": [
                        88.0,
                        21.0
                    ],
                    "48h": [
                        87.0,
                        21.0
                    ],
                    "72h": [
                        92.0,
                        19.0
                    ]
                },
                "top_driver": "vgrdprs",
                "ugrdprs": 0.01250479370355606,
                "vgrdprs": 0.012570004910230637,
                "vvelprs": 0.011570584960281849,
                "tmpprs": 0.012497471645474434,
                "rhprs": 0.012413602322340012,
                "hgtprs": 0.012216653674840927,
                "absvprs": 0.012352073565125465,
                "pressfc": 0.0008227085345424712,
                "capesfc": 0.0007913133013062179,
                "tmpsfc": 0.0007997762877494097,
                "landmask": 0.000673975795507431
            }
        },
        {
            "type": "Feature",
            "geometry": {
                "type": "Point",
                "coordinates": [
                    -85.0,
                    6.0
                ]
            },
            "properties": {
                "system_id": "INVEST_219L",
                "confidence": 0.571452430967553,
                "uncertainty_std": 0.08135344088077545,
                "ci_95": [
                    0.41199968684123317,
                    0.7309051750938729
                ],
                "lead_time_hrs": 24,
                "movement_vector": {
                    "dlat_24h": 0.0,
                    "dlon_24h": -1.0
                },
                "trajectory": {
                    "24h": [
                        -85.0,
                        6.0
                    ],
                    "48h": [
                        -86.0,
                        6.0
                    ],
                    "72h": [
                        -87.0,
                        7.0
                    ]
                },
                "top_driver": "hgtprs",
                "ugrdprs": 0.004377603996545076,
                "vgrdprs": 0.004369002766907215,
                "vvelprs": 0.004504288546741009,
                "tmpprs": 0.0041979397647082806,
                "rhprs": 0.004169274587184191,
                "hgtprs": 0.004743209108710289,
                "absvprs": 0.004364125430583954,
                "pressfc": 0.0002133247471647337,
                "capesfc": 0.00019184585835319012,
                "tmpsfc": 0.00017723339260555804,
                "landmask": 0.00027907404000870883
            }
        },
        {
            "type": "Feature",
            "geometry": {
                "type": "Point",
                "coordinates": [
                    -43.0,
                    18.0
                ]
            },
            "properties": {
                "system_id": "INVEST_220L",
                "confidence": 0.5706377862515809,
                "uncertainty_std": 0.18431797623634338,
                "ci_95": [
                    0.20937455282834788,
                    0.9319010196748139
                ],
                "lead_time_hrs": 24,
                "movement_vector": {
                    "dlat_24h": 1.0,
                    "dlon_24h": 4.0
                },
                "trajectory": {
                    "24h": [
                        -43.0,
                        18.0
                    ],
                    "48h": [
                        -39.0,
                        19.0
                    ],
                    "72h": [
                        -41.0,
                        21.0
                    ]
                },
                "top_driver": "ugrdprs",
                "ugrdprs": 0.004818056244403124,
                "vgrdprs": 0.00441280473023653,
                "vvelprs": 0.004648215137422085,
                "tmpprs": 0.004411817528307438,
                "rhprs": 0.004019512794911861,
                "hgtprs": 0.004611635580658913,
                "absvprs": 0.00447380356490612,
                "pressfc": 0.00027691401191987097,
                "capesfc": 0.00021632506104651839,
                "tmpsfc": 0.0002465258294250816,
                "landmask": 0.0002594625693745911
            }
        },
        {
            "type": "Feature",
            "geometry": {
                "type": "Point",
                "coordinates": [
                    -69.0,
                    22.0
                ]
            },
            "properties": {
                "system_id": "INVEST_221L",
                "confidence": 0.5694273914403355,
                "uncertainty_std": 0.13382840156555176,
                "ci_95": [
                    0.30712372437185403,
                    0.8317310585088169
                ],
                "lead_time_hrs": 24,
                "movement_vector": {
                    "dlat_24h": 4.0,
                    "dlon_24h": -2.0
                },
                "trajectory": {
                    "24h": [
                        -69.0,
                        22.0
                    ],
                    "48h": [
                        -71.0,
                        26.0
                    ],
                    "72h": [
                        -68.0,
                        27.0
                    ]
                },
                "top_driver": "ugrdprs",
                "ugrdprs": 0.004270664416253567,
                "vgrdprs": 0.004109877161681652,
                "vvelprs": 0.004224998876452446,
                "tmpprs": 0.004113519098609686,
                "rhprs": 0.003894886700436473,
                "hgtprs": 0.004160136915743351,
                "absvprs": 0.004147754516452551,
                "pressfc": 0.00020612684602383524,
                "capesfc": 0.0001966894924407825,
                "tmpsfc": 0.00024301896337419748,
                "landmask": 0.0002654170384630561
            }
        },
        {
            "type": "Feature",
            "geometry": {
                "type": "Point",
                "coordinates": [
                    111.0,
                    2.0
                ]
            },
            "properties": {
                "system_id": "INVEST_222L",
                "confidence": 0.5689022330138935,
                "uncertainty_std": 0.14381693303585052,
                "ci_95": [
                    0.2870210442636265,
                    0.8507834217641606
                ],
                "lead_time_hrs": 24,
                "movement_vector": {
                    "dlat_24h": 1.0,
                    "dlon_24h": 1.0
                },
                "trajectory": {
                    "24h": [
                        111.0,
                        2.0
                    ],
                    "48h": [
                        112.0,
                        3.0
                    ],
                    "72h": [
                        111.0,
                        2.0
                    ]
                },
                "top_driver": "ugrdprs",
                "ugrdprs": 0.009969211183488369,
                "vgrdprs": 0.009504741057753563,
                "vvelprs": 0.00951286032795906,
                "tmpprs": 0.008857011795043945,
                "rhprs": 0.008429381065070629,
                "hgtprs": 0.009655779227614403,
                "absvprs": 0.009228060953319073,
                "pressfc": 0.00046652843593619764,
                "capesfc": 0.0004966518026776612,
                "tmpsfc": 0.0005207596113905311,
                "landmask": 0.0005295337177813053
            }
        },
        {
            "type": "Feature",
            "geometry": {
                "type": "Point",
                "coordinates": [
                    107.0,
                    20.0
                ]
            },
            "properties": {
                "system_id": "INVEST_223L",
                "confidence": 0.5685937814231394,
                "uncertainty_std": 0.20879192650318146,
                "ci_95": [
                    0.15936160547690376,
                    0.977825957369375
                ],
                "lead_time_hrs": 24,
                "movement_vector": {
                    "dlat_24h": 0.0,
                    "dlon_24h": 3.0
                },
                "trajectory": {
                    "24h": [
                        107.0,
                        20.0
                    ],
                    "48h": [
                        110.0,
                        20.0
                    ],
                    "72h": [
                        111.0,
                        19.0
                    ]
                },
                "top_driver": "hgtprs",
                "ugrdprs": 0.010554966516792774,
                "vgrdprs": 0.00957732368260622,
                "vvelprs": 0.009905798360705376,
                "tmpprs": 0.010321361944079399,
                "rhprs": 0.010248010978102684,
                "hgtprs": 0.010818589478731155,
                "absvprs": 0.01036250963807106,
                "pressfc": 0.0005838064826093614,
                "capesfc": 0.00045553839299827814,
                "tmpsfc": 0.0005036101792939007,
                "landmask": 0.0007709201890975237
            }
        },
        {
            "type": "Feature",
            "geometry": {
                "type": "Point",
                "coordinates": [
                    3.0,
                    0.0
                ]
            },
            "properties": {
                "system_id": "INVEST_224L",
                "confidence": 0.5663606472450253,
                "uncertainty_std": 0.12754957377910614,
                "ci_95": [
                    0.3163634826379773,
                    0.8163578118520733
                ],
                "lead_time_hrs": 24,
                "movement_vector": {
                    "dlat_24h": -1.0,
                    "dlon_24h": 3.0
                },
                "trajectory": {
                    "24h": [
                        3.0,
                        0.0
                    ],
                    "48h": [
                        6.0,
                        -1.0
                    ],
                    "72h": [
                        7.0,
                        -1.0
                    ]
                },
                "top_driver": "ugrdprs",
                "ugrdprs": 0.009867217391729355,
                "vgrdprs": 0.009139571338891983,
                "vvelprs": 0.009722900576889515,
                "tmpprs": 0.009291785769164562,
                "rhprs": 0.008659237064421177,
                "hgtprs": 0.00960494577884674,
                "absvprs": 0.00905249360948801,
                "pressfc": 0.0005007764557376504,
                "capesfc": 0.0004123543039895594,
                "tmpsfc": 0.0005287373787723482,
                "landmask": 0.0006103048799559474
            }
        },
        {
            "type": "Feature",
            "geometry": {
                "type": "Point",
                "coordinates": [
                    -46.0,
                    -1.0
                ]
            },
            "properties": {
                "system_id": "INVEST_225L",
                "confidence": 0.5658324480310332,
                "uncertainty_std": 0.11953527480363846,
                "ci_95": [
                    0.3315433094159018,
                    0.8001215866461645
                ],
                "lead_time_hrs": 24,
                "movement_vector": {
                    "dlat_24h": -1.0,
                    "dlon_24h": 3.0
                },
                "trajectory": {
                    "24h": [
                        -46.0,
                        -1.0
                    ],
                    "48h": [
                        -43.0,
                        -2.0
                    ],
                    "72h": [
                        -43.0,
                        0.0
                    ]
                },
                "top_driver": "vvelprs",
                "ugrdprs": 0.0027695586904883385,
                "vgrdprs": 0.002626675646752119,
                "vvelprs": 0.0027884177397936583,
                "tmpprs": 0.002579927910119295,
                "rhprs": 0.002421960700303316,
                "hgtprs": 0.002687466097995639,
                "absvprs": 0.002709010150283575,
                "pressfc": 0.00020217319251969457,
                "capesfc": 0.0001459985360270366,
                "tmpsfc": 0.00013113148452248424,
                "landmask": 0.00015507038915529847
            }
        },
        {
            "type": "Feature",
            "geometry": {
                "type": "Point",
                "coordinates": [
                    -119.0,
                    4.0
                ]
            },
            "properties": {
                "system_id": "INVEST_226L",
                "confidence": 0.563337941075694,
                "uncertainty_std": 0.08526553213596344,
                "ci_95": [
                    0.3962174980892057,
                    0.7304583840621823
                ],
                "lead_time_hrs": 24,
                "movement_vector": {
                    "dlat_24h": 2.0,
                    "dlon_24h": 0.0
                },
                "trajectory": {
                    "24h": [
                        -119.0,
                        4.0
                    ],
                    "48h": [
                        -119.0,
                        6.0
                    ],
                    "72h": [
                        -121.0,
                        8.0
                    ]
                },
                "top_driver": "vvelprs",
                "ugrdprs": 0.0046295286156237125,
                "vgrdprs": 0.00463359709829092,
                "vvelprs": 0.004774551838636398,
                "tmpprs": 0.004438742529600859,
                "rhprs": 0.0042075649835169315,
                "hgtprs": 0.004678221419453621,
                "absvprs": 0.004473863169550896,
                "pressfc": 0.00020992830104660243,
                "capesfc": 0.0002277673629578203,
                "tmpsfc": 0.00024062693410087377,
                "landmask": 0.0002600337320473045
            }
        },
        {
            "type": "Feature",
            "geometry": {
                "type": "Point",
                "coordinates": [
                    -25.0,
                    22.0
                ]
            },
            "properties": {
                "system_id": "INVEST_227L",
                "confidence": 0.5629843864800902,
                "uncertainty_std": 0.17818443477153778,
                "ci_95": [
                    0.21374289432787613,
                    0.9122258786323043
                ],
                "lead_time_hrs": 24,
                "movement_vector": {
                    "dlat_24h": 1.0,
                    "dlon_24h": -1.0
                },
                "trajectory": {
                    "24h": [
                        -25.0,
                        22.0
                    ],
                    "48h": [
                        -26.0,
                        23.0
                    ],
                    "72h": [
                        -26.0,
                        24.0
                    ]
                },
                "top_driver": "hgtprs",
                "ugrdprs": 0.004800296854227781,
                "vgrdprs": 0.004462196491658688,
                "vvelprs": 0.00464167445898056,
                "tmpprs": 0.004496722482144833,
                "rhprs": 0.0043127951212227345,
                "hgtprs": 0.004995860159397125,
                "absvprs": 0.004479347728192806,
                "pressfc": 0.0002601856831461191,
                "capesfc": 0.00018248466949444264,
                "tmpsfc": 0.00028044130885973573,
                "landmask": 0.0003038425638806075
            }
        },
        {
            "type": "Feature",
            "geometry": {
                "type": "Point",
                "coordinates": [
                    178.0,
                    -12.0
                ]
            },
            "properties": {
                "system_id": "INVEST_228L",
                "confidence": 0.5612043365228825,
                "uncertainty_std": 0.1395166963338852,
                "ci_95": [
                    0.2877516117084675,
                    0.8346570613372974
                ],
                "lead_time_hrs": 24,
                "movement_vector": {
                    "dlat_24h": 0.0,
                    "dlon_24h": 0.0
                },
                "trajectory": {
                    "24h": [
                        178.0,
                        -12.0
                    ],
                    "48h": [
                        178.0,
                        -12.0
                    ],
                    "72h": [
                        180.0,
                        -10.0
                    ]
                },
                "top_driver": "vvelprs",
                "ugrdprs": 0.009068252518773079,
                "vgrdprs": 0.008987439796328545,
                "vvelprs": 0.009390116669237614,
                "tmpprs": 0.008743658661842346,
                "rhprs": 0.008460349403321743,
                "hgtprs": 0.00905679538846016,
                "absvprs": 0.00890298094600439,
                "pressfc": 0.0004424092476256192,
                "capesfc": 0.00044635319500230253,
                "tmpsfc": 0.0004882292705588043,
                "landmask": 0.0005017174407839775
            }
        },
        {
            "type": "Feature",
            "geometry": {
                "type": "Point",
                "coordinates": [
                    148.0,
                    0.0
                ]
            },
            "properties": {
                "system_id": "INVEST_229L",
                "confidence": 0.5569055926651915,
                "uncertainty_std": 0.06549854576587677,
                "ci_95": [
                    0.428528442964073,
                    0.6852827423663099
                ],
                "lead_time_hrs": 24,
                "movement_vector": {
                    "dlat_24h": -3.0,
                    "dlon_24h": 3.0
                },
                "trajectory": {
                    "24h": [
                        148.0,
                        0.0
                    ],
                    "48h": [
                        151.0,
                        -3.0
                    ],
                    "72h": [
                        151.0,
                        -1.0
                    ]
                },
                "top_driver": "ugrdprs",
                "ugrdprs": 0.006404958199709654,
                "vgrdprs": 0.006117413751780987,
                "vvelprs": 0.006292315199971199,
                "tmpprs": 0.005905802361667156,
                "rhprs": 0.0057793064042925835,
                "hgtprs": 0.006189365871250629,
                "absvprs": 0.0060224081389606,
                "pressfc": 0.00031136476900428534,
                "capesfc": 0.0003223273088224232,
                "tmpsfc": 0.0003784961882047355,
                "landmask": 0.00036096255644224584
            }
        },
        {
            "type": "Feature",
            "geometry": {
                "type": "Point",
                "coordinates": [
                    154.0,
                    14.0
                ]
            },
            "properties": {
                "system_id": "INVEST_230L",
                "confidence": 0.5555489131567943,
                "uncertainty_std": 0.12305117398500443,
                "ci_95": [
                    0.31436861214618567,
                    0.7967292141674029
                ],
                "lead_time_hrs": 24,
                "movement_vector": {
                    "dlat_24h": -2.0,
                    "dlon_24h": -2.0
                },
                "trajectory": {
                    "24h": [
                        154.0,
                        14.0
                    ],
                    "48h": [
                        152.0,
                        12.0
                    ],
                    "72h": [
                        149.0,
                        10.0
                    ]
                },
                "top_driver": "ugrdprs",
                "ugrdprs": 0.005260951351374388,
                "vgrdprs": 0.004936207085847855,
                "vvelprs": 0.005231249611824751,
                "tmpprs": 0.005000296048820019,
                "rhprs": 0.004816010594367981,
                "hgtprs": 0.005016732029616833,
                "absvprs": 0.00503204483538866,
                "pressfc": 0.00034676387440413237,
                "capesfc": 0.00032370962435379624,
                "tmpsfc": 0.0002433813933748752,
                "landmask": 0.00030403502751141787
            }
        },
        {
            "type": "Feature",
            "geometry": {
                "type": "Point",
                "coordinates": [
                    150.0,
                    21.0
                ]
            },
            "properties": {
                "system_id": "INVEST_231L",
                "confidence": 0.5543329872289707,
                "uncertainty_std": 0.18993394076824188,
                "ci_95": [
                    0.18206246332321663,
                    0.9266035111347248
                ],
                "lead_time_hrs": 24,
                "movement_vector": {
                    "dlat_24h": 0.0,
                    "dlon_24h": -3.0
                },
                "trajectory": {
                    "24h": [
                        150.0,
                        21.0
                    ],
                    "48h": [
                        147.0,
                        21.0
                    ],
                    "72h": [
                        147.0,
                        22.0
                    ]
                },
                "top_driver": "ugrdprs",
                "ugrdprs": 0.010874434374272823,
                "vgrdprs": 0.009811126627027988,
                "vvelprs": 0.0102815767750144,
                "tmpprs": 0.010542791336774826,
                "rhprs": 0.010016287676990032,
                "hgtprs": 0.010279444977641106,
                "absvprs": 0.010371367447078228,
                "pressfc": 0.00036573249963112175,
                "capesfc": 0.00046344075235538185,
                "tmpsfc": 0.0006003584712743759,
                "landmask": 0.0004988549626432359
            }
        },
        {
            "type": "Feature",
            "geometry": {
                "type": "Point",
                "coordinates": [
                    -103.0,
                    -4.0
                ]
            },
            "properties": {
                "system_id": "INVEST_232L",
                "confidence": 0.5528163535904952,
                "uncertainty_std": 0.11790899932384491,
                "ci_95": [
                    0.3217147149157592,
                    0.7839179922652312
                ],
                "lead_time_hrs": 24,
                "movement_vector": {
                    "dlat_24h": 2.0,
                    "dlon_24h": 3.0
                },
                "trajectory": {
                    "24h": [
                        -103.0,
                        -4.0
                    ],
                    "48h": [
                        -100.0,
                        -2.0
                    ],
                    "72h": [
                        -103.0,
                        -2.0
                    ]
                },
                "top_driver": "ugrdprs",
                "ugrdprs": 0.003695112420246005,
                "vgrdprs": 0.003562783822417259,
                "vvelprs": 0.0035545730497688055,
                "tmpprs": 0.0034144169185310602,
                "rhprs": 0.0033262046054005623,
                "hgtprs": 0.0033045178279280663,
                "absvprs": 0.0033715139143168926,
                "pressfc": 0.0001917543268064037,
                "capesfc": 0.00016709713963791728,
                "tmpsfc": 0.00019095504831057042,
                "landmask": 0.0002756780304480344
            }
        },
        {
            "type": "Feature",
            "geometry": {
                "type": "Point",
                "coordinates": [
                    -124.0,
                    4.0
                ]
            },
            "properties": {
                "system_id": "INVEST_233L",
                "confidence": 0.5519131836288225,
                "uncertainty_std": 0.23687954246997833,
                "ci_95": [
                    0.08762928038766493,
                    1.0
                ],
                "lead_time_hrs": 24,
                "movement_vector": {
                    "dlat_24h": 1.0,
                    "dlon_24h": -3.0
                },
                "trajectory": {
                    "24h": [
                        -124.0,
                        4.0
                    ],
                    "48h": [
                        -127.0,
                        5.0
                    ],
                    "72h": [
                        -127.0,
                        2.0
                    ]
                },
                "top_driver": "ugrdprs",
                "ugrdprs": 0.0053565227426588535,
                "vgrdprs": 0.005081578157842159,
                "vvelprs": 0.005046308506280184,
                "tmpprs": 0.00480708247050643,
                "rhprs": 0.00475920969620347,
                "hgtprs": 0.005124161951243877,
                "absvprs": 0.0049125030636787415,
                "pressfc": 0.0003454592661000788,
                "capesfc": 0.0002700046170502901,
                "tmpsfc": 0.00030078974668867886,
                "landmask": 0.0003626326215453446
            }
        },
        {
            "type": "Feature",
            "geometry": {
                "type": "Point",
                "coordinates": [
                    -163.0,
                    -2.0
                ]
            },
            "properties": {
                "system_id": "INVEST_234L",
                "confidence": 0.549968827727252,
                "uncertainty_std": 0.0779363140463829,
                "ci_95": [
                    0.39721365219634147,
                    0.7027240032581625
                ],
                "lead_time_hrs": 24,
                "movement_vector": {
                    "dlat_24h": -2.0,
                    "dlon_24h": 1.0
                },
                "trajectory": {
                    "24h": [
                        -163.0,
                        -2.0
                    ],
                    "48h": [
                        -162.0,
                        -4.0
                    ],
                    "72h": [
                        -164.0,
                        -2.0
                    ]
                },
                "top_driver": "vgrdprs",
                "ugrdprs": 0.006253106519579887,
                "vgrdprs": 0.006489808205515146,
                "vvelprs": 0.006411395501345396,
                "tmpprs": 0.006008830852806568,
                "rhprs": 0.00571970222517848,
                "hgtprs": 0.006420662626624107,
                "absvprs": 0.0061114211566746235,
                "pressfc": 0.00031969143310561776,
                "capesfc": 0.0002921808627434075,
                "tmpsfc": 0.0003639986680354923,
                "landmask": 0.0003135919978376478
            }
        },
        {
            "type": "Feature",
            "geometry": {
                "type": "Point",
                "coordinates": [
                    164.0,
                    7.0
                ]
            },
            "properties": {
                "system_id": "INVEST_235L",
                "confidence": 0.5488497100528106,
                "uncertainty_std": 0.07410074025392532,
                "ci_95": [
                    0.40361225915511695,
                    0.6940871609505042
                ],
                "lead_time_hrs": 24,
                "movement_vector": {
                    "dlat_24h": 3.0,
                    "dlon_24h": 1.0
                },
                "trajectory": {
                    "24h": [
                        164.0,
                        7.0
                    ],
                    "48h": [
                        165.0,
                        10.0
                    ],
                    "72h": [
                        163.0,
                        9.0
                    ]
                },
                "top_driver": "ugrdprs",
                "ugrdprs": 0.0034085216466337442,
                "vgrdprs": 0.0030855878721922636,
                "vvelprs": 0.0033388531301170588,
                "tmpprs": 0.0030808455776423216,
                "rhprs": 0.0029168964829295874,
                "hgtprs": 0.00325126969255507,
                "absvprs": 0.0032364532817155123,
                "pressfc": 0.00023478326329495758,
                "capesfc": 0.0001927353150676936,
                "tmpsfc": 0.0001304468314629048,
                "landmask": 0.0001971268211491406
            }
        },
        {
            "type": "Feature",
            "geometry": {
                "type": "Point",
                "coordinates": [
                    -64.0,
                    25.0
                ]
            },
            "properties": {
                "system_id": "INVEST_236L",
                "confidence": 0.5487628912949657,
                "uncertainty_std": 0.0887993648648262,
                "ci_95": [
                    0.37471613615990634,
                    0.7228096464300251
                ],
                "lead_time_hrs": 24,
                "movement_vector": {
                    "dlat_24h": 1.0,
                    "dlon_24h": -1.0
                },
                "trajectory": {
                    "24h": [
                        -64.0,
                        25.0
                    ],
                    "48h": [
                        -65.0,
                        26.0
                    ],
                    "72h": [
                        -64.0,
                        29.0
                    ]
                },
                "top_driver": "ugrdprs",
                "ugrdprs": 0.004699812736362219,
                "vgrdprs": 0.004590054973959923,
                "vvelprs": 0.004687386564910412,
                "tmpprs": 0.0044357976876199245,
                "rhprs": 0.0044670975767076015,
                "hgtprs": 0.004526984877884388,
                "absvprs": 0.00465282890945673,
                "pressfc": 0.0002316210011485964,
                "capesfc": 0.00022200937382876873,
                "tmpsfc": 0.00025483500212430954,
                "landmask": 0.0002960481506306678
            }
        },
        {
            "type": "Feature",
            "geometry": {
                "type": "Point",
                "coordinates": [
                    -168.0,
                    -1.0
                ]
            },
            "properties": {
                "system_id": "INVEST_237L",
                "confidence": 0.5451302413988197,
                "uncertainty_std": 0.11416608095169067,
                "ci_95": [
                    0.321364722733506,
                    0.7688957600641334
                ],
                "lead_time_hrs": 24,
                "movement_vector": {
                    "dlat_24h": -2.0,
                    "dlon_24h": 0.0
                },
                "trajectory": {
                    "24h": [
                        -168.0,
                        -1.0
                    ],
                    "48h": [
                        -168.0,
                        -3.0
                    ],
                    "72h": [
                        -168.0,
                        -5.0
                    ]
                },
                "top_driver": "ugrdprs",
                "ugrdprs": 0.004452267196029425,
                "vgrdprs": 0.004426681436598301,
                "vvelprs": 0.004448186606168747,
                "tmpprs": 0.004209746606647968,
                "rhprs": 0.003989090211689472,
                "hgtprs": 0.004390205256640911,
                "absvprs": 0.004225165117532015,
                "pressfc": 0.00023384000814985484,
                "capesfc": 0.00022746631293557584,
                "tmpsfc": 0.00023419690842274576,
                "landmask": 0.0003053748805541545
            }
        },
        {
            "type": "Feature",
            "geometry": {
                "type": "Point",
                "coordinates": [
                    178.0,
                    7.0
                ]
            },
            "properties": {
                "system_id": "INVEST_238L",
                "confidence": 0.5419357155066808,
                "uncertainty_std": 0.12587863206863403,
                "ci_95": [
                    0.2952135966521582,
                    0.7886578343612035
                ],
                "lead_time_hrs": 24,
                "movement_vector": {
                    "dlat_24h": -1.0,
                    "dlon_24h": 1.0
                },
                "trajectory": {
                    "24h": [
                        178.0,
                        7.0
                    ],
                    "48h": [
                        179.0,
                        6.0
                    ],
                    "72h": [
                        177.0,
                        8.0
                    ]
                },
                "top_driver": "vvelprs",
                "ugrdprs": 0.0059572444297373295,
                "vgrdprs": 0.005815034732222557,
                "vvelprs": 0.006040784530341625,
                "tmpprs": 0.005711311474442482,
                "rhprs": 0.005228211637586355,
                "hgtprs": 0.005662075709551573,
                "absvprs": 0.0058883437886834145,
                "pressfc": 0.000332155468640849,
                "capesfc": 0.0003356355591677129,
                "tmpsfc": 0.0003193735610693693,
                "landmask": 0.00024543580366298556
            }
        },
        {
            "type": "Feature",
            "geometry": {
                "type": "Point",
                "coordinates": [
                    -172.0,
                    4.0
                ]
            },
            "properties": {
                "system_id": "INVEST_239L",
                "confidence": 0.541859778387224,
                "uncertainty_std": 0.11615254729986191,
                "ci_95": [
                    0.31420078567949467,
                    0.7695187710949534
                ],
                "lead_time_hrs": 24,
                "movement_vector": {
                    "dlat_24h": -1.0,
                    "dlon_24h": 0.0
                },
                "trajectory": {
                    "24h": [
                        -172.0,
                        4.0
                    ],
                    "48h": [
                        -172.0,
                        3.0
                    ],
                    "72h": [
                        -174.0,
                        5.0
                    ]
                },
                "top_driver": "vvelprs",
                "ugrdprs": 0.006256868131458759,
                "vgrdprs": 0.0060646324418485165,
                "vvelprs": 0.00642438605427742,
                "tmpprs": 0.005869540851563215,
                "rhprs": 0.0055898865684866905,
                "hgtprs": 0.006191697437316179,
                "absvprs": 0.006245251279324293,
                "pressfc": 0.00035270757507532835,
                "capesfc": 0.00031260112882591784,
                "tmpsfc": 0.0002979256387334317,
                "landmask": 0.0002758747723419219
            }
        },
        {
            "type": "Feature",
            "geometry": {
                "type": "Point",
                "coordinates": [
                    114.0,
                    -6.0
                ]
            },
            "properties": {
                "system_id": "INVEST_240L",
                "confidence": 0.5415772707385359,
                "uncertainty_std": 0.16829271614551544,
                "ci_95": [
                    0.21172354709332564,
                    0.8714309943837462
                ],
                "lead_time_hrs": 24,
                "movement_vector": {
                    "dlat_24h": 1.0,
                    "dlon_24h": 0.0
                },
                "trajectory": {
                    "24h": [
                        114.0,
                        -6.0
                    ],
                    "48h": [
                        114.0,
                        -5.0
                    ],
                    "72h": [
                        112.0,
                        -5.0
                    ]
                },
                "top_driver": "ugrdprs",
                "ugrdprs": 0.005243721418082714,
                "vgrdprs": 0.00513889966532588,
                "vvelprs": 0.005016944836825132,
                "tmpprs": 0.004742263350635767,
                "rhprs": 0.004815739579498768,
                "hgtprs": 0.0050587961450219154,
                "absvprs": 0.0048699458129704,
                "pressfc": 0.000316784338792786,
                "capesfc": 0.00024236038734670728,
                "tmpsfc": 0.0003443427267484367,
                "landmask": 0.00034166889963671565
            }
        },
        {
            "type": "Feature",
            "geometry": {
                "type": "Point",
                "coordinates": [
                    -173.0,
                    14.0
                ]
            },
            "properties": {
                "system_id": "INVEST_241L",
                "confidence": 0.5405911957050923,
                "uncertainty_std": 0.13131751120090485,
                "ci_95": [
                    0.2832088737513188,
                    0.7979735176588658
                ],
                "lead_time_hrs": 24,
                "movement_vector": {
                    "dlat_24h": 0.0,
                    "dlon_24h": -1.0
                },
                "trajectory": {
                    "24h": [
                        -173.0,
                        14.0
                    ],
                    "48h": [
                        -174.0,
                        14.0
                    ],
                    "72h": [
                        -172.0,
                        14.0
                    ]
                },
                "top_driver": "ugrdprs",
                "ugrdprs": 0.004503692965954542,
                "vgrdprs": 0.004181417170912027,
                "vvelprs": 0.00444749416783452,
                "tmpprs": 0.004159134346991777,
                "rhprs": 0.0038877991028130054,
                "hgtprs": 0.004324646666646004,
                "absvprs": 0.004328800365328789,
                "pressfc": 0.0002442364930175245,
                "capesfc": 0.0001878667826531455,
                "tmpsfc": 0.00022979125787969679,
                "landmask": 0.00016927516844589263
            }
        },
        {
            "type": "Feature",
            "geometry": {
                "type": "Point",
                "coordinates": [
                    172.0,
                    20.0
                ]
            },
            "properties": {
                "system_id": "INVEST_242L",
                "confidence": 0.5401353187552865,
                "uncertainty_std": 0.09081657230854034,
                "ci_95": [
                    0.3621348370305475,
                    0.7181358004800256
                ],
                "lead_time_hrs": 24,
                "movement_vector": {
                    "dlat_24h": -3.0,
                    "dlon_24h": -1.0
                },
                "trajectory": {
                    "24h": [
                        172.0,
                        20.0
                    ],
                    "48h": [
                        171.0,
                        17.0
                    ],
                    "72h": [
                        173.0,
                        17.0
                    ]
                },
                "top_driver": "hgtprs",
                "ugrdprs": 0.00715230219066143,
                "vgrdprs": 0.007035647984594107,
                "vvelprs": 0.007221647538244724,
                "tmpprs": 0.006796974688768387,
                "rhprs": 0.007004293147474527,
                "hgtprs": 0.0075676096603274345,
                "absvprs": 0.0072156465612351894,
                "pressfc": 0.00039893307257443666,
                "capesfc": 0.0002748880360741168,
                "tmpsfc": 0.0003127702511847019,
                "landmask": 0.0005264270002953708
            }
        },
        {
            "type": "Feature",
            "geometry": {
                "type": "Point",
                "coordinates": [
                    150.0,
                    -8.0
                ]
            },
            "properties": {
                "system_id": "INVEST_243L",
                "confidence": 0.5377346682430956,
                "uncertainty_std": 0.11781490594148636,
                "ci_95": [
                    0.3068174525977823,
                    0.7686518838884089
                ],
                "lead_time_hrs": 24,
                "movement_vector": {
                    "dlat_24h": 0.0,
                    "dlon_24h": -1.0
                },
                "trajectory": {
                    "24h": [
                        150.0,
                        -8.0
                    ],
                    "48h": [
                        149.0,
                        -8.0
                    ],
                    "72h": [
                        148.0,
                        -7.0
                    ]
                },
                "top_driver": "ugrdprs",
                "ugrdprs": 0.003383902832865715,
                "vgrdprs": 0.0032748880330473185,
                "vvelprs": 0.003273975569754839,
                "tmpprs": 0.00311592360958457,
                "rhprs": 0.002838010899722576,
                "hgtprs": 0.0032708831131458282,
                "absvprs": 0.0030866062734276056,
                "pressfc": 0.00020201077859383076,
                "capesfc": 0.00017148986808024347,
                "tmpsfc": 0.00016975055041257292,
                "landmask": 0.00020576914539560676
            }
        },
        {
            "type": "Feature",
            "geometry": {
                "type": "Point",
                "coordinates": [
                    89.0,
                    -7.0
                ]
            },
            "properties": {
                "system_id": "INVEST_244L",
                "confidence": 0.5344696155585376,
                "uncertainty_std": 0.11583701521158218,
                "ci_95": [
                    0.3074290657438365,
                    0.7615101653732386
                ],
                "lead_time_hrs": 24,
                "movement_vector": {
                    "dlat_24h": -1.0,
                    "dlon_24h": 2.0
                },
                "trajectory": {
                    "24h": [
                        89.0,
                        -7.0
                    ],
                    "48h": [
                        91.0,
                        -8.0
                    ],
                    "72h": [
                        88.0,
                        -9.0
                    ]
                },
                "top_driver": "ugrdprs",
                "ugrdprs": 0.005084188189357519,
                "vgrdprs": 0.004983492195606232,
                "vvelprs": 0.0049366941675543785,
                "tmpprs": 0.004904149100184441,
                "rhprs": 0.004644944332540035,
                "hgtprs": 0.004822010174393654,
                "absvprs": 0.005009965971112251,
                "pressfc": 0.00018039379210676998,
                "capesfc": 0.0002300311898579821,
                "tmpsfc": 0.0003086162614636123,
                "landmask": 0.0003300743701402098
            }
        },
        {
            "type": "Feature",
            "geometry": {
                "type": "Point",
                "coordinates": [
                    -129.0,
                    -17.0
                ]
            },
            "properties": {
                "system_id": "INVEST_245L",
                "confidence": 0.532032594482261,
                "uncertainty_std": 0.162742018699646,
                "ci_95": [
                    0.2130582378309549,
                    0.8510069511335672
                ],
                "lead_time_hrs": 24,
                "movement_vector": {
                    "dlat_24h": 0.0,
                    "dlon_24h": 2.0
                },
                "trajectory": {
                    "24h": [
                        -129.0,
                        -17.0
                    ],
                    "48h": [
                        -127.0,
                        -17.0
                    ],
                    "72h": null
                },
                "top_driver": "ugrdprs",
                "ugrdprs": 0.0075599439442157745,
                "vgrdprs": 0.007455661427229643,
                "vvelprs": 0.007344882003962994,
                "tmpprs": 0.007312063593417406,
                "rhprs": 0.006834660656750202,
                "hgtprs": 0.00753122940659523,
                "absvprs": 0.007265526335686445,
                "pressfc": 0.00034257755032740533,
                "capesfc": 0.0004037926555611193,
                "tmpsfc": 0.00046015976113267243,
                "landmask": 0.0004304756876081228
            }
        },
        {
            "type": "Feature",
            "geometry": {
                "type": "Point",
                "coordinates": [
                    -53.0,
                    10.0
                ]
            },
            "properties": {
                "system_id": "INVEST_246L",
                "confidence": 0.5308654492350001,
                "uncertainty_std": 0.1168050542473793,
                "ci_95": [
                    0.3019275429101367,
                    0.7598033555598636
                ],
                "lead_time_hrs": 24,
                "movement_vector": {
                    "dlat_24h": 0.0,
                    "dlon_24h": 2.0
                },
                "trajectory": {
                    "24h": [
                        -53.0,
                        10.0
                    ],
                    "48h": [
                        -51.0,
                        10.0
                    ],
                    "72h": [
                        -52.0,
                        13.0
                    ]
                },
                "top_driver": "vvelprs",
                "ugrdprs": 0.003979233093559742,
                "vgrdprs": 0.0036172312684357166,
                "vvelprs": 0.003982106689363718,
                "tmpprs": 0.0038098229561001062,
                "rhprs": 0.0034886072389781475,
                "hgtprs": 0.0037824881728738546,
                "absvprs": 0.003759829793125391,
                "pressfc": 0.00027305795811116695,
                "capesfc": 0.0001683641312411055,
                "tmpsfc": 0.0002195547567680478,
                "landmask": 0.00024590748944319785
            }
        },
        {
            "type": "Feature",
            "geometry": {
                "type": "Point",
                "coordinates": [
                    57.0,
                    -9.0
                ]
            },
            "properties": {
                "system_id": "INVEST_247L",
                "confidence": 0.5285868743262772,
                "uncertainty_std": 0.15961845219135284,
                "ci_95": [
                    0.21573470803122557,
                    0.8414390406213288
                ],
                "lead_time_hrs": 24,
                "movement_vector": {
                    "dlat_24h": -4.0,
                    "dlon_24h": -3.0
                },
                "trajectory": {
                    "24h": [
                        57.0,
                        -9.0
                    ],
                    "48h": [
                        54.0,
                        -13.0
                    ],
                    "72h": null
                },
                "top_driver": "ugrdprs",
                "ugrdprs": 0.007137290667742491,
                "vgrdprs": 0.006730244494974613,
                "vvelprs": 0.0066819884814321995,
                "tmpprs": 0.006756005343049765,
                "rhprs": 0.006377837620675564,
                "hgtprs": 0.006939686369150877,
                "absvprs": 0.006567604839801788,
                "pressfc": 0.000338429439580068,
                "capesfc": 0.0003477895224932581,
                "tmpsfc": 0.00048697221791371703,
                "landmask": 0.0003668998251669109
            }
        },
        {
            "type": "Feature",
            "geometry": {
                "type": "Point",
                "coordinates": [
                    -41.0,
                    0.0
                ]
            },
            "properties": {
                "system_id": "INVEST_248L",
                "confidence": 0.5284236956488636,
                "uncertainty_std": 0.18313263356685638,
                "ci_95": [
                    0.16948373385782511,
                    0.8873636574399021
                ],
                "lead_time_hrs": 24,
                "movement_vector": {
                    "dlat_24h": -2.0,
                    "dlon_24h": -2.0
                },
                "trajectory": {
                    "24h": [
                        -41.0,
                        0.0
                    ],
                    "48h": [
                        -43.0,
                        -2.0
                    ],
                    "72h": [
                        -43.0,
                        0.0
                    ]
                },
                "top_driver": "ugrdprs",
                "ugrdprs": 0.002115923911333084,
                "vgrdprs": 0.0019555038306862116,
                "vvelprs": 0.0020629786886274815,
                "tmpprs": 0.0019770516082644463,
                "rhprs": 0.001828224048949778,
                "hgtprs": 0.0020637926645576954,
                "absvprs": 0.0020067812874913216,
                "pressfc": 0.0001208540124935098,
                "capesfc": 8.114281081361696e-05,
                "tmpsfc": 0.0001148536684922874,
                "landmask": 9.76270021055825e-05
            }
        },
        {
            "type": "Feature",
            "geometry": {
                "type": "Point",
                "coordinates": [
                    160.0,
                    17.0
                ]
            },
            "properties": {
                "system_id": "INVEST_249L",
                "confidence": 0.5262388276371603,
                "uncertainty_std": 0.17082391679286957,
                "ci_95": [
                    0.191423950723136,
                    0.8610537045511847
                ],
                "lead_time_hrs": 24,
                "movement_vector": {
                    "dlat_24h": 0.0,
                    "dlon_24h": 2.0
                },
                "trajectory": {
                    "24h": [
                        160.0,
                        17.0
                    ],
                    "48h": [
                        162.0,
                        17.0
                    ],
                    "72h": [
                        164.0,
                        17.0
                    ]
                },
                "top_driver": "vvelprs",
                "ugrdprs": 0.006526532582938671,
                "vgrdprs": 0.006158163305372,
                "vvelprs": 0.006532477214932442,
                "tmpprs": 0.006087286397814751,
                "rhprs": 0.005766750779002905,
                "hgtprs": 0.006142498925328255,
                "absvprs": 0.006126221269369125,
                "pressfc": 0.00028171497979201376,
                "capesfc": 0.0002666297659743577,
                "tmpsfc": 0.00032126775477081537,
                "landmask": 0.00045477470848709345
            }
        },
        {
            "type": "Feature",
            "geometry": {
                "type": "Point",
                "coordinates": [
                    -43.0,
                    27.0
                ]
            },
            "properties": {
                "system_id": "INVEST_250L",
                "confidence": 0.5260210687954803,
                "uncertainty_std": 0.19907109439373016,
                "ci_95": [
                    0.13584172378376919,
                    0.9162004138071913
                ],
                "lead_time_hrs": 24,
                "movement_vector": {
                    "dlat_24h": 0.0,
                    "dlon_24h": 0.0
                },
                "trajectory": {
                    "24h": [
                        -43.0,
                        27.0
                    ],
                    "48h": [
                        -43.0,
                        27.0
                    ],
                    "72h": [
                        -46.0,
                        30.0
                    ]
                },
                "top_driver": "ugrdprs",
                "ugrdprs": 0.0033378833904862404,
                "vgrdprs": 0.0031597118359059095,
                "vvelprs": 0.003132926532998681,
                "tmpprs": 0.0030673015862703323,
                "rhprs": 0.0029603950679302216,
                "hgtprs": 0.0032042874954640865,
                "absvprs": 0.0032505837734788656,
                "pressfc": 0.0002353138552280143,
                "capesfc": 0.0001597140944795683,
                "tmpsfc": 0.0001784332125680521,
                "landmask": 0.0002194851404055953
            }
        },
        {
            "type": "Feature",
            "geometry": {
                "type": "Point",
                "coordinates": [
                    -85.0,
                    -10.0
                ]
            },
            "properties": {
                "system_id": "INVEST_251L",
                "confidence": 0.5248403281706033,
                "uncertainty_std": 0.06693023443222046,
                "ci_95": [
                    0.39365706868345124,
                    0.6560235876577554
                ],
                "lead_time_hrs": 24,
                "movement_vector": {
                    "dlat_24h": 2.0,
                    "dlon_24h": 0.0
                },
                "trajectory": {
                    "24h": [
                        -85.0,
                        -10.0
                    ],
                    "48h": [
                        -85.0,
                        -8.0
                    ],
                    "72h": [
                        -85.0,
                        -7.0
                    ]
                },
                "top_driver": "ugrdprs",
                "ugrdprs": 0.008463635109364986,
                "vgrdprs": 0.008260736241936684,
                "vvelprs": 0.008092151023447514,
                "tmpprs": 0.008010110817849636,
                "rhprs": 0.007469602860510349,
                "hgtprs": 0.00844535231590271,
                "absvprs": 0.007777286693453789,
                "pressfc": 0.0004714167444035411,
                "capesfc": 0.00038700815639458597,
                "tmpsfc": 0.0004971603048034012,
                "landmask": 0.00047301960876211524
            }
        },
        {
            "type": "Feature",
            "geometry": {
                "type": "Point",
                "coordinates": [
                    -143.0,
                    -3.0
                ]
            },
            "properties": {
                "system_id": "INVEST_252L",
                "confidence": 0.5247461832932724,
                "uncertainty_std": 0.13444484770298004,
                "ci_95": [
                    0.2612342817954315,
                    0.7882580847911133
                ],
                "lead_time_hrs": 24,
                "movement_vector": {
                    "dlat_24h": -1.0,
                    "dlon_24h": 0.0
                },
                "trajectory": {
                    "24h": [
                        -143.0,
                        -3.0
                    ],
                    "48h": [
                        -143.0,
                        -4.0
                    ],
                    "72h": [
                        -146.0,
                        -5.0
                    ]
                },
                "top_driver": "ugrdprs",
                "ugrdprs": 0.004006369039416313,
                "vgrdprs": 0.0037964454386383295,
                "vvelprs": 0.003794199088588357,
                "tmpprs": 0.0036349319852888584,
                "rhprs": 0.003732499433681369,
                "hgtprs": 0.003844890045002103,
                "absvprs": 0.003792077535763383,
                "pressfc": 0.00023747865634504706,
                "capesfc": 0.00021390794427134097,
                "tmpsfc": 0.00022521994833368808,
                "landmask": 0.00024126566131599247
            }
        },
        {
            "type": "Feature",
            "geometry": {
                "type": "Point",
                "coordinates": [
                    -49.0,
                    27.0
                ]
            },
            "properties": {
                "system_id": "INVEST_253L",
                "confidence": 0.5231566404216009,
                "uncertainty_std": 0.15057818591594696,
                "ci_95": [
                    0.22802339602634492,
                    0.8182898848168569
                ],
                "lead_time_hrs": 24,
                "movement_vector": {
                    "dlat_24h": -1.0,
                    "dlon_24h": 1.0
                },
                "trajectory": {
                    "24h": [
                        -49.0,
                        27.0
                    ],
                    "48h": [
                        -48.0,
                        26.0
                    ],
                    "72h": [
                        -49.0,
                        26.0
                    ]
                },
                "top_driver": "vvelprs",
                "ugrdprs": 0.004113063681870699,
                "vgrdprs": 0.003950765356421471,
                "vvelprs": 0.004315220285207033,
                "tmpprs": 0.003959017805755138,
                "rhprs": 0.003887725295498967,
                "hgtprs": 0.004160548560321331,
                "absvprs": 0.003981067333370447,
                "pressfc": 0.0002255877770949155,
                "capesfc": 0.00018240859208162874,
                "tmpsfc": 0.00021314944024197757,
                "landmask": 0.0002189456281485036
            }
        },
        {
            "type": "Feature",
            "geometry": {
                "type": "Point",
                "coordinates": [
                    180.0,
                    28.0
                ]
            },
            "properties": {
                "system_id": "INVEST_254L",
                "confidence": 0.5214524694828229,
                "uncertainty_std": 0.19808468222618103,
                "ci_95": [
                    0.13320649231950804,
                    0.9096984466461377
                ],
                "lead_time_hrs": 24,
                "movement_vector": {
                    "dlat_24h": -1.0,
                    "dlon_24h": -1.0
                },
                "trajectory": {
                    "24h": [
                        180.0,
                        28.0
                    ],
                    "48h": [
                        179.0,
                        27.0
                    ],
                    "72h": [
                        174.0,
                        30.0
                    ]
                },
                "top_driver": "absvprs",
                "ugrdprs": 0.008047407492995262,
                "vgrdprs": 0.007916654460132122,
                "vvelprs": 0.008051103912293911,
                "tmpprs": 0.007442667614668608,
                "rhprs": 0.007857896387577057,
                "hgtprs": 0.00823928415775299,
                "absvprs": 0.008289312943816185,
                "pressfc": 0.0004688679182436317,
                "capesfc": 0.0004281521833036095,
                "tmpsfc": 0.0003700588131323457,
                "landmask": 0.000522853690199554
            }
        },
        {
            "type": "Feature",
            "geometry": {
                "type": "Point",
                "coordinates": [
                    -129.0,
                    29.0
                ]
            },
            "properties": {
                "system_id": "INVEST_255L",
                "confidence": 0.5178748075240167,
                "uncertainty_std": 0.14815789461135864,
                "ci_95": [
                    0.22748533408575378,
                    0.8082642809622796
                ],
                "lead_time_hrs": 24,
                "movement_vector": {
                    "dlat_24h": -2.0,
                    "dlon_24h": -1.0
                },
                "trajectory": {
                    "24h": [
                        -129.0,
                        29.0
                    ],
                    "48h": [
                        -130.0,
                        27.0
                    ],
                    "72h": [
                        -130.0,
                        28.0
                    ]
                },
                "top_driver": "ugrdprs",
                "ugrdprs": 0.0127475056797266,
                "vgrdprs": 0.011792697012424469,
                "vvelprs": 0.01169669907540083,
                "tmpprs": 0.012569250538945198,
                "rhprs": 0.011465722694993019,
                "hgtprs": 0.010787894017994404,
                "absvprs": 0.011147796176373959,
                "pressfc": 0.0007742571760900319,
                "capesfc": 0.0006567651871591806,
                "tmpsfc": 0.000748059363104403,
                "landmask": 0.0007375142886303365
            }
        },
        {
            "type": "Feature",
            "geometry": {
                "type": "Point",
                "coordinates": [
                    -68.0,
                    35.0
                ]
            },
            "properties": {
                "system_id": "INVEST_256L",
                "confidence": 0.5177203367873161,
                "uncertainty_std": 0.19891148805618286,
                "ci_95": [
                    0.1278538201971977,
                    0.9075868533774345
                ],
                "lead_time_hrs": 24,
                "movement_vector": {
                    "dlat_24h": 0.0,
                    "dlon_24h": 1.0
                },
                "trajectory": {
                    "24h": [
                        -68.0,
                        35.0
                    ],
                    "48h": [
                        -67.0,
                        35.0
                    ],
                    "72h": [
                        -66.0,
                        35.0
                    ]
                },
                "top_driver": "ugrdprs",
                "ugrdprs": 0.01138798613101244,
                "vgrdprs": 0.01085351500660181,
                "vvelprs": 0.010159366764128208,
                "tmpprs": 0.011379510164260864,
                "rhprs": 0.010583546943962574,
                "hgtprs": 0.010517939925193787,
                "absvprs": 0.0104369493201375,
                "pressfc": 0.0008406148990616202,
                "capesfc": 0.00048351078294217587,
                "tmpsfc": 0.000508573604747653,
                "landmask": 0.000502828333992511
            }
        },
        {
            "type": "Feature",
            "geometry": {
                "type": "Point",
                "coordinates": [
                    -72.0,
                    10.0
                ]
            },
            "properties": {
                "system_id": "INVEST_257L",
                "confidence": 0.5173253109236327,
                "uncertainty_std": 0.16908998787403107,
                "ci_95": [
                    0.18590893469053177,
                    0.8487416871567335
                ],
                "lead_time_hrs": 24,
                "movement_vector": {
                    "dlat_24h": 0.0,
                    "dlon_24h": 0.0
                },
                "trajectory": {
                    "24h": [
                        -72.0,
                        10.0
                    ],
                    "48h": [
                        -72.0,
                        10.0
                    ],
                    "72h": [
                        -72.0,
                        10.0
                    ]
                },
                "top_driver": "ugrdprs",
                "ugrdprs": 0.007089407183229923,
                "vgrdprs": 0.006864504888653755,
                "vvelprs": 0.0070348395965993404,
                "tmpprs": 0.00670708529651165,
                "rhprs": 0.006311109289526939,
                "hgtprs": 0.0068726507015526295,
                "absvprs": 0.006926562637090683,
                "pressfc": 0.00039816845674067736,
                "capesfc": 0.0003553166752681136,
                "tmpsfc": 0.0003496034478303045,
                "landmask": 0.00030916984542272985
            }
        },
        {
            "type": "Feature",
            "geometry": {
                "type": "Point",
                "coordinates": [
                    -165.0,
                    10.0
                ]
            },
            "properties": {
                "system_id": "INVEST_258L",
                "confidence": 0.5155818001647595,
                "uncertainty_std": 0.10822909325361252,
                "ci_95": [
                    0.30345277738767895,
                    0.7277108229418401
                ],
                "lead_time_hrs": 24,
                "movement_vector": {
                    "dlat_24h": 0.0,
                    "dlon_24h": 0.0
                },
                "trajectory": {
                    "24h": [
                        -165.0,
                        10.0
                    ],
                    "48h": [
                        -165.0,
                        10.0
                    ],
                    "72h": [
                        -164.0,
                        8.0
                    ]
                },
                "top_driver": "hgtprs",
                "ugrdprs": 0.006030916702002287,
                "vgrdprs": 0.005827572662383318,
                "vvelprs": 0.0061836568638682365,
                "tmpprs": 0.005618500988930464,
                "rhprs": 0.005667665973305702,
                "hgtprs": 0.006492251995950937,
                "absvprs": 0.005977600812911987,
                "pressfc": 0.0002811129961628467,
                "capesfc": 0.00032092691981233656,
                "tmpsfc": 0.0002648166846483946,
                "landmask": 0.0004034206795040518
            }
        },
        {
            "type": "Feature",
            "geometry": {
                "type": "Point",
                "coordinates": [
                    157.0,
                    22.0
                ]
            },
            "properties": {
                "system_id": "INVEST_259L",
                "confidence": 0.5152012701433171,
                "uncertainty_std": 0.14906452596187592,
                "ci_95": [
                    0.22303479925804026,
                    0.8073677410285939
                ],
                "lead_time_hrs": 24,
                "movement_vector": {
                    "dlat_24h": 2.0,
                    "dlon_24h": 2.0
                },
                "trajectory": {
                    "24h": [
                        157.0,
                        22.0
                    ],
                    "48h": [
                        159.0,
                        24.0
                    ],
                    "72h": [
                        158.0,
                        27.0
                    ]
                },
                "top_driver": "ugrdprs",
                "ugrdprs": 0.007705351337790489,
                "vgrdprs": 0.007234834600239992,
                "vvelprs": 0.006805220618844032,
                "tmpprs": 0.006858441978693008,
                "rhprs": 0.007177962455898523,
                "hgtprs": 0.007442301604896784,
                "absvprs": 0.006650139112025499,
                "pressfc": 0.000440820847870782,
                "capesfc": 0.00036824189010076225,
                "tmpsfc": 0.0004261748108547181,
                "landmask": 0.0005789385177195072
            }
        },
        {
            "type": "Feature",
            "geometry": {
                "type": "Point",
                "coordinates": [
                    -129.0,
                    17.0
                ]
            },
            "properties": {
                "system_id": "INVEST_260L",
                "confidence": 0.5150115849849629,
                "uncertainty_std": 0.16314877569675446,
                "ci_95": [
                    0.19523998461932418,
                    0.8347831853506016
                ],
                "lead_time_hrs": 24,
                "movement_vector": {
                    "dlat_24h": -1.0,
                    "dlon_24h": -2.0
                },
                "trajectory": {
                    "24h": [
                        -129.0,
                        17.0
                    ],
                    "48h": [
                        -131.0,
                        16.0
                    ],
                    "72h": [
                        -132.0,
                        17.0
                    ]
                },
                "top_driver": "vvelprs",
                "ugrdprs": 0.008611536584794521,
                "vgrdprs": 0.008169028908014297,
                "vvelprs": 0.009021171368658543,
                "tmpprs": 0.008424206636846066,
                "rhprs": 0.007913924753665924,
                "hgtprs": 0.008726570755243301,
                "absvprs": 0.00820315070450306,
                "pressfc": 0.00041471546865068376,
                "capesfc": 0.00041906957630999386,
                "tmpsfc": 0.00031929524266161025,
                "landmask": 0.0004021529166493565
            }
        },
        {
            "type": "Feature",
            "geometry": {
                "type": "Point",
                "coordinates": [
                    96.0,
                    -13.0
                ]
            },
            "properties": {
                "system_id": "INVEST_261L",
                "confidence": 0.514002110394576,
                "uncertainty_std": 0.13453403115272522,
                "ci_95": [
                    0.25031540933523455,
                    0.7776888114539174
                ],
                "lead_time_hrs": 24,
                "movement_vector": {
                    "dlat_24h": 0.0,
                    "dlon_24h": -4.0
                },
                "trajectory": {
                    "24h": [
                        96.0,
                        -13.0
                    ],
                    "48h": [
                        92.0,
                        -13.0
                    ],
                    "72h": [
                        88.0,
                        -9.0
                    ]
                },
                "top_driver": "ugrdprs",
                "ugrdprs": 0.0063904584385454655,
                "vgrdprs": 0.005769021809101105,
                "vvelprs": 0.005660753231495619,
                "tmpprs": 0.005905524827539921,
                "rhprs": 0.005656692199409008,
                "hgtprs": 0.00591230858117342,
                "absvprs": 0.0061827427707612514,
                "pressfc": 0.00043781576096080244,
                "capesfc": 0.0002837779466062784,
                "tmpsfc": 0.00038088965811766684,
                "landmask": 0.00027726092957891524
            }
        },
        {
            "type": "Feature",
            "geometry": {
                "type": "Point",
                "coordinates": [
                    -111.0,
                    11.0
                ]
            },
            "properties": {
                "system_id": "INVEST_262L",
                "confidence": 0.5136326827860279,
                "uncertainty_std": 0.12864090502262115,
                "ci_95": [
                    0.26149650894169046,
                    0.7657688566303653
                ],
                "lead_time_hrs": 24,
                "movement_vector": {
                    "dlat_24h": 1.0,
                    "dlon_24h": -1.0
                },
                "trajectory": {
                    "24h": [
                        -111.0,
                        11.0
                    ],
                    "48h": [
                        -112.0,
                        12.0
                    ],
                    "72h": [
                        -112.0,
                        13.0
                    ]
                },
                "top_driver": "ugrdprs",
                "ugrdprs": 0.005090958438813686,
                "vgrdprs": 0.005085648037493229,
                "vvelprs": 0.005064310040324926,
                "tmpprs": 0.00481759337708354,
                "rhprs": 0.004764259327203035,
                "hgtprs": 0.004875411279499531,
                "absvprs": 0.004845841787755489,
                "pressfc": 0.0002535317908041179,
                "capesfc": 0.00017703880439512432,
                "tmpsfc": 0.00024087085330393165,
                "landmask": 0.00039260686025954783
            }
        },
        {
            "type": "Feature",
            "geometry": {
                "type": "Point",
                "coordinates": [
                    173.0,
                    7.0
                ]
            },
            "properties": {
                "system_id": "INVEST_263L",
                "confidence": 0.5135155659383067,
                "uncertainty_std": 0.1076369658112526,
                "ci_95": [
                    0.30254711294825165,
                    0.7244840189283618
                ],
                "lead_time_hrs": 24,
                "movement_vector": {
                    "dlat_24h": -3.0,
                    "dlon_24h": 1.0
                },
                "trajectory": {
                    "24h": [
                        173.0,
                        7.0
                    ],
                    "48h": [
                        174.0,
                        4.0
                    ],
                    "72h": [
                        173.0,
                        2.0
                    ]
                },
                "top_driver": "vvelprs",
                "ugrdprs": 0.00293158576823771,
                "vgrdprs": 0.002738316310569644,
                "vvelprs": 0.0029399956110864878,
                "tmpprs": 0.0027466786559671164,
                "rhprs": 0.0025756401009857655,
                "hgtprs": 0.002825700445100665,
                "absvprs": 0.002912952797487378,
                "pressfc": 0.00017924164421856403,
                "capesfc": 0.00012909271754324436,
                "tmpsfc": 0.00013157409557607025,
                "landmask": 0.00018456224643159658
            }
        },
        {
            "type": "Feature",
            "geometry": {
                "type": "Point",
                "coordinates": [
                    126.0,
                    18.0
                ]
            },
            "properties": {
                "system_id": "INVEST_264L",
                "confidence": 0.5115990973771858,
                "uncertainty_std": 0.06509129703044891,
                "ci_95": [
                    0.38402015519750593,
                    0.6391780395568656
                ],
                "lead_time_hrs": 24,
                "movement_vector": {
                    "dlat_24h": 3.0,
                    "dlon_24h": 2.0
                },
                "trajectory": {
                    "24h": [
                        126.0,
                        18.0
                    ],
                    "48h": [
                        128.0,
                        21.0
                    ],
                    "72h": [
                        127.0,
                        19.0
                    ]
                },
                "top_driver": "ugrdprs",
                "ugrdprs": 0.005807456560432911,
                "vgrdprs": 0.00533232931047678,
                "vvelprs": 0.005689601413905621,
                "tmpprs": 0.005669441074132919,
                "rhprs": 0.0051239607855677605,
                "hgtprs": 0.005580030847340822,
                "absvprs": 0.005599976982921362,
                "pressfc": 0.00021282699890434742,
                "capesfc": 0.00024919939460232854,
                "tmpsfc": 0.000306817441014573,
                "landmask": 0.0003488674119580537
            }
        },
        {
            "type": "Feature",
            "geometry": {
                "type": "Point",
                "coordinates": [
                    123.0,
                    14.0
                ]
            },
            "properties": {
                "system_id": "INVEST_265L",
                "confidence": 0.5080449904660744,
                "uncertainty_std": 0.06970183551311493,
                "ci_95": [
                    0.37142939286036913,
                    0.6446605880717797
                ],
                "lead_time_hrs": 24,
                "movement_vector": {
                    "dlat_24h": 2.0,
                    "dlon_24h": -1.0
                },
                "trajectory": {
                    "24h": [
                        123.0,
                        14.0
                    ],
                    "48h": [
                        122.0,
                        16.0
                    ],
                    "72h": [
                        123.0,
                        14.0
                    ]
                },
                "top_driver": "ugrdprs",
                "ugrdprs": 0.004031224641948938,
                "vgrdprs": 0.0038392730057239532,
                "vvelprs": 0.003873910754919052,
                "tmpprs": 0.0037341031711548567,
                "rhprs": 0.003679347224533558,
                "hgtprs": 0.0038124797865748405,
                "absvprs": 0.0038082331884652376,
                "pressfc": 0.00017670239321887493,
                "capesfc": 0.00018686812836676836,
                "tmpsfc": 0.00019508297555148602,
                "landmask": 0.00030593923293054104
            }
        },
        {
            "type": "Feature",
            "geometry": {
                "type": "Point",
                "coordinates": [
                    -42.0,
                    12.0
                ]
            },
            "properties": {
                "system_id": "INVEST_266L",
                "confidence": 0.5067063389708648,
                "uncertainty_std": 0.09649201482534409,
                "ci_95": [
                    0.3175819899131904,
                    0.6958306880285392
                ],
                "lead_time_hrs": 24,
                "movement_vector": {
                    "dlat_24h": 0.0,
                    "dlon_24h": 3.0
                },
                "trajectory": {
                    "24h": [
                        -42.0,
                        12.0
                    ],
                    "48h": [
                        -39.0,
                        12.0
                    ],
                    "72h": [
                        -40.0,
                        13.0
                    ]
                },
                "top_driver": "ugrdprs",
                "ugrdprs": 0.003114873543381691,
                "vgrdprs": 0.0027860987465828657,
                "vvelprs": 0.0029874350875616074,
                "tmpprs": 0.0027881385758519173,
                "rhprs": 0.002638028934597969,
                "hgtprs": 0.0029405003879219294,
                "absvprs": 0.0029573498759418726,
                "pressfc": 0.00016484827210661024,
                "capesfc": 0.00011330361303407699,
                "tmpsfc": 0.00016087161202449352,
                "landmask": 0.0001815015566535294
            }
        },
        {
            "type": "Feature",
            "geometry": {
                "type": "Point",
                "coordinates": [
                    103.0,
                    8.0
                ]
            },
            "properties": {
                "system_id": "INVEST_267L",
                "confidence": 0.5059368962513668,
                "uncertainty_std": 0.19143131375312805,
                "ci_95": [
                    0.13073152129523585,
                    0.8811422712074979
                ],
                "lead_time_hrs": 24,
                "movement_vector": {
                    "dlat_24h": -1.0,
                    "dlon_24h": 1.0
                },
                "trajectory": {
                    "24h": [
                        103.0,
                        8.0
                    ],
                    "48h": [
                        104.0,
                        7.0
                    ],
                    "72h": [
                        105.0,
                        6.0
                    ]
                },
                "top_driver": "hgtprs",
                "ugrdprs": 0.010211487300693989,
                "vgrdprs": 0.009934996254742146,
                "vvelprs": 0.009653894230723381,
                "tmpprs": 0.00991654209792614,
                "rhprs": 0.010078771971166134,
                "hgtprs": 0.01041820365935564,
                "absvprs": 0.010012621060013771,
                "pressfc": 0.0006498190341517329,
                "capesfc": 0.00037690202589146793,
                "tmpsfc": 0.0004296752449590713,
                "landmask": 0.000601964769884944
            }
        },
        {
            "type": "Feature",
            "geometry": {
                "type": "Point",
                "coordinates": [
                    -157.0,
                    35.0
                ]
            },
            "properties": {
                "system_id": "INVEST_268L",
                "confidence": 0.5053362835035968,
                "uncertainty_std": 0.19859735667705536,
                "ci_95": [
                    0.11608546441656831,
                    0.8945871025906253
                ],
                "lead_time_hrs": 24,
                "movement_vector": {
                    "dlat_24h": 0.0,
                    "dlon_24h": -6.0
                },
                "trajectory": {
                    "24h": [
                        -157.0,
                        35.0
                    ],
                    "48h": [
                        -163.0,
                        35.0
                    ],
                    "72h": [
                        -168.0,
                        33.0
                    ]
                },
                "top_driver": "hgtprs",
                "ugrdprs": 0.007579790893942118,
                "vgrdprs": 0.007701466791331768,
                "vvelprs": 0.007730345241725445,
                "tmpprs": 0.00733593013137579,
                "rhprs": 0.007230889517813921,
                "hgtprs": 0.008101657032966614,
                "absvprs": 0.007691902574151754,
                "pressfc": 0.0004620104155037552,
                "capesfc": 0.000351631868397817,
                "tmpsfc": 0.00033991961390711367,
                "landmask": 0.0005983857554383576
            }
        },
        {
            "type": "Feature",
            "geometry": {
                "type": "Point",
                "coordinates": [
                    119.0,
                    6.0
                ]
            },
            "properties": {
                "system_id": "INVEST_269L",
                "confidence": 0.4998907910438664,
                "uncertainty_std": 0.14591801166534424,
                "ci_95": [
                    0.2138914881797917,
                    0.7858900939079412
                ],
                "lead_time_hrs": 24,
                "movement_vector": {
                    "dlat_24h": -2.0,
                    "dlon_24h": 0.0
                },
                "trajectory": {
                    "24h": [
                        119.0,
                        6.0
                    ],
                    "48h": [
                        119.0,
                        4.0
                    ],
                    "72h": [
                        117.0,
                        7.0
                    ]
                },
                "top_driver": "ugrdprs",
                "ugrdprs": 0.00656014634296298,
                "vgrdprs": 0.006219076924026012,
                "vvelprs": 0.006463145837187767,
                "tmpprs": 0.005818894598633051,
                "rhprs": 0.0056762597523629665,
                "hgtprs": 0.006297099869698286,
                "absvprs": 0.006134361959993839,
                "pressfc": 0.00035194738302379847,
                "capesfc": 0.00034664172562770545,
                "tmpsfc": 0.0002960432320833206,
                "landmask": 0.0003092825645580888
            }
        },
        {
            "type": "Feature",
            "geometry": {
                "type": "Point",
                "coordinates": [
                    -81.0,
                    -7.0
                ]
            },
            "properties": {
                "system_id": "INVEST_270L",
                "confidence": 0.49802793880316054,
                "uncertainty_std": 0.16223499178886414,
                "ci_95": [
                    0.18004735489698687,
                    0.8160085227093342
                ],
                "lead_time_hrs": 24,
                "movement_vector": {
                    "dlat_24h": -1.0,
                    "dlon_24h": -4.0
                },
                "trajectory": {
                    "24h": [
                        -81.0,
                        -7.0
                    ],
                    "48h": [
                        -85.0,
                        -8.0
                    ],
                    "72h": [
                        -85.0,
                        -7.0
                    ]
                },
                "top_driver": "ugrdprs",
                "ugrdprs": 0.00880677904933691,
                "vgrdprs": 0.008471647277474403,
                "vvelprs": 0.008669832721352577,
                "tmpprs": 0.008285739459097385,
                "rhprs": 0.00806585606187582,
                "hgtprs": 0.008662762120366096,
                "absvprs": 0.008495261892676353,
                "pressfc": 0.0004664546868298203,
                "capesfc": 0.0004432748828548938,
                "tmpsfc": 0.000521521142218262,
                "landmask": 0.0005021682591177523
            }
        },
        {
            "type": "Feature",
            "geometry": {
                "type": "Point",
                "coordinates": [
                    -109.0,
                    1.0
                ]
            },
            "properties": {
                "system_id": "INVEST_271L",
                "confidence": 0.49785974098508806,
                "uncertainty_std": 0.09985571354627609,
                "ci_95": [
                    0.30214254243438693,
                    0.6935769395357891
                ],
                "lead_time_hrs": 24,
                "movement_vector": {
                    "dlat_24h": 1.0,
                    "dlon_24h": -1.0
                },
                "trajectory": {
                    "24h": [
                        -109.0,
                        1.0
                    ],
                    "48h": [
                        -110.0,
                        2.0
                    ],
                    "72h": [
                        -110.0,
                        -1.0
                    ]
                },
                "top_driver": "vvelprs",
                "ugrdprs": 0.006062644533813,
                "vgrdprs": 0.006008143536746502,
                "vvelprs": 0.006158341653645039,
                "tmpprs": 0.005727157928049564,
                "rhprs": 0.005521378014236689,
                "hgtprs": 0.005902502220124006,
                "absvprs": 0.005798325873911381,
                "pressfc": 0.0003137126623187214,
                "capesfc": 0.000307462498312816,
                "tmpsfc": 0.0003245270054321736,
                "landmask": 0.0002717837633099407
            }
        },
        {
            "type": "Feature",
            "geometry": {
                "type": "Point",
                "coordinates": [
                    -98.0,
                    15.0
                ]
            },
            "properties": {
                "system_id": "INVEST_272L",
                "confidence": 0.49603222690034005,
                "uncertainty_std": 0.1680084615945816,
                "ci_95": [
                    0.16673564217496012,
                    0.82532881162572
                ],
                "lead_time_hrs": 24,
                "movement_vector": {
                    "dlat_24h": -3.0,
                    "dlon_24h": 0.0
                },
                "trajectory": {
                    "24h": [
                        -98.0,
                        15.0
                    ],
                    "48h": [
                        -98.0,
                        12.0
                    ],
                    "72h": [
                        -98.0,
                        16.0
                    ]
                },
                "top_driver": "vgrdprs",
                "ugrdprs": 0.007272240240126848,
                "vgrdprs": 0.007307499181479216,
                "vvelprs": 0.006824738346040249,
                "tmpprs": 0.007036400958895683,
                "rhprs": 0.006923049222677946,
                "hgtprs": 0.007249240763485432,
                "absvprs": 0.006987953092902899,
                "pressfc": 0.000430538144428283,
                "capesfc": 0.0003754537319764495,
                "tmpsfc": 0.00038530357414856553,
                "landmask": 0.0004795407294295728
            }
        },
        {
            "type": "Feature",
            "geometry": {
                "type": "Point",
                "coordinates": [
                    -161.0,
                    29.0
                ]
            },
            "properties": {
                "system_id": "INVEST_273L",
                "confidence": 0.495809977710401,
                "uncertainty_std": 0.2678382396697998,
                "ci_95": [
                    0.0,
                    1.0
                ],
                "lead_time_hrs": 24,
                "movement_vector": {
                    "dlat_24h": 0.0,
                    "dlon_24h": -3.0
                },
                "trajectory": {
                    "24h": [
                        -161.0,
                        29.0
                    ],
                    "48h": [
                        -164.0,
                        29.0
                    ],
                    "72h": [
                        -168.0,
                        33.0
                    ]
                },
                "top_driver": "hgtprs",
                "ugrdprs": 0.005464746616780758,
                "vgrdprs": 0.005428998731076717,
                "vvelprs": 0.005567706190049648,
                "tmpprs": 0.005217330064624548,
                "rhprs": 0.005084248725324869,
                "hgtprs": 0.005812297109514475,
                "absvprs": 0.005518622696399689,
                "pressfc": 0.000281291373539716,
                "capesfc": 0.00023832888109609485,
                "tmpsfc": 0.00023865139519330114,
                "landmask": 0.00033739861100912094
            }
        },
        {
            "type": "Feature",
            "geometry": {
                "type": "Point",
                "coordinates": [
                    -177.0,
                    4.0
                ]
            },
            "properties": {
                "system_id": "INVEST_274L",
                "confidence": 0.49469497873285,
                "uncertainty_std": 0.1305226981639862,
                "ci_95": [
                    0.23887049033143704,
                    0.750519467134263
                ],
                "lead_time_hrs": 24,
                "movement_vector": {
                    "dlat_24h": 2.0,
                    "dlon_24h": 1.0
                },
                "trajectory": {
                    "24h": [
                        -177.0,
                        4.0
                    ],
                    "48h": [
                        -176.0,
                        6.0
                    ],
                    "72h": [
                        -174.0,
                        5.0
                    ]
                },
                "top_driver": "vvelprs",
                "ugrdprs": 0.005456964019685984,
                "vgrdprs": 0.005253972485661507,
                "vvelprs": 0.005484247580170631,
                "tmpprs": 0.0051650493405759335,
                "rhprs": 0.004767217207700014,
                "hgtprs": 0.005163776688277721,
                "absvprs": 0.005316459573805332,
                "pressfc": 0.0003051336097996682,
                "capesfc": 0.0002867816074285656,
                "tmpsfc": 0.0002704167563933879,
                "landmask": 0.00023952743504196405
            }
        },
        {
            "type": "Feature",
            "geometry": {
                "type": "Point",
                "coordinates": [
                    -145.0,
                    -13.0
                ]
            },
            "properties": {
                "system_id": "INVEST_275L",
                "confidence": 0.491311440147114,
                "uncertainty_std": 0.08794616907835007,
                "ci_95": [
                    0.31893694875354783,
                    0.6636859315406801
                ],
                "lead_time_hrs": 24,
                "movement_vector": {
                    "dlat_24h": -1.0,
                    "dlon_24h": 2.0
                },
                "trajectory": {
                    "24h": [
                        -145.0,
                        -13.0
                    ],
                    "48h": [
                        -143.0,
                        -14.0
                    ],
                    "72h": [
                        -144.0,
                        -14.0
                    ]
                },
                "top_driver": "ugrdprs",
                "ugrdprs": 0.006026642397046089,
                "vgrdprs": 0.005897270981222391,
                "vvelprs": 0.00592589657753706,
                "tmpprs": 0.005803257692605257,
                "rhprs": 0.005440311040729284,
                "hgtprs": 0.005863788537681103,
                "absvprs": 0.0059632668271660805,
                "pressfc": 0.0003444104513619095,
                "capesfc": 0.0002644624619279057,
                "tmpsfc": 0.00042535446118563414,
                "landmask": 0.00027166216750629246
            }
        },
        {
            "type": "Feature",
            "geometry": {
                "type": "Point",
                "coordinates": [
                    -99.0,
                    3.0
                ]
            },
            "properties": {
                "system_id": "INVEST_276L",
                "confidence": 0.4892649064687665,
                "uncertainty_std": 0.14902785420417786,
                "ci_95": [
                    0.19717031222857795,
                    0.7813595007089551
                ],
                "lead_time_hrs": 24,
                "movement_vector": {
                    "dlat_24h": 0.0,
                    "dlon_24h": -1.0
                },
                "trajectory": {
                    "24h": [
                        -99.0,
                        3.0
                    ],
                    "48h": [
                        -100.0,
                        3.0
                    ],
                    "72h": [
                        -98.0,
                        3.0
                    ]
                },
                "top_driver": "vvelprs",
                "ugrdprs": 0.005934529006481171,
                "vgrdprs": 0.005842582788318396,
                "vvelprs": 0.0061232238076627254,
                "tmpprs": 0.0057180714793503284,
                "rhprs": 0.005543993785977364,
                "hgtprs": 0.005983409471809864,
                "absvprs": 0.005924766883254051,
                "pressfc": 0.00034604681422933936,
                "capesfc": 0.0003144486981909722,
                "tmpsfc": 0.00024661573115736246,
                "landmask": 0.00028940069023519754
            }
        },
        {
            "type": "Feature",
            "geometry": {
                "type": "Point",
                "coordinates": [
                    -54.0,
                    20.0
                ]
            },
            "properties": {
                "system_id": "INVEST_277L",
                "confidence": 0.4880598527825161,
                "uncertainty_std": 0.17718587815761566,
                "ci_95": [
                    0.1407755315935894,
                    0.8353441739714429
                ],
                "lead_time_hrs": 24,
                "movement_vector": {
                    "dlat_24h": 3.0,
                    "dlon_24h": 1.0
                },
                "trajectory": {
                    "24h": [
                        -54.0,
                        20.0
                    ],
                    "48h": [
                        -53.0,
                        23.0
                    ],
                    "72h": [
                        -49.0,
                        26.0
                    ]
                },
                "top_driver": "ugrdprs",
                "ugrdprs": 0.0031328683253377676,
                "vgrdprs": 0.0028022355400025845,
                "vvelprs": 0.0030175666324794292,
                "tmpprs": 0.002902172738686204,
                "rhprs": 0.002734903246164322,
                "hgtprs": 0.0029042221140116453,
                "absvprs": 0.0029907426796853542,
                "pressfc": 0.00018044287571683526,
                "capesfc": 0.00014731432020198554,
                "tmpsfc": 0.00015886634355410933,
                "landmask": 0.00016377044084947556
            }
        },
        {
            "type": "Feature",
            "geometry": {
                "type": "Point",
                "coordinates": [
                    -77.0,
                    12.0
                ]
            },
            "properties": {
                "system_id": "INVEST_278L",
                "confidence": 0.48606656732526765,
                "uncertainty_std": 0.0937613770365715,
                "ci_95": [
                    0.3022942683335875,
                    0.6698388663169478
                ],
                "lead_time_hrs": 24,
                "movement_vector": {
                    "dlat_24h": -1.0,
                    "dlon_24h": 0.0
                },
                "trajectory": {
                    "24h": [
                        -77.0,
                        12.0
                    ],
                    "48h": [
                        -77.0,
                        11.0
                    ],
                    "72h": [
                        -78.0,
                        10.0
                    ]
                },
                "top_driver": "ugrdprs",
                "ugrdprs": 0.00781562365591526,
                "vgrdprs": 0.007451401557773352,
                "vvelprs": 0.007545027881860733,
                "tmpprs": 0.007269258610904217,
                "rhprs": 0.007054140325635672,
                "hgtprs": 0.007498263381421566,
                "absvprs": 0.0075225261971354485,
                "pressfc": 0.00045736864558421075,
                "capesfc": 0.0003711732861120254,
                "tmpsfc": 0.00041836538002826273,
                "landmask": 0.00036544984322972596
            }
        },
        {
            "type": "Feature",
            "geometry": {
                "type": "Point",
                "coordinates": [
                    108.0,
                    9.0
                ]
            },
            "properties": {
                "system_id": "INVEST_279L",
                "confidence": 0.4796756333432203,
                "uncertainty_std": 0.2266874760389328,
                "ci_95": [
                    0.03536818030691202,
                    0.9239830863795285
                ],
                "lead_time_hrs": 24,
                "movement_vector": {
                    "dlat_24h": 2.0,
                    "dlon_24h": 3.0
                },
                "trajectory": {
                    "24h": [
                        108.0,
                        9.0
                    ],
                    "48h": [
                        111.0,
                        11.0
                    ],
                    "72h": [
                        111.0,
                        14.0
                    ]
                },
                "top_driver": "ugrdprs",
                "ugrdprs": 0.008998211473226547,
                "vgrdprs": 0.008484158664941788,
                "vvelprs": 0.008777925744652748,
                "tmpprs": 0.008855368942022324,
                "rhprs": 0.008553136140108109,
                "hgtprs": 0.008615214377641678,
                "absvprs": 0.008843439631164074,
                "pressfc": 0.0005021260003559291,
                "capesfc": 0.0004007007519248873,
                "tmpsfc": 0.0004678343248087913,
                "landmask": 0.0005399477086029947
            }
        },
        {
            "type": "Feature",
            "geometry": {
                "type": "Point",
                "coordinates": [
                    30.0,
                    -7.0
                ]
            },
            "properties": {
                "system_id": "INVEST_280L",
                "confidence": 0.4779481892961849,
                "uncertainty_std": 0.3503747284412384,
                "ci_95": [
                    0.0,
                    1.0
                ],
                "lead_time_hrs": 24,
                "movement_vector": {
                    "dlat_24h": 0.0,
                    "dlon_24h": 0.0
                },
                "trajectory": {
                    "24h": [
                        30.0,
                        -7.0
                    ],
                    "48h": [
                        30.0,
                        -7.0
                    ],
                    "72h": [
                        30.0,
                        -7.0
                    ]
                },
                "top_driver": "ugrdprs",
                "ugrdprs": 0.0046915034763514996,
                "vgrdprs": 0.004673166666179895,
                "vvelprs": 0.004166638012975454,
                "tmpprs": 0.004407212603837252,
                "rhprs": 0.004372976720333099,
                "hgtprs": 0.004407550673931837,
                "absvprs": 0.0043410505168139935,
                "pressfc": 0.00034618625068105757,
                "capesfc": 0.0002121587167493999,
                "tmpsfc": 0.00036560455919243395,
                "landmask": 0.0002767354599200189
            }
        },
        {
            "type": "Feature",
            "geometry": {
                "type": "Point",
                "coordinates": [
                    -65.0,
                    15.0
                ]
            },
            "properties": {
                "system_id": "INVEST_281L",
                "confidence": 0.4744860155136687,
                "uncertainty_std": 0.16680802404880524,
                "ci_95": [
                    0.14754228837801042,
                    0.801429742649327
                ],
                "lead_time_hrs": 24,
                "movement_vector": {
                    "dlat_24h": 1.0,
                    "dlon_24h": -3.0
                },
                "trajectory": {
                    "24h": [
                        -65.0,
                        15.0
                    ],
                    "48h": [
                        -68.0,
                        16.0
                    ],
                    "72h": [
                        -71.0,
                        18.0
                    ]
                },
                "top_driver": "ugrdprs",
                "ugrdprs": 0.005702213384211063,
                "vgrdprs": 0.005388633348047733,
                "vvelprs": 0.005617018789052963,
                "tmpprs": 0.00528608588501811,
                "rhprs": 0.005043164826929569,
                "hgtprs": 0.005183348432183266,
                "absvprs": 0.005362348165363073,
                "pressfc": 0.000330973940435797,
                "capesfc": 0.00027993880212306976,
                "tmpsfc": 0.00034862413303926587,
                "landmask": 0.00027460811543278396
            }
        },
        {
            "type": "Feature",
            "geometry": {
                "type": "Point",
                "coordinates": [
                    -77.0,
                    24.0
                ]
            },
            "properties": {
                "system_id": "INVEST_282L",
                "confidence": 0.47387744270492493,
                "uncertainty_std": 0.18088506162166595,
                "ci_95": [
                    0.11934272192645967,
                    0.8284121634833902
                ],
                "lead_time_hrs": 24,
                "movement_vector": {
                    "dlat_24h": 2.0,
                    "dlon_24h": -5.0
                },
                "trajectory": {
                    "24h": [
                        -77.0,
                        24.0
                    ],
                    "48h": [
                        -82.0,
                        26.0
                    ],
                    "72h": [
                        -79.0,
                        26.0
                    ]
                },
                "top_driver": "ugrdprs",
                "ugrdprs": 0.010302715003490448,
                "vgrdprs": 0.00941391196101904,
                "vvelprs": 0.009500857442617416,
                "tmpprs": 0.009693438187241554,
                "rhprs": 0.009520613588392735,
                "hgtprs": 0.009636900387704372,
                "absvprs": 0.00953884981572628,
                "pressfc": 0.0005936438101343811,
                "capesfc": 0.0004463151562958956,
                "tmpsfc": 0.000570491305552423,
                "landmask": 0.0006101788021624088
            }
        },
        {
            "type": "Feature",
            "geometry": {
                "type": "Point",
                "coordinates": [
                    85.0,
                    -14.0
                ]
            },
            "properties": {
                "system_id": "INVEST_283L",
                "confidence": 0.4703026145595661,
                "uncertainty_std": 0.14227402210235596,
                "ci_95": [
                    0.19144553123894847,
                    0.7491596978801838
                ],
                "lead_time_hrs": 24,
                "movement_vector": {
                    "dlat_24h": 1.0,
                    "dlon_24h": 0.0
                },
                "trajectory": {
                    "24h": [
                        85.0,
                        -14.0
                    ],
                    "48h": [
                        85.0,
                        -13.0
                    ],
                    "72h": [
                        83.0,
                        -9.0
                    ]
                },
                "top_driver": "ugrdprs",
                "ugrdprs": 0.005343488417565823,
                "vgrdprs": 0.005155110731720924,
                "vvelprs": 0.0052146525122225285,
                "tmpprs": 0.004990439862012863,
                "rhprs": 0.004843198694288731,
                "hgtprs": 0.005075261928141117,
                "absvprs": 0.005009649321436882,
                "pressfc": 0.0002718502946663648,
                "capesfc": 0.00021912618831265718,
                "tmpsfc": 0.0003390858764760196,
                "landmask": 0.00027044888702221215
            }
        },
        {
            "type": "Feature",
            "geometry": {
                "type": "Point",
                "coordinates": [
                    -172.0,
                    33.0
                ]
            },
            "properties": {
                "system_id": "INVEST_284L",
                "confidence": 0.46995659909364534,
                "uncertainty_std": 0.2166982740163803,
                "ci_95": [
                    0.045227982021539936,
                    0.8946852161657508
                ],
                "lead_time_hrs": 24,
                "movement_vector": {
                    "dlat_24h": -1.0,
                    "dlon_24h": 2.0
                },
                "trajectory": {
                    "24h": [
                        -172.0,
                        33.0
                    ],
                    "48h": [
                        -170.0,
                        32.0
                    ],
                    "72h": [
                        -168.0,
                        33.0
                    ]
                },
                "top_driver": "hgtprs",
                "ugrdprs": 0.008850649930536747,
                "vgrdprs": 0.00859320629388094,
                "vvelprs": 0.008859780617058277,
                "tmpprs": 0.00844788271933794,
                "rhprs": 0.008381861262023449,
                "hgtprs": 0.009373134933412075,
                "absvprs": 0.008841332979500294,
                "pressfc": 0.0005494800279848278,
                "capesfc": 0.0005135092069394886,
                "tmpsfc": 0.0003256845229770988,
                "landmask": 0.0007166072609834373
            }
        },
        {
            "type": "Feature",
            "geometry": {
                "type": "Point",
                "coordinates": [
                    -122.0,
                    12.0
                ]
            },
            "properties": {
                "system_id": "INVEST_285L",
                "confidence": 0.4662461258711651,
                "uncertainty_std": 0.17090454697608948,
                "ci_95": [
                    0.13127321379802975,
                    0.8012190379443005
                ],
                "lead_time_hrs": 24,
                "movement_vector": {
                    "dlat_24h": -1.0,
                    "dlon_24h": 3.0
                },
                "trajectory": {
                    "24h": [
                        -122.0,
                        12.0
                    ],
                    "48h": [
                        -119.0,
                        11.0
                    ],
                    "72h": [
                        -121.0,
                        8.0
                    ]
                },
                "top_driver": "ugrdprs",
                "ugrdprs": 0.003767031244933605,
                "vgrdprs": 0.0034103957004845142,
                "vvelprs": 0.0036645724903792143,
                "tmpprs": 0.003320038551464677,
                "rhprs": 0.0031849334482103586,
                "hgtprs": 0.0036048402544111013,
                "absvprs": 0.0034157438203692436,
                "pressfc": 0.00022294759401120245,
                "capesfc": 0.00018077953427564353,
                "tmpsfc": 0.0001573500776430592,
                "landmask": 0.00021688801643904299
            }
        },
        {
            "type": "Feature",
            "geometry": {
                "type": "Point",
                "coordinates": [
                    109.0,
                    -5.0
                ]
            },
            "properties": {
                "system_id": "INVEST_286L",
                "confidence": 0.4659152388590653,
                "uncertainty_std": 0.1535058617591858,
                "ci_95": [
                    0.16504374981106112,
                    0.7667867279070695
                ],
                "lead_time_hrs": 24,
                "movement_vector": {
                    "dlat_24h": 3.0,
                    "dlon_24h": 0.0
                },
                "trajectory": {
                    "24h": [
                        109.0,
                        -5.0
                    ],
                    "48h": [
                        109.0,
                        -2.0
                    ],
                    "72h": [
                        107.0,
                        -4.0
                    ]
                },
                "top_driver": "ugrdprs",
                "ugrdprs": 0.004179237876087427,
                "vgrdprs": 0.004091489128768444,
                "vvelprs": 0.0040818434208631516,
                "tmpprs": 0.0038668587803840637,
                "rhprs": 0.0038213804364204407,
                "hgtprs": 0.00408904068171978,
                "absvprs": 0.004035341553390026,
                "pressfc": 0.00022548613196704537,
                "capesfc": 0.00019804458133876324,
                "tmpsfc": 0.0002566455223131925,
                "landmask": 0.0002241611509816721
            }
        },
        {
            "type": "Feature",
            "geometry": {
                "type": "Point",
                "coordinates": [
                    -33.0,
                    27.0
                ]
            },
            "properties": {
                "system_id": "INVEST_287L",
                "confidence": 0.465369482912433,
                "uncertainty_std": 0.1864253133535385,
                "ci_95": [
                    0.09997586873949754,
                    0.8307630970853686
                ],
                "lead_time_hrs": 24,
                "movement_vector": {
                    "dlat_24h": 3.0,
                    "dlon_24h": -3.0
                },
                "trajectory": {
                    "24h": [
                        -33.0,
                        27.0
                    ],
                    "48h": [
                        -36.0,
                        30.0
                    ],
                    "72h": [
                        -37.0,
                        33.0
                    ]
                },
                "top_driver": "hgtprs",
                "ugrdprs": 0.00590559421107173,
                "vgrdprs": 0.005710066761821508,
                "vvelprs": 0.0060043963603675365,
                "tmpprs": 0.005407201591879129,
                "rhprs": 0.005554133094847202,
                "hgtprs": 0.0062672775238752365,
                "absvprs": 0.0058577097952365875,
                "pressfc": 0.0003693430626299232,
                "capesfc": 0.0002821747330017388,
                "tmpsfc": 0.00030139819136820734,
                "landmask": 0.00036844206624664366
            }
        },
        {
            "type": "Feature",
            "geometry": {
                "type": "Point",
                "coordinates": [
                    156.0,
                    -8.0
                ]
            },
            "properties": {
                "system_id": "INVEST_288L",
                "confidence": 0.46299889890135654,
                "uncertainty_std": 0.18157894909381866,
                "ci_95": [
                    0.10710415867747197,
                    0.818893639125241
                ],
                "lead_time_hrs": 24,
                "movement_vector": {
                    "dlat_24h": 3.0,
                    "dlon_24h": 4.0
                },
                "trajectory": {
                    "24h": [
                        156.0,
                        -8.0
                    ],
                    "48h": [
                        160.0,
                        -5.0
                    ],
                    "72h": [
                        160.0,
                        -2.0
                    ]
                },
                "top_driver": "vvelprs",
                "ugrdprs": 0.005891582928597927,
                "vgrdprs": 0.005968988407403231,
                "vvelprs": 0.006044283974915743,
                "tmpprs": 0.0052951304242014885,
                "rhprs": 0.0054625277407467365,
                "hgtprs": 0.00588959688320756,
                "absvprs": 0.005638494621962309,
                "pressfc": 0.0003723640984389931,
                "capesfc": 0.0003099811146967113,
                "tmpsfc": 0.0003926358185708523,
                "landmask": 0.00035118512460030615
            }
        },
        {
            "type": "Feature",
            "geometry": {
                "type": "Point",
                "coordinates": [
                    -158.0,
                    20.0
                ]
            },
            "properties": {
                "system_id": "INVEST_289L",
                "confidence": 0.4624668946517308,
                "uncertainty_std": 0.2008814960718155,
                "ci_95": [
                    0.06873916235097244,
                    0.8561946269524892
                ],
                "lead_time_hrs": 24,
                "movement_vector": {
                    "dlat_24h": -1.0,
                    "dlon_24h": 2.0
                },
                "trajectory": {
                    "24h": [
                        -158.0,
                        20.0
                    ],
                    "48h": [
                        -156.0,
                        19.0
                    ],
                    "72h": null
                },
                "top_driver": "hgtprs",
                "ugrdprs": 0.005856401287019253,
                "vgrdprs": 0.005897786933928728,
                "vvelprs": 0.006242488045245409,
                "tmpprs": 0.00549357570707798,
                "rhprs": 0.0057736961171031,
                "hgtprs": 0.00624834792688489,
                "absvprs": 0.005941341165453196,
                "pressfc": 0.00030349488952197134,
                "capesfc": 0.0003324298595543951,
                "tmpsfc": 0.00025794474640861154,
                "landmask": 0.0003572383720893413
            }
        },
        {
            "type": "Feature",
            "geometry": {
                "type": "Point",
                "coordinates": [
                    137.0,
                    -11.0
                ]
            },
            "properties": {
                "system_id": "INVEST_290L",
                "confidence": 0.46120050340878055,
                "uncertainty_std": 0.1925268918275833,
                "ci_95": [
                    0.08384779542671728,
                    0.8385532113908438
                ],
                "lead_time_hrs": 24,
                "movement_vector": {
                    "dlat_24h": 1.0,
                    "dlon_24h": 1.0
                },
                "trajectory": {
                    "24h": [
                        137.0,
                        -11.0
                    ],
                    "48h": [
                        138.0,
                        -10.0
                    ],
                    "72h": [
                        139.0,
                        -11.0
                    ]
                },
                "top_driver": "ugrdprs",
                "ugrdprs": 0.006539640482515097,
                "vgrdprs": 0.006151639856398106,
                "vvelprs": 0.006297299638390541,
                "tmpprs": 0.006017961073666811,
                "rhprs": 0.005556786432862282,
                "hgtprs": 0.0062772915698587894,
                "absvprs": 0.006216606590896845,
                "pressfc": 0.00033358720247633755,
                "capesfc": 0.00028261542320251465,
                "tmpsfc": 0.000438535469584167,
                "landmask": 0.00038568529998883605
            }
        },
        {
            "type": "Feature",
            "geometry": {
                "type": "Point",
                "coordinates": [
                    104.0,
                    13.0
                ]
            },
            "properties": {
                "system_id": "INVEST_291L",
                "confidence": 0.45941799340406897,
                "uncertainty_std": 0.34521281719207764,
                "ci_95": [
                    0.0,
                    1.0
                ],
                "lead_time_hrs": 24,
                "movement_vector": {
                    "dlat_24h": -1.0,
                    "dlon_24h": -2.0
                },
                "trajectory": {
                    "24h": [
                        104.0,
                        13.0
                    ],
                    "48h": [
                        102.0,
                        12.0
                    ],
                    "72h": [
                        104.0,
                        13.0
                    ]
                },
                "top_driver": "hgtprs",
                "ugrdprs": 0.012835702858865261,
                "vgrdprs": 0.011828670278191566,
                "vvelprs": 0.012300155125558376,
                "tmpprs": 0.01323576271533966,
                "rhprs": 0.012754242867231369,
                "hgtprs": 0.013355566188693047,
                "absvprs": 0.012342414818704128,
                "pressfc": 0.0005808391142636538,
                "capesfc": 0.0008568939520046115,
                "tmpsfc": 0.0005826550186611712,
                "landmask": 0.000958230986725539
            }
        },
        {
            "type": "Feature",
            "geometry": {
                "type": "Point",
                "coordinates": [
                    -76.0,
                    19.0
                ]
            },
            "properties": {
                "system_id": "INVEST_292L",
                "confidence": 0.4583611407354393,
                "uncertainty_std": 0.1473705768585205,
                "ci_95": [
                    0.1695148100927391,
                    0.7472074713781396
                ],
                "lead_time_hrs": 24,
                "movement_vector": {
                    "dlat_24h": -1.0,
                    "dlon_24h": 0.0
                },
                "trajectory": {
                    "24h": [
                        -76.0,
                        19.0
                    ],
                    "48h": [
                        -76.0,
                        18.0
                    ],
                    "72h": [
                        -77.0,
                        19.0
                    ]
                },
                "top_driver": "ugrdprs",
                "ugrdprs": 0.005099601577967405,
                "vgrdprs": 0.004536825697869062,
                "vvelprs": 0.0046020918525755405,
                "tmpprs": 0.004692396614700556,
                "rhprs": 0.0043112291023135185,
                "hgtprs": 0.004708471242338419,
                "absvprs": 0.004557278007268906,
                "pressfc": 0.00021490374638233334,
                "capesfc": 0.00023161277931649238,
                "tmpsfc": 0.00023762024648021907,
                "landmask": 0.00027460118872113526
            }
        },
        {
            "type": "Feature",
            "geometry": {
                "type": "Point",
                "coordinates": [
                    -33.0,
                    5.0
                ]
            },
            "properties": {
                "system_id": "INVEST_293L",
                "confidence": 0.4576801780295138,
                "uncertainty_std": 0.1442127674818039,
                "ci_95": [
                    0.17502315376517813,
                    0.7403372022938495
                ],
                "lead_time_hrs": 24,
                "movement_vector": {
                    "dlat_24h": 3.0,
                    "dlon_24h": 2.0
                },
                "trajectory": {
                    "24h": [
                        -33.0,
                        5.0
                    ],
                    "48h": [
                        -31.0,
                        8.0
                    ],
                    "72h": [
                        -31.0,
                        10.0
                    ]
                },
                "top_driver": "ugrdprs",
                "ugrdprs": 0.004996951203793287,
                "vgrdprs": 0.004597165621817112,
                "vvelprs": 0.004310028627514839,
                "tmpprs": 0.004210411570966244,
                "rhprs": 0.004299009218811989,
                "hgtprs": 0.004349446855485439,
                "absvprs": 0.004538307897746563,
                "pressfc": 0.0003270777815487236,
                "capesfc": 0.0002065090084215626,
                "tmpsfc": 0.00023086355940904468,
                "landmask": 0.00020146397582720965
            }
        },
        {
            "type": "Feature",
            "geometry": {
                "type": "Point",
                "coordinates": [
                    178.0,
                    13.0
                ]
            },
            "properties": {
                "system_id": "INVEST_294L",
                "confidence": 0.4575162685385093,
                "uncertainty_std": 0.1763184517621994,
                "ci_95": [
                    0.1119321030845985,
                    0.8031004339924201
                ],
                "lead_time_hrs": 24,
                "movement_vector": {
                    "dlat_24h": -3.0,
                    "dlon_24h": -3.0
                },
                "trajectory": {
                    "24h": [
                        178.0,
                        13.0
                    ],
                    "48h": [
                        175.0,
                        10.0
                    ],
                    "72h": [
                        177.0,
                        8.0
                    ]
                },
                "top_driver": "hgtprs",
                "ugrdprs": 0.004173597786575556,
                "vgrdprs": 0.0040635219775140285,
                "vvelprs": 0.004314796067774296,
                "tmpprs": 0.004050340969115496,
                "rhprs": 0.003895181231200695,
                "hgtprs": 0.004536227323114872,
                "absvprs": 0.004316510166972876,
                "pressfc": 0.00020194871467538178,
                "capesfc": 0.00019728147890418768,
                "tmpsfc": 0.00017060361278709024,
                "landmask": 0.00022540368081536144
            }
        },
        {
            "type": "Feature",
            "geometry": {
                "type": "Point",
                "coordinates": [
                    -39.0,
                    7.0
                ]
            },
            "properties": {
                "system_id": "INVEST_295L",
                "confidence": 0.45747605060415436,
                "uncertainty_std": 0.08808649331331253,
                "ci_95": [
                    0.2848265237100618,
                    0.6301255774982469
                ],
                "lead_time_hrs": 24,
                "movement_vector": {
                    "dlat_24h": -3.0,
                    "dlon_24h": 2.0
                },
                "trajectory": {
                    "24h": [
                        -39.0,
                        7.0
                    ],
                    "48h": [
                        -37.0,
                        4.0
                    ],
                    "72h": [
                        -38.0,
                        2.0
                    ]
                },
                "top_driver": "ugrdprs",
                "ugrdprs": 0.0023029653821140528,
                "vgrdprs": 0.0021024630405008793,
                "vvelprs": 0.002220355672761798,
                "tmpprs": 0.002113270340487361,
                "rhprs": 0.0019739337731152773,
                "hgtprs": 0.0021399767138063908,
                "absvprs": 0.002203460084274411,
                "pressfc": 0.0001387867669109255,
                "capesfc": 9.623847290640697e-05,
                "tmpsfc": 0.00011577385885175318,
                "landmask": 0.00013572743046097457
            }
        },
        {
            "type": "Feature",
            "geometry": {
                "type": "Point",
                "coordinates": [
                    173.0,
                    2.0
                ]
            },
            "properties": {
                "system_id": "INVEST_296L",
                "confidence": 0.45435011040104295,
                "uncertainty_std": 0.15229277312755585,
                "ci_95": [
                    0.1558562750710335,
                    0.7528439457310524
                ],
                "lead_time_hrs": 24,
                "movement_vector": {
                    "dlat_24h": 2.0,
                    "dlon_24h": 1.0
                },
                "trajectory": {
                    "24h": [
                        173.0,
                        2.0
                    ],
                    "48h": [
                        174.0,
                        4.0
                    ],
                    "72h": [
                        173.0,
                        2.0
                    ]
                },
                "top_driver": "vvelprs",
                "ugrdprs": 0.005396196153014898,
                "vgrdprs": 0.005309672560542822,
                "vvelprs": 0.005451466888189316,
                "tmpprs": 0.005095497239381075,
                "rhprs": 0.0047797588631510735,
                "hgtprs": 0.005282227415591478,
                "absvprs": 0.005238411482423544,
                "pressfc": 0.00030624482315033674,
                "capesfc": 0.0002624853514134884,
                "tmpsfc": 0.0002881073160097003,
                "landmask": 0.0002743467048276216
            }
        },
        {
            "type": "Feature",
            "geometry": {
                "type": "Point",
                "coordinates": [
                    156.0,
                    35.0
                ]
            },
            "properties": {
                "system_id": "INVEST_297L",
                "confidence": 0.44885864610954707,
                "uncertainty_std": 0.15275485813617706,
                "ci_95": [
                    0.14945912416264,
                    0.7482581680564542
                ],
                "lead_time_hrs": 24,
                "movement_vector": {
                    "dlat_24h": -2.0,
                    "dlon_24h": 1.0
                },
                "trajectory": {
                    "24h": [
                        156.0,
                        35.0
                    ],
                    "48h": [
                        157.0,
                        33.0
                    ],
                    "72h": [
                        158.0,
                        32.0
                    ]
                },
                "top_driver": "ugrdprs",
                "ugrdprs": 0.006465169135481119,
                "vgrdprs": 0.005919938441365957,
                "vvelprs": 0.005695435684174299,
                "tmpprs": 0.005818297155201435,
                "rhprs": 0.006017860025167465,
                "hgtprs": 0.005763140041381121,
                "absvprs": 0.005796447396278381,
                "pressfc": 0.0003803536237683147,
                "capesfc": 0.000237791653489694,
                "tmpsfc": 0.00031285357545129955,
                "landmask": 0.00029095771606080234
            }
        },
        {
            "type": "Feature",
            "geometry": {
                "type": "Point",
                "coordinates": [
                    -49.0,
                    22.0
                ]
            },
            "properties": {
                "system_id": "INVEST_298L",
                "confidence": 0.4458481942475183,
                "uncertainty_std": 0.1975868046283722,
                "ci_95": [
                    0.058578057175908804,
                    0.8331183313191278
                ],
                "lead_time_hrs": 24,
                "movement_vector": {
                    "dlat_24h": 4.0,
                    "dlon_24h": 1.0
                },
                "trajectory": {
                    "24h": [
                        -49.0,
                        22.0
                    ],
                    "48h": [
                        -48.0,
                        26.0
                    ],
                    "72h": [
                        -49.0,
                        26.0
                    ]
                },
                "top_driver": "hgtprs",
                "ugrdprs": 0.00344640901312232,
                "vgrdprs": 0.003278503194451332,
                "vvelprs": 0.0034034072887152433,
                "tmpprs": 0.003216600976884365,
                "rhprs": 0.003045171033591032,
                "hgtprs": 0.0034812758676707745,
                "absvprs": 0.003327680053189397,
                "pressfc": 0.00024390863836742938,
                "capesfc": 0.00015234496095217764,
                "tmpsfc": 0.0001842682686401531,
                "landmask": 0.00019200322276446968
            }
        },
        {
            "type": "Feature",
            "geometry": {
                "type": "Point",
                "coordinates": [
                    123.0,
                    9.0
                ]
            },
            "properties": {
                "system_id": "INVEST_299L",
                "confidence": 0.44571665606171007,
                "uncertainty_std": 0.12829901278018951,
                "ci_95": [
                    0.1942505910125386,
                    0.6971827211108815
                ],
                "lead_time_hrs": 24,
                "movement_vector": {
                    "dlat_24h": 2.0,
                    "dlon_24h": -1.0
                },
                "trajectory": {
                    "24h": [
                        123.0,
                        9.0
                    ],
                    "48h": [
                        122.0,
                        11.0
                    ],
                    "72h": [
                        122.0,
                        9.0
                    ]
                },
                "top_driver": "ugrdprs",
                "ugrdprs": 0.0059960284270346165,
                "vgrdprs": 0.005695166997611523,
                "vvelprs": 0.0058281151577830315,
                "tmpprs": 0.005387251731008291,
                "rhprs": 0.005245408974587917,
                "hgtprs": 0.005562234669923782,
                "absvprs": 0.0055453903041779995,
                "pressfc": 0.00034129011328332126,
                "capesfc": 0.0002917040546890348,
                "tmpsfc": 0.00031159186619333923,
                "landmask": 0.00030826297006569803
            }
        },
        {
            "type": "Feature",
            "geometry": {
                "type": "Point",
                "coordinates": [
                    178.0,
                    23.0
                ]
            },
            "properties": {
                "system_id": "INVEST_300L",
                "confidence": 0.44401585852754516,
                "uncertainty_std": 0.18002931773662567,
                "ci_95": [
                    0.09115839576375884,
                    0.7968733212913315
                ],
                "lead_time_hrs": 24,
                "movement_vector": {
                    "dlat_24h": 4.0,
                    "dlon_24h": 1.0
                },
                "trajectory": {
                    "24h": [
                        178.0,
                        23.0
                    ],
                    "48h": [
                        179.0,
                        27.0
                    ],
                    "72h": [
                        174.0,
                        30.0
                    ]
                },
                "top_driver": "hgtprs",
                "ugrdprs": 0.00654248334467411,
                "vgrdprs": 0.0065653338097035885,
                "vvelprs": 0.006532605271786451,
                "tmpprs": 0.006214362569153309,
                "rhprs": 0.006261198315769434,
                "hgtprs": 0.00691430177539587,
                "absvprs": 0.006672942079603672,
                "pressfc": 0.00034377709380351007,
                "capesfc": 0.0003150944830849767,
                "tmpsfc": 0.0003258059441577643,
                "landmask": 0.00040772787178866565
            }
        },
        {
            "type": "Feature",
            "geometry": {
                "type": "Point",
                "coordinates": [
                    -167.0,
                    5.0
                ]
            },
            "properties": {
                "system_id": "INVEST_301L",
                "confidence": 0.4404487959708075,
                "uncertainty_std": 0.14589694142341614,
                "ci_95": [
                    0.15449079078091188,
                    0.7264068011607031
                ],
                "lead_time_hrs": 24,
                "movement_vector": {
                    "dlat_24h": 5.0,
                    "dlon_24h": 2.0
                },
                "trajectory": {
                    "24h": [
                        -167.0,
                        5.0
                    ],
                    "48h": [
                        -165.0,
                        10.0
                    ],
                    "72h": [
                        -164.0,
                        8.0
                    ]
                },
                "top_driver": "vvelprs",
                "ugrdprs": 0.005299762357026339,
                "vgrdprs": 0.005288630723953247,
                "vvelprs": 0.005423710681498051,
                "tmpprs": 0.0050797294825315475,
                "rhprs": 0.004803553223609924,
                "hgtprs": 0.0051836720667779446,
                "absvprs": 0.005238045006990433,
                "pressfc": 0.0003187587717548013,
                "capesfc": 0.00027281171060167253,
                "tmpsfc": 0.0002965604653581977,
                "landmask": 0.00025598437059670687
            }
        },
        {
            "type": "Feature",
            "geometry": {
                "type": "Point",
                "coordinates": [
                    -59.0,
                    17.0
                ]
            },
            "properties": {
                "system_id": "INVEST_302L",
                "confidence": 0.43414038798318777,
                "uncertainty_std": 0.10817062109708786,
                "ci_95": [
                    0.22212597063289558,
                    0.64615480533348
                ],
                "lead_time_hrs": 24,
                "movement_vector": {
                    "dlat_24h": 1.0,
                    "dlon_24h": 0.0
                },
                "trajectory": {
                    "24h": [
                        -59.0,
                        17.0
                    ],
                    "48h": [
                        -59.0,
                        18.0
                    ],
                    "72h": [
                        -58.0,
                        19.0
                    ]
                },
                "top_driver": "ugrdprs",
                "ugrdprs": 0.0024887656327337027,
                "vgrdprs": 0.0022455810103565454,
                "vvelprs": 0.0024414323270320892,
                "tmpprs": 0.002324257977306843,
                "rhprs": 0.0021522631868720055,
                "hgtprs": 0.0023389430716633797,
                "absvprs": 0.0023889404255896807,
                "pressfc": 0.00014222515164874494,
                "capesfc": 9.872893861029297e-05,
                "tmpsfc": 0.00012223896919749677,
                "landmask": 0.00011625156184891239
            }
        },
        {
            "type": "Feature",
            "geometry": {
                "type": "Point",
                "coordinates": [
                    -63.0,
                    20.0
                ]
            },
            "properties": {
                "system_id": "INVEST_303L",
                "confidence": 0.43294780940122574,
                "uncertainty_std": 0.18607652187347412,
                "ci_95": [
                    0.06823782652921645,
                    0.7976577922732351
                ],
                "lead_time_hrs": 24,
                "movement_vector": {
                    "dlat_24h": -2.0,
                    "dlon_24h": 4.0
                },
                "trajectory": {
                    "24h": [
                        -63.0,
                        20.0
                    ],
                    "48h": [
                        -59.0,
                        18.0
                    ],
                    "72h": [
                        -58.0,
                        19.0
                    ]
                },
                "top_driver": "vvelprs",
                "ugrdprs": 0.005213834345340729,
                "vgrdprs": 0.0049775028601288795,
                "vvelprs": 0.0052654799073934555,
                "tmpprs": 0.004911969415843487,
                "rhprs": 0.004601187072694302,
                "hgtprs": 0.004940721206367016,
                "absvprs": 0.004977786913514137,
                "pressfc": 0.000285170302959159,
                "capesfc": 0.00027806023717857897,
                "tmpsfc": 0.0003050623636227101,
                "landmask": 0.000238525026361458
            }
        },
        {
            "type": "Feature",
            "geometry": {
                "type": "Point",
                "coordinates": [
                    -130.0,
                    9.0
                ]
            },
            "properties": {
                "system_id": "INVEST_304L",
                "confidence": 0.4266931254465189,
                "uncertainty_std": 0.07573550939559937,
                "ci_95": [
                    0.27825152703114414,
                    0.5751347238618936
                ],
                "lead_time_hrs": 24,
                "movement_vector": {
                    "dlat_24h": 1.0,
                    "dlon_24h": -2.0
                },
                "trajectory": {
                    "24h": [
                        -130.0,
                        9.0
                    ],
                    "48h": [
                        -132.0,
                        10.0
                    ],
                    "72h": [
                        -132.0,
                        11.0
                    ]
                },
                "top_driver": "vvelprs",
                "ugrdprs": 0.0024060849100351334,
                "vgrdprs": 0.0022398452274501324,
                "vvelprs": 0.0024810994509607553,
                "tmpprs": 0.0022795475088059902,
                "rhprs": 0.0021870650816708803,
                "hgtprs": 0.0024010217748582363,
                "absvprs": 0.0023724555503576994,
                "pressfc": 0.00015806368901394308,
                "capesfc": 0.0001347895886283368,
                "tmpsfc": 8.43006928334944e-05,
                "landmask": 0.00011157823610119522
            }
        },
        {
            "type": "Feature",
            "geometry": {
                "type": "Point",
                "coordinates": [
                    -176.0,
                    18.0
                ]
            },
            "properties": {
                "system_id": "INVEST_305L",
                "confidence": 0.4227756175168598,
                "uncertainty_std": 0.14282537996768951,
                "ci_95": [
                    0.1428378727801884,
                    0.7027133622535313
                ],
                "lead_time_hrs": 24,
                "movement_vector": {
                    "dlat_24h": -2.0,
                    "dlon_24h": -3.0
                },
                "trajectory": {
                    "24h": [
                        -176.0,
                        18.0
                    ],
                    "48h": [
                        -179.0,
                        16.0
                    ],
                    "72h": [
                        -176.0,
                        17.0
                    ]
                },
                "top_driver": "hgtprs",
                "ugrdprs": 0.005680783186107874,
                "vgrdprs": 0.005637479946017265,
                "vvelprs": 0.0056039015762507915,
                "tmpprs": 0.0054273041896522045,
                "rhprs": 0.005253951996564865,
                "hgtprs": 0.006176645401865244,
                "absvprs": 0.005623155739158392,
                "pressfc": 0.00034200941445305943,
                "capesfc": 0.0002901185362134129,
                "tmpsfc": 0.0002725512895267457,
                "landmask": 0.00038870805292390287
            }
        },
        {
            "type": "Feature",
            "geometry": {
                "type": "Point",
                "coordinates": [
                    -168.0,
                    16.0
                ]
            },
            "properties": {
                "system_id": "INVEST_306L",
                "confidence": 0.41864403802992134,
                "uncertainty_std": 0.1439867466688156,
                "ci_95": [
                    0.13643001455904274,
                    0.7008580615008
                ],
                "lead_time_hrs": 24,
                "movement_vector": {
                    "dlat_24h": -1.0,
                    "dlon_24h": 2.0
                },
                "trajectory": {
                    "24h": [
                        -168.0,
                        16.0
                    ],
                    "48h": [
                        -166.0,
                        15.0
                    ],
                    "72h": [
                        -166.0,
                        18.0
                    ]
                },
                "top_driver": "hgtprs",
                "ugrdprs": 0.006404505111277103,
                "vgrdprs": 0.006157553289085627,
                "vvelprs": 0.006475578527897596,
                "tmpprs": 0.005832302384078503,
                "rhprs": 0.0059653716161847115,
                "hgtprs": 0.006940838415175676,
                "absvprs": 0.006206232588738203,
                "pressfc": 0.0003187093825545162,
                "capesfc": 0.00030814489582553506,
                "tmpsfc": 0.0003085569478571415,
                "landmask": 0.0004440819611772895
            }
        },
        {
            "type": "Feature",
            "geometry": {
                "type": "Point",
                "coordinates": [
                    168.0,
                    10.0
                ]
            },
            "properties": {
                "system_id": "INVEST_307L",
                "confidence": 0.41266834666560215,
                "uncertainty_std": 0.07227975130081177,
                "ci_95": [
                    0.2710000341160111,
                    0.5543366592151933
                ],
                "lead_time_hrs": 24,
                "movement_vector": {
                    "dlat_24h": 2.0,
                    "dlon_24h": 2.0
                },
                "trajectory": {
                    "24h": [
                        168.0,
                        10.0
                    ],
                    "48h": [
                        170.0,
                        12.0
                    ],
                    "72h": [
                        172.0,
                        11.0
                    ]
                },
                "top_driver": "hgtprs",
                "ugrdprs": 0.0043290723115205765,
                "vgrdprs": 0.004399673547595739,
                "vvelprs": 0.0044477214105427265,
                "tmpprs": 0.004319909028708935,
                "rhprs": 0.0041048116981983185,
                "hgtprs": 0.004718619864434004,
                "absvprs": 0.004487304016947746,
                "pressfc": 0.00023152708308771253,
                "capesfc": 0.00021574654965661466,
                "tmpsfc": 0.00019747197802644223,
                "landmask": 0.000317057449137792
            }
        },
        {
            "type": "Feature",
            "geometry": {
                "type": "Point",
                "coordinates": [
                    165.0,
                    17.0
                ]
            },
            "properties": {
                "system_id": "INVEST_308L",
                "confidence": 0.41164687754998736,
                "uncertainty_std": 0.09493804723024368,
                "ci_95": [
                    0.22556830497870975,
                    0.597725450121265
                ],
                "lead_time_hrs": 24,
                "movement_vector": {
                    "dlat_24h": 0.0,
                    "dlon_24h": -3.0
                },
                "trajectory": {
                    "24h": [
                        165.0,
                        17.0
                    ],
                    "48h": [
                        162.0,
                        17.0
                    ],
                    "72h": [
                        164.0,
                        17.0
                    ]
                },
                "top_driver": "ugrdprs",
                "ugrdprs": 0.004728320520371199,
                "vgrdprs": 0.004319847095757723,
                "vvelprs": 0.004498666152358055,
                "tmpprs": 0.004466971382498741,
                "rhprs": 0.004219620954245329,
                "hgtprs": 0.004495884291827679,
                "absvprs": 0.004566236399114132,
                "pressfc": 0.0002641216851770878,
                "capesfc": 0.0001882796350400895,
                "tmpsfc": 0.0003036512352991849,
                "landmask": 0.00025875744177028537
            }
        },
        {
            "type": "Feature",
            "geometry": {
                "type": "Point",
                "coordinates": [
                    130.0,
                    7.0
                ]
            },
            "properties": {
                "system_id": "INVEST_309L",
                "confidence": 0.40559368630229947,
                "uncertainty_std": 0.1586669236421585,
                "ci_95": [
                    0.09460651596366881,
                    0.7165808566409302
                ],
                "lead_time_hrs": 24,
                "movement_vector": {
                    "dlat_24h": -2.0,
                    "dlon_24h": 0.0
                },
                "trajectory": {
                    "24h": [
                        130.0,
                        7.0
                    ],
                    "48h": [
                        130.0,
                        5.0
                    ],
                    "72h": [
                        126.0,
                        5.0
                    ]
                },
                "top_driver": "ugrdprs",
                "ugrdprs": 0.005329885985702276,
                "vgrdprs": 0.0051921941339969635,
                "vvelprs": 0.005147270858287811,
                "tmpprs": 0.004896475933492184,
                "rhprs": 0.004710277542471886,
                "hgtprs": 0.005172655452042818,
                "absvprs": 0.005048472434282303,
                "pressfc": 0.00027960888110101223,
                "capesfc": 0.0002601744490675628,
                "tmpsfc": 0.0002888186718337238,
                "landmask": 0.0002708197571337223
            }
        },
        {
            "type": "Feature",
            "geometry": {
                "type": "Point",
                "coordinates": [
                    -166.0,
                    32.0
                ]
            },
            "properties": {
                "system_id": "INVEST_310L",
                "confidence": 0.4001402836588692,
                "uncertainty_std": 0.15263701975345612,
                "ci_95": [
                    0.10097172494209522,
                    0.6993088423756433
                ],
                "lead_time_hrs": 24,
                "movement_vector": {
                    "dlat_24h": -3.0,
                    "dlon_24h": 2.0
                },
                "trajectory": {
                    "24h": [
                        -166.0,
                        32.0
                    ],
                    "48h": [
                        -164.0,
                        29.0
                    ],
                    "72h": [
                        -168.0,
                        33.0
                    ]
                },
                "top_driver": "hgtprs",
                "ugrdprs": 0.004818137269467115,
                "vgrdprs": 0.004897455684840679,
                "vvelprs": 0.004904900677502155,
                "tmpprs": 0.004740693606436253,
                "rhprs": 0.004703786689788103,
                "hgtprs": 0.005124513991177082,
                "absvprs": 0.004866266623139381,
                "pressfc": 0.0002713185385800898,
                "capesfc": 0.00026038551004603505,
                "tmpsfc": 0.00027534374385140836,
                "landmask": 0.00031095556914806366
            }
        },
        {
            "type": "Feature",
            "geometry": {
                "type": "Point",
                "coordinates": [
                    -156.0,
                    0.0
                ]
            },
            "properties": {
                "system_id": "INVEST_311L",
                "confidence": 0.39610768190662804,
                "uncertainty_std": 0.11156119406223297,
                "ci_95": [
                    0.17744774154465143,
                    0.6147676222686047
                ],
                "lead_time_hrs": 24,
                "movement_vector": {
                    "dlat_24h": 3.0,
                    "dlon_24h": -1.0
                },
                "trajectory": {
                    "24h": [
                        -156.0,
                        0.0
                    ],
                    "48h": [
                        -157.0,
                        3.0
                    ],
                    "72h": [
                        -156.0,
                        4.0
                    ]
                },
                "top_driver": "vvelprs",
                "ugrdprs": 0.004582769703119993,
                "vgrdprs": 0.004574165679514408,
                "vvelprs": 0.004639739170670509,
                "tmpprs": 0.004327237606048584,
                "rhprs": 0.004239327274262905,
                "hgtprs": 0.00450999615713954,
                "absvprs": 0.004382126033306122,
                "pressfc": 0.0002215822896687314,
                "capesfc": 0.00022674711362924427,
                "tmpsfc": 0.00025104658561758697,
                "landmask": 0.00023611844517290592
            }
        },
        {
            "type": "Feature",
            "geometry": {
                "type": "Point",
                "coordinates": [
                    -162.0,
                    35.0
                ]
            },
            "properties": {
                "system_id": "INVEST_312L",
                "confidence": 0.3933769022549048,
                "uncertainty_std": 0.1168028861284256,
                "ci_95": [
                    0.1644432454431906,
                    0.6223105590666189
                ],
                "lead_time_hrs": 24,
                "movement_vector": {
                    "dlat_24h": 0.0,
                    "dlon_24h": -1.0
                },
                "trajectory": {
                    "24h": [
                        -162.0,
                        35.0
                    ],
                    "48h": [
                        -163.0,
                        35.0
                    ],
                    "72h": [
                        -168.0,
                        33.0
                    ]
                },
                "top_driver": "hgtprs",
                "ugrdprs": 0.004194129258394241,
                "vgrdprs": 0.004369345027953386,
                "vvelprs": 0.0044472008012235165,
                "tmpprs": 0.004109531175345182,
                "rhprs": 0.004143403377383947,
                "hgtprs": 0.004615115933120251,
                "absvprs": 0.004439879674464464,
                "pressfc": 0.0002788304991554469,
                "capesfc": 0.000270330929197371,
                "tmpsfc": 0.0002022276312345639,
                "landmask": 0.0003169493575114757
            }
        },
        {
            "type": "Feature",
            "geometry": {
                "type": "Point",
                "coordinates": [
                    -168.0,
                    27.0
                ]
            },
            "properties": {
                "system_id": "INVEST_313L",
                "confidence": 0.3840865435737599,
                "uncertainty_std": 0.14571599662303925,
                "ci_95": [
                    0.09848319019260293,
                    0.6696898969549168
                ],
                "lead_time_hrs": 24,
                "movement_vector": {
                    "dlat_24h": 2.0,
                    "dlon_24h": 4.0
                },
                "trajectory": {
                    "24h": [
                        -168.0,
                        27.0
                    ],
                    "48h": [
                        -164.0,
                        29.0
                    ],
                    "72h": [
                        -168.0,
                        33.0
                    ]
                },
                "top_driver": "hgtprs",
                "ugrdprs": 0.004644604865461588,
                "vgrdprs": 0.004782321397215128,
                "vvelprs": 0.004861840512603521,
                "tmpprs": 0.004480817820876837,
                "rhprs": 0.004500427283346653,
                "hgtprs": 0.005047859624028206,
                "absvprs": 0.004815365187823772,
                "pressfc": 0.00021382872364483774,
                "capesfc": 0.00025488692335784435,
                "tmpsfc": 0.00023271985992323607,
                "landmask": 0.00026055052876472473
            }
        },
        {
            "type": "Feature",
            "geometry": {
                "type": "Point",
                "coordinates": [
                    157.0,
                    28.0
                ]
            },
            "properties": {
                "system_id": "INVEST_314L",
                "confidence": 0.3803229474564118,
                "uncertainty_std": 0.13852497935295105,
                "ci_95": [
                    0.10881398792462776,
                    0.6518319069881959
                ],
                "lead_time_hrs": 24,
                "movement_vector": {
                    "dlat_24h": -1.0,
                    "dlon_24h": -2.0
                },
                "trajectory": {
                    "24h": [
                        157.0,
                        28.0
                    ],
                    "48h": [
                        155.0,
                        27.0
                    ],
                    "72h": [
                        158.0,
                        27.0
                    ]
                },
                "top_driver": "tmpprs",
                "ugrdprs": 0.005521722603589296,
                "vgrdprs": 0.00557393254712224,
                "vvelprs": 0.005416278727352619,
                "tmpprs": 0.005594619084149599,
                "rhprs": 0.0053987386636435986,
                "hgtprs": 0.005356441251933575,
                "absvprs": 0.005336358677595854,
                "pressfc": 0.0003876258269883692,
                "capesfc": 0.0002929744077846408,
                "tmpsfc": 0.0003234547039028257,
                "landmask": 0.00034474124549888074
            }
        },
        {
            "type": "Feature",
            "geometry": {
                "type": "Point",
                "coordinates": [
                    160.0,
                    12.0
                ]
            },
            "properties": {
                "system_id": "INVEST_315L",
                "confidence": 0.3782519780873664,
                "uncertainty_std": 0.1506747305393219,
                "ci_95": [
                    0.08292950623029544,
                    0.6735744499444374
                ],
                "lead_time_hrs": 24,
                "movement_vector": {
                    "dlat_24h": 0.0,
                    "dlon_24h": -3.0
                },
                "trajectory": {
                    "24h": [
                        160.0,
                        12.0
                    ],
                    "48h": [
                        157.0,
                        12.0
                    ],
                    "72h": [
                        155.0,
                        14.0
                    ]
                },
                "top_driver": "vvelprs",
                "ugrdprs": 0.006089827511459589,
                "vgrdprs": 0.005809680558741093,
                "vvelprs": 0.006241471506655216,
                "tmpprs": 0.005635094828903675,
                "rhprs": 0.005414812825620174,
                "hgtprs": 0.005921799689531326,
                "absvprs": 0.005836003459990025,
                "pressfc": 0.00033360774978064,
                "capesfc": 0.00026937611983157694,
                "tmpsfc": 0.00029689265647903085,
                "landmask": 0.00027487060287967324
            }
        },
        {
            "type": "Feature",
            "geometry": {
                "type": "Point",
                "coordinates": [
                    173.0,
                    14.0
                ]
            },
            "properties": {
                "system_id": "INVEST_316L",
                "confidence": 0.3770932676033994,
                "uncertainty_std": 0.07320669293403625,
                "ci_95": [
                    0.23360814945268835,
                    0.5205783857541104
                ],
                "lead_time_hrs": 24,
                "movement_vector": {
                    "dlat_24h": 3.0,
                    "dlon_24h": -2.0
                },
                "trajectory": {
                    "24h": [
                        173.0,
                        14.0
                    ],
                    "48h": [
                        171.0,
                        17.0
                    ],
                    "72h": [
                        173.0,
                        17.0
                    ]
                },
                "top_driver": "hgtprs",
                "ugrdprs": 0.004636614117771387,
                "vgrdprs": 0.004582539200782776,
                "vvelprs": 0.004710853565484285,
                "tmpprs": 0.004493663553148508,
                "rhprs": 0.004366548731923103,
                "hgtprs": 0.005073642358183861,
                "absvprs": 0.004787413869053125,
                "pressfc": 0.00025014247512444854,
                "capesfc": 0.000192579987924546,
                "tmpsfc": 0.0001875950547400862,
                "landmask": 0.00033647698001004755
            }
        },
        {
            "type": "Feature",
            "geometry": {
                "type": "Point",
                "coordinates": [
                    125.0,
                    3.0
                ]
            },
            "properties": {
                "system_id": "INVEST_317L",
                "confidence": 0.36750027431557836,
                "uncertainty_std": 0.14163677394390106,
                "ci_95": [
                    0.08989219738553228,
                    0.6451083512456244
                ],
                "lead_time_hrs": 24,
                "movement_vector": {
                    "dlat_24h": 0.0,
                    "dlon_24h": -1.0
                },
                "trajectory": {
                    "24h": [
                        125.0,
                        3.0
                    ],
                    "48h": [
                        124.0,
                        3.0
                    ],
                    "72h": [
                        126.0,
                        5.0
                    ]
                },
                "top_driver": "ugrdprs",
                "ugrdprs": 0.002863613422960043,
                "vgrdprs": 0.0027466854080557823,
                "vvelprs": 0.0028124870732426643,
                "tmpprs": 0.002482313197106123,
                "rhprs": 0.002552930498495698,
                "hgtprs": 0.002676015952602029,
                "absvprs": 0.0026584125589579344,
                "pressfc": 0.00021761914831586182,
                "capesfc": 0.00014615051622968167,
                "tmpsfc": 0.00015154019638430327,
                "landmask": 0.0001362423354294151
            }
        }
    ]
}