[2026-07-17 06:37:11,860] INFO - Initializing operational inference sequence execution sequence...
[2026-07-17 06:37:13,089] INFO - ✅ Best Ensemble model graph loaded successfully into production memory environment.
[2026-07-17 06:37:13,091] INFO - Downloading operational file from NOAA target: https://www.ftp.ncep.noaa.gov/data/nccf/com/gfs/prod/gdas.20260717/06/atmos/gdas.t06z.pgrb2.0p25.f000
[2026-07-17 06:38:13,150] ERROR - Network download connection fault: HTTPSConnectionPool(host='www.ftp.ncep.noaa.gov', port=443): Read timed out. (read timeout=60)
[2026-07-17 06:38:13,152] ERROR - Target NOAA file stream unavailable. Falling back to look behind indices...
[2026-07-17 06:38:13,163] INFO - Downloading operational file from NOAA target: https://www.ftp.ncep.noaa.gov/data/nccf/com/gfs/prod/gdas.20260717/00/atmos/gdas.t00z.pgrb2.0p25.f000
[2026-07-17 06:39:13,251] ERROR - Network download connection fault: HTTPSConnectionPool(host='www.ftp.ncep.noaa.gov', port=443): Read timed out. (read timeout=60)
[2026-07-17 06:39:13,251] CRITICAL - System unable to capture telemetry fields. Waiting next period block sequence.
[2026-07-17 06:41:02,198] INFO - Initializing operational inference sequence execution sequence...
[2026-07-17 06:41:03,162] INFO - ✅ Best Ensemble model graph loaded successfully into production memory environment.
[2026-07-17 06:41:03,164] INFO - Downloading operational file from NOAA target: https://www.ftp.ncep.noaa.gov/data/nccf/com/gfs/prod/gdas.20260717/06/atmos/gdas.t06z.pgrb2.0p25.f000
[2026-07-17 06:41:18,211] WARNING - Retrying (Retry(total=2, connect=None, read=None, redirect=None, status=None)) after connection broken by 'ReadTimeoutError("HTTPSConnectionPool(host='www.ftp.ncep.noaa.gov', port=443): Read timed out. (read timeout=15)")': /data/nccf/com/gfs/prod/gdas.20260717/06/atmos/gdas.t06z.pgrb2.0p25.f000
[2026-07-17 06:41:37,260] WARNING - Retrying (Retry(total=1, connect=None, read=None, redirect=None, status=None)) after connection broken by 'ReadTimeoutError("HTTPSConnectionPool(host='www.ftp.ncep.noaa.gov', port=443): Read timed out. (read timeout=15)")': /data/nccf/com/gfs/prod/gdas.20260717/06/atmos/gdas.t06z.pgrb2.0p25.f000
[2026-07-17 06:42:00,327] WARNING - Retrying (Retry(total=0, connect=None, read=None, redirect=None, status=None)) after connection broken by 'ReadTimeoutError("HTTPSConnectionPool(host='www.ftp.ncep.noaa.gov', port=443): Read timed out. (read timeout=15)")': /data/nccf/com/gfs/prod/gdas.20260717/06/atmos/gdas.t06z.pgrb2.0p25.f000
[2026-07-17 06:42:15,384] ERROR - Network download connection fault on this route: HTTPSConnectionPool(host='www.ftp.ncep.noaa.gov', port=443): Max retries exceeded with url: /data/nccf/com/gfs/prod/gdas.20260717/06/atmos/gdas.t06z.pgrb2.0p25.f000 (Caused by ReadTimeoutError("HTTPSConnectionPool(host='www.ftp.ncep.noaa.gov', port=443): Read timed out. (read timeout=15)"))
[2026-07-17 06:42:15,388] INFO - Downloading operational file from NOAA target: https://nomads.ncep.noaa.gov/pub/data/nccf/com/gfs/prod/gdas.20260717/06/atmos/gdas.t06z.pgrb2.0p25.f000
[2026-07-17 06:42:16,455] WARNING - Endpoint returned status code 403. Shifting routes...
[2026-07-17 06:42:16,457] ERROR - Target NOAA file stream unavailable. Falling back to look behind indices...
[2026-07-17 06:42:16,459] INFO - Downloading operational file from NOAA target: https://www.ftp.ncep.noaa.gov/data/nccf/com/gfs/prod/gdas.20260717/00/atmos/gdas.t00z.pgrb2.0p25.f000
[2026-07-17 06:42:31,512] WARNING - Retrying (Retry(total=2, connect=None, read=None, redirect=None, status=None)) after connection broken by 'ReadTimeoutError("HTTPSConnectionPool(host='www.ftp.ncep.noaa.gov', port=443): Read timed out. (read timeout=15)")': /data/nccf/com/gfs/prod/gdas.20260717/00/atmos/gdas.t00z.pgrb2.0p25.f000
[2026-07-17 06:43:51,457] INFO - Initializing operational inference sequence execution sequence...
[2026-07-17 06:43:52,369] INFO - ✅ Best Ensemble model graph loaded successfully into production memory environment.
[2026-07-17 06:43:52,370] INFO - Downloading operational file from NOAA target: https://www.ftp.ncep.noaa.gov/data/nccf/com/gfs/prod/gdas.20260717/06/atmos/gdas.t06z.pgrb2.0p25.f000
[2026-07-17 06:45:07,439] WARNING - Retrying (Retry(total=1, connect=None, read=None, redirect=None, status=None)) after connection broken by 'OSError('Tunnel connection failed: 504 Gateway Timeout')': /data/nccf/com/gfs/prod/gdas.20260717/06/atmos/gdas.t06z.pgrb2.0p25.f000
[2026-07-17 06:47:40,070] INFO - Initializing operational inference sequence execution sequence...
[2026-07-17 06:47:41,002] INFO - ✅ Best Ensemble model graph loaded successfully into production memory environment.
[2026-07-17 06:47:41,003] INFO - Requesting meteorological subset from NOAA NOMADS Filter API...
[2026-07-17 06:47:41,602] WARNING - Data cycle not yet published on NOMADS (Status 404).
[2026-07-17 06:47:41,604] ERROR - Target NOAA file stream unavailable. Falling back to look behind indices...
[2026-07-17 06:47:41,605] INFO - Requesting meteorological subset from NOAA NOMADS Filter API...
[2026-07-17 06:47:42,204] WARNING - Data cycle not yet published on NOMADS (Status 404).
[2026-07-17 06:47:42,206] CRITICAL - System unable to capture telemetry fields. Waiting next period block sequence.
[2026-07-17 06:49:11,830] INFO - Initializing operational inference sequence execution sequence...
[2026-07-17 06:49:12,892] INFO - ✅ Best Ensemble model graph loaded successfully into production memory environment.
[2026-07-17 06:49:12,893] INFO - Checking availability for cycle run target: 2026-07-17 06:00 UTC (Lookback Step -0h)
[2026-07-17 06:49:12,894] INFO - Requesting meteorological subset from NOAA NOMADS Filter API...
[2026-07-17 06:49:13,499] WARNING - Data cycle not yet published on NOMADS (Status 404).
[2026-07-17 06:49:13,501] WARNING - Cycle run data window 06Z not accessible. Dropping back further...
[2026-07-17 06:49:13,503] INFO - Checking availability for cycle run target: 2026-07-17 00:00 UTC (Lookback Step -6h)
[2026-07-17 06:49:13,504] INFO - Requesting meteorological subset from NOAA NOMADS Filter API...
[2026-07-17 06:49:14,027] WARNING - Data cycle not yet published on NOMADS (Status 404).
[2026-07-17 06:49:14,029] WARNING - Cycle run data window 00Z not accessible. Dropping back further...
[2026-07-17 06:49:14,030] INFO - Checking availability for cycle run target: 2026-07-16 18:00 UTC (Lookback Step -12h)
[2026-07-17 06:49:14,031] INFO - Requesting meteorological subset from NOAA NOMADS Filter API...
[2026-07-17 06:49:14,720] INFO - Connection successful. Downloading filtered GRIB2 payload...
[2026-07-17 06:49:46,270] INFO - Successfully saved subset data to: /workspace/live_data/fnl_20260716_18_00.grib2
[2026-07-17 06:49:46,271] INFO - ✅ Successfully locked onto historical operational telemetry run data target.
[2026-07-17 06:49:46,271] INFO - Extracting meteorological channels from: /workspace/live_data/fnl_20260716_18_00.grib2
[2026-07-17 06:49:53,452] INFO - Running global diagnostic sliding arrays for target timeline window horizon: +24 Hours
[2026-07-17 06:58:12,393] INFO - Initializing operational inference sequence execution sequence...
[2026-07-17 06:58:13,270] INFO - ✅ Best Ensemble model graph loaded successfully into production memory environment.
[2026-07-17 06:58:13,271] INFO - Checking availability for cycle run target: 2026-07-17 06:00 UTC (Lookback Step -0h)
[2026-07-17 06:58:13,271] INFO - Requesting meteorological subset from NOAA NOMADS Filter API...
[2026-07-17 06:58:15,051] WARNING - Data cycle not yet published on NOMADS (Status 404).
[2026-07-17 06:58:15,055] WARNING - Cycle run data window 06Z not accessible. Dropping back further...
[2026-07-17 06:58:15,056] INFO - Checking availability for cycle run target: 2026-07-17 00:00 UTC (Lookback Step -6h)
[2026-07-17 06:58:15,057] INFO - Requesting meteorological subset from NOAA NOMADS Filter API...
[2026-07-17 06:58:15,716] INFO - Connection successful. Downloading filtered GRIB2 payload...
[2026-07-17 06:59:18,484] INFO - Successfully saved subset data to: /workspace/live_data/fnl_20260717_00_00.grib2
[2026-07-17 06:59:18,485] INFO - ✅ Successfully locked onto historical operational telemetry run data target.
[2026-07-17 06:59:18,486] INFO - Extracting meteorological channels from: /workspace/live_data/fnl_20260717_00_00.grib2
[2026-07-17 06:59:26,295] INFO - Running global diagnostic sliding arrays for target timeline window horizon: +24 Hours
[2026-07-17 06:59:27,303] INFO - Harvesting spatial grid windows across global track coordinates...
[2026-07-17 07:02:58,753] INFO - ✅ Best Fused Ensemble structural neural weight layer graph mounted successfully.
[2026-07-17 07:02:58,754] INFO - Checking availability for cycle run target: 2026-07-17 06:00 UTC (Lookback Step -0h)
[2026-07-17 07:02:59,877] WARNING - Data cycle not yet published on NOMADS (Status 404).
[2026-07-17 07:02:59,881] WARNING - Cycle run data window 06Z not accessible. Dropping back further...
[2026-07-17 07:02:59,883] INFO - Checking availability for cycle run target: 2026-07-17 00:00 UTC (Lookback Step -6h)
[2026-07-17 07:04:35,198] INFO - ✅ Successfully locked onto historical operational telemetry run data target.
[2026-07-17 07:04:35,199] INFO - Extracting meteorological channels from: /workspace/live_data/fnl_20260717_00_00.grib2
[2026-07-17 07:04:35,382] WARNING - Ignoring index file '/workspace/live_data/fnl_20260717_00_00.grib2.02ccc.idx' older than GRIB file
[2026-07-17 07:04:36,817] WARNING - Ignoring index file '/workspace/live_data/fnl_20260717_00_00.grib2.02ccc.idx' older than GRIB file
[2026-07-17 07:04:37,895] WARNING - Ignoring index file '/workspace/live_data/fnl_20260717_00_00.grib2.02ccc.idx' older than GRIB file
[2026-07-17 07:04:39,031] WARNING - Ignoring index file '/workspace/live_data/fnl_20260717_00_00.grib2.02ccc.idx' older than GRIB file
[2026-07-17 07:04:40,127] WARNING - Ignoring index file '/workspace/live_data/fnl_20260717_00_00.grib2.02ccc.idx' older than GRIB file
[2026-07-17 07:04:41,234] WARNING - Ignoring index file '/workspace/live_data/fnl_20260717_00_00.grib2.02ccc.idx' older than GRIB file
[2026-07-17 07:04:42,460] WARNING - Ignoring index file '/workspace/live_data/fnl_20260717_00_00.grib2.02ccc.idx' older than GRIB file
[2026-07-17 07:04:44,173] WARNING - Ignoring index file '/workspace/live_data/fnl_20260717_00_00.grib2.923a8.idx' older than GRIB file
[2026-07-17 07:04:46,612] INFO - Running global diagnostic sliding arrays for target timeline window horizon: +24 Hours
[2026-07-17 07:04:47,658] INFO - Harvesting spatial grid windows across global track coordinates...
[2026-07-17 07:07:19,976] INFO - ✅ Best Fused Ensemble structural neural weight layer graph mounted successfully.
[2026-07-17 07:07:19,976] INFO - Checking availability for cycle run target: 2026-07-17 06:00 UTC (Lookback Step -0h)
[2026-07-17 07:07:21,509] WARNING - Data cycle not yet published on NOMADS (Status 404).
[2026-07-17 07:07:21,512] WARNING - Cycle run data window 06Z not accessible. Dropping back further...
[2026-07-17 07:07:21,514] INFO - Checking availability for cycle run target: 2026-07-17 00:00 UTC (Lookback Step -6h)
[2026-07-17 07:08:56,126] INFO - ✅ Successfully locked onto historical operational telemetry run data target.
[2026-07-17 07:08:56,127] INFO - Extracting meteorological channels from: /workspace/live_data/fnl_20260717_00_00.grib2
[2026-07-17 07:08:56,316] WARNING - Ignoring index file '/workspace/live_data/fnl_20260717_00_00.grib2.02ccc.idx' older than GRIB file
[2026-07-17 07:08:57,800] WARNING - Ignoring index file '/workspace/live_data/fnl_20260717_00_00.grib2.02ccc.idx' older than GRIB file
[2026-07-17 07:08:58,880] WARNING - Ignoring index file '/workspace/live_data/fnl_20260717_00_00.grib2.02ccc.idx' older than GRIB file
[2026-07-17 07:08:59,987] WARNING - Ignoring index file '/workspace/live_data/fnl_20260717_00_00.grib2.02ccc.idx' older than GRIB file
[2026-07-17 07:09:01,057] WARNING - Ignoring index file '/workspace/live_data/fnl_20260717_00_00.grib2.02ccc.idx' older than GRIB file
[2026-07-17 07:09:02,131] WARNING - Ignoring index file '/workspace/live_data/fnl_20260717_00_00.grib2.02ccc.idx' older than GRIB file
[2026-07-17 07:09:03,274] WARNING - Ignoring index file '/workspace/live_data/fnl_20260717_00_00.grib2.02ccc.idx' older than GRIB file
[2026-07-17 07:09:04,696] WARNING - Ignoring index file '/workspace/live_data/fnl_20260717_00_00.grib2.923a8.idx' older than GRIB file
[2026-07-17 07:09:06,768] INFO - Running global diagnostic sliding arrays for target timeline window horizon: +24 Hours
[2026-07-17 07:09:06,770] INFO - Input Grid Geometry Data Fields Matrix: Latitudes=721, Longitudes=1440
[2026-07-17 07:09:07,679] INFO - Harvesting spatial grid windows across global track coordinates...
[2026-07-17 07:09:07,782] INFO - Telemetry Status -> Extracted Patches Count: 249210
[2026-07-17 07:10:41,938] INFO - ✅ Best Fused Ensemble structural neural weight layer graph mounted successfully.
[2026-07-17 07:10:41,939] INFO - Checking availability for cycle run target: 2026-07-17 06:00 UTC (Lookback Step -0h)
[2026-07-17 07:10:42,995] WARNING - Data cycle not yet published on NOMADS (Status 404).
[2026-07-17 07:10:43,007] WARNING - Cycle run data window 06Z not accessible. Dropping back further...
[2026-07-17 07:10:43,008] INFO - Checking availability for cycle run target: 2026-07-17 00:00 UTC (Lookback Step -6h)
[2026-07-17 07:11:01,166] INFO - ✅ Successfully locked onto historical operational telemetry run data target.
[2026-07-17 07:11:01,167] INFO - Extracting meteorological channels from: /workspace/live_data/fnl_20260717_00_00.grib2
[2026-07-17 07:11:01,390] WARNING - Ignoring index file '/workspace/live_data/fnl_20260717_00_00.grib2.02ccc.idx' older than GRIB file
[2026-07-17 07:11:02,779] WARNING - Ignoring index file '/workspace/live_data/fnl_20260717_00_00.grib2.02ccc.idx' older than GRIB file
[2026-07-17 07:11:03,984] WARNING - Ignoring index file '/workspace/live_data/fnl_20260717_00_00.grib2.02ccc.idx' older than GRIB file
[2026-07-17 07:11:05,458] WARNING - Ignoring index file '/workspace/live_data/fnl_20260717_00_00.grib2.02ccc.idx' older than GRIB file
[2026-07-17 07:11:07,038] WARNING - Ignoring index file '/workspace/live_data/fnl_20260717_00_00.grib2.02ccc.idx' older than GRIB file
[2026-07-17 07:11:08,492] WARNING - Ignoring index file '/workspace/live_data/fnl_20260717_00_00.grib2.02ccc.idx' older than GRIB file
[2026-07-17 07:11:09,800] WARNING - Ignoring index file '/workspace/live_data/fnl_20260717_00_00.grib2.02ccc.idx' older than GRIB file
[2026-07-17 07:11:11,509] WARNING - Ignoring index file '/workspace/live_data/fnl_20260717_00_00.grib2.923a8.idx' older than GRIB file
[2026-07-17 07:11:13,654] INFO - Running global diagnostic sliding arrays for target timeline window horizon: +24 Hours
[2026-07-17 07:11:13,657] INFO - Downsampling dense 0.25-degree operational grid to 1.0-degree training resolution...
[2026-07-17 07:11:13,684] INFO - Aligned Aligned Grid Geometry: Latitudes=181, Longitudes=360
[2026-07-17 07:11:13,727] INFO - Targeting evaluation of 13770 structurally valid global patches.
[2026-07-17 07:22:33,761] INFO - ✅ Best Fused Ensemble structural neural weight layer graph mounted successfully.
[2026-07-17 07:22:33,762] INFO - Checking availability for cycle run target: 2026-07-17 06:00 UTC (Lookback Step -0h)
[2026-07-17 07:22:35,180] WARNING - Data cycle not yet published on NOMADS (Status 404).
[2026-07-17 07:22:35,182] WARNING - Cycle run data window 06Z not accessible. Dropping back further...
[2026-07-17 07:22:35,185] INFO - Checking availability for cycle run target: 2026-07-17 00:00 UTC (Lookback Step -6h)
[2026-07-17 07:24:22,337] ERROR - Network error handling subset telemetry pipe download: Response ended prematurely
[2026-07-17 07:24:22,338] WARNING - Cycle run data window 00Z not accessible. Dropping back further...
[2026-07-17 07:24:22,340] INFO - Checking availability for cycle run target: 2026-07-16 18:00 UTC (Lookback Step -12h)
[2026-07-17 07:24:56,710] INFO - ✅ Successfully locked onto historical operational telemetry run data target.
[2026-07-17 07:24:56,711] INFO - Extracting meteorological channels from: /workspace/live_data/fnl_20260716_18_00.grib2
[2026-07-17 07:24:56,791] WARNING - Ignoring index file '/workspace/live_data/fnl_20260716_18_00.grib2.02ccc.idx' older than GRIB file
[2026-07-17 07:24:58,210] WARNING - Ignoring index file '/workspace/live_data/fnl_20260716_18_00.grib2.02ccc.idx' older than GRIB file
[2026-07-17 07:24:59,363] WARNING - Ignoring index file '/workspace/live_data/fnl_20260716_18_00.grib2.02ccc.idx' older than GRIB file
[2026-07-17 07:25:00,669] WARNING - Ignoring index file '/workspace/live_data/fnl_20260716_18_00.grib2.02ccc.idx' older than GRIB file
[2026-07-17 07:25:01,932] WARNING - Ignoring index file '/workspace/live_data/fnl_20260716_18_00.grib2.02ccc.idx' older than GRIB file
[2026-07-17 07:25:03,162] WARNING - Ignoring index file '/workspace/live_data/fnl_20260716_18_00.grib2.02ccc.idx' older than GRIB file
[2026-07-17 07:25:04,389] WARNING - Ignoring index file '/workspace/live_data/fnl_20260716_18_00.grib2.02ccc.idx' older than GRIB file
[2026-07-17 07:25:06,010] WARNING - Ignoring index file '/workspace/live_data/fnl_20260716_18_00.grib2.923a8.idx' older than GRIB file
[2026-07-17 07:25:08,139] INFO - Running global diagnostic sliding arrays for target timeline window horizon: +24 Hours
[2026-07-17 07:25:08,140] INFO - Downsampling dense 0.25-degree operational grid to 1.0-degree training resolution...
[2026-07-17 07:25:08,170] INFO - Aligned Grid Geometry: Latitudes=181, Longitudes=360
[2026-07-17 07:25:08,211] INFO - Targeting evaluation of 13770 global patches.
[2026-07-17 07:25:10,769] INFO - Progress: 512/13770 patches calculated...
[2026-07-17 07:25:40,069] INFO - Progress: 1024/13770 patches calculated...
[2026-07-17 07:26:09,335] INFO - Progress: 1536/13770 patches calculated...
[2026-07-17 07:26:38,013] INFO - Progress: 2048/13770 patches calculated...
[2026-07-17 07:27:08,240] INFO - Progress: 2560/13770 patches calculated...
[2026-07-17 07:27:37,541] INFO - Progress: 3072/13770 patches calculated...
[2026-07-17 07:28:08,910] INFO - Progress: 3584/13770 patches calculated...
[2026-07-17 07:28:35,228] INFO - Progress: 4096/13770 patches calculated...
[2026-07-17 07:29:03,370] INFO - Progress: 4608/13770 patches calculated...
[2026-07-17 07:29:30,643] INFO - Progress: 5120/13770 patches calculated...
[2026-07-17 07:29:57,236] INFO - Progress: 5632/13770 patches calculated...
[2026-07-17 07:30:23,328] INFO - Progress: 6144/13770 patches calculated...
[2026-07-17 07:30:48,027] INFO - Progress: 6656/13770 patches calculated...
[2026-07-17 07:31:09,201] INFO - Progress: 7168/13770 patches calculated...
[2026-07-17 07:31:28,487] INFO - Progress: 7680/13770 patches calculated...
[2026-07-17 07:31:50,939] INFO - Progress: 8192/13770 patches calculated...
[2026-07-17 07:32:13,145] INFO - Progress: 8704/13770 patches calculated...
[2026-07-17 07:32:34,949] INFO - Progress: 9216/13770 patches calculated...
[2026-07-17 07:33:02,299] INFO - Progress: 9728/13770 patches calculated...
[2026-07-17 07:33:33,095] INFO - Progress: 10240/13770 patches calculated...
[2026-07-17 07:34:03,740] INFO - Progress: 10752/13770 patches calculated...
[2026-07-17 07:34:30,045] INFO - Progress: 11264/13770 patches calculated...
[2026-07-17 07:34:58,005] INFO - Progress: 11776/13770 patches calculated...
[2026-07-17 07:35:25,930] INFO - Progress: 12288/13770 patches calculated...
[2026-07-17 07:35:52,522] INFO - Progress: 12800/13770 patches calculated...
[2026-07-17 07:36:18,773] INFO - Progress: 13312/13770 patches calculated...
[2026-07-17 07:36:46,256] INFO - Progress: 13770/13770 patches calculated...
[2026-07-17 07:37:11,374] INFO - Scan complete. Identified 13137 cyclogenesis hazard locations.
[2026-07-17 07:37:12,601] INFO - GeoJSON data file exported to path: /workspace/output/genesis_forecast_24h_20260716_1800.geojson
[2026-07-17 07:37:14,661] INFO - Shapefile structural data vector array cluster created at: /workspace/output/genesis_forecast_24h_20260716_1800
[2026-07-17 07:37:14,664] INFO - Running global diagnostic sliding arrays for target timeline window horizon: +48 Hours
[2026-07-17 07:37:14,665] INFO - Downsampling dense 0.25-degree operational grid to 1.0-degree training resolution...
[2026-07-17 07:37:14,701] INFO - Aligned Grid Geometry: Latitudes=181, Longitudes=360
[2026-07-17 07:37:14,749] INFO - Targeting evaluation of 13770 global patches.
[2026-07-17 07:37:15,153] INFO - Progress: 512/13770 patches calculated...
[2026-07-17 07:37:41,972] INFO - Progress: 1024/13770 patches calculated...
[2026-07-17 07:38:09,862] INFO - Progress: 1536/13770 patches calculated...
[2026-07-17 07:38:37,760] INFO - Progress: 2048/13770 patches calculated...
[2026-07-17 07:39:10,528] INFO - Progress: 2560/13770 patches calculated...
[2026-07-17 07:39:40,872] INFO - Progress: 3072/13770 patches calculated...
[2026-07-17 07:40:12,394] INFO - Progress: 3584/13770 patches calculated...
[2026-07-17 07:53:00,846] INFO - ✅ Best Fused Ensemble structural neural weight layer graph mounted successfully.
[2026-07-17 07:53:00,847] INFO - Checking availability for cycle run target: 2026-07-17 06:00 UTC (Lookback Step -0h)
[2026-07-17 07:53:01,706] WARNING - Data cycle not yet published on NOMADS (Status 404).
[2026-07-17 07:53:01,709] WARNING - Cycle run data window 06Z not accessible. Dropping back further...
[2026-07-17 07:53:01,711] INFO - Checking availability for cycle run target: 2026-07-17 00:00 UTC (Lookback Step -6h)
[2026-07-17 07:53:25,628] INFO - ✅ Successfully locked onto historical operational telemetry run data target.
[2026-07-17 07:53:25,628] INFO - Extracting meteorological channels from: /workspace/live_data/fnl_20260717_00_00.grib2
[2026-07-17 07:53:25,810] WARNING - Ignoring index file '/workspace/live_data/fnl_20260717_00_00.grib2.02ccc.idx' older than GRIB file
[2026-07-17 07:53:27,426] WARNING - Ignoring index file '/workspace/live_data/fnl_20260717_00_00.grib2.02ccc.idx' older than GRIB file
[2026-07-17 07:53:28,661] WARNING - Ignoring index file '/workspace/live_data/fnl_20260717_00_00.grib2.02ccc.idx' older than GRIB file
[2026-07-17 07:53:29,889] WARNING - Ignoring index file '/workspace/live_data/fnl_20260717_00_00.grib2.02ccc.idx' older than GRIB file
[2026-07-17 07:53:30,940] WARNING - Ignoring index file '/workspace/live_data/fnl_20260717_00_00.grib2.02ccc.idx' older than GRIB file
[2026-07-17 07:53:32,003] WARNING - Ignoring index file '/workspace/live_data/fnl_20260717_00_00.grib2.02ccc.idx' older than GRIB file
[2026-07-17 07:53:33,189] WARNING - Ignoring index file '/workspace/live_data/fnl_20260717_00_00.grib2.02ccc.idx' older than GRIB file
[2026-07-17 07:53:34,662] WARNING - Ignoring index file '/workspace/live_data/fnl_20260717_00_00.grib2.923a8.idx' older than GRIB file
[2026-07-17 07:53:36,583] INFO - Running global diagnostic sliding arrays for target timeline window horizon: +24 Hours
[2026-07-17 07:53:36,585] INFO - Downsampling dense 0.25-degree operational grid to 1.0-degree training resolution...
[2026-07-17 07:53:36,614] INFO - Aligned Aligned Grid Geometry: Latitudes=181, Longitudes=360
[2026-07-17 07:53:36,617] INFO - ✅ Scaling profiles loaded. Normalizing meteorology tensors...
[2026-07-17 07:57:36,420] INFO - ✅ Best Fused Ensemble structural neural weight layer graph mounted successfully.
[2026-07-17 07:57:36,421] INFO - Checking availability for cycle run target: 2026-07-17 06:00 UTC (Lookback Step -0h)
[2026-07-17 07:57:37,946] WARNING - Data cycle not yet published on NOMADS (Status 404).
[2026-07-17 07:57:37,950] WARNING - Cycle run data window 06Z not accessible. Dropping back further...
[2026-07-17 07:57:37,951] INFO - Checking availability for cycle run target: 2026-07-17 00:00 UTC (Lookback Step -6h)
[2026-07-17 07:59:13,442] INFO - ✅ Successfully locked onto historical operational telemetry run data target.
[2026-07-17 07:59:13,444] INFO - Extracting meteorological channels from: /workspace/live_data/fnl_20260717_00_00.grib2
[2026-07-17 07:59:13,517] WARNING - Ignoring index file '/workspace/live_data/fnl_20260717_00_00.grib2.02ccc.idx' older than GRIB file
[2026-07-17 07:59:15,087] WARNING - Ignoring index file '/workspace/live_data/fnl_20260717_00_00.grib2.02ccc.idx' older than GRIB file
[2026-07-17 07:59:16,090] WARNING - Ignoring index file '/workspace/live_data/fnl_20260717_00_00.grib2.02ccc.idx' older than GRIB file
[2026-07-17 07:59:17,123] WARNING - Ignoring index file '/workspace/live_data/fnl_20260717_00_00.grib2.02ccc.idx' older than GRIB file
[2026-07-17 07:59:18,140] WARNING - Ignoring index file '/workspace/live_data/fnl_20260717_00_00.grib2.02ccc.idx' older than GRIB file
[2026-07-17 07:59:19,136] WARNING - Ignoring index file '/workspace/live_data/fnl_20260717_00_00.grib2.02ccc.idx' older than GRIB file
[2026-07-17 07:59:20,159] WARNING - Ignoring index file '/workspace/live_data/fnl_20260717_00_00.grib2.02ccc.idx' older than GRIB file
[2026-07-17 07:59:21,605] WARNING - Ignoring index file '/workspace/live_data/fnl_20260717_00_00.grib2.923a8.idx' older than GRIB file
[2026-07-17 07:59:23,556] INFO - Running global diagnostic sliding arrays for target timeline window horizon: +24 Hours
[2026-07-17 07:59:23,558] INFO - Downsampling dense 0.25-degree operational grid to 1.0-degree training resolution...
[2026-07-17 07:59:23,587] INFO - Aligned Aligned Grid Geometry: Latitudes=181, Longitudes=360
[2026-07-17 07:59:23,590] INFO - ✅ Scaling profiles loaded. Normalizing meteorology tensors...
[2026-07-17 07:59:23,644] INFO - Targeting evaluation of 13770 global patches.
[2026-07-17 07:59:25,930] INFO - Processing Array Data... Progress: 512/13770 patches calculated.
[2026-07-17 07:59:52,735] INFO - Processing Array Data... Progress: 1024/13770 patches calculated.
[2026-07-17 08:00:18,570] INFO - Processing Array Data... Progress: 1536/13770 patches calculated.
[2026-07-17 08:00:45,105] INFO - Processing Array Data... Progress: 2048/13770 patches calculated.
[2026-07-17 08:01:14,026] INFO - Processing Array Data... Progress: 2560/13770 patches calculated.
[2026-07-17 08:01:40,638] INFO - Processing Array Data... Progress: 3072/13770 patches calculated.
[2026-07-17 08:02:07,824] INFO - Processing Array Data... Progress: 3584/13770 patches calculated.
[2026-07-17 08:02:34,597] INFO - Processing Array Data... Progress: 4096/13770 patches calculated.
[2026-07-17 08:03:05,580] INFO - Processing Array Data... Progress: 4608/13770 patches calculated.
[2026-07-17 08:03:36,840] INFO - Processing Array Data... Progress: 5120/13770 patches calculated.
[2026-07-17 08:04:08,778] INFO - Processing Array Data... Progress: 5632/13770 patches calculated.
[2026-07-17 08:04:36,813] INFO - Processing Array Data... Progress: 6144/13770 patches calculated.
[2026-07-17 08:05:02,916] INFO - Processing Array Data... Progress: 6656/13770 patches calculated.
[2026-07-17 08:05:21,953] INFO - Processing Array Data... Progress: 7168/13770 patches calculated.
[2026-07-17 08:05:41,276] INFO - Processing Array Data... Progress: 7680/13770 patches calculated.
[2026-07-17 08:06:01,856] INFO - Processing Array Data... Progress: 8192/13770 patches calculated.
[2026-07-17 08:06:21,961] INFO - Processing Array Data... Progress: 8704/13770 patches calculated.
[2026-07-17 08:06:43,189] INFO - Processing Array Data... Progress: 9216/13770 patches calculated.
[2026-07-17 08:07:10,411] INFO - Processing Array Data... Progress: 9728/13770 patches calculated.
[2026-07-17 08:07:38,784] INFO - Processing Array Data... Progress: 10240/13770 patches calculated.
[2026-07-17 08:08:06,341] INFO - Processing Array Data... Progress: 10752/13770 patches calculated.
[2026-07-17 08:08:34,136] INFO - Processing Array Data... Progress: 11264/13770 patches calculated.
[2026-07-17 08:09:05,219] INFO - Processing Array Data... Progress: 11776/13770 patches calculated.
[2026-07-17 08:09:36,086] INFO - Processing Array Data... Progress: 12288/13770 patches calculated.
[2026-07-17 08:10:07,182] INFO - Processing Array Data... Progress: 12800/13770 patches calculated.
[2026-07-17 08:10:36,179] INFO - Processing Array Data... Progress: 13312/13770 patches calculated.
[2026-07-17 08:11:06,534] INFO - Processing Array Data... Progress: 13770/13770 patches calculated.
[2026-07-17 08:11:31,239] INFO - Scan complete. Identified 12888 cyclogenesis hazard locations.
[2026-07-17 08:11:32,334] INFO - GeoJSON data file exported to path: /workspace/output/genesis_forecast_24h_20260717_0000.geojson
[2026-07-17 08:11:34,447] INFO - Shapefile structural data vector array cluster created at: /workspace/output/genesis_forecast_24h_20260717_0000
[2026-07-17 08:11:34,450] INFO - Running global diagnostic sliding arrays for target timeline window horizon: +48 Hours
[2026-07-17 08:11:34,451] INFO - Downsampling dense 0.25-degree operational grid to 1.0-degree training resolution...
[2026-07-17 08:11:34,486] INFO - Aligned Aligned Grid Geometry: Latitudes=181, Longitudes=360
[2026-07-17 08:11:34,491] INFO - ✅ Scaling profiles loaded. Normalizing meteorology tensors...
[2026-07-17 08:11:34,547] INFO - Targeting evaluation of 13770 global patches.
[2026-07-17 08:11:34,940] INFO - Processing Array Data... Progress: 512/13770 patches calculated.
[2026-07-17 08:12:04,904] INFO - Processing Array Data... Progress: 1024/13770 patches calculated.
[2026-07-17 08:12:35,647] INFO - Processing Array Data... Progress: 1536/13770 patches calculated.
[2026-07-17 08:13:06,184] INFO - Processing Array Data... Progress: 2048/13770 patches calculated.
[2026-07-17 08:13:36,339] INFO - Processing Array Data... Progress: 2560/13770 patches calculated.
[2026-07-17 08:15:28,883] INFO - ✅ Best Fused Ensemble structural neural weight layer graph mounted successfully.
[2026-07-17 08:15:28,884] INFO - Checking availability for cycle run target: 2026-07-17 06:00 UTC (Lookback Step -0h)
[2026-07-17 08:15:29,909] WARNING - Data cycle not yet published on NOMADS (Status 404).
[2026-07-17 08:15:29,914] WARNING - Cycle run data window 06Z not accessible. Dropping back further...
[2026-07-17 08:15:29,915] INFO - Checking availability for cycle run target: 2026-07-17 00:00 UTC (Lookback Step -6h)
[2026-07-17 08:15:50,941] INFO - ✅ Successfully locked onto historical operational telemetry run data target.
[2026-07-17 08:15:50,942] INFO - Extracting meteorological channels from: /workspace/live_data/fnl_20260717_00_00.grib2
[2026-07-17 08:15:51,020] WARNING - Ignoring index file '/workspace/live_data/fnl_20260717_00_00.grib2.02ccc.idx' older than GRIB file
[2026-07-17 08:15:52,519] WARNING - Ignoring index file '/workspace/live_data/fnl_20260717_00_00.grib2.02ccc.idx' older than GRIB file
[2026-07-17 08:15:53,804] WARNING - Ignoring index file '/workspace/live_data/fnl_20260717_00_00.grib2.02ccc.idx' older than GRIB file
[2026-07-17 08:15:55,053] WARNING - Ignoring index file '/workspace/live_data/fnl_20260717_00_00.grib2.02ccc.idx' older than GRIB file
[2026-07-17 08:15:56,296] WARNING - Ignoring index file '/workspace/live_data/fnl_20260717_00_00.grib2.02ccc.idx' older than GRIB file
[2026-07-17 08:15:57,785] WARNING - Ignoring index file '/workspace/live_data/fnl_20260717_00_00.grib2.02ccc.idx' older than GRIB file
[2026-07-17 08:15:59,148] WARNING - Ignoring index file '/workspace/live_data/fnl_20260717_00_00.grib2.02ccc.idx' older than GRIB file
[2026-07-17 08:16:00,969] WARNING - Ignoring index file '/workspace/live_data/fnl_20260717_00_00.grib2.923a8.idx' older than GRIB file
[2026-07-17 08:16:03,218] INFO - Running global diagnostic sliding arrays for target timeline window horizon: +24 Hours
[2026-07-17 08:16:03,220] INFO - Downsampling dense 0.25-degree operational grid to 1.0-degree training resolution...
[2026-07-17 08:16:03,249] INFO - Aligned Aligned Grid Geometry: Latitudes=181, Longitudes=360
[2026-07-17 08:16:03,253] INFO - ✅ Scaling profiles loaded. Normalizing meteorology tensors...
[2026-07-17 08:16:03,307] INFO - Targeting evaluation of 13770 global patches.
[2026-07-17 08:16:05,752] INFO - Processing Array Data... Progress: 512/13770 patches calculated.
[2026-07-17 08:16:05,922] INFO - Processing Array Data... Progress: 1024/13770 patches calculated.
[2026-07-17 08:16:06,128] INFO - Processing Array Data... Progress: 1536/13770 patches calculated.
[2026-07-17 08:16:06,305] INFO - Processing Array Data... Progress: 2048/13770 patches calculated.
[2026-07-17 08:16:06,475] INFO - Processing Array Data... Progress: 2560/13770 patches calculated.
[2026-07-17 08:16:06,652] INFO - Processing Array Data... Progress: 3072/13770 patches calculated.
[2026-07-17 08:16:06,854] INFO - Processing Array Data... Progress: 3584/13770 patches calculated.
[2026-07-17 08:16:07,033] INFO - Processing Array Data... Progress: 4096/13770 patches calculated.
[2026-07-17 08:16:07,214] INFO - Processing Array Data... Progress: 4608/13770 patches calculated.
[2026-07-17 08:16:07,408] INFO - Processing Array Data... Progress: 5120/13770 patches calculated.
[2026-07-17 08:16:07,584] INFO - Processing Array Data... Progress: 5632/13770 patches calculated.
[2026-07-17 08:16:07,753] INFO - Processing Array Data... Progress: 6144/13770 patches calculated.
[2026-07-17 08:16:07,924] INFO - Processing Array Data... Progress: 6656/13770 patches calculated.
[2026-07-17 08:16:08,104] INFO - Processing Array Data... Progress: 7168/13770 patches calculated.
[2026-07-17 08:16:08,280] INFO - Processing Array Data... Progress: 7680/13770 patches calculated.
[2026-07-17 08:16:09,041] INFO - Processing Array Data... Progress: 8192/13770 patches calculated.
[2026-07-17 08:16:09,215] INFO - Processing Array Data... Progress: 8704/13770 patches calculated.
[2026-07-17 08:16:09,641] INFO - Processing Array Data... Progress: 9216/13770 patches calculated.
[2026-07-17 08:16:10,383] INFO - Processing Array Data... Progress: 9728/13770 patches calculated.
[2026-07-17 08:16:10,968] INFO - Processing Array Data... Progress: 10240/13770 patches calculated.
[2026-07-17 08:16:11,504] INFO - Processing Array Data... Progress: 10752/13770 patches calculated.
[2026-07-17 08:16:11,891] INFO - Processing Array Data... Progress: 11264/13770 patches calculated.
[2026-07-17 08:16:12,517] INFO - Processing Array Data... Progress: 11776/13770 patches calculated.
[2026-07-17 08:16:12,825] INFO - Processing Array Data... Progress: 12288/13770 patches calculated.
[2026-07-17 08:16:13,140] INFO - Processing Array Data... Progress: 12800/13770 patches calculated.
[2026-07-17 08:16:13,388] INFO - Processing Array Data... Progress: 13312/13770 patches calculated.
[2026-07-17 08:16:14,664] INFO - Processing Array Data... Progress: 13770/13770 patches calculated.
[2026-07-17 08:16:14,665] INFO - Scan complete. Identified 48 cyclogenesis hazard locations.
[2026-07-17 08:16:14,672] INFO - GeoJSON data file exported to path: /workspace/output/genesis_forecast_24h_20260717_0000.geojson
[2026-07-17 08:16:14,700] INFO - Shapefile structural data vector array cluster created at: /workspace/output/genesis_forecast_24h_20260717_0000
[2026-07-17 08:16:14,702] INFO - Running global diagnostic sliding arrays for target timeline window horizon: +48 Hours
[2026-07-17 08:16:14,703] INFO - Downsampling dense 0.25-degree operational grid to 1.0-degree training resolution...
[2026-07-17 08:16:14,728] INFO - Aligned Aligned Grid Geometry: Latitudes=181, Longitudes=360
[2026-07-17 08:16:14,733] INFO - ✅ Scaling profiles loaded. Normalizing meteorology tensors...
[2026-07-17 08:16:14,782] INFO - Targeting evaluation of 13770 global patches.
[2026-07-17 08:16:14,961] INFO - Processing Array Data... Progress: 512/13770 patches calculated.
[2026-07-17 08:16:15,134] INFO - Processing Array Data... Progress: 1024/13770 patches calculated.
[2026-07-17 08:16:15,303] INFO - Processing Array Data... Progress: 1536/13770 patches calculated.
[2026-07-17 08:16:15,473] INFO - Processing Array Data... Progress: 2048/13770 patches calculated.
[2026-07-17 08:16:15,662] INFO - Processing Array Data... Progress: 2560/13770 patches calculated.
[2026-07-17 08:16:15,869] INFO - Processing Array Data... Progress: 3072/13770 patches calculated.
[2026-07-17 08:16:16,054] INFO - Processing Array Data... Progress: 3584/13770 patches calculated.
[2026-07-17 08:16:16,237] INFO - Processing Array Data... Progress: 4096/13770 patches calculated.
[2026-07-17 08:16:16,422] INFO - Processing Array Data... Progress: 4608/13770 patches calculated.
[2026-07-17 08:16:16,608] INFO - Processing Array Data... Progress: 5120/13770 patches calculated.
[2026-07-17 08:16:16,827] INFO - Processing Array Data... Progress: 5632/13770 patches calculated.
[2026-07-17 08:16:17,009] INFO - Processing Array Data... Progress: 6144/13770 patches calculated.
[2026-07-17 08:16:17,192] INFO - Processing Array Data... Progress: 6656/13770 patches calculated.
[2026-07-17 08:16:17,374] INFO - Processing Array Data... Progress: 7168/13770 patches calculated.
[2026-07-17 08:16:17,557] INFO - Processing Array Data... Progress: 7680/13770 patches calculated.
[2026-07-17 08:16:17,858] INFO - Processing Array Data... Progress: 8192/13770 patches calculated.
[2026-07-17 08:16:18,048] INFO - Processing Array Data... Progress: 8704/13770 patches calculated.
[2026-07-17 08:16:18,512] INFO - Processing Array Data... Progress: 9216/13770 patches calculated.
[2026-07-17 08:16:19,338] INFO - Processing Array Data... Progress: 9728/13770 patches calculated.
[2026-07-17 08:16:19,937] INFO - Processing Array Data... Progress: 10240/13770 patches calculated.
[2026-07-17 08:16:20,544] INFO - Processing Array Data... Progress: 10752/13770 patches calculated.
[2026-07-17 08:16:21,084] INFO - Processing Array Data... Progress: 11264/13770 patches calculated.
[2026-07-17 08:16:21,758] INFO - Processing Array Data... Progress: 11776/13770 patches calculated.
[2026-07-17 08:16:22,069] INFO - Processing Array Data... Progress: 12288/13770 patches calculated.
[2026-07-17 08:16:22,380] INFO - Processing Array Data... Progress: 12800/13770 patches calculated.
[2026-07-17 08:16:22,626] INFO - Processing Array Data... Progress: 13312/13770 patches calculated.
[2026-07-17 08:16:22,793] INFO - Processing Array Data... Progress: 13770/13770 patches calculated.
[2026-07-17 08:16:22,795] INFO - Scan complete. Identified 48 cyclogenesis hazard locations.
[2026-07-17 08:16:22,808] INFO - GeoJSON data file exported to path: /workspace/output/genesis_forecast_48h_20260717_0000.geojson
[2026-07-17 08:16:22,833] INFO - Shapefile structural data vector array cluster created at: /workspace/output/genesis_forecast_48h_20260717_0000
[2026-07-17 08:16:22,834] INFO - Running global diagnostic sliding arrays for target timeline window horizon: +72 Hours
[2026-07-17 08:16:22,835] INFO - Downsampling dense 0.25-degree operational grid to 1.0-degree training resolution...
[2026-07-17 08:16:22,861] INFO - Aligned Aligned Grid Geometry: Latitudes=181, Longitudes=360
[2026-07-17 08:16:22,866] INFO - ✅ Scaling profiles loaded. Normalizing meteorology tensors...
[2026-07-17 08:16:22,914] INFO - Targeting evaluation of 13770 global patches.
[2026-07-17 08:16:23,107] INFO - Processing Array Data... Progress: 512/13770 patches calculated.
[2026-07-17 08:16:23,301] INFO - Processing Array Data... Progress: 1024/13770 patches calculated.
[2026-07-17 08:16:23,488] INFO - Processing Array Data... Progress: 1536/13770 patches calculated.
[2026-07-17 08:16:23,678] INFO - Processing Array Data... Progress: 2048/13770 patches calculated.
[2026-07-17 08:16:23,872] INFO - Processing Array Data... Progress: 2560/13770 patches calculated.
[2026-07-17 08:16:24,062] INFO - Processing Array Data... Progress: 3072/13770 patches calculated.
[2026-07-17 08:16:24,266] INFO - Processing Array Data... Progress: 3584/13770 patches calculated.
[2026-07-17 08:16:24,456] INFO - Processing Array Data... Progress: 4096/13770 patches calculated.
[2026-07-17 08:16:24,644] INFO - Processing Array Data... Progress: 4608/13770 patches calculated.
[2026-07-17 08:16:24,836] INFO - Processing Array Data... Progress: 5120/13770 patches calculated.
[2026-07-17 08:16:25,052] INFO - Processing Array Data... Progress: 5632/13770 patches calculated.
[2026-07-17 08:16:25,252] INFO - Processing Array Data... Progress: 6144/13770 patches calculated.
[2026-07-17 08:16:25,442] INFO - Processing Array Data... Progress: 6656/13770 patches calculated.
[2026-07-17 08:16:25,626] INFO - Processing Array Data... Progress: 7168/13770 patches calculated.
[2026-07-17 08:16:25,813] INFO - Processing Array Data... Progress: 7680/13770 patches calculated.
[2026-07-17 08:16:26,072] INFO - Processing Array Data... Progress: 8192/13770 patches calculated.
[2026-07-17 08:16:26,253] INFO - Processing Array Data... Progress: 8704/13770 patches calculated.
[2026-07-17 08:16:26,748] INFO - Processing Array Data... Progress: 9216/13770 patches calculated.
[2026-07-17 08:16:27,525] INFO - Processing Array Data... Progress: 9728/13770 patches calculated.
[2026-07-17 08:16:28,168] INFO - Processing Array Data... Progress: 10240/13770 patches calculated.
[2026-07-17 08:16:28,770] INFO - Processing Array Data... Progress: 10752/13770 patches calculated.
[2026-07-17 08:16:29,236] INFO - Processing Array Data... Progress: 11264/13770 patches calculated.
[2026-07-17 08:16:29,854] INFO - Processing Array Data... Progress: 11776/13770 patches calculated.
[2026-07-17 08:16:30,154] INFO - Processing Array Data... Progress: 12288/13770 patches calculated.
[2026-07-17 08:16:30,452] INFO - Processing Array Data... Progress: 12800/13770 patches calculated.
[2026-07-17 08:16:30,700] INFO - Processing Array Data... Progress: 13312/13770 patches calculated.
[2026-07-17 08:16:30,869] INFO - Processing Array Data... Progress: 13770/13770 patches calculated.
[2026-07-17 08:16:30,871] INFO - Scan complete. Identified 48 cyclogenesis hazard locations.
[2026-07-17 08:16:30,882] INFO - GeoJSON data file exported to path: /workspace/output/genesis_forecast_72h_20260717_0000.geojson
[2026-07-17 08:16:30,910] INFO - Shapefile structural data vector array cluster created at: /workspace/output/genesis_forecast_72h_20260717_0000
[2026-07-17 08:25:43,494] INFO - ✅ Best Fused Ensemble structural neural weight layer graph mounted successfully.
[2026-07-17 08:25:43,494] INFO - Checking availability for cycle run target: 2026-07-17 06:00 UTC (Lookback Step -0h)
[2026-07-17 08:25:44,220] WARNING - Data cycle not yet published on NOMADS (Status 404).
[2026-07-17 08:25:44,222] WARNING - Cycle run data window 06Z not accessible. Dropping back further...
[2026-07-17 08:25:44,224] INFO - Checking availability for cycle run target: 2026-07-17 00:00 UTC (Lookback Step -6h)
[2026-07-17 08:26:04,401] INFO - ✅ Successfully locked onto historical operational telemetry run data target.
[2026-07-17 08:26:04,401] INFO - Extracting meteorological channels from: /workspace/live_data/fnl_20260717_00_00.grib2
[2026-07-17 08:26:04,554] WARNING - Ignoring index file '/workspace/live_data/fnl_20260717_00_00.grib2.02ccc.idx' older than GRIB file
[2026-07-17 08:26:05,944] WARNING - Ignoring index file '/workspace/live_data/fnl_20260717_00_00.grib2.02ccc.idx' older than GRIB file
[2026-07-17 08:26:06,945] WARNING - Ignoring index file '/workspace/live_data/fnl_20260717_00_00.grib2.02ccc.idx' older than GRIB file
[2026-07-17 08:26:07,909] WARNING - Ignoring index file '/workspace/live_data/fnl_20260717_00_00.grib2.02ccc.idx' older than GRIB file
[2026-07-17 08:26:08,841] WARNING - Ignoring index file '/workspace/live_data/fnl_20260717_00_00.grib2.02ccc.idx' older than GRIB file
[2026-07-17 08:26:09,963] WARNING - Ignoring index file '/workspace/live_data/fnl_20260717_00_00.grib2.02ccc.idx' older than GRIB file
[2026-07-17 08:26:11,014] WARNING - Ignoring index file '/workspace/live_data/fnl_20260717_00_00.grib2.02ccc.idx' older than GRIB file
[2026-07-17 08:26:12,498] WARNING - Ignoring index file '/workspace/live_data/fnl_20260717_00_00.grib2.923a8.idx' older than GRIB file
[2026-07-17 08:26:14,392] INFO - Running global diagnostic sliding arrays for target timeline window horizon: +24 Hours
[2026-07-17 08:26:14,394] INFO - Downsampling dense 0.25-degree operational grid to 1.0-degree training resolution...
[2026-07-17 08:26:14,422] INFO - Aligned Aligned Grid Geometry: Latitudes=181, Longitudes=360
[2026-07-17 08:26:14,425] INFO - ✅ Scaling profiles loaded. Normalizing meteorology tensors...
[2026-07-17 08:26:14,477] INFO - Targeting evaluation of 13770 global patches.
[2026-07-17 08:26:17,040] INFO - Processing Array Data... Progress: 512/13770 patches calculated.
[2026-07-17 08:26:17,231] INFO - Processing Array Data... Progress: 1024/13770 patches calculated.
[2026-07-17 08:26:17,397] INFO - Processing Array Data... Progress: 1536/13770 patches calculated.
[2026-07-17 08:26:17,564] INFO - Processing Array Data... Progress: 2048/13770 patches calculated.
[2026-07-17 08:26:17,729] INFO - Processing Array Data... Progress: 2560/13770 patches calculated.
[2026-07-17 08:26:17,893] INFO - Processing Array Data... Progress: 3072/13770 patches calculated.
[2026-07-17 08:26:18,060] INFO - Processing Array Data... Progress: 3584/13770 patches calculated.
[2026-07-17 08:26:18,228] INFO - Processing Array Data... Progress: 4096/13770 patches calculated.
[2026-07-17 08:26:18,394] INFO - Processing Array Data... Progress: 4608/13770 patches calculated.
[2026-07-17 08:26:18,559] INFO - Processing Array Data... Progress: 5120/13770 patches calculated.
[2026-07-17 08:26:18,725] INFO - Processing Array Data... Progress: 5632/13770 patches calculated.
[2026-07-17 08:26:18,890] INFO - Processing Array Data... Progress: 6144/13770 patches calculated.
[2026-07-17 08:26:19,055] INFO - Processing Array Data... Progress: 6656/13770 patches calculated.
[2026-07-17 08:26:19,239] INFO - Processing Array Data... Progress: 7168/13770 patches calculated.
[2026-07-17 08:26:19,406] INFO - Processing Array Data... Progress: 7680/13770 patches calculated.
[2026-07-17 08:26:20,315] INFO - Processing Array Data... Progress: 8192/13770 patches calculated.
[2026-07-17 08:26:20,479] INFO - Processing Array Data... Progress: 8704/13770 patches calculated.
[2026-07-17 08:26:20,884] INFO - Processing Array Data... Progress: 9216/13770 patches calculated.
[2026-07-17 08:26:21,563] INFO - Processing Array Data... Progress: 9728/13770 patches calculated.
[2026-07-17 08:26:22,135] INFO - Processing Array Data... Progress: 10240/13770 patches calculated.
[2026-07-17 08:26:22,626] INFO - Processing Array Data... Progress: 10752/13770 patches calculated.
[2026-07-17 08:26:22,979] INFO - Processing Array Data... Progress: 11264/13770 patches calculated.
[2026-07-17 08:26:23,560] INFO - Processing Array Data... Progress: 11776/13770 patches calculated.
[2026-07-17 08:26:23,822] INFO - Processing Array Data... Progress: 12288/13770 patches calculated.
[2026-07-17 08:26:24,082] INFO - Processing Array Data... Progress: 12800/13770 patches calculated.
[2026-07-17 08:26:24,296] INFO - Processing Array Data... Progress: 13312/13770 patches calculated.
[2026-07-17 08:26:25,528] INFO - Processing Array Data... Progress: 13770/13770 patches calculated.
[2026-07-17 08:26:25,529] INFO - Scan complete. Identified 48 cyclogenesis hazard locations.
[2026-07-17 08:26:25,542] INFO - GeoJSON data file exported to path: /workspace/output/genesis_forecast_24h_20260717_0000.geojson
[2026-07-17 08:26:25,568] INFO - Shapefile structural data vector array cluster created at: /workspace/output/genesis_forecast_24h_20260717_0000
[2026-07-17 08:26:25,568] INFO - Running global diagnostic sliding arrays for target timeline window horizon: +48 Hours
[2026-07-17 08:26:25,569] INFO - Downsampling dense 0.25-degree operational grid to 1.0-degree training resolution...
[2026-07-17 08:26:25,594] INFO - Aligned Aligned Grid Geometry: Latitudes=181, Longitudes=360
[2026-07-17 08:26:25,602] INFO - ✅ Scaling profiles loaded. Normalizing meteorology tensors...
[2026-07-17 08:26:25,655] INFO - Targeting evaluation of 13770 global patches.
[2026-07-17 08:26:25,838] INFO - Processing Array Data... Progress: 512/13770 patches calculated.
[2026-07-17 08:26:26,006] INFO - Processing Array Data... Progress: 1024/13770 patches calculated.
[2026-07-17 08:26:26,172] INFO - Processing Array Data... Progress: 1536/13770 patches calculated.
[2026-07-17 08:26:26,339] INFO - Processing Array Data... Progress: 2048/13770 patches calculated.
[2026-07-17 08:26:26,507] INFO - Processing Array Data... Progress: 2560/13770 patches calculated.
[2026-07-17 08:26:26,674] INFO - Processing Array Data... Progress: 3072/13770 patches calculated.
[2026-07-17 08:26:26,840] INFO - Processing Array Data... Progress: 3584/13770 patches calculated.
[2026-07-17 08:26:27,007] INFO - Processing Array Data... Progress: 4096/13770 patches calculated.
[2026-07-17 08:26:27,176] INFO - Processing Array Data... Progress: 4608/13770 patches calculated.
[2026-07-17 08:26:27,342] INFO - Processing Array Data... Progress: 5120/13770 patches calculated.
[2026-07-17 08:26:27,508] INFO - Processing Array Data... Progress: 5632/13770 patches calculated.
[2026-07-17 08:26:27,684] INFO - Processing Array Data... Progress: 6144/13770 patches calculated.
[2026-07-17 08:26:27,849] INFO - Processing Array Data... Progress: 6656/13770 patches calculated.
[2026-07-17 08:26:28,017] INFO - Processing Array Data... Progress: 7168/13770 patches calculated.
[2026-07-17 08:26:28,183] INFO - Processing Array Data... Progress: 7680/13770 patches calculated.
[2026-07-17 08:26:28,415] INFO - Processing Array Data... Progress: 8192/13770 patches calculated.
[2026-07-17 08:26:28,582] INFO - Processing Array Data... Progress: 8704/13770 patches calculated.
[2026-07-17 08:26:28,979] INFO - Processing Array Data... Progress: 9216/13770 patches calculated.
[2026-07-17 08:26:29,610] INFO - Processing Array Data... Progress: 9728/13770 patches calculated.
[2026-07-17 08:26:30,205] INFO - Processing Array Data... Progress: 10240/13770 patches calculated.
[2026-07-17 08:26:30,700] INFO - Processing Array Data... Progress: 10752/13770 patches calculated.
[2026-07-17 08:26:31,058] INFO - Processing Array Data... Progress: 11264/13770 patches calculated.
[2026-07-17 08:26:31,596] INFO - Processing Array Data... Progress: 11776/13770 patches calculated.
[2026-07-17 08:26:31,915] INFO - Processing Array Data... Progress: 12288/13770 patches calculated.
[2026-07-17 08:26:32,175] INFO - Processing Array Data... Progress: 12800/13770 patches calculated.
[2026-07-17 08:26:32,391] INFO - Processing Array Data... Progress: 13312/13770 patches calculated.
[2026-07-17 08:26:32,536] INFO - Processing Array Data... Progress: 13770/13770 patches calculated.
[2026-07-17 08:26:32,537] INFO - Scan complete. Identified 48 cyclogenesis hazard locations.
[2026-07-17 08:26:32,545] INFO - GeoJSON data file exported to path: /workspace/output/genesis_forecast_48h_20260717_0000.geojson
[2026-07-17 08:26:32,560] INFO - Shapefile structural data vector array cluster created at: /workspace/output/genesis_forecast_48h_20260717_0000
[2026-07-17 08:26:32,561] INFO - Running global diagnostic sliding arrays for target timeline window horizon: +72 Hours
[2026-07-17 08:26:32,562] INFO - Downsampling dense 0.25-degree operational grid to 1.0-degree training resolution...
[2026-07-17 08:26:32,588] INFO - Aligned Aligned Grid Geometry: Latitudes=181, Longitudes=360
[2026-07-17 08:26:32,590] INFO - ✅ Scaling profiles loaded. Normalizing meteorology tensors...
[2026-07-17 08:26:32,636] INFO - Targeting evaluation of 13770 global patches.
[2026-07-17 08:26:32,802] INFO - Processing Array Data... Progress: 512/13770 patches calculated.
[2026-07-17 08:26:32,968] INFO - Processing Array Data... Progress: 1024/13770 patches calculated.
[2026-07-17 08:26:33,134] INFO - Processing Array Data... Progress: 1536/13770 patches calculated.
[2026-07-17 08:26:33,300] INFO - Processing Array Data... Progress: 2048/13770 patches calculated.
[2026-07-17 08:26:33,466] INFO - Processing Array Data... Progress: 2560/13770 patches calculated.
[2026-07-17 08:26:33,632] INFO - Processing Array Data... Progress: 3072/13770 patches calculated.
[2026-07-17 08:26:33,799] INFO - Processing Array Data... Progress: 3584/13770 patches calculated.
[2026-07-17 08:26:33,979] INFO - Processing Array Data... Progress: 4096/13770 patches calculated.
[2026-07-17 08:26:34,144] INFO - Processing Array Data... Progress: 4608/13770 patches calculated.
[2026-07-17 08:26:34,309] INFO - Processing Array Data... Progress: 5120/13770 patches calculated.
[2026-07-17 08:26:34,476] INFO - Processing Array Data... Progress: 5632/13770 patches calculated.
[2026-07-17 08:26:34,642] INFO - Processing Array Data... Progress: 6144/13770 patches calculated.
[2026-07-17 08:26:34,812] INFO - Processing Array Data... Progress: 6656/13770 patches calculated.
[2026-07-17 08:26:34,989] INFO - Processing Array Data... Progress: 7168/13770 patches calculated.
[2026-07-17 08:26:35,161] INFO - Processing Array Data... Progress: 7680/13770 patches calculated.
[2026-07-17 08:26:35,401] INFO - Processing Array Data... Progress: 8192/13770 patches calculated.
[2026-07-17 08:26:35,583] INFO - Processing Array Data... Progress: 8704/13770 patches calculated.
[2026-07-17 08:26:36,064] INFO - Processing Array Data... Progress: 9216/13770 patches calculated.
[2026-07-17 08:26:36,714] INFO - Processing Array Data... Progress: 9728/13770 patches calculated.
[2026-07-17 08:26:37,278] INFO - Processing Array Data... Progress: 10240/13770 patches calculated.
[2026-07-17 08:26:37,793] INFO - Processing Array Data... Progress: 10752/13770 patches calculated.
[2026-07-17 08:26:38,209] INFO - Processing Array Data... Progress: 11264/13770 patches calculated.
[2026-07-17 08:26:38,763] INFO - Processing Array Data... Progress: 11776/13770 patches calculated.
[2026-07-17 08:26:39,031] INFO - Processing Array Data... Progress: 12288/13770 patches calculated.
[2026-07-17 08:26:39,301] INFO - Processing Array Data... Progress: 12800/13770 patches calculated.
[2026-07-17 08:26:39,524] INFO - Processing Array Data... Progress: 13312/13770 patches calculated.
[2026-07-17 08:26:39,678] INFO - Processing Array Data... Progress: 13770/13770 patches calculated.
[2026-07-17 08:26:39,679] INFO - Scan complete. Identified 48 cyclogenesis hazard locations.
[2026-07-17 08:26:39,689] INFO - GeoJSON data file exported to path: /workspace/output/genesis_forecast_72h_20260717_0000.geojson
[2026-07-17 08:26:39,731] INFO - Shapefile structural data vector array cluster created at: /workspace/output/genesis_forecast_72h_20260717_0000
[2026-07-17 08:34:01,841] INFO - ✅ Best Fused Ensemble structural neural weight layer graph mounted successfully.
[2026-07-17 08:34:01,842] INFO - Checking availability for cycle run target: 2026-07-17 06:00 UTC (Lookback Step -0h)
[2026-07-17 08:34:02,543] WARNING - Data cycle not yet published on NOMADS (Status 404).
[2026-07-17 08:34:02,547] WARNING - Cycle run data window 06Z not accessible. Dropping back further...
[2026-07-17 08:34:02,548] INFO - Checking availability for cycle run target: 2026-07-17 00:00 UTC (Lookback Step -6h)
[2026-07-17 08:34:17,214] INFO - ✅ Successfully locked onto historical operational telemetry run data target.
[2026-07-17 08:34:17,215] INFO - Extracting meteorological channels from: /workspace/live_data/fnl_20260717_00_00.grib2
[2026-07-17 08:34:17,364] WARNING - Ignoring index file '/workspace/live_data/fnl_20260717_00_00.grib2.02ccc.idx' older than GRIB file
[2026-07-17 08:34:19,039] WARNING - Ignoring index file '/workspace/live_data/fnl_20260717_00_00.grib2.02ccc.idx' older than GRIB file
[2026-07-17 08:34:20,075] WARNING - Ignoring index file '/workspace/live_data/fnl_20260717_00_00.grib2.02ccc.idx' older than GRIB file
[2026-07-17 08:34:21,097] WARNING - Ignoring index file '/workspace/live_data/fnl_20260717_00_00.grib2.02ccc.idx' older than GRIB file
[2026-07-17 08:34:22,087] WARNING - Ignoring index file '/workspace/live_data/fnl_20260717_00_00.grib2.02ccc.idx' older than GRIB file
[2026-07-17 08:34:23,198] WARNING - Ignoring index file '/workspace/live_data/fnl_20260717_00_00.grib2.02ccc.idx' older than GRIB file
[2026-07-17 08:34:24,226] WARNING - Ignoring index file '/workspace/live_data/fnl_20260717_00_00.grib2.02ccc.idx' older than GRIB file
[2026-07-17 08:34:25,644] WARNING - Ignoring index file '/workspace/live_data/fnl_20260717_00_00.grib2.923a8.idx' older than GRIB file
[2026-07-17 08:34:27,583] INFO - Running global diagnostic sliding arrays for target timeline window horizon: +24 Hours
[2026-07-17 08:34:27,586] INFO - Downsampling dense 0.25-degree operational grid to 1.0-degree training resolution...
[2026-07-17 08:34:27,615] INFO - Aligned Aligned Grid Geometry: Latitudes=181, Longitudes=360
[2026-07-17 08:34:27,621] INFO - ✅ Scaling profiles loaded. Normalizing meteorology tensors...
[2026-07-17 08:34:27,679] INFO - Targeting evaluation of 13770 global patches.
[2026-07-17 08:34:29,071] INFO - Processing Array Data... Progress: 512/13770 patches calculated.
[2026-07-17 08:34:29,759] INFO - Processing Array Data... Progress: 1024/13770 patches calculated.
[2026-07-17 08:34:31,019] INFO - Processing Array Data... Progress: 1536/13770 patches calculated.
[2026-07-17 08:34:32,375] INFO - Processing Array Data... Progress: 2048/13770 patches calculated.
[2026-07-17 08:34:33,730] INFO - Processing Array Data... Progress: 2560/13770 patches calculated.
[2026-07-17 08:34:35,043] INFO - Processing Array Data... Progress: 3072/13770 patches calculated.
[2026-07-17 08:34:36,361] INFO - Processing Array Data... Progress: 3584/13770 patches calculated.
[2026-07-17 08:34:37,591] INFO - Processing Array Data... Progress: 4096/13770 patches calculated.
[2026-07-17 08:34:38,726] INFO - Processing Array Data... Progress: 4608/13770 patches calculated.
[2026-07-17 08:34:39,767] INFO - Processing Array Data... Progress: 5120/13770 patches calculated.
[2026-07-17 08:34:40,818] INFO - Processing Array Data... Progress: 5632/13770 patches calculated.
[2026-07-17 08:34:41,918] INFO - Processing Array Data... Progress: 6144/13770 patches calculated.
[2026-07-17 08:34:42,994] INFO - Processing Array Data... Progress: 6656/13770 patches calculated.
[2026-07-17 08:34:44,067] INFO - Processing Array Data... Progress: 7168/13770 patches calculated.
[2026-07-17 08:34:45,197] INFO - Processing Array Data... Progress: 7680/13770 patches calculated.
[2026-07-17 08:34:46,345] INFO - Processing Array Data... Progress: 8192/13770 patches calculated.
[2026-07-17 08:34:47,391] INFO - Processing Array Data... Progress: 8704/13770 patches calculated.
[2026-07-17 08:34:49,087] INFO - Processing Array Data... Progress: 9216/13770 patches calculated.
[2026-07-17 08:34:50,220] INFO - Processing Array Data... Progress: 9728/13770 patches calculated.
[2026-07-17 08:34:51,117] INFO - Processing Array Data... Progress: 10240/13770 patches calculated.
[2026-07-17 08:34:52,041] INFO - Processing Array Data... Progress: 10752/13770 patches calculated.
[2026-07-17 08:34:52,762] INFO - Processing Array Data... Progress: 11264/13770 patches calculated.
[2026-07-17 08:34:53,530] INFO - Processing Array Data... Progress: 11776/13770 patches calculated.
[2026-07-17 08:34:54,177] INFO - Processing Array Data... Progress: 12288/13770 patches calculated.
[2026-07-17 08:34:54,631] INFO - Processing Array Data... Progress: 12800/13770 patches calculated.
[2026-07-17 08:34:55,559] INFO - Processing Array Data... Progress: 13312/13770 patches calculated.
[2026-07-17 08:34:56,533] INFO - Processing Array Data... Progress: 13770/13770 patches calculated.
[2026-07-17 08:34:56,534] INFO - Scan complete. Identified 13 cyclogenesis hazard locations.
[2026-07-17 08:34:56,540] INFO - GeoJSON data file exported to path: /workspace/output/genesis_forecast_24h_20260717_0000.geojson
[2026-07-17 08:34:56,551] INFO - Shapefile structural data vector array cluster created at: /workspace/output/genesis_forecast_24h_20260717_0000
[2026-07-17 08:34:56,552] INFO - Running global diagnostic sliding arrays for target timeline window horizon: +48 Hours
[2026-07-17 08:34:56,553] INFO - Downsampling dense 0.25-degree operational grid to 1.0-degree training resolution...
[2026-07-17 08:34:56,578] INFO - Aligned Aligned Grid Geometry: Latitudes=181, Longitudes=360
[2026-07-17 08:34:56,581] INFO - ✅ Scaling profiles loaded. Normalizing meteorology tensors...
[2026-07-17 08:34:56,628] INFO - Targeting evaluation of 13770 global patches.
[2026-07-17 08:34:56,670] INFO - Processing Array Data... Progress: 512/13770 patches calculated.
[2026-07-17 08:34:56,752] INFO - Processing Array Data... Progress: 1024/13770 patches calculated.
[2026-07-17 08:34:56,901] INFO - Processing Array Data... Progress: 1536/13770 patches calculated.
[2026-07-17 08:34:57,075] INFO - Processing Array Data... Progress: 2048/13770 patches calculated.
[2026-07-17 08:34:57,242] INFO - Processing Array Data... Progress: 2560/13770 patches calculated.
[2026-07-17 08:34:57,405] INFO - Processing Array Data... Progress: 3072/13770 patches calculated.
[2026-07-17 08:34:57,564] INFO - Processing Array Data... Progress: 3584/13770 patches calculated.
[2026-07-17 08:34:57,725] INFO - Processing Array Data... Progress: 4096/13770 patches calculated.
[2026-07-17 08:34:57,874] INFO - Processing Array Data... Progress: 4608/13770 patches calculated.
[2026-07-17 08:34:58,005] INFO - Processing Array Data... Progress: 5120/13770 patches calculated.
[2026-07-17 08:34:58,131] INFO - Processing Array Data... Progress: 5632/13770 patches calculated.
[2026-07-17 08:34:58,270] INFO - Processing Array Data... Progress: 6144/13770 patches calculated.
[2026-07-17 08:34:58,399] INFO - Processing Array Data... Progress: 6656/13770 patches calculated.
[2026-07-17 08:34:58,531] INFO - Processing Array Data... Progress: 7168/13770 patches calculated.
[2026-07-17 08:34:58,666] INFO - Processing Array Data... Progress: 7680/13770 patches calculated.
[2026-07-17 08:34:58,807] INFO - Processing Array Data... Progress: 8192/13770 patches calculated.
[2026-07-17 08:34:58,935] INFO - Processing Array Data... Progress: 8704/13770 patches calculated.
[2026-07-17 08:34:59,172] INFO - Processing Array Data... Progress: 9216/13770 patches calculated.
[2026-07-17 08:34:59,516] INFO - Processing Array Data... Progress: 9728/13770 patches calculated.
[2026-07-17 08:34:59,679] INFO - Processing Array Data... Progress: 10240/13770 patches calculated.
[2026-07-17 08:34:59,905] INFO - Processing Array Data... Progress: 10752/13770 patches calculated.
[2026-07-17 08:35:00,042] INFO - Processing Array Data... Progress: 11264/13770 patches calculated.
[2026-07-17 08:35:00,230] INFO - Processing Array Data... Progress: 11776/13770 patches calculated.
[2026-07-17 08:35:00,354] INFO - Processing Array Data... Progress: 12288/13770 patches calculated.
[2026-07-17 08:35:00,410] INFO - Processing Array Data... Progress: 12800/13770 patches calculated.
[2026-07-17 08:35:00,525] INFO - Processing Array Data... Progress: 13312/13770 patches calculated.
[2026-07-17 08:35:00,642] INFO - Processing Array Data... Progress: 13770/13770 patches calculated.
[2026-07-17 08:35:00,643] INFO - Scan complete. Identified 13 cyclogenesis hazard locations.
[2026-07-17 08:35:00,648] INFO - GeoJSON data file exported to path: /workspace/output/genesis_forecast_48h_20260717_0000.geojson
[2026-07-17 08:35:00,658] INFO - Shapefile structural data vector array cluster created at: /workspace/output/genesis_forecast_48h_20260717_0000
[2026-07-17 08:35:00,659] INFO - Running global diagnostic sliding arrays for target timeline window horizon: +72 Hours
[2026-07-17 08:35:00,659] INFO - Downsampling dense 0.25-degree operational grid to 1.0-degree training resolution...
[2026-07-17 08:35:00,685] INFO - Aligned Aligned Grid Geometry: Latitudes=181, Longitudes=360
[2026-07-17 08:35:00,687] INFO - ✅ Scaling profiles loaded. Normalizing meteorology tensors...
[2026-07-17 08:35:00,739] INFO - Targeting evaluation of 13770 global patches.
[2026-07-17 08:35:00,779] INFO - Processing Array Data... Progress: 512/13770 patches calculated.
[2026-07-17 08:35:00,869] INFO - Processing Array Data... Progress: 1024/13770 patches calculated.
[2026-07-17 08:35:01,029] INFO - Processing Array Data... Progress: 1536/13770 patches calculated.
[2026-07-17 08:35:01,203] INFO - Processing Array Data... Progress: 2048/13770 patches calculated.
[2026-07-17 08:35:01,373] INFO - Processing Array Data... Progress: 2560/13770 patches calculated.
[2026-07-17 08:35:01,537] INFO - Processing Array Data... Progress: 3072/13770 patches calculated.
[2026-07-17 08:35:01,700] INFO - Processing Array Data... Progress: 3584/13770 patches calculated.
[2026-07-17 08:35:01,856] INFO - Processing Array Data... Progress: 4096/13770 patches calculated.
[2026-07-17 08:35:02,007] INFO - Processing Array Data... Progress: 4608/13770 patches calculated.
[2026-07-17 08:35:02,137] INFO - Processing Array Data... Progress: 5120/13770 patches calculated.
[2026-07-17 08:35:02,270] INFO - Processing Array Data... Progress: 5632/13770 patches calculated.
[2026-07-17 08:35:02,435] INFO - Processing Array Data... Progress: 6144/13770 patches calculated.
[2026-07-17 08:35:02,574] INFO - Processing Array Data... Progress: 6656/13770 patches calculated.
[2026-07-17 08:35:02,710] INFO - Processing Array Data... Progress: 7168/13770 patches calculated.
[2026-07-17 08:35:02,861] INFO - Processing Array Data... Progress: 7680/13770 patches calculated.
[2026-07-17 08:35:03,015] INFO - Processing Array Data... Progress: 8192/13770 patches calculated.
[2026-07-17 08:35:03,148] INFO - Processing Array Data... Progress: 8704/13770 patches calculated.
[2026-07-17 08:35:03,373] INFO - Processing Array Data... Progress: 9216/13770 patches calculated.
[2026-07-17 08:35:03,677] INFO - Processing Array Data... Progress: 9728/13770 patches calculated.
[2026-07-17 08:35:03,836] INFO - Processing Array Data... Progress: 10240/13770 patches calculated.
[2026-07-17 08:35:04,078] INFO - Processing Array Data... Progress: 10752/13770 patches calculated.
[2026-07-17 08:35:04,218] INFO - Processing Array Data... Progress: 11264/13770 patches calculated.
[2026-07-17 08:35:04,409] INFO - Processing Array Data... Progress: 11776/13770 patches calculated.
[2026-07-17 08:35:04,534] INFO - Processing Array Data... Progress: 12288/13770 patches calculated.
[2026-07-17 08:35:04,588] INFO - Processing Array Data... Progress: 12800/13770 patches calculated.
[2026-07-17 08:35:04,700] INFO - Processing Array Data... Progress: 13312/13770 patches calculated.
[2026-07-17 08:35:04,815] INFO - Processing Array Data... Progress: 13770/13770 patches calculated.
[2026-07-17 08:35:04,817] INFO - Scan complete. Identified 13 cyclogenesis hazard locations.
[2026-07-17 08:35:04,822] INFO - GeoJSON data file exported to path: /workspace/output/genesis_forecast_72h_20260717_0000.geojson
[2026-07-17 08:35:04,831] INFO - Shapefile structural data vector array cluster created at: /workspace/output/genesis_forecast_72h_20260717_0000
[2026-07-17 08:48:23,520] INFO - ✅ Best Fused Ensemble structural neural weight layer graph mounted successfully.
[2026-07-17 08:48:23,521] INFO - Checking availability for cycle run target: 2026-07-17 06:00 UTC (Lookback Step -0h)
[2026-07-17 08:48:24,136] WARNING - Data cycle not yet published on NOMADS (Status 404).
[2026-07-17 08:48:24,142] WARNING - Cycle run data window 06Z not accessible. Dropping back further...
[2026-07-17 08:48:24,145] INFO - Checking availability for cycle run target: 2026-07-17 00:00 UTC (Lookback Step -6h)
[2026-07-17 08:48:43,271] INFO - ✅ Successfully locked onto historical operational telemetry run data target.
[2026-07-17 08:48:43,272] INFO - Extracting meteorological channels from: /workspace/live_data/fnl_20260717_00_00.grib2
[2026-07-17 08:48:43,433] WARNING - Ignoring index file '/workspace/live_data/fnl_20260717_00_00.grib2.02ccc.idx' older than GRIB file
[2026-07-17 08:48:44,981] WARNING - Ignoring index file '/workspace/live_data/fnl_20260717_00_00.grib2.02ccc.idx' older than GRIB file
[2026-07-17 08:48:46,089] WARNING - Ignoring index file '/workspace/live_data/fnl_20260717_00_00.grib2.02ccc.idx' older than GRIB file
[2026-07-17 08:48:47,331] WARNING - Ignoring index file '/workspace/live_data/fnl_20260717_00_00.grib2.02ccc.idx' older than GRIB file
[2026-07-17 08:48:48,487] WARNING - Ignoring index file '/workspace/live_data/fnl_20260717_00_00.grib2.02ccc.idx' older than GRIB file
[2026-07-17 08:48:49,881] WARNING - Ignoring index file '/workspace/live_data/fnl_20260717_00_00.grib2.02ccc.idx' older than GRIB file
[2026-07-17 08:48:51,146] WARNING - Ignoring index file '/workspace/live_data/fnl_20260717_00_00.grib2.02ccc.idx' older than GRIB file
[2026-07-17 08:48:52,820] WARNING - Ignoring index file '/workspace/live_data/fnl_20260717_00_00.grib2.923a8.idx' older than GRIB file
[2026-07-17 08:48:55,343] INFO - Running global diagnostic sliding arrays for target timeline window horizon: +24 Hours
[2026-07-17 08:48:55,345] INFO - Downsampling dense 0.25-degree operational grid to 1.0-degree training resolution...
[2026-07-17 08:48:55,372] INFO - Aligned Grid Geometry: Latitudes=181, Longitudes=360
[2026-07-17 08:48:55,377] INFO - ✅ Scaling profiles loaded. Normalizing meteorology tensors...
[2026-07-17 08:48:55,434] INFO - Targeting evaluation of 13770 global patches.
[2026-07-17 08:48:57,083] INFO - Processing Array Data... Progress: 5120/13770 patches calculated.
[2026-07-17 08:48:57,395] INFO - Processing Array Data... Progress: 5632/13770 patches calculated.
[2026-07-17 08:48:58,176] INFO - Processing Array Data... Progress: 6144/13770 patches calculated.
[2026-07-17 08:48:59,211] INFO - Processing Array Data... Progress: 6656/13770 patches calculated.
[2026-07-17 08:49:00,333] INFO - Processing Array Data... Progress: 7168/13770 patches calculated.
[2026-07-17 08:49:01,563] INFO - Processing Array Data... Progress: 7680/13770 patches calculated.
[2026-07-17 08:49:02,771] INFO - Processing Array Data... Progress: 8192/13770 patches calculated.
[2026-07-17 08:49:03,735] INFO - Processing Array Data... Progress: 8704/13770 patches calculated.
[2026-07-17 08:49:04,507] INFO - Processing Array Data... Progress: 9216/13770 patches calculated.
[2026-07-17 08:49:05,669] INFO - Processing Array Data... Progress: 9728/13770 patches calculated.
[2026-07-17 08:49:05,977] INFO - Processing Array Data... Progress: 10240/13770 patches calculated.
[2026-07-17 08:49:06,243] INFO - Processing Array Data... Progress: 10752/13770 patches calculated.
[2026-07-17 08:49:06,279] INFO - Sliding window completed. Extracted 3 unsuppressed hits. Running Spatial NMS...
[2026-07-17 08:49:06,281] INFO - Scan complete. Identified 3 highly unique cyclogenesis hazard locations.
[2026-07-17 08:49:06,290] INFO - GeoJSON data file exported to path: /workspace/output/genesis_forecast_24h_20260717_0000.geojson
[2026-07-17 08:49:06,307] INFO - Shapefile data vector array cluster created at: /workspace/output/genesis_forecast_24h_20260717_0000
[2026-07-17 08:49:06,308] INFO - Running global diagnostic sliding arrays for target timeline window horizon: +48 Hours
[2026-07-17 08:49:06,308] INFO - Downsampling dense 0.25-degree operational grid to 1.0-degree training resolution...
[2026-07-17 08:49:06,335] INFO - Aligned Grid Geometry: Latitudes=181, Longitudes=360
[2026-07-17 08:49:06,340] INFO - ✅ Scaling profiles loaded. Normalizing meteorology tensors...
[2026-07-17 08:49:06,391] INFO - Targeting evaluation of 13770 global patches.
[2026-07-17 08:49:06,496] INFO - Processing Array Data... Progress: 5120/13770 patches calculated.
[2026-07-17 08:49:06,539] INFO - Processing Array Data... Progress: 5632/13770 patches calculated.
[2026-07-17 08:49:06,648] INFO - Processing Array Data... Progress: 6144/13770 patches calculated.
[2026-07-17 08:49:06,778] INFO - Processing Array Data... Progress: 6656/13770 patches calculated.
[2026-07-17 08:49:06,908] INFO - Processing Array Data... Progress: 7168/13770 patches calculated.
[2026-07-17 08:49:07,057] INFO - Processing Array Data... Progress: 7680/13770 patches calculated.
[2026-07-17 08:49:07,207] INFO - Processing Array Data... Progress: 8192/13770 patches calculated.
[2026-07-17 08:49:07,328] INFO - Processing Array Data... Progress: 8704/13770 patches calculated.
[2026-07-17 08:49:07,422] INFO - Processing Array Data... Progress: 9216/13770 patches calculated.
[2026-07-17 08:49:07,550] INFO - Processing Array Data... Progress: 9728/13770 patches calculated.
[2026-07-17 08:49:07,648] INFO - Processing Array Data... Progress: 10240/13770 patches calculated.
[2026-07-17 08:49:07,740] INFO - Processing Array Data... Progress: 10752/13770 patches calculated.
[2026-07-17 08:49:07,780] INFO - Sliding window completed. Extracted 3 unsuppressed hits. Running Spatial NMS...
[2026-07-17 08:49:07,782] INFO - Scan complete. Identified 3 highly unique cyclogenesis hazard locations.
[2026-07-17 08:49:07,791] INFO - GeoJSON data file exported to path: /workspace/output/genesis_forecast_48h_20260717_0000.geojson
[2026-07-17 08:49:07,819] INFO - Shapefile data vector array cluster created at: /workspace/output/genesis_forecast_48h_20260717_0000
[2026-07-17 08:49:07,820] INFO - Running global diagnostic sliding arrays for target timeline window horizon: +72 Hours
[2026-07-17 08:49:07,821] INFO - Downsampling dense 0.25-degree operational grid to 1.0-degree training resolution...
[2026-07-17 08:49:07,850] INFO - Aligned Grid Geometry: Latitudes=181, Longitudes=360
[2026-07-17 08:49:07,855] INFO - ✅ Scaling profiles loaded. Normalizing meteorology tensors...
[2026-07-17 08:49:07,904] INFO - Targeting evaluation of 13770 global patches.
[2026-07-17 08:49:08,006] INFO - Processing Array Data... Progress: 5120/13770 patches calculated.
[2026-07-17 08:49:08,046] INFO - Processing Array Data... Progress: 5632/13770 patches calculated.
[2026-07-17 08:49:08,160] INFO - Processing Array Data... Progress: 6144/13770 patches calculated.
[2026-07-17 08:49:08,292] INFO - Processing Array Data... Progress: 6656/13770 patches calculated.
[2026-07-17 08:49:08,428] INFO - Processing Array Data... Progress: 7168/13770 patches calculated.
[2026-07-17 08:49:08,605] INFO - Processing Array Data... Progress: 7680/13770 patches calculated.
[2026-07-17 08:49:08,773] INFO - Processing Array Data... Progress: 8192/13770 patches calculated.
[2026-07-17 08:49:08,899] INFO - Processing Array Data... Progress: 8704/13770 patches calculated.
[2026-07-17 08:49:08,997] INFO - Processing Array Data... Progress: 9216/13770 patches calculated.
[2026-07-17 08:49:09,126] INFO - Processing Array Data... Progress: 9728/13770 patches calculated.
[2026-07-17 08:49:09,222] INFO - Processing Array Data... Progress: 10240/13770 patches calculated.
[2026-07-17 08:49:09,318] INFO - Processing Array Data... Progress: 10752/13770 patches calculated.
[2026-07-17 08:49:09,358] INFO - Sliding window completed. Extracted 3 unsuppressed hits. Running Spatial NMS...
[2026-07-17 08:49:09,359] INFO - Scan complete. Identified 3 highly unique cyclogenesis hazard locations.
[2026-07-17 08:49:09,364] INFO - GeoJSON data file exported to path: /workspace/output/genesis_forecast_72h_20260717_0000.geojson
[2026-07-17 08:49:09,378] INFO - Shapefile data vector array cluster created at: /workspace/output/genesis_forecast_72h_20260717_0000
[2026-07-17 09:05:08,202] INFO - ✅ Best Fused Ensemble structural neural weight layer graph mounted successfully.
[2026-07-17 09:05:08,203] INFO - Checking availability for cycle run target: 2026-07-17 06:00 UTC (Lookback Step -0h)
[2026-07-17 09:05:09,007] WARNING - Data cycle not yet published on NOMADS (Status 404).
[2026-07-17 09:05:09,011] WARNING - Cycle run data window 06Z not accessible. Dropping back further...
[2026-07-17 09:05:09,012] INFO - Checking availability for cycle run target: 2026-07-17 00:00 UTC (Lookback Step -6h)
[2026-07-17 09:05:25,815] INFO - ✅ Successfully locked onto historical operational telemetry run data target.
[2026-07-17 09:05:25,816] INFO - Extracting meteorological channels from: /workspace/live_data/fnl_20260717_00_00.grib2
[2026-07-17 09:05:25,974] WARNING - Ignoring index file '/workspace/live_data/fnl_20260717_00_00.grib2.02ccc.idx' older than GRIB file
[2026-07-17 09:05:27,340] WARNING - Ignoring index file '/workspace/live_data/fnl_20260717_00_00.grib2.02ccc.idx' older than GRIB file
[2026-07-17 09:05:28,394] WARNING - Ignoring index file '/workspace/live_data/fnl_20260717_00_00.grib2.02ccc.idx' older than GRIB file
[2026-07-17 09:05:29,394] WARNING - Ignoring index file '/workspace/live_data/fnl_20260717_00_00.grib2.02ccc.idx' older than GRIB file
[2026-07-17 09:05:30,447] WARNING - Ignoring index file '/workspace/live_data/fnl_20260717_00_00.grib2.02ccc.idx' older than GRIB file
[2026-07-17 09:05:31,458] WARNING - Ignoring index file '/workspace/live_data/fnl_20260717_00_00.grib2.02ccc.idx' older than GRIB file
[2026-07-17 09:05:32,568] WARNING - Ignoring index file '/workspace/live_data/fnl_20260717_00_00.grib2.02ccc.idx' older than GRIB file
[2026-07-17 09:05:34,106] WARNING - Ignoring index file '/workspace/live_data/fnl_20260717_00_00.grib2.923a8.idx' older than GRIB file
[2026-07-17 09:05:36,121] INFO - Running global diagnostic sliding arrays for target timeline window horizon: +24 Hours
[2026-07-17 09:05:36,123] INFO - Downsampling dense 0.25-degree operational grid to 1.0-degree training resolution...
[2026-07-17 09:05:36,151] INFO - Aligned Grid Geometry: Latitudes=181, Longitudes=360
[2026-07-17 09:05:36,154] INFO - ✅ Scaling profiles loaded. Normalizing meteorology tensors...
[2026-07-17 09:05:36,209] INFO - Targeting evaluation of 13770 global patches.
[2026-07-17 09:05:37,818] INFO - Processing Array Data... Progress: 5120/13770 patches calculated.
[2026-07-17 09:05:38,146] INFO - Processing Array Data... Progress: 5632/13770 patches calculated.
[2026-07-17 09:05:38,822] INFO - Processing Array Data... Progress: 6144/13770 patches calculated.
[2026-07-17 09:05:39,740] INFO - Processing Array Data... Progress: 6656/13770 patches calculated.
[2026-07-17 09:05:40,698] INFO - Processing Array Data... Progress: 7168/13770 patches calculated.
[2026-07-17 09:05:41,810] INFO - Processing Array Data... Progress: 7680/13770 patches calculated.
[2026-07-17 09:05:42,883] INFO - Processing Array Data... Progress: 8192/13770 patches calculated.
[2026-07-17 09:05:43,755] INFO - Processing Array Data... Progress: 8704/13770 patches calculated.
[2026-07-17 09:05:44,443] INFO - Processing Array Data... Progress: 9216/13770 patches calculated.
[2026-07-17 09:05:44,973] INFO - Processing Array Data... Progress: 9728/13770 patches calculated.
[2026-07-17 09:05:45,770] INFO - Processing Array Data... Progress: 10240/13770 patches calculated.
[2026-07-17 09:05:46,020] INFO - Processing Array Data... Progress: 10752/13770 patches calculated.
[2026-07-17 09:05:46,057] INFO - Sliding window completed. Extracted 2 unsuppressed calibrated hits. Running Spatial NMS...
[2026-07-17 09:05:46,058] INFO - Scan complete. Identified 2 highly unique cyclogenesis hazard locations.
[2026-07-17 09:05:46,062] INFO - GeoJSON data file exported to path: /workspace/output/genesis_forecast_24h_20260717_0000.geojson
[2026-07-17 09:05:46,077] INFO - Shapefile data vector array cluster created at: /workspace/output/genesis_forecast_24h_20260717_0000
[2026-07-17 09:05:46,077] INFO - Running global diagnostic sliding arrays for target timeline window horizon: +48 Hours
[2026-07-17 09:05:46,078] INFO - Downsampling dense 0.25-degree operational grid to 1.0-degree training resolution...
[2026-07-17 09:05:46,104] INFO - Aligned Grid Geometry: Latitudes=181, Longitudes=360
[2026-07-17 09:05:46,108] INFO - ✅ Scaling profiles loaded. Normalizing meteorology tensors...
[2026-07-17 09:05:46,155] INFO - Targeting evaluation of 13770 global patches.
[2026-07-17 09:05:46,249] INFO - Processing Array Data... Progress: 5120/13770 patches calculated.
[2026-07-17 09:05:46,286] INFO - Processing Array Data... Progress: 5632/13770 patches calculated.
[2026-07-17 09:05:46,382] INFO - Processing Array Data... Progress: 6144/13770 patches calculated.
[2026-07-17 09:05:46,497] INFO - Processing Array Data... Progress: 6656/13770 patches calculated.
[2026-07-17 09:05:46,618] INFO - Processing Array Data... Progress: 7168/13770 patches calculated.
[2026-07-17 09:05:46,757] INFO - Processing Array Data... Progress: 7680/13770 patches calculated.
[2026-07-17 09:05:46,891] INFO - Processing Array Data... Progress: 8192/13770 patches calculated.
[2026-07-17 09:05:46,998] INFO - Processing Array Data... Progress: 8704/13770 patches calculated.
[2026-07-17 09:05:47,083] INFO - Processing Array Data... Progress: 9216/13770 patches calculated.
[2026-07-17 09:05:47,155] INFO - Processing Array Data... Progress: 9728/13770 patches calculated.
[2026-07-17 09:05:47,240] INFO - Processing Array Data... Progress: 10240/13770 patches calculated.
[2026-07-17 09:05:47,322] INFO - Processing Array Data... Progress: 10752/13770 patches calculated.
[2026-07-17 09:05:47,357] INFO - Sliding window completed. Extracted 2 unsuppressed calibrated hits. Running Spatial NMS...
[2026-07-17 09:05:47,359] INFO - Scan complete. Identified 2 highly unique cyclogenesis hazard locations.
[2026-07-17 09:05:47,363] INFO - GeoJSON data file exported to path: /workspace/output/genesis_forecast_48h_20260717_0000.geojson
[2026-07-17 09:05:47,373] INFO - Shapefile data vector array cluster created at: /workspace/output/genesis_forecast_48h_20260717_0000
[2026-07-17 09:05:47,374] INFO - Running global diagnostic sliding arrays for target timeline window horizon: +72 Hours
[2026-07-17 09:05:47,375] INFO - Downsampling dense 0.25-degree operational grid to 1.0-degree training resolution...
[2026-07-17 09:05:47,402] INFO - Aligned Grid Geometry: Latitudes=181, Longitudes=360
[2026-07-17 09:05:47,404] INFO - ✅ Scaling profiles loaded. Normalizing meteorology tensors...
[2026-07-17 09:05:47,451] INFO - Targeting evaluation of 13770 global patches.
[2026-07-17 09:05:47,543] INFO - Processing Array Data... Progress: 5120/13770 patches calculated.
[2026-07-17 09:05:47,579] INFO - Processing Array Data... Progress: 5632/13770 patches calculated.
[2026-07-17 09:05:47,663] INFO - Processing Array Data... Progress: 6144/13770 patches calculated.
[2026-07-17 09:05:47,780] INFO - Processing Array Data... Progress: 6656/13770 patches calculated.
[2026-07-17 09:05:47,904] INFO - Processing Array Data... Progress: 7168/13770 patches calculated.
[2026-07-17 09:05:48,043] INFO - Processing Array Data... Progress: 7680/13770 patches calculated.
[2026-07-17 09:05:48,177] INFO - Processing Array Data... Progress: 8192/13770 patches calculated.
[2026-07-17 09:05:48,286] INFO - Processing Array Data... Progress: 8704/13770 patches calculated.
[2026-07-17 09:05:48,385] INFO - Processing Array Data... Progress: 9216/13770 patches calculated.
[2026-07-17 09:05:48,453] INFO - Processing Array Data... Progress: 9728/13770 patches calculated.
[2026-07-17 09:05:48,538] INFO - Processing Array Data... Progress: 10240/13770 patches calculated.
[2026-07-17 09:05:48,626] INFO - Processing Array Data... Progress: 10752/13770 patches calculated.
[2026-07-17 09:05:48,661] INFO - Sliding window completed. Extracted 2 unsuppressed calibrated hits. Running Spatial NMS...
[2026-07-17 09:05:48,661] INFO - Scan complete. Identified 2 highly unique cyclogenesis hazard locations.
[2026-07-17 09:05:48,664] INFO - GeoJSON data file exported to path: /workspace/output/genesis_forecast_72h_20260717_0000.geojson
[2026-07-17 09:05:48,672] INFO - Shapefile data vector array cluster created at: /workspace/output/genesis_forecast_72h_20260717_0000
[2026-07-17 09:08:39,178] INFO - ✅ Best Fused Ensemble structural neural weight layer graph mounted successfully.
[2026-07-17 09:08:39,180] INFO - Checking availability for cycle run target: 2026-07-17 06:00 UTC (Lookback Step -0h)
[2026-07-17 09:08:39,776] WARNING - Data cycle not yet published on NOMADS (Status 404).
[2026-07-17 09:08:39,782] WARNING - Cycle run data window 06Z not accessible. Dropping back further...
[2026-07-17 09:08:39,784] INFO - Checking availability for cycle run target: 2026-07-17 00:00 UTC (Lookback Step -6h)
[2026-07-17 09:08:56,501] INFO - ✅ Successfully locked onto historical operational telemetry run data target.
[2026-07-17 09:08:56,502] INFO - Extracting meteorological channels from: /workspace/live_data/fnl_20260717_00_00.grib2
[2026-07-17 09:08:56,658] WARNING - Ignoring index file '/workspace/live_data/fnl_20260717_00_00.grib2.02ccc.idx' older than GRIB file
[2026-07-17 09:08:58,146] WARNING - Ignoring index file '/workspace/live_data/fnl_20260717_00_00.grib2.02ccc.idx' older than GRIB file
[2026-07-17 09:08:59,334] WARNING - Ignoring index file '/workspace/live_data/fnl_20260717_00_00.grib2.02ccc.idx' older than GRIB file
[2026-07-17 09:09:00,668] WARNING - Ignoring index file '/workspace/live_data/fnl_20260717_00_00.grib2.02ccc.idx' older than GRIB file
[2026-07-17 09:09:01,811] WARNING - Ignoring index file '/workspace/live_data/fnl_20260717_00_00.grib2.02ccc.idx' older than GRIB file
[2026-07-17 09:09:03,087] WARNING - Ignoring index file '/workspace/live_data/fnl_20260717_00_00.grib2.02ccc.idx' older than GRIB file
[2026-07-17 09:09:04,387] WARNING - Ignoring index file '/workspace/live_data/fnl_20260717_00_00.grib2.02ccc.idx' older than GRIB file
[2026-07-17 09:09:06,161] WARNING - Ignoring index file '/workspace/live_data/fnl_20260717_00_00.grib2.923a8.idx' older than GRIB file
[2026-07-17 09:09:08,361] INFO - Running global diagnostic sliding arrays for target timeline window horizon: +24 Hours
[2026-07-17 09:09:08,362] INFO - Downsampling dense 0.25-degree operational grid to 1.0-degree training resolution...
[2026-07-17 09:09:08,390] INFO - Aligned Grid Geometry: Latitudes=181, Longitudes=360
[2026-07-17 09:09:08,395] INFO - ✅ Scaling profiles loaded. Normalizing meteorology tensors...
[2026-07-17 09:09:08,451] INFO - Targeting evaluation of 13770 global patches.
[2026-07-17 09:09:10,171] INFO - Processing Array Data... Progress: 5120/13770 patches calculated.
[2026-07-17 09:09:10,440] INFO - Processing Array Data... Progress: 5632/13770 patches calculated.
[2026-07-17 09:09:11,134] INFO - Processing Array Data... Progress: 6144/13770 patches calculated.
[2026-07-17 09:09:12,044] INFO - Processing Array Data... Progress: 6656/13770 patches calculated.
[2026-07-17 09:09:13,012] INFO - Processing Array Data... Progress: 7168/13770 patches calculated.
[2026-07-17 09:09:14,112] INFO - Processing Array Data... Progress: 7680/13770 patches calculated.
[2026-07-17 09:09:15,199] INFO - Processing Array Data... Progress: 8192/13770 patches calculated.
[2026-07-17 09:09:16,073] INFO - Processing Array Data... Progress: 8704/13770 patches calculated.
[2026-07-17 09:09:16,756] INFO - Processing Array Data... Progress: 9216/13770 patches calculated.
[2026-07-17 09:09:17,865] INFO - Processing Array Data... Progress: 9728/13770 patches calculated.
[2026-07-17 09:09:18,152] INFO - Processing Array Data... Progress: 10240/13770 patches calculated.
[2026-07-17 09:09:18,409] INFO - Processing Array Data... Progress: 10752/13770 patches calculated.
[2026-07-17 09:09:18,445] INFO - Sliding window completed. Extracted 3 unsuppressed hits. Running Spatial NMS...
[2026-07-17 09:09:18,446] INFO - Scan complete. Identified 3 highly unique cyclogenesis hazard locations.
[2026-07-17 09:09:18,453] INFO - GeoJSON data file exported to path: /workspace/output/genesis_forecast_24h_20260717_0000.geojson
[2026-07-17 09:09:18,488] INFO - Shapefile data vector array cluster created at: /workspace/output/genesis_forecast_24h_20260717_0000
[2026-07-17 09:09:18,489] INFO - Running global diagnostic sliding arrays for target timeline window horizon: +48 Hours
[2026-07-17 09:09:18,490] INFO - Downsampling dense 0.25-degree operational grid to 1.0-degree training resolution...
[2026-07-17 09:09:18,516] INFO - Aligned Grid Geometry: Latitudes=181, Longitudes=360
[2026-07-17 09:09:18,526] INFO - ✅ Scaling profiles loaded. Normalizing meteorology tensors...
[2026-07-17 09:09:18,574] INFO - Targeting evaluation of 13770 global patches.
[2026-07-17 09:09:18,670] INFO - Processing Array Data... Progress: 5120/13770 patches calculated.
[2026-07-17 09:09:18,711] INFO - Processing Array Data... Progress: 5632/13770 patches calculated.
[2026-07-17 09:09:18,799] INFO - Processing Array Data... Progress: 6144/13770 patches calculated.
[2026-07-17 09:09:18,923] INFO - Processing Array Data... Progress: 6656/13770 patches calculated.
[2026-07-17 09:09:19,051] INFO - Processing Array Data... Progress: 7168/13770 patches calculated.
[2026-07-17 09:09:19,198] INFO - Processing Array Data... Progress: 7680/13770 patches calculated.
[2026-07-17 09:09:19,336] INFO - Processing Array Data... Progress: 8192/13770 patches calculated.
[2026-07-17 09:09:19,457] INFO - Processing Array Data... Progress: 8704/13770 patches calculated.
[2026-07-17 09:09:19,550] INFO - Processing Array Data... Progress: 9216/13770 patches calculated.
[2026-07-17 09:09:19,681] INFO - Processing Array Data... Progress: 9728/13770 patches calculated.
[2026-07-17 09:09:19,792] INFO - Processing Array Data... Progress: 10240/13770 patches calculated.
[2026-07-17 09:09:19,882] INFO - Processing Array Data... Progress: 10752/13770 patches calculated.
[2026-07-17 09:09:19,918] INFO - Sliding window completed. Extracted 3 unsuppressed hits. Running Spatial NMS...
[2026-07-17 09:09:19,919] INFO - Scan complete. Identified 3 highly unique cyclogenesis hazard locations.
[2026-07-17 09:09:19,925] INFO - GeoJSON data file exported to path: /workspace/output/genesis_forecast_48h_20260717_0000.geojson
[2026-07-17 09:09:19,940] INFO - Shapefile data vector array cluster created at: /workspace/output/genesis_forecast_48h_20260717_0000
[2026-07-17 09:09:19,941] INFO - Running global diagnostic sliding arrays for target timeline window horizon: +72 Hours
[2026-07-17 09:09:19,942] INFO - Downsampling dense 0.25-degree operational grid to 1.0-degree training resolution...
[2026-07-17 09:09:19,969] INFO - Aligned Grid Geometry: Latitudes=181, Longitudes=360
[2026-07-17 09:09:19,972] INFO - ✅ Scaling profiles loaded. Normalizing meteorology tensors...
[2026-07-17 09:09:20,021] INFO - Targeting evaluation of 13770 global patches.
[2026-07-17 09:09:20,121] INFO - Processing Array Data... Progress: 5120/13770 patches calculated.
[2026-07-17 09:09:20,164] INFO - Processing Array Data... Progress: 5632/13770 patches calculated.
[2026-07-17 09:09:20,251] INFO - Processing Array Data... Progress: 6144/13770 patches calculated.
[2026-07-17 09:09:20,366] INFO - Processing Array Data... Progress: 6656/13770 patches calculated.
[2026-07-17 09:09:20,489] INFO - Processing Array Data... Progress: 7168/13770 patches calculated.
[2026-07-17 09:09:20,633] INFO - Processing Array Data... Progress: 7680/13770 patches calculated.
[2026-07-17 09:09:20,778] INFO - Processing Array Data... Progress: 8192/13770 patches calculated.
[2026-07-17 09:09:20,887] INFO - Processing Array Data... Progress: 8704/13770 patches calculated.
[2026-07-17 09:09:20,975] INFO - Processing Array Data... Progress: 9216/13770 patches calculated.
[2026-07-17 09:09:21,105] INFO - Processing Array Data... Progress: 9728/13770 patches calculated.
[2026-07-17 09:09:21,208] INFO - Processing Array Data... Progress: 10240/13770 patches calculated.
[2026-07-17 09:09:21,308] INFO - Processing Array Data... Progress: 10752/13770 patches calculated.
[2026-07-17 09:09:21,344] INFO - Sliding window completed. Extracted 3 unsuppressed hits. Running Spatial NMS...
[2026-07-17 09:09:21,346] INFO - Scan complete. Identified 3 highly unique cyclogenesis hazard locations.
[2026-07-17 09:09:21,351] INFO - GeoJSON data file exported to path: /workspace/output/genesis_forecast_72h_20260717_0000.geojson
[2026-07-17 09:09:21,368] INFO - Shapefile data vector array cluster created at: /workspace/output/genesis_forecast_72h_20260717_0000
[2026-07-17 09:12:26,031] INFO - ✅ Best Fused Ensemble structural neural weight layer graph mounted successfully.
[2026-07-17 09:12:26,031] INFO - Checking availability for cycle run target: 2026-07-17 06:00 UTC (Lookback Step -0h)
[2026-07-17 09:12:26,765] WARNING - Data cycle not yet published on NOMADS (Status 404).
[2026-07-17 09:12:26,771] WARNING - Cycle run data window 06Z not accessible. Dropping back further...
[2026-07-17 09:12:26,774] INFO - Checking availability for cycle run target: 2026-07-17 00:00 UTC (Lookback Step -6h)
[2026-07-17 09:12:43,476] INFO - ✅ Successfully locked onto historical operational telemetry run data target.
[2026-07-17 09:12:43,476] INFO - Extracting meteorological channels from: /workspace/live_data/fnl_20260717_00_00.grib2
[2026-07-17 09:12:43,617] WARNING - Ignoring index file '/workspace/live_data/fnl_20260717_00_00.grib2.02ccc.idx' older than GRIB file
[2026-07-17 09:12:45,003] WARNING - Ignoring index file '/workspace/live_data/fnl_20260717_00_00.grib2.02ccc.idx' older than GRIB file
[2026-07-17 09:12:46,145] WARNING - Ignoring index file '/workspace/live_data/fnl_20260717_00_00.grib2.02ccc.idx' older than GRIB file
[2026-07-17 09:12:47,421] WARNING - Ignoring index file '/workspace/live_data/fnl_20260717_00_00.grib2.02ccc.idx' older than GRIB file
[2026-07-17 09:12:48,439] WARNING - Ignoring index file '/workspace/live_data/fnl_20260717_00_00.grib2.02ccc.idx' older than GRIB file
[2026-07-17 09:12:49,477] WARNING - Ignoring index file '/workspace/live_data/fnl_20260717_00_00.grib2.02ccc.idx' older than GRIB file
[2026-07-17 09:12:50,543] WARNING - Ignoring index file '/workspace/live_data/fnl_20260717_00_00.grib2.02ccc.idx' older than GRIB file
[2026-07-17 09:12:52,139] WARNING - Ignoring index file '/workspace/live_data/fnl_20260717_00_00.grib2.923a8.idx' older than GRIB file
[2026-07-17 09:12:54,324] INFO - Running global diagnostic sliding arrays for target timeline window horizon: +24 Hours
[2026-07-17 09:12:54,325] INFO - Downsampling dense 0.25-degree operational grid to 1.0-degree training resolution...
[2026-07-17 09:12:54,355] INFO - Aligned Grid Geometry: Latitudes=181, Longitudes=360
[2026-07-17 09:12:54,360] INFO - ✅ Scaling profiles loaded. Normalizing meteorology tensors...
[2026-07-17 09:12:54,415] INFO - Targeting evaluation of 13770 global patches.
[2026-07-17 09:12:55,985] INFO - Processing Array Data... Progress: 5120/13770 patches calculated.
[2026-07-17 09:12:56,315] INFO - Processing Array Data... Progress: 5632/13770 patches calculated.
[2026-07-17 09:12:57,020] INFO - Processing Array Data... Progress: 6144/13770 patches calculated.
[2026-07-17 09:12:57,927] INFO - Processing Array Data... Progress: 6656/13770 patches calculated.
[2026-07-17 09:12:58,886] INFO - Processing Array Data... Progress: 7168/13770 patches calculated.
[2026-07-17 09:13:00,000] INFO - Processing Array Data... Progress: 7680/13770 patches calculated.
[2026-07-17 09:13:01,076] INFO - Processing Array Data... Progress: 8192/13770 patches calculated.
[2026-07-17 09:13:01,954] INFO - Processing Array Data... Progress: 8704/13770 patches calculated.
[2026-07-17 09:13:02,640] INFO - Processing Array Data... Progress: 9216/13770 patches calculated.
[2026-07-17 09:13:03,714] INFO - Processing Array Data... Progress: 9728/13770 patches calculated.
[2026-07-17 09:13:03,999] INFO - Processing Array Data... Progress: 10240/13770 patches calculated.
[2026-07-17 09:13:04,252] INFO - Processing Array Data... Progress: 10752/13770 patches calculated.
[2026-07-17 09:13:04,290] INFO - Sliding window completed. Extracted 3 unsuppressed hits. Running Spatial NMS...
[2026-07-17 09:13:04,291] INFO - Scan complete. Identified 3 highly unique cyclogenesis hazard locations.
[2026-07-17 09:13:04,297] INFO - GeoJSON data file exported to path: /workspace/output/genesis_forecast_24h_20260717_0000.geojson
[2026-07-17 09:13:04,304] INFO - Shapefile data vector array cluster created at: /workspace/output/genesis_forecast_24h_20260717_0000
[2026-07-17 09:13:04,304] INFO - Running global diagnostic sliding arrays for target timeline window horizon: +48 Hours
[2026-07-17 09:13:04,305] INFO - Downsampling dense 0.25-degree operational grid to 1.0-degree training resolution...
[2026-07-17 09:13:04,330] INFO - Aligned Grid Geometry: Latitudes=181, Longitudes=360
[2026-07-17 09:13:04,334] INFO - ✅ Scaling profiles loaded. Normalizing meteorology tensors...
[2026-07-17 09:13:04,380] INFO - Targeting evaluation of 13770 global patches.
[2026-07-17 09:13:04,478] INFO - Processing Array Data... Progress: 5120/13770 patches calculated.
[2026-07-17 09:13:04,519] INFO - Processing Array Data... Progress: 5632/13770 patches calculated.
[2026-07-17 09:13:04,607] INFO - Processing Array Data... Progress: 6144/13770 patches calculated.
[2026-07-17 09:13:04,725] INFO - Processing Array Data... Progress: 6656/13770 patches calculated.
[2026-07-17 09:13:04,847] INFO - Processing Array Data... Progress: 7168/13770 patches calculated.
[2026-07-17 09:13:04,991] INFO - Processing Array Data... Progress: 7680/13770 patches calculated.
[2026-07-17 09:13:05,128] INFO - Processing Array Data... Progress: 8192/13770 patches calculated.
[2026-07-17 09:13:05,251] INFO - Processing Array Data... Progress: 8704/13770 patches calculated.
[2026-07-17 09:13:05,340] INFO - Processing Array Data... Progress: 9216/13770 patches calculated.
[2026-07-17 09:13:05,458] INFO - Processing Array Data... Progress: 9728/13770 patches calculated.
[2026-07-17 09:13:05,550] INFO - Processing Array Data... Progress: 10240/13770 patches calculated.
[2026-07-17 09:13:05,632] INFO - Processing Array Data... Progress: 10752/13770 patches calculated.
[2026-07-17 09:13:05,668] INFO - Sliding window completed. Extracted 3 unsuppressed hits. Running Spatial NMS...
[2026-07-17 09:13:05,669] INFO - Scan complete. Identified 3 highly unique cyclogenesis hazard locations.
[2026-07-17 09:13:05,673] INFO - GeoJSON data file exported to path: /workspace/output/genesis_forecast_48h_20260717_0000.geojson
[2026-07-17 09:13:05,682] INFO - Shapefile data vector array cluster created at: /workspace/output/genesis_forecast_48h_20260717_0000
[2026-07-17 09:13:05,683] INFO - Running global diagnostic sliding arrays for target timeline window horizon: +72 Hours
[2026-07-17 09:13:05,683] INFO - Downsampling dense 0.25-degree operational grid to 1.0-degree training resolution...
[2026-07-17 09:13:05,708] INFO - Aligned Grid Geometry: Latitudes=181, Longitudes=360
[2026-07-17 09:13:05,714] INFO - ✅ Scaling profiles loaded. Normalizing meteorology tensors...
[2026-07-17 09:13:05,760] INFO - Targeting evaluation of 13770 global patches.
[2026-07-17 09:13:05,855] INFO - Processing Array Data... Progress: 5120/13770 patches calculated.
[2026-07-17 09:13:05,893] INFO - Processing Array Data... Progress: 5632/13770 patches calculated.
[2026-07-17 09:13:05,977] INFO - Processing Array Data... Progress: 6144/13770 patches calculated.
[2026-07-17 09:13:06,086] INFO - Processing Array Data... Progress: 6656/13770 patches calculated.
[2026-07-17 09:13:06,209] INFO - Processing Array Data... Progress: 7168/13770 patches calculated.
[2026-07-17 09:13:06,365] INFO - Processing Array Data... Progress: 7680/13770 patches calculated.
[2026-07-17 09:13:06,502] INFO - Processing Array Data... Progress: 8192/13770 patches calculated.
[2026-07-17 09:13:06,611] INFO - Processing Array Data... Progress: 8704/13770 patches calculated.
[2026-07-17 09:13:06,707] INFO - Processing Array Data... Progress: 9216/13770 patches calculated.
[2026-07-17 09:13:06,828] INFO - Processing Array Data... Progress: 9728/13770 patches calculated.
[2026-07-17 09:13:06,912] INFO - Processing Array Data... Progress: 10240/13770 patches calculated.
[2026-07-17 09:13:06,998] INFO - Processing Array Data... Progress: 10752/13770 patches calculated.
[2026-07-17 09:13:07,034] INFO - Sliding window completed. Extracted 3 unsuppressed hits. Running Spatial NMS...
[2026-07-17 09:13:07,035] INFO - Scan complete. Identified 3 highly unique cyclogenesis hazard locations.
[2026-07-17 09:13:07,040] INFO - GeoJSON data file exported to path: /workspace/output/genesis_forecast_72h_20260717_0000.geojson
[2026-07-17 09:13:07,048] INFO - Shapefile data vector array cluster created at: /workspace/output/genesis_forecast_72h_20260717_0000
[2026-07-17 09:19:39,406] INFO - ✅ Best Fused Ensemble structural neural weight layer graph mounted successfully.
[2026-07-17 09:19:39,407] INFO - Probing runtime availability for cycle loop: 2026-07-17 06:00 UTC
[2026-07-17 09:19:40,052] WARNING - NOMADS step availability gap for f000: Status 404
[2026-07-17 09:19:40,056] INFO - Probing runtime availability for cycle loop: 2026-07-17 00:00 UTC
[2026-07-17 09:19:56,128] INFO - ✅ Active operational loop verified for time matrix: 2026-07-17 00:00:00
[2026-07-17 09:19:56,129] INFO - 🔄 Launching dedicated forecast pipeline phase for step window: +24 Hours (f024)
[2026-07-17 09:19:56,801] WARNING - NOMADS step availability gap for f024: Status 404
[2026-07-17 09:19:56,807] ERROR - Skipping forecast horizon +24h due to server data availability issues.
[2026-07-17 09:19:56,809] INFO - 🔄 Launching dedicated forecast pipeline phase for step window: +48 Hours (f048)
[2026-07-17 09:19:57,554] WARNING - NOMADS step availability gap for f048: Status 404
[2026-07-17 09:19:57,557] ERROR - Skipping forecast horizon +48h due to server data availability issues.
[2026-07-17 09:19:57,558] INFO - 🔄 Launching dedicated forecast pipeline phase for step window: +72 Hours (f072)
[2026-07-17 09:19:58,299] WARNING - NOMADS step availability gap for f072: Status 404
[2026-07-17 09:19:58,304] ERROR - Skipping forecast horizon +72h due to server data availability issues.
[2026-07-17 09:21:39,356] INFO - ✅ Best Fused Ensemble structural neural weight layer graph mounted successfully.
[2026-07-17 09:21:39,357] INFO - Probing runtime availability for cycle loop: 2026-07-17 06:00 UTC
[2026-07-17 09:21:39,359] INFO - Requesting stream step f000 from NOMADS server...
[2026-07-17 09:21:39,859] WARNING - NOMADS step availability gap for f000: Status 404
[2026-07-17 09:21:39,863] INFO - Probing runtime availability for cycle loop: 2026-07-17 00:00 UTC
[2026-07-17 09:21:39,865] INFO - ✅ Active operational loop verified for time matrix: 2026-07-17 00:00:00
[2026-07-17 09:21:39,865] INFO - 🔄 Launching dedicated forecast pipeline phase for step window: +24 Hours (f024)
[2026-07-17 09:21:39,866] INFO - Requesting stream step f024 from NOMADS server...
[2026-07-17 09:21:56,111] INFO - Extracting meteorological channels from: /workspace/live_data/fnl_20260717_00_f024.grib2
[2026-07-17 09:22:02,242] INFO - Downsampling dense 0.25-degree operational grid to 1.0-degree training resolution...
[2026-07-17 09:22:02,270] INFO - Aligned Grid Geometry: Latitudes=181, Longitudes=360
[2026-07-17 09:22:02,272] INFO - ✅ Scaling profiles loaded. Normalizing meteorology tensors...
[2026-07-17 09:22:02,327] INFO - Targeting evaluation of 13770 global patches.
[2026-07-17 09:22:03,994] INFO - Processing Array Data... Progress: 5632/13770 patches calculated.
[2026-07-17 09:22:04,696] INFO - Processing Array Data... Progress: 6144/13770 patches calculated.
[2026-07-17 09:22:05,583] INFO - Processing Array Data... Progress: 6656/13770 patches calculated.
[2026-07-17 09:22:06,530] INFO - Processing Array Data... Progress: 7168/13770 patches calculated.
[2026-07-17 09:22:07,640] INFO - Processing Array Data... Progress: 7680/13770 patches calculated.
[2026-07-17 09:22:08,713] INFO - Processing Array Data... Progress: 8192/13770 patches calculated.
[2026-07-17 09:22:09,570] INFO - Processing Array Data... Progress: 8704/13770 patches calculated.
[2026-07-17 09:22:10,243] INFO - Processing Array Data... Progress: 9216/13770 patches calculated.
[2026-07-17 09:22:11,483] INFO - Processing Array Data... Progress: 9728/13770 patches calculated.
[2026-07-17 09:22:11,705] INFO - Processing Array Data... Progress: 10240/13770 patches calculated.
[2026-07-17 09:22:11,891] INFO - Processing Array Data... Progress: 10752/13770 patches calculated.
[2026-07-17 09:22:11,930] INFO - Sliding window completed. Extracted 2 unsuppressed hits. Running Spatial NMS...
[2026-07-17 09:22:11,931] INFO - Scan complete. Identified 2 highly unique cyclogenesis hazard locations.
[2026-07-17 09:22:11,935] INFO - GeoJSON data file exported to path: /workspace/output/genesis_forecast_24h_20260717_0000.geojson
[2026-07-17 09:22:11,946] INFO - Shapefile data vector array cluster created at: /workspace/output/genesis_forecast_24h_20260717_0000
[2026-07-17 09:22:11,947] INFO - 🔄 Launching dedicated forecast pipeline phase for step window: +48 Hours (f048)
[2026-07-17 09:22:11,950] INFO - Requesting stream step f048 from NOMADS server...
[2026-07-17 09:22:24,540] INFO - Extracting meteorological channels from: /workspace/live_data/fnl_20260717_00_f048.grib2
[2026-07-17 09:22:30,876] INFO - Downsampling dense 0.25-degree operational grid to 1.0-degree training resolution...
[2026-07-17 09:22:30,902] INFO - Aligned Grid Geometry: Latitudes=181, Longitudes=360
[2026-07-17 09:22:30,906] INFO - ✅ Scaling profiles loaded. Normalizing meteorology tensors...
[2026-07-17 09:22:30,953] INFO - Targeting evaluation of 13770 global patches.
[2026-07-17 09:22:31,345] INFO - Processing Array Data... Progress: 5632/13770 patches calculated.
[2026-07-17 09:22:32,000] INFO - Processing Array Data... Progress: 6144/13770 patches calculated.
[2026-07-17 09:22:32,855] INFO - Processing Array Data... Progress: 6656/13770 patches calculated.
[2026-07-17 09:22:33,794] INFO - Processing Array Data... Progress: 7168/13770 patches calculated.
[2026-07-17 09:22:33,937] INFO - Processing Array Data... Progress: 7680/13770 patches calculated.
[2026-07-17 09:22:34,071] INFO - Processing Array Data... Progress: 8192/13770 patches calculated.
[2026-07-17 09:22:34,180] INFO - Processing Array Data... Progress: 8704/13770 patches calculated.
[2026-07-17 09:22:34,912] INFO - Processing Array Data... Progress: 9216/13770 patches calculated.
[2026-07-17 09:22:35,447] INFO - Processing Array Data... Progress: 9728/13770 patches calculated.
[2026-07-17 09:22:35,747] INFO - Processing Array Data... Progress: 10240/13770 patches calculated.
[2026-07-17 09:22:35,925] INFO - Processing Array Data... Progress: 10752/13770 patches calculated.
[2026-07-17 09:22:35,964] INFO - Sliding window completed. Extracted 2 unsuppressed hits. Running Spatial NMS...
[2026-07-17 09:22:35,965] INFO - Scan complete. Identified 2 highly unique cyclogenesis hazard locations.
[2026-07-17 09:22:35,969] INFO - GeoJSON data file exported to path: /workspace/output/genesis_forecast_48h_20260717_0000.geojson
[2026-07-17 09:22:35,987] INFO - Shapefile data vector array cluster created at: /workspace/output/genesis_forecast_48h_20260717_0000
[2026-07-17 09:22:35,988] INFO - 🔄 Launching dedicated forecast pipeline phase for step window: +72 Hours (f072)
[2026-07-17 09:22:35,990] INFO - Requesting stream step f072 from NOMADS server...
[2026-07-17 09:22:51,520] INFO - Extracting meteorological channels from: /workspace/live_data/fnl_20260717_00_f072.grib2
[2026-07-17 09:22:57,545] INFO - Downsampling dense 0.25-degree operational grid to 1.0-degree training resolution...
[2026-07-17 09:22:57,574] INFO - Aligned Grid Geometry: Latitudes=181, Longitudes=360
[2026-07-17 09:22:57,577] INFO - ✅ Scaling profiles loaded. Normalizing meteorology tensors...
[2026-07-17 09:22:57,630] INFO - Targeting evaluation of 13770 global patches.
[2026-07-17 09:22:58,290] INFO - Processing Array Data... Progress: 5632/13770 patches calculated.
[2026-07-17 09:22:58,386] INFO - Processing Array Data... Progress: 6144/13770 patches calculated.
[2026-07-17 09:22:59,235] INFO - Processing Array Data... Progress: 6656/13770 patches calculated.
[2026-07-17 09:22:59,370] INFO - Processing Array Data... Progress: 7168/13770 patches calculated.
[2026-07-17 09:22:59,510] INFO - Processing Array Data... Progress: 7680/13770 patches calculated.
[2026-07-17 09:23:00,636] INFO - Processing Array Data... Progress: 8192/13770 patches calculated.
[2026-07-17 09:23:01,563] INFO - Processing Array Data... Progress: 8704/13770 patches calculated.
[2026-07-17 09:23:02,287] INFO - Processing Array Data... Progress: 9216/13770 patches calculated.
[2026-07-17 09:23:02,939] INFO - Processing Array Data... Progress: 9728/13770 patches calculated.
[2026-07-17 09:23:03,198] INFO - Processing Array Data... Progress: 10240/13770 patches calculated.
[2026-07-17 09:23:03,379] INFO - Processing Array Data... Progress: 10752/13770 patches calculated.
[2026-07-17 09:23:03,416] INFO - Sliding window completed. Extracted 1 unsuppressed hits. Running Spatial NMS...
[2026-07-17 09:23:03,417] INFO - Scan complete. Identified 1 highly unique cyclogenesis hazard locations.
[2026-07-17 09:23:03,422] INFO - GeoJSON data file exported to path: /workspace/output/genesis_forecast_72h_20260717_0000.geojson
[2026-07-17 09:23:03,440] INFO - Shapefile data vector array cluster created at: /workspace/output/genesis_forecast_72h_20260717_0000
[2026-07-17 09:31:24,134] INFO - ✅ Best Fused Ensemble structural neural weight layer graph mounted successfully.
[2026-07-17 09:31:24,135] INFO - Probing runtime availability for cycle loop: 2026-07-17 06:00 UTC
[2026-07-17 09:31:24,137] INFO - Requesting stream step f000 from NOMADS server...
[2026-07-17 09:31:24,754] WARNING - NOMADS step availability gap for f000: Status 404
[2026-07-17 09:31:24,757] INFO - Probing runtime availability for cycle loop: 2026-07-17 00:00 UTC
[2026-07-17 09:31:24,758] INFO - ✅ Active operational loop verified for time matrix: 2026-07-17 00:00:00
[2026-07-17 09:31:24,758] INFO - 🔄 Processing Input Step f000 -> Generating True +24h Forecast Target...
[2026-07-17 09:31:24,760] INFO - Extracting meteorological channels from: /workspace/live_data/fnl_20260717_00_f000.grib2
[2026-07-17 09:31:31,225] INFO - Downsampling dense 0.25-degree operational grid to 1.0-degree training resolution...
[2026-07-17 09:31:31,253] INFO - Aligned Grid Geometry: Latitudes=181, Longitudes=360
[2026-07-17 09:31:31,256] INFO - ✅ Scaling profiles loaded. Normalizing meteorology tensors...
[2026-07-17 09:31:31,309] INFO - Targeting evaluation of 13770 global patches.
[2026-07-17 09:31:32,919] INFO - Processing Array Data... Progress: 5120/13770 patches calculated.
[2026-07-17 09:31:33,251] INFO - Processing Array Data... Progress: 5632/13770 patches calculated.
[2026-07-17 09:31:33,947] INFO - Processing Array Data... Progress: 6144/13770 patches calculated.
[2026-07-17 09:31:34,852] INFO - Processing Array Data... Progress: 6656/13770 patches calculated.
[2026-07-17 09:31:35,812] INFO - Processing Array Data... Progress: 7168/13770 patches calculated.
[2026-07-17 09:31:36,938] INFO - Processing Array Data... Progress: 7680/13770 patches calculated.
[2026-07-17 09:31:38,014] INFO - Processing Array Data... Progress: 8192/13770 patches calculated.
[2026-07-17 09:31:38,885] INFO - Processing Array Data... Progress: 8704/13770 patches calculated.
[2026-07-17 09:31:39,568] INFO - Processing Array Data... Progress: 9216/13770 patches calculated.
[2026-07-17 09:31:40,648] INFO - Processing Array Data... Progress: 9728/13770 patches calculated.
[2026-07-17 09:31:40,924] INFO - Processing Array Data... Progress: 10240/13770 patches calculated.
[2026-07-17 09:31:41,175] INFO - Processing Array Data... Progress: 10752/13770 patches calculated.
[2026-07-17 09:31:41,214] INFO - Sliding window completed. Extracted 3 unsuppressed hits. Running Spatial NMS...
[2026-07-17 09:31:41,215] INFO - Scan complete. Identified 3 highly unique cyclogenesis hazard locations.
[2026-07-17 09:31:41,220] INFO - GeoJSON data file exported to path: /workspace/output/genesis_forecast_24h_20260717_0000.geojson
[2026-07-17 09:31:41,230] INFO - Shapefile data vector array cluster created at: /workspace/output/genesis_forecast_24h_20260717_0000
[2026-07-17 09:31:41,230] INFO - 🔄 Processing Input Step f024 -> Generating True +48h Forecast Target...
[2026-07-17 09:31:41,231] INFO - Extracting meteorological channels from: /workspace/live_data/fnl_20260717_00_f024.grib2
[2026-07-17 09:31:45,938] INFO - Downsampling dense 0.25-degree operational grid to 1.0-degree training resolution...
[2026-07-17 09:31:45,967] INFO - Aligned Grid Geometry: Latitudes=181, Longitudes=360
[2026-07-17 09:31:45,970] INFO - ✅ Scaling profiles loaded. Normalizing meteorology tensors...
[2026-07-17 09:31:46,075] INFO - Targeting evaluation of 13770 global patches.
[2026-07-17 09:31:46,813] INFO - Processing Array Data... Progress: 5632/13770 patches calculated.
[2026-07-17 09:31:47,492] INFO - Processing Array Data... Progress: 6144/13770 patches calculated.
[2026-07-17 09:31:48,350] INFO - Processing Array Data... Progress: 6656/13770 patches calculated.
[2026-07-17 09:31:49,294] INFO - Processing Array Data... Progress: 7168/13770 patches calculated.
[2026-07-17 09:31:49,438] INFO - Processing Array Data... Progress: 7680/13770 patches calculated.
[2026-07-17 09:31:49,575] INFO - Processing Array Data... Progress: 8192/13770 patches calculated.
[2026-07-17 09:31:50,425] INFO - Processing Array Data... Progress: 8704/13770 patches calculated.
[2026-07-17 09:31:51,110] INFO - Processing Array Data... Progress: 9216/13770 patches calculated.
[2026-07-17 09:31:51,757] INFO - Processing Array Data... Progress: 9728/13770 patches calculated.
[2026-07-17 09:31:51,991] INFO - Processing Array Data... Progress: 10240/13770 patches calculated.
[2026-07-17 09:31:52,173] INFO - Processing Array Data... Progress: 10752/13770 patches calculated.
[2026-07-17 09:31:52,212] INFO - Sliding window completed. Extracted 2 unsuppressed hits. Running Spatial NMS...
[2026-07-17 09:31:52,213] INFO - Scan complete. Identified 2 highly unique cyclogenesis hazard locations.
[2026-07-17 09:31:52,217] INFO - GeoJSON data file exported to path: /workspace/output/genesis_forecast_48h_20260717_0000.geojson
[2026-07-17 09:31:52,230] INFO - Shapefile data vector array cluster created at: /workspace/output/genesis_forecast_48h_20260717_0000
[2026-07-17 09:31:52,231] INFO - 🔄 Processing Input Step f048 -> Generating True +72h Forecast Target...
[2026-07-17 09:31:52,232] INFO - Extracting meteorological channels from: /workspace/live_data/fnl_20260717_00_f048.grib2
[2026-07-17 09:31:56,855] INFO - Downsampling dense 0.25-degree operational grid to 1.0-degree training resolution...
[2026-07-17 09:31:56,882] INFO - Aligned Grid Geometry: Latitudes=181, Longitudes=360
[2026-07-17 09:31:56,885] INFO - ✅ Scaling profiles loaded. Normalizing meteorology tensors...
[2026-07-17 09:31:56,933] INFO - Targeting evaluation of 13770 global patches.
[2026-07-17 09:31:57,587] INFO - Processing Array Data... Progress: 5632/13770 patches calculated.
[2026-07-17 09:31:57,690] INFO - Processing Array Data... Progress: 6144/13770 patches calculated.
[2026-07-17 09:31:58,539] INFO - Processing Array Data... Progress: 6656/13770 patches calculated.
[2026-07-17 09:31:59,477] INFO - Processing Array Data... Progress: 7168/13770 patches calculated.
[2026-07-17 09:31:59,618] INFO - Processing Array Data... Progress: 7680/13770 patches calculated.
[2026-07-17 09:31:59,767] INFO - Processing Array Data... Progress: 8192/13770 patches calculated.
[2026-07-17 09:31:59,876] INFO - Processing Array Data... Progress: 8704/13770 patches calculated.
[2026-07-17 09:32:00,618] INFO - Processing Array Data... Progress: 9216/13770 patches calculated.
[2026-07-17 09:32:01,158] INFO - Processing Array Data... Progress: 9728/13770 patches calculated.
[2026-07-17 09:32:01,453] INFO - Processing Array Data... Progress: 10240/13770 patches calculated.
[2026-07-17 09:32:01,634] INFO - Processing Array Data... Progress: 10752/13770 patches calculated.
[2026-07-17 09:32:01,673] INFO - Sliding window completed. Extracted 2 unsuppressed hits. Running Spatial NMS...
[2026-07-17 09:32:01,674] INFO - Scan complete. Identified 2 highly unique cyclogenesis hazard locations.
[2026-07-17 09:32:01,679] INFO - GeoJSON data file exported to path: /workspace/output/genesis_forecast_72h_20260717_0000.geojson
[2026-07-17 09:32:01,687] INFO - Shapefile data vector array cluster created at: /workspace/output/genesis_forecast_72h_20260717_0000
[2026-07-20 10:02:10,659] INFO - ✅ Best Fused Ensemble structural neural weight layer graph mounted successfully.
[2026-07-20 10:02:10,660] INFO - Probing runtime availability for cycle loop: 2026-07-20 12:00 UTC
[2026-07-20 10:02:10,664] INFO - Requesting stream step f000 from NOMADS server...
[2026-07-20 10:02:10,910] WARNING - NOMADS step availability gap for f000: Status 403
[2026-07-20 10:02:10,912] INFO - Probing runtime availability for cycle loop: 2026-07-20 06:00 UTC
[2026-07-20 10:02:10,913] INFO - Requesting stream step f000 from NOMADS server...
[2026-07-20 10:02:11,508] WARNING - NOMADS step availability gap for f000: Status 404
[2026-07-20 10:02:11,510] INFO - Probing runtime availability for cycle loop: 2026-07-20 00:00 UTC
[2026-07-20 10:02:11,512] INFO - Requesting stream step f000 from NOMADS server...
[2026-07-20 10:02:21,679] INFO - ✅ Active operational loop verified for time matrix: 2026-07-20 00:00:00
[2026-07-20 10:02:21,679] INFO - 🔄 Processing Input Step f000 -> Generating True +24h Forecast Target...
[2026-07-20 10:02:21,681] INFO - Extracting meteorological channels from: /workspace/live_data/fnl_20260720_00_f000.grib2
[2026-07-20 10:02:29,091] INFO - Downsampling dense 0.25-degree operational grid to 1.0-degree training resolution...
[2026-07-20 10:02:29,121] INFO - Aligned Grid Geometry: Latitudes=181, Longitudes=360
[2026-07-20 10:02:29,126] INFO - ✅ Scaling profiles loaded. Normalizing meteorology tensors...
[2026-07-20 10:02:29,182] INFO - Targeting evaluation of 13770 global patches.
[2026-07-20 10:02:30,882] INFO - Processing Array Data... Progress: 5632/13770 patches calculated.
[2026-07-20 10:02:31,549] INFO - Processing Array Data... Progress: 6144/13770 patches calculated.
[2026-07-20 10:02:32,449] INFO - Processing Array Data... Progress: 6656/13770 patches calculated.
[2026-07-20 10:02:33,388] INFO - Processing Array Data... Progress: 7168/13770 patches calculated.
[2026-07-20 10:02:34,500] INFO - Processing Array Data... Progress: 7680/13770 patches calculated.
[2026-07-20 10:02:35,580] INFO - Processing Array Data... Progress: 8192/13770 patches calculated.
[2026-07-20 10:02:36,463] INFO - Processing Array Data... Progress: 8704/13770 patches calculated.
[2026-07-20 10:02:37,903] INFO - Processing Array Data... Progress: 9216/13770 patches calculated.
[2026-07-20 10:02:38,491] INFO - Processing Array Data... Progress: 9728/13770 patches calculated.
[2026-07-20 10:02:38,848] INFO - Processing Array Data... Progress: 10240/13770 patches calculated.
[2026-07-20 10:02:39,089] INFO - Processing Array Data... Progress: 10752/13770 patches calculated.
[2026-07-20 10:02:39,126] INFO - Sliding window completed. Extracted 5 unsuppressed hits. Running Spatial NMS...
[2026-07-20 10:02:39,127] INFO - Scan complete. Identified 5 highly unique cyclogenesis hazard locations.
[2026-07-20 10:02:39,131] INFO - GeoJSON data file exported to path: /workspace/output/genesis_forecast_24h_20260720_0000.geojson
[2026-07-20 10:02:39,139] INFO - Shapefile data vector array cluster created at: /workspace/output/genesis_forecast_24h_20260720_0000
[2026-07-20 10:02:39,139] INFO - 🔄 Processing Input Step f024 -> Generating True +48h Forecast Target...
[2026-07-20 10:02:39,140] INFO - Requesting stream step f024 from NOMADS server...
[2026-07-20 10:02:48,933] INFO - Extracting meteorological channels from: /workspace/live_data/fnl_20260720_00_f024.grib2
[2026-07-20 10:02:56,281] INFO - Downsampling dense 0.25-degree operational grid to 1.0-degree training resolution...
[2026-07-20 10:02:56,309] INFO - Aligned Grid Geometry: Latitudes=181, Longitudes=360
[2026-07-20 10:02:56,312] INFO - ✅ Scaling profiles loaded. Normalizing meteorology tensors...
[2026-07-20 10:02:56,361] INFO - Targeting evaluation of 13770 global patches.
[2026-07-20 10:02:56,655] INFO - Processing Array Data... Progress: 5632/13770 patches calculated.
[2026-07-20 10:02:57,368] INFO - Processing Array Data... Progress: 6144/13770 patches calculated.
[2026-07-20 10:02:58,219] INFO - Processing Array Data... Progress: 6656/13770 patches calculated.
[2026-07-20 10:02:59,180] INFO - Processing Array Data... Progress: 7168/13770 patches calculated.
[2026-07-20 10:02:59,324] INFO - Processing Array Data... Progress: 7680/13770 patches calculated.
[2026-07-20 10:02:59,461] INFO - Processing Array Data... Progress: 8192/13770 patches calculated.
[2026-07-20 10:03:00,351] INFO - Processing Array Data... Progress: 8704/13770 patches calculated.
[2026-07-20 10:03:01,062] INFO - Processing Array Data... Progress: 9216/13770 patches calculated.
[2026-07-20 10:03:01,794] INFO - Processing Array Data... Progress: 9728/13770 patches calculated.
[2026-07-20 10:03:02,163] INFO - Processing Array Data... Progress: 10240/13770 patches calculated.
[2026-07-20 10:03:02,199] INFO - Processing Array Data... Progress: 10752/13770 patches calculated.
[2026-07-20 10:03:02,236] INFO - Sliding window completed. Extracted 5 unsuppressed hits. Running Spatial NMS...
[2026-07-20 10:03:02,237] INFO - Scan complete. Identified 5 highly unique cyclogenesis hazard locations.
[2026-07-20 10:03:02,241] INFO - GeoJSON data file exported to path: /workspace/output/genesis_forecast_48h_20260720_0000.geojson
[2026-07-20 10:03:02,253] INFO - Shapefile data vector array cluster created at: /workspace/output/genesis_forecast_48h_20260720_0000
[2026-07-20 10:03:02,254] INFO - 🔄 Processing Input Step f048 -> Generating True +72h Forecast Target...
[2026-07-20 10:03:02,255] INFO - Requesting stream step f048 from NOMADS server...
[2026-07-20 10:03:11,632] INFO - Extracting meteorological channels from: /workspace/live_data/fnl_20260720_00_f048.grib2
[2026-07-20 10:03:20,025] INFO - Downsampling dense 0.25-degree operational grid to 1.0-degree training resolution...
[2026-07-20 10:03:20,054] INFO - Aligned Grid Geometry: Latitudes=181, Longitudes=360
[2026-07-20 10:03:20,057] INFO - ✅ Scaling profiles loaded. Normalizing meteorology tensors...
[2026-07-20 10:03:20,109] INFO - Targeting evaluation of 13770 global patches.
[2026-07-20 10:03:20,520] INFO - Processing Array Data... Progress: 5632/13770 patches calculated.
[2026-07-20 10:03:20,611] INFO - Processing Array Data... Progress: 6144/13770 patches calculated.
[2026-07-20 10:03:20,727] INFO - Processing Array Data... Progress: 6656/13770 patches calculated.
[2026-07-20 10:03:20,850] INFO - Processing Array Data... Progress: 7168/13770 patches calculated.
[2026-07-20 10:03:20,995] INFO - Processing Array Data... Progress: 7680/13770 patches calculated.
[2026-07-20 10:03:22,144] INFO - Processing Array Data... Progress: 8192/13770 patches calculated.
[2026-07-20 10:03:23,043] INFO - Processing Array Data... Progress: 8704/13770 patches calculated.
[2026-07-20 10:03:23,867] INFO - Processing Array Data... Progress: 9216/13770 patches calculated.
[2026-07-20 10:03:24,482] INFO - Processing Array Data... Progress: 9728/13770 patches calculated.
[2026-07-20 10:03:24,747] INFO - Processing Array Data... Progress: 10240/13770 patches calculated.
[2026-07-20 10:03:24,927] INFO - Processing Array Data... Progress: 10752/13770 patches calculated.
[2026-07-20 10:03:24,964] INFO - Sliding window completed. Extracted 3 unsuppressed hits. Running Spatial NMS...
[2026-07-20 10:03:24,965] INFO - Scan complete. Identified 1 highly unique cyclogenesis hazard locations.
[2026-07-20 10:03:24,970] INFO - GeoJSON data file exported to path: /workspace/output/genesis_forecast_72h_20260720_0000.geojson
[2026-07-20 10:03:24,980] INFO - Shapefile data vector array cluster created at: /workspace/output/genesis_forecast_72h_20260720_0000
[2026-07-20 10:08:38,613] INFO - ✅ Best Fused Ensemble structural neural weight layer graph mounted successfully.
[2026-07-20 10:08:38,614] INFO - Probing runtime availability for cycle loop: 2026-07-20 12:00 UTC
[2026-07-20 10:08:38,616] INFO - Requesting stream step f000 from NOMADS server...
[2026-07-20 10:08:38,856] WARNING - NOMADS step availability gap for f000: Status 403
[2026-07-20 10:08:38,858] INFO - Probing runtime availability for cycle loop: 2026-07-20 06:00 UTC
[2026-07-20 10:08:38,859] INFO - Requesting stream step f000 from NOMADS server...
[2026-07-20 10:08:39,513] WARNING - NOMADS step availability gap for f000: Status 404
[2026-07-20 10:08:39,515] INFO - Probing runtime availability for cycle loop: 2026-07-20 00:00 UTC
[2026-07-20 10:08:39,519] INFO - ✅ Active operational loop verified for time matrix: 2026-07-20 00:00:00
[2026-07-20 10:08:39,521] INFO - 🔄 Processing Input Step f000 -> Generating True +24h Forecast Target...
[2026-07-20 10:08:39,526] INFO - Extracting meteorological channels from: /workspace/live_data/fnl_20260720_00_f000.grib2
[2026-07-20 10:08:45,987] INFO - Downsampling dense 0.25-degree operational grid to 1.0-degree training resolution...
[2026-07-20 10:08:46,017] INFO - Aligned Grid Geometry: Latitudes=181, Longitudes=360
[2026-07-20 10:08:46,023] INFO - ✅ Scaling profiles loaded. Normalizing meteorology tensors...
[2026-07-20 10:08:46,080] INFO - Targeting evaluation of 13770 global patches.
[2026-07-20 10:08:47,827] INFO - Processing Array Data... Progress: 5632/13770 patches calculated.
[2026-07-20 10:08:48,539] INFO - Processing Array Data... Progress: 6144/13770 patches calculated.
[2026-07-20 10:08:49,443] INFO - Processing Array Data... Progress: 6656/13770 patches calculated.
[2026-07-20 10:08:50,401] INFO - Processing Array Data... Progress: 7168/13770 patches calculated.
[2026-07-20 10:08:51,499] INFO - Processing Array Data... Progress: 7680/13770 patches calculated.
[2026-07-20 10:08:52,602] INFO - Processing Array Data... Progress: 8192/13770 patches calculated.
[2026-07-20 10:08:53,470] INFO - Processing Array Data... Progress: 8704/13770 patches calculated.
[2026-07-20 10:08:54,921] INFO - Processing Array Data... Progress: 9216/13770 patches calculated.
[2026-07-20 10:08:55,514] INFO - Processing Array Data... Progress: 9728/13770 patches calculated.
[2026-07-20 10:08:55,899] INFO - Processing Array Data... Progress: 10240/13770 patches calculated.
[2026-07-20 10:08:56,143] INFO - Processing Array Data... Progress: 10752/13770 patches calculated.
[2026-07-20 10:08:56,179] INFO - Sliding window completed. Extracted 5 unsuppressed hits. Running Spatial NMS...
[2026-07-20 10:08:56,180] INFO - Scan complete. Identified 5 highly unique cyclogenesis hazard locations.
[2026-07-20 10:08:56,189] INFO - GeoJSON data file exported to path: /workspace/output/genesis_forecast_24h_20260720_0000.geojson
[2026-07-20 10:08:56,228] INFO - Shapefile data vector array cluster created at: /workspace/output/genesis_forecast_24h_20260720_0000
[2026-07-20 10:08:56,229] INFO - 🔄 Processing Input Step f024 -> Generating True +48h Forecast Target...
[2026-07-20 10:08:56,231] INFO - Extracting meteorological channels from: /workspace/live_data/fnl_20260720_00_f024.grib2
[2026-07-20 10:09:01,751] INFO - Downsampling dense 0.25-degree operational grid to 1.0-degree training resolution...
[2026-07-20 10:09:01,782] INFO - Aligned Grid Geometry: Latitudes=181, Longitudes=360
[2026-07-20 10:09:01,785] INFO - ✅ Scaling profiles loaded. Normalizing meteorology tensors...
[2026-07-20 10:09:01,835] INFO - Targeting evaluation of 13770 global patches.
[2026-07-20 10:09:02,028] INFO - Processing Array Data... Progress: 5632/13770 patches calculated.
[2026-07-20 10:09:02,930] INFO - Processing Array Data... Progress: 6144/13770 patches calculated.
[2026-07-20 10:09:03,779] INFO - Processing Array Data... Progress: 6656/13770 patches calculated.
[2026-07-20 10:09:04,718] INFO - Processing Array Data... Progress: 7168/13770 patches calculated.
[2026-07-20 10:09:04,868] INFO - Processing Array Data... Progress: 7680/13770 patches calculated.
[2026-07-20 10:09:05,008] INFO - Processing Array Data... Progress: 8192/13770 patches calculated.
[2026-07-20 10:09:05,884] INFO - Processing Array Data... Progress: 8704/13770 patches calculated.
[2026-07-20 10:09:06,586] INFO - Processing Array Data... Progress: 9216/13770 patches calculated.
[2026-07-20 10:09:07,329] INFO - Processing Array Data... Progress: 9728/13770 patches calculated.
[2026-07-20 10:09:07,707] INFO - Processing Array Data... Progress: 10240/13770 patches calculated.
[2026-07-20 10:09:07,743] INFO - Processing Array Data... Progress: 10752/13770 patches calculated.
[2026-07-20 10:09:07,779] INFO - Sliding window completed. Extracted 5 unsuppressed hits. Running Spatial NMS...
[2026-07-20 10:09:07,780] INFO - Scan complete. Identified 5 highly unique cyclogenesis hazard locations.
[2026-07-20 10:09:07,785] INFO - GeoJSON data file exported to path: /workspace/output/genesis_forecast_48h_20260720_0000.geojson
[2026-07-20 10:09:07,800] INFO - Shapefile data vector array cluster created at: /workspace/output/genesis_forecast_48h_20260720_0000
[2026-07-20 10:09:07,800] INFO - 🔄 Processing Input Step f048 -> Generating True +72h Forecast Target...
[2026-07-20 10:09:07,802] INFO - Extracting meteorological channels from: /workspace/live_data/fnl_20260720_00_f048.grib2
[2026-07-20 10:09:13,542] INFO - Downsampling dense 0.25-degree operational grid to 1.0-degree training resolution...
[2026-07-20 10:09:13,573] INFO - Aligned Grid Geometry: Latitudes=181, Longitudes=360
[2026-07-20 10:09:13,576] INFO - ✅ Scaling profiles loaded. Normalizing meteorology tensors...
[2026-07-20 10:09:13,635] INFO - Targeting evaluation of 13770 global patches.
[2026-07-20 10:09:14,312] INFO - Processing Array Data... Progress: 5632/13770 patches calculated.
[2026-07-20 10:09:14,419] INFO - Processing Array Data... Progress: 6144/13770 patches calculated.
[2026-07-20 10:09:14,551] INFO - Processing Array Data... Progress: 6656/13770 patches calculated.
[2026-07-20 10:09:14,675] INFO - Processing Array Data... Progress: 7168/13770 patches calculated.
[2026-07-20 10:09:14,859] INFO - Processing Array Data... Progress: 7680/13770 patches calculated.
[2026-07-20 10:09:15,986] INFO - Processing Array Data... Progress: 8192/13770 patches calculated.
[2026-07-20 10:09:16,930] INFO - Processing Array Data... Progress: 8704/13770 patches calculated.
[2026-07-20 10:09:17,792] INFO - Processing Array Data... Progress: 9216/13770 patches calculated.
[2026-07-20 10:09:18,408] INFO - Processing Array Data... Progress: 9728/13770 patches calculated.
[2026-07-20 10:09:18,680] INFO - Processing Array Data... Progress: 10240/13770 patches calculated.
[2026-07-20 10:09:18,866] INFO - Processing Array Data... Progress: 10752/13770 patches calculated.
[2026-07-20 10:09:18,905] INFO - Sliding window completed. Extracted 3 unsuppressed hits. Running Spatial NMS...
[2026-07-20 10:09:18,906] INFO - Scan complete. Identified 1 highly unique cyclogenesis hazard locations.
[2026-07-20 10:09:18,911] INFO - GeoJSON data file exported to path: /workspace/output/genesis_forecast_72h_20260720_0000.geojson
[2026-07-20 10:09:18,924] INFO - Shapefile data vector array cluster created at: /workspace/output/genesis_forecast_72h_20260720_0000
[2026-07-20 10:13:12,851] INFO - ✅ Best Fused Ensemble structural neural weight layer graph mounted successfully.
[2026-07-20 10:13:12,851] INFO - Probing runtime availability for cycle loop: 2026-07-20 12:00 UTC
[2026-07-20 10:13:12,853] INFO - Requesting stream step f000 from NOMADS server...
[2026-07-20 10:13:13,108] WARNING - NOMADS step availability gap for f000: Status 403
[2026-07-20 10:13:13,110] INFO - Probing runtime availability for cycle loop: 2026-07-20 06:00 UTC
[2026-07-20 10:13:13,112] INFO - Requesting stream step f000 from NOMADS server...
[2026-07-20 10:13:13,652] WARNING - NOMADS step availability gap for f000: Status 404
[2026-07-20 10:13:13,654] INFO - Probing runtime availability for cycle loop: 2026-07-20 00:00 UTC
[2026-07-20 10:13:13,655] INFO - ✅ Active operational loop verified for time matrix: 2026-07-20 00:00:00
[2026-07-20 10:13:13,656] INFO - 🔄 Processing Input Step f000 -> Generating True +24h Forecast Target...
[2026-07-20 10:13:13,657] INFO - Extracting meteorological channels from: /workspace/live_data/fnl_20260720_00_f000.grib2
[2026-07-20 10:13:19,648] INFO - Downsampling dense 0.25-degree operational grid to 1.0-degree training resolution...
[2026-07-20 10:13:19,676] INFO - Aligned Grid Geometry: Latitudes=181, Longitudes=360
[2026-07-20 10:13:19,681] INFO - ✅ Scaling profiles loaded. Normalizing meteorology tensors...
[2026-07-20 10:13:19,740] INFO - Targeting evaluation of 13770 global patches.
[2026-07-20 10:13:21,457] INFO - Processing Array Data... Progress: 5632/13770 patches calculated.
[2026-07-20 10:13:22,160] INFO - Processing Array Data... Progress: 6144/13770 patches calculated.
[2026-07-20 10:13:23,125] INFO - Processing Array Data... Progress: 6656/13770 patches calculated.
[2026-07-20 10:13:24,070] INFO - Processing Array Data... Progress: 7168/13770 patches calculated.
[2026-07-20 10:13:25,173] INFO - Processing Array Data... Progress: 7680/13770 patches calculated.
[2026-07-20 10:13:26,310] INFO - Processing Array Data... Progress: 8192/13770 patches calculated.
[2026-07-20 10:13:27,177] INFO - Processing Array Data... Progress: 8704/13770 patches calculated.
[2026-07-20 10:13:28,623] INFO - Processing Array Data... Progress: 9216/13770 patches calculated.
[2026-07-20 10:13:29,214] INFO - Processing Array Data... Progress: 9728/13770 patches calculated.
[2026-07-20 10:13:29,621] INFO - Processing Array Data... Progress: 10240/13770 patches calculated.
[2026-07-20 10:13:29,864] INFO - Processing Array Data... Progress: 10752/13770 patches calculated.
[2026-07-20 10:13:29,901] INFO - Sliding window completed. Extracted 5 unsuppressed hits. Running Spatial NMS...
[2026-07-20 10:13:29,904] INFO - Scan complete. Identified 5 highly unique cyclogenesis hazard locations.
[2026-07-20 10:13:29,908] INFO - GeoJSON data file exported to path: /workspace/output/genesis_forecast_24h_20260720_0000.geojson
[2026-07-20 10:13:29,923] INFO - Shapefile data vector array cluster created at: /workspace/output/genesis_forecast_24h_20260720_0000
[2026-07-20 10:13:29,923] INFO - 🔄 Processing Input Step f024 -> Generating True +48h Forecast Target...
[2026-07-20 10:13:29,925] INFO - Extracting meteorological channels from: /workspace/live_data/fnl_20260720_00_f024.grib2
[2026-07-20 10:13:35,495] INFO - Downsampling dense 0.25-degree operational grid to 1.0-degree training resolution...
[2026-07-20 10:13:35,523] INFO - Aligned Grid Geometry: Latitudes=181, Longitudes=360
[2026-07-20 10:13:35,528] INFO - ✅ Scaling profiles loaded. Normalizing meteorology tensors...
[2026-07-20 10:13:35,581] INFO - Targeting evaluation of 13770 global patches.
[2026-07-20 10:13:35,752] INFO - Processing Array Data... Progress: 5632/13770 patches calculated.
[2026-07-20 10:13:36,651] INFO - Processing Array Data... Progress: 6144/13770 patches calculated.
[2026-07-20 10:13:37,552] INFO - Processing Array Data... Progress: 6656/13770 patches calculated.
[2026-07-20 10:13:38,512] INFO - Processing Array Data... Progress: 7168/13770 patches calculated.
[2026-07-20 10:13:38,667] INFO - Processing Array Data... Progress: 7680/13770 patches calculated.
[2026-07-20 10:13:38,808] INFO - Processing Array Data... Progress: 8192/13770 patches calculated.
[2026-07-20 10:13:39,707] INFO - Processing Array Data... Progress: 8704/13770 patches calculated.
[2026-07-20 10:13:40,415] INFO - Processing Array Data... Progress: 9216/13770 patches calculated.
[2026-07-20 10:13:41,166] INFO - Processing Array Data... Progress: 9728/13770 patches calculated.
[2026-07-20 10:13:41,559] INFO - Processing Array Data... Progress: 10240/13770 patches calculated.
[2026-07-20 10:13:41,600] INFO - Processing Array Data... Progress: 10752/13770 patches calculated.
[2026-07-20 10:13:41,637] INFO - Sliding window completed. Extracted 5 unsuppressed hits. Running Spatial NMS...
[2026-07-20 10:13:41,638] INFO - Scan complete. Identified 5 highly unique cyclogenesis hazard locations.
[2026-07-20 10:13:41,643] INFO - GeoJSON data file exported to path: /workspace/output/genesis_forecast_48h_20260720_0000.geojson
[2026-07-20 10:13:41,657] INFO - Shapefile data vector array cluster created at: /workspace/output/genesis_forecast_48h_20260720_0000
[2026-07-20 10:13:41,658] INFO - 🔄 Processing Input Step f048 -> Generating True +72h Forecast Target...
[2026-07-20 10:13:41,659] INFO - Extracting meteorological channels from: /workspace/live_data/fnl_20260720_00_f048.grib2
[2026-07-20 10:13:47,387] INFO - Downsampling dense 0.25-degree operational grid to 1.0-degree training resolution...
[2026-07-20 10:13:47,418] INFO - Aligned Grid Geometry: Latitudes=181, Longitudes=360
[2026-07-20 10:13:47,425] INFO - ✅ Scaling profiles loaded. Normalizing meteorology tensors...
[2026-07-20 10:13:47,485] INFO - Targeting evaluation of 13770 global patches.
[2026-07-20 10:13:48,213] INFO - Processing Array Data... Progress: 5632/13770 patches calculated.
[2026-07-20 10:13:48,331] INFO - Processing Array Data... Progress: 6144/13770 patches calculated.
[2026-07-20 10:13:48,448] INFO - Processing Array Data... Progress: 6656/13770 patches calculated.
[2026-07-20 10:13:48,570] INFO - Processing Array Data... Progress: 7168/13770 patches calculated.
[2026-07-20 10:13:48,714] INFO - Processing Array Data... Progress: 7680/13770 patches calculated.
[2026-07-20 10:13:49,794] INFO - Processing Array Data... Progress: 8192/13770 patches calculated.
[2026-07-20 10:13:50,724] INFO - Processing Array Data... Progress: 8704/13770 patches calculated.
[2026-07-20 10:13:51,545] INFO - Processing Array Data... Progress: 9216/13770 patches calculated.
[2026-07-20 10:13:52,143] INFO - Processing Array Data... Progress: 9728/13770 patches calculated.
[2026-07-20 10:13:52,411] INFO - Processing Array Data... Progress: 10240/13770 patches calculated.
[2026-07-20 10:13:52,590] INFO - Processing Array Data... Progress: 10752/13770 patches calculated.
[2026-07-20 10:13:52,626] INFO - Sliding window completed. Extracted 3 unsuppressed hits. Running Spatial NMS...
[2026-07-20 10:13:52,630] INFO - Scan complete. Identified 1 highly unique cyclogenesis hazard locations.
[2026-07-20 10:13:52,640] INFO - GeoJSON data file exported to path: /workspace/output/genesis_forecast_72h_20260720_0000.geojson
[2026-07-20 10:13:52,661] INFO - Shapefile data vector array cluster created at: /workspace/output/genesis_forecast_72h_20260720_0000
[2026-07-20 10:24:05,310] INFO - ✅ Best Fused Ensemble structural neural weight layer graph mounted successfully.
[2026-07-20 10:24:05,311] INFO - Probing runtime availability for cycle loop: 2026-07-20 12:00 UTC
[2026-07-20 10:24:05,314] INFO - Requesting stream step f000 from NOMADS server...
[2026-07-20 10:24:05,570] WARNING - NOMADS step availability gap for f000: Status 403
[2026-07-20 10:24:05,573] INFO - Probing runtime availability for cycle loop: 2026-07-20 06:00 UTC
[2026-07-20 10:24:05,575] INFO - Requesting stream step f000 from NOMADS server...
[2026-07-20 10:24:06,086] WARNING - NOMADS step availability gap for f000: Status 404
[2026-07-20 10:24:06,090] INFO - Probing runtime availability for cycle loop: 2026-07-20 00:00 UTC
[2026-07-20 10:24:06,092] INFO - ✅ Active operational loop verified for time matrix: 2026-07-20 00:00:00
[2026-07-20 10:24:06,093] INFO - 🔄 Processing Input Step f000 -> Generating True +24h Forecast Target...
[2026-07-20 10:24:06,097] INFO - Extracting meteorological channels from: /workspace/live_data/fnl_20260720_00_f000.grib2
[2026-07-20 10:24:11,564] INFO - Interpolating 0.25-degree grid down to 1.0-degree bounds without losing structural vortex anomalies...
[2026-07-20 10:24:12,480] INFO - Aligned Grid Geometry: Latitudes=181, Longitudes=361
[2026-07-20 10:24:12,485] INFO - ✅ Scaling profiles loaded. Normalizing meteorology tensors...
[2026-07-20 10:24:12,546] INFO - Targeting evaluation of 54901 global patches.
[2026-07-20 10:24:51,456] INFO - Sliding window completed. Extracted 19 unsuppressed hits. Running Spatial NMS...
[2026-07-20 10:24:51,458] INFO - Scan complete. Identified 12 highly unique cyclogenesis hazard locations.
[2026-07-20 10:24:51,467] INFO - GeoJSON data file exported to path: /workspace/output/genesis_forecast_24h_20260720_0000.geojson
[2026-07-20 10:24:51,486] INFO - Shapefile data vector array cluster created at: /workspace/output/genesis_forecast_24h_20260720_0000
[2026-07-20 10:24:51,487] INFO - 🔄 Processing Input Step f024 -> Generating True +48h Forecast Target...
[2026-07-20 10:24:51,488] INFO - Extracting meteorological channels from: /workspace/live_data/fnl_20260720_00_f024.grib2
[2026-07-20 10:24:56,679] INFO - Interpolating 0.25-degree grid down to 1.0-degree bounds without losing structural vortex anomalies...
[2026-07-20 10:24:57,559] INFO - Aligned Grid Geometry: Latitudes=181, Longitudes=361
[2026-07-20 10:24:57,564] INFO - ✅ Scaling profiles loaded. Normalizing meteorology tensors...
[2026-07-20 10:24:57,624] INFO - Targeting evaluation of 54901 global patches.
[2026-07-20 10:25:29,035] INFO - Sliding window completed. Extracted 28 unsuppressed hits. Running Spatial NMS...
[2026-07-20 10:25:29,036] INFO - Scan complete. Identified 15 highly unique cyclogenesis hazard locations.
[2026-07-20 10:25:29,052] INFO - GeoJSON data file exported to path: /workspace/output/genesis_forecast_48h_20260720_0000.geojson
[2026-07-20 10:25:29,063] INFO - Shapefile data vector array cluster created at: /workspace/output/genesis_forecast_48h_20260720_0000
[2026-07-20 10:25:29,063] INFO - 🔄 Processing Input Step f048 -> Generating True +72h Forecast Target...
[2026-07-20 10:25:29,066] INFO - Extracting meteorological channels from: /workspace/live_data/fnl_20260720_00_f048.grib2
[2026-07-20 10:25:34,211] INFO - Interpolating 0.25-degree grid down to 1.0-degree bounds without losing structural vortex anomalies...
[2026-07-20 10:25:35,166] INFO - Aligned Grid Geometry: Latitudes=181, Longitudes=361
[2026-07-20 10:25:35,168] INFO - ✅ Scaling profiles loaded. Normalizing meteorology tensors...
[2026-07-20 10:25:35,229] INFO - Targeting evaluation of 54901 global patches.
[2026-07-20 10:25:58,913] INFO - Sliding window completed. Extracted 35 unsuppressed hits. Running Spatial NMS...
[2026-07-20 10:25:58,915] INFO - Scan complete. Identified 21 highly unique cyclogenesis hazard locations.
[2026-07-20 10:25:58,922] INFO - GeoJSON data file exported to path: /workspace/output/genesis_forecast_72h_20260720_0000.geojson
[2026-07-20 10:25:58,955] INFO - Shapefile data vector array cluster created at: /workspace/output/genesis_forecast_72h_20260720_0000
[2026-07-20 10:30:11,587] INFO - ✅ Best Fused Ensemble structural neural weight layer graph mounted successfully.
[2026-07-20 10:30:11,588] INFO - Probing runtime availability for cycle loop: 2026-07-20 12:00 UTC
[2026-07-20 10:30:11,591] INFO - Requesting stream step f000 from NOMADS server...
[2026-07-20 10:30:11,839] WARNING - NOMADS step availability gap for f000: Status 403
[2026-07-20 10:30:11,844] INFO - Probing runtime availability for cycle loop: 2026-07-20 06:00 UTC
[2026-07-20 10:30:11,846] INFO - Requesting stream step f000 from NOMADS server...
[2026-07-20 10:30:12,466] WARNING - NOMADS step availability gap for f000: Status 404
[2026-07-20 10:30:12,468] INFO - Probing runtime availability for cycle loop: 2026-07-20 00:00 UTC
[2026-07-20 10:30:12,469] INFO - ✅ Active operational loop verified for time matrix: 2026-07-20 00:00:00
[2026-07-20 10:30:12,470] INFO - 🔄 Processing Input Step f000 -> Generating True +24h Forecast Target...
[2026-07-20 10:30:12,471] INFO - Extracting meteorological channels from: /workspace/live_data/fnl_20260720_00_f000.grib2
[2026-07-20 10:30:17,870] INFO - Interpolating 0.25-degree grid down to 1.0-degree bounds without losing structural vortex anomalies...
[2026-07-20 10:30:18,808] INFO - Aligned Grid Geometry: Latitudes=181, Longitudes=361
[2026-07-20 10:30:18,812] INFO - ✅ Scaling profiles loaded. Normalizing meteorology tensors...
[2026-07-20 10:30:18,878] INFO - Targeting evaluation of 27621 global tropical patches.
[2026-07-20 10:30:53,358] INFO - Sliding window completed. Extracted 8 unsuppressed hits. Running Spatial NMS...
[2026-07-20 10:30:53,360] INFO - Scan complete. Identified 7 highly unique cyclogenesis hazard locations.
[2026-07-20 10:30:53,364] INFO - GeoJSON data file exported to path: /workspace/output/genesis_forecast_24h_20260720_0000.geojson
[2026-07-20 10:30:53,376] INFO - Shapefile data vector array cluster created at: /workspace/output/genesis_forecast_24h_20260720_0000
[2026-07-20 10:30:53,377] INFO - 🔄 Processing Input Step f024 -> Generating True +48h Forecast Target...
[2026-07-20 10:30:53,378] INFO - Extracting meteorological channels from: /workspace/live_data/fnl_20260720_00_f024.grib2
[2026-07-20 10:30:58,871] INFO - Interpolating 0.25-degree grid down to 1.0-degree bounds without losing structural vortex anomalies...
[2026-07-20 10:30:59,861] INFO - Aligned Grid Geometry: Latitudes=181, Longitudes=361
[2026-07-20 10:30:59,865] INFO - ✅ Scaling profiles loaded. Normalizing meteorology tensors...
[2026-07-20 10:30:59,927] INFO - Targeting evaluation of 27621 global tropical patches.
[2026-07-20 10:31:24,951] INFO - Sliding window completed. Extracted 10 unsuppressed hits. Running Spatial NMS...
[2026-07-20 10:31:24,953] INFO - Scan complete. Identified 7 highly unique cyclogenesis hazard locations.
[2026-07-20 10:31:24,958] INFO - GeoJSON data file exported to path: /workspace/output/genesis_forecast_48h_20260720_0000.geojson
[2026-07-20 10:31:24,973] INFO - Shapefile data vector array cluster created at: /workspace/output/genesis_forecast_48h_20260720_0000
[2026-07-20 10:31:24,973] INFO - 🔄 Processing Input Step f048 -> Generating True +72h Forecast Target...
[2026-07-20 10:31:24,976] INFO - Extracting meteorological channels from: /workspace/live_data/fnl_20260720_00_f048.grib2
[2026-07-20 10:31:30,668] INFO - Interpolating 0.25-degree grid down to 1.0-degree bounds without losing structural vortex anomalies...
[2026-07-20 10:31:31,807] INFO - Aligned Grid Geometry: Latitudes=181, Longitudes=361
[2026-07-20 10:31:31,810] INFO - ✅ Scaling profiles loaded. Normalizing meteorology tensors...
[2026-07-20 10:31:31,868] INFO - Targeting evaluation of 27621 global tropical patches.
[2026-07-20 10:31:49,765] INFO - Sliding window completed. Extracted 3 unsuppressed hits. Running Spatial NMS...
[2026-07-20 10:31:49,766] INFO - Scan complete. Identified 2 highly unique cyclogenesis hazard locations.
[2026-07-20 10:31:49,771] INFO - GeoJSON data file exported to path: /workspace/output/genesis_forecast_72h_20260720_0000.geojson
[2026-07-20 10:31:49,788] INFO - Shapefile data vector array cluster created at: /workspace/output/genesis_forecast_72h_20260720_0000
[2026-07-20 10:48:43,339] INFO - ✅ Best Fused Ensemble structural neural weight layer graph mounted successfully.
[2026-07-20 10:48:43,340] INFO - Probing runtime availability for cycle loop: 2026-07-20 12:00 UTC
[2026-07-20 10:48:43,342] INFO - Requesting stream step f000 from NOMADS server...
[2026-07-20 10:48:43,816] WARNING - NOMADS step availability gap for f000: Status 403
[2026-07-20 10:48:43,818] INFO - Probing runtime availability for cycle loop: 2026-07-20 06:00 UTC
[2026-07-20 10:48:43,820] INFO - Requesting stream step f000 from NOMADS server...
[2026-07-20 10:48:44,890] WARNING - NOMADS step availability gap for f000: Status 404
[2026-07-20 10:48:44,892] INFO - Probing runtime availability for cycle loop: 2026-07-20 00:00 UTC
[2026-07-20 10:48:44,894] INFO - ✅ Active operational loop verified for time matrix: 2026-07-20 00:00:00
[2026-07-20 10:48:44,895] INFO - 🔄 Processing Input Step f000 -> Generating True +24h Forecast Target...
[2026-07-20 10:48:44,897] INFO - Extracting meteorological channels from: /workspace/live_data/fnl_20260720_00_f000.grib2
[2026-07-20 10:48:50,198] INFO - Interpolating 0.25-degree grid down to 1.0-degree bounds without losing structural vortex anomalies...
[2026-07-20 10:48:51,108] INFO - Aligned Grid Geometry: Latitudes=181, Longitudes=361
[2026-07-20 10:48:51,111] INFO - ✅ Scaling profiles loaded. Normalizing meteorology tensors...
[2026-07-20 10:48:51,174] INFO - Targeting evaluation of 27621 global tropical patches.
[2026-07-20 10:49:25,954] INFO - Sliding window completed. Extracted 7 unsuppressed hits. Running Spatial NMS...
[2026-07-20 10:49:25,955] INFO - Scan complete. Identified 6 highly unique cyclogenesis hazard locations.
[2026-07-20 10:49:25,960] INFO - GeoJSON data file exported to path: /workspace/output/genesis_forecast_24h_20260720_0000.geojson
[2026-07-20 10:49:25,982] INFO - Shapefile data vector array cluster created at: /workspace/output/genesis_forecast_24h_20260720_0000
[2026-07-20 10:49:25,983] INFO - 🔄 Processing Input Step f024 -> Generating True +48h Forecast Target...
[2026-07-20 10:49:25,987] INFO - Extracting meteorological channels from: /workspace/live_data/fnl_20260720_00_f024.grib2
[2026-07-20 10:49:31,285] INFO - Interpolating 0.25-degree grid down to 1.0-degree bounds without losing structural vortex anomalies...
[2026-07-20 10:49:32,142] INFO - Aligned Grid Geometry: Latitudes=181, Longitudes=361
[2026-07-20 10:49:32,145] INFO - ✅ Scaling profiles loaded. Normalizing meteorology tensors...
[2026-07-20 10:49:32,201] INFO - Targeting evaluation of 27621 global tropical patches.
[2026-07-20 10:49:56,929] INFO - Sliding window completed. Extracted 8 unsuppressed hits. Running Spatial NMS...
[2026-07-20 10:49:56,930] INFO - Scan complete. Identified 7 highly unique cyclogenesis hazard locations.
[2026-07-20 10:49:56,935] INFO - GeoJSON data file exported to path: /workspace/output/genesis_forecast_48h_20260720_0000.geojson
[2026-07-20 10:49:56,957] INFO - Shapefile data vector array cluster created at: /workspace/output/genesis_forecast_48h_20260720_0000
[2026-07-20 10:49:56,958] INFO - 🔄 Processing Input Step f048 -> Generating True +72h Forecast Target...
[2026-07-20 10:49:56,961] INFO - Extracting meteorological channels from: /workspace/live_data/fnl_20260720_00_f048.grib2
[2026-07-20 10:50:02,743] INFO - Interpolating 0.25-degree grid down to 1.0-degree bounds without losing structural vortex anomalies...
[2026-07-20 10:50:03,884] INFO - Aligned Grid Geometry: Latitudes=181, Longitudes=361
[2026-07-20 10:50:03,890] INFO - ✅ Scaling profiles loaded. Normalizing meteorology tensors...
[2026-07-20 10:50:03,948] INFO - Targeting evaluation of 27621 global tropical patches.
[2026-07-20 10:50:21,564] INFO - Sliding window completed. Extracted 3 unsuppressed hits. Running Spatial NMS...
[2026-07-20 10:50:21,566] INFO - Scan complete. Identified 2 highly unique cyclogenesis hazard locations.
[2026-07-20 10:50:21,572] INFO - GeoJSON data file exported to path: /workspace/output/genesis_forecast_72h_20260720_0000.geojson
[2026-07-20 10:50:21,588] INFO - Shapefile data vector array cluster created at: /workspace/output/genesis_forecast_72h_20260720_0000
[2026-07-20 10:51:22,535] INFO - ✅ Best Fused Ensemble structural neural weight layer graph mounted successfully.
[2026-07-20 10:51:22,537] INFO - Probing runtime availability for cycle loop: 2026-07-20 12:00 UTC
[2026-07-20 10:51:22,539] INFO - Requesting stream step f000 from NOMADS server...
[2026-07-20 10:51:23,009] WARNING - NOMADS step availability gap for f000: Status 403
[2026-07-20 10:51:23,014] INFO - Probing runtime availability for cycle loop: 2026-07-20 06:00 UTC
[2026-07-20 10:51:23,017] INFO - Requesting stream step f000 from NOMADS server...
[2026-07-20 10:51:23,770] WARNING - NOMADS step availability gap for f000: Status 404
[2026-07-20 10:51:23,774] INFO - Probing runtime availability for cycle loop: 2026-07-20 00:00 UTC
[2026-07-20 10:51:23,777] INFO - ✅ Active operational loop verified for time matrix: 2026-07-20 00:00:00
[2026-07-20 10:51:23,778] INFO - 🔄 Processing Input Step f000 -> Generating True +24h Forecast Target...
[2026-07-20 10:51:23,780] INFO - Extracting meteorological channels from: /workspace/live_data/fnl_20260720_00_f000.grib2
[2026-07-20 10:51:28,740] INFO - Interpolating 0.25-degree grid down to 1.0-degree bounds without losing structural vortex anomalies...
[2026-07-20 10:51:29,688] INFO - Aligned Grid Geometry: Latitudes=181, Longitudes=361
[2026-07-20 10:51:29,692] INFO - ✅ Scaling profiles loaded. Normalizing meteorology tensors...
[2026-07-20 10:51:29,760] INFO - Targeting evaluation of 27621 global tropical patches.
[2026-07-20 10:52:03,760] INFO - Sliding window completed. Extracted 7 unsuppressed hits. Running Spatial NMS...
[2026-07-20 10:52:03,763] INFO - Scan complete. Identified 4 highly unique cyclogenesis hazard locations.
[2026-07-20 10:52:03,768] INFO - GeoJSON data file exported to path: /workspace/output/genesis_forecast_24h_20260720_0000.geojson
[2026-07-20 10:52:03,780] INFO - Shapefile data vector array cluster created at: /workspace/output/genesis_forecast_24h_20260720_0000
[2026-07-20 10:52:03,780] INFO - 🔄 Processing Input Step f024 -> Generating True +48h Forecast Target...
[2026-07-20 10:52:03,781] INFO - Extracting meteorological channels from: /workspace/live_data/fnl_20260720_00_f024.grib2
[2026-07-20 10:52:09,298] INFO - Interpolating 0.25-degree grid down to 1.0-degree bounds without losing structural vortex anomalies...
[2026-07-20 10:52:10,394] INFO - Aligned Grid Geometry: Latitudes=181, Longitudes=361
[2026-07-20 10:52:10,396] INFO - ✅ Scaling profiles loaded. Normalizing meteorology tensors...
[2026-07-20 10:52:10,456] INFO - Targeting evaluation of 27621 global tropical patches.
[2026-07-20 10:52:35,035] INFO - Sliding window completed. Extracted 8 unsuppressed hits. Running Spatial NMS...
[2026-07-20 10:52:35,037] INFO - Scan complete. Identified 6 highly unique cyclogenesis hazard locations.
[2026-07-20 10:52:35,043] INFO - GeoJSON data file exported to path: /workspace/output/genesis_forecast_48h_20260720_0000.geojson
[2026-07-20 10:52:35,075] INFO - Shapefile data vector array cluster created at: /workspace/output/genesis_forecast_48h_20260720_0000
[2026-07-20 10:52:35,075] INFO - 🔄 Processing Input Step f048 -> Generating True +72h Forecast Target...
[2026-07-20 10:52:35,076] INFO - Extracting meteorological channels from: /workspace/live_data/fnl_20260720_00_f048.grib2
[2026-07-20 10:52:39,818] INFO - Interpolating 0.25-degree grid down to 1.0-degree bounds without losing structural vortex anomalies...
[2026-07-20 10:52:40,948] INFO - Aligned Grid Geometry: Latitudes=181, Longitudes=361
[2026-07-20 10:52:40,953] INFO - ✅ Scaling profiles loaded. Normalizing meteorology tensors...
[2026-07-20 10:52:41,012] INFO - Targeting evaluation of 27621 global tropical patches.
[2026-07-20 10:52:59,196] INFO - Sliding window completed. Extracted 3 unsuppressed hits. Running Spatial NMS...
[2026-07-20 10:52:59,197] INFO - Scan complete. Identified 2 highly unique cyclogenesis hazard locations.
[2026-07-20 10:52:59,202] INFO - GeoJSON data file exported to path: /workspace/output/genesis_forecast_72h_20260720_0000.geojson
[2026-07-20 10:52:59,215] INFO - Shapefile data vector array cluster created at: /workspace/output/genesis_forecast_72h_20260720_0000
[2026-07-20 11:17:41,320] INFO - ✅ Best Fused Ensemble structural neural weight layer graph mounted successfully.
[2026-07-20 11:17:41,321] INFO - Probing runtime availability for cycle loop: 2026-07-20 12:00 UTC
[2026-07-20 11:17:41,323] INFO - Requesting stream step f000 from NOMADS server...
[2026-07-20 11:17:41,613] WARNING - NOMADS step availability gap for f000: Status 403
[2026-07-20 11:17:41,617] INFO - Probing runtime availability for cycle loop: 2026-07-20 06:00 UTC
[2026-07-20 11:17:41,620] INFO - Requesting stream step f000 from NOMADS server...
[2026-07-20 11:17:42,218] WARNING - NOMADS step availability gap for f000: Status 404
[2026-07-20 11:17:42,223] INFO - Probing runtime availability for cycle loop: 2026-07-20 00:00 UTC
[2026-07-20 11:17:42,226] INFO - ✅ Active operational loop verified for time matrix: 2026-07-20 00:00:00
[2026-07-20 11:17:42,227] INFO - 🔄 Processing Input Step f000 -> Generating True +24h Forecast Target...
[2026-07-20 11:17:42,229] INFO - Extracting meteorological channels from: /workspace/live_data/fnl_20260720_00_f000.grib2
[2026-07-20 11:17:48,019] INFO - Interpolating 0.25-degree grid down to 1.0-degree bounds without losing structural vortex anomalies...
[2026-07-20 11:17:49,015] INFO - Aligned Grid Geometry: Latitudes=181, Longitudes=361
[2026-07-20 11:17:49,017] INFO - ✅ Scaling profiles loaded. Normalizing meteorology tensors...
[2026-07-20 11:17:49,079] INFO - Targeting evaluation of 27621 global tropical patches.
[2026-07-20 11:18:24,911] INFO - Sliding window completed. Extracted 15 unsuppressed hits. Running Spatial NMS...
[2026-07-20 11:18:24,912] INFO - Scan complete. Identified 6 highly unique cyclogenesis hazard locations.
[2026-07-20 11:18:24,918] INFO - GeoJSON data file exported to path: /workspace/output/genesis_forecast_24h_20260720_0000.geojson
[2026-07-20 11:18:24,939] INFO - Shapefile data vector array cluster created at: /workspace/output/genesis_forecast_24h_20260720_0000
[2026-07-20 11:18:24,940] INFO - 🔄 Processing Input Step f024 -> Generating True +48h Forecast Target...
[2026-07-20 11:18:24,941] INFO - Extracting meteorological channels from: /workspace/live_data/fnl_20260720_00_f024.grib2
[2026-07-20 11:18:30,598] INFO - Interpolating 0.25-degree grid down to 1.0-degree bounds without losing structural vortex anomalies...
[2026-07-20 11:18:31,555] INFO - Aligned Grid Geometry: Latitudes=181, Longitudes=361
[2026-07-20 11:18:31,559] INFO - ✅ Scaling profiles loaded. Normalizing meteorology tensors...
[2026-07-20 11:18:31,619] INFO - Targeting evaluation of 27621 global tropical patches.
[2026-07-20 11:18:56,783] INFO - Sliding window completed. Extracted 14 unsuppressed hits. Running Spatial NMS...
[2026-07-20 11:18:56,785] INFO - Scan complete. Identified 7 highly unique cyclogenesis hazard locations.
[2026-07-20 11:18:56,789] INFO - GeoJSON data file exported to path: /workspace/output/genesis_forecast_48h_20260720_0000.geojson
[2026-07-20 11:18:56,802] INFO - Shapefile data vector array cluster created at: /workspace/output/genesis_forecast_48h_20260720_0000
[2026-07-20 11:18:56,802] INFO - 🔄 Processing Input Step f048 -> Generating True +72h Forecast Target...
[2026-07-20 11:18:56,805] INFO - Extracting meteorological channels from: /workspace/live_data/fnl_20260720_00_f048.grib2
[2026-07-20 11:19:02,758] INFO - Interpolating 0.25-degree grid down to 1.0-degree bounds without losing structural vortex anomalies...
[2026-07-20 11:19:03,841] INFO - Aligned Grid Geometry: Latitudes=181, Longitudes=361
[2026-07-20 11:19:03,846] INFO - ✅ Scaling profiles loaded. Normalizing meteorology tensors...
[2026-07-20 11:19:03,920] INFO - Targeting evaluation of 27621 global tropical patches.
[2026-07-20 11:19:22,126] INFO - Sliding window completed. Extracted 19 unsuppressed hits. Running Spatial NMS...
[2026-07-20 11:19:22,128] INFO - Scan complete. Identified 10 highly unique cyclogenesis hazard locations.
[2026-07-20 11:19:22,133] INFO - GeoJSON data file exported to path: /workspace/output/genesis_forecast_72h_20260720_0000.geojson
[2026-07-20 11:19:22,159] INFO - Shapefile data vector array cluster created at: /workspace/output/genesis_forecast_72h_20260720_0000
[2026-07-20 11:27:01,285] INFO - ✅ Best Fused Ensemble structural neural weight layer graph mounted successfully.
[2026-07-20 11:27:01,286] INFO - Probing runtime availability for cycle loop: 2026-07-20 12:00 UTC
[2026-07-20 11:27:01,287] INFO - Requesting stream step f000 from NOMADS server...
[2026-07-20 11:27:14,323] WARNING - NOMADS step availability gap for f000: Status 403
[2026-07-20 11:27:14,328] INFO - Probing runtime availability for cycle loop: 2026-07-20 06:00 UTC
[2026-07-20 11:27:14,331] INFO - Requesting stream step f000 from NOMADS server...
[2026-07-20 11:27:14,928] WARNING - NOMADS step availability gap for f000: Status 404
[2026-07-20 11:27:14,932] INFO - Probing runtime availability for cycle loop: 2026-07-20 00:00 UTC
[2026-07-20 11:27:14,934] INFO - ✅ Active operational loop verified for time matrix: 2026-07-20 00:00:00
[2026-07-20 11:27:14,935] INFO - 🔄 Processing Input Step f000 -> Generating True +24h Forecast Target...
[2026-07-20 11:27:14,937] INFO - Extracting meteorological channels from: /workspace/live_data/fnl_20260720_00_f000.grib2
[2026-07-20 11:27:20,385] INFO - Downsampling dense 0.25-degree operational grid to 1.0-degree training resolution...
[2026-07-20 11:27:20,418] INFO - Aligned Grid Geometry: Latitudes=181, Longitudes=360
[2026-07-20 11:27:20,421] INFO - ✅ Scaling profiles loaded. Normalizing meteorology tensors...
[2026-07-20 11:27:20,479] INFO - Targeting evaluation of 13770 global patches.
[2026-07-20 11:27:22,016] INFO - Processing Array Data... Progress: 5632/13770 patches calculated.
[2026-07-20 11:27:22,705] INFO - Processing Array Data... Progress: 6144/13770 patches calculated.
[2026-07-20 11:27:23,610] INFO - Processing Array Data... Progress: 6656/13770 patches calculated.
[2026-07-20 11:27:24,646] INFO - Processing Array Data... Progress: 7168/13770 patches calculated.
[2026-07-20 11:27:25,770] INFO - Processing Array Data... Progress: 7680/13770 patches calculated.
[2026-07-20 11:27:26,840] INFO - Processing Array Data... Progress: 8192/13770 patches calculated.
[2026-07-20 11:27:27,719] INFO - Processing Array Data... Progress: 8704/13770 patches calculated.
[2026-07-20 11:27:28,991] INFO - Processing Array Data... Progress: 9216/13770 patches calculated.
[2026-07-20 11:27:29,590] INFO - Processing Array Data... Progress: 9728/13770 patches calculated.
[2026-07-20 11:27:29,955] INFO - Processing Array Data... Progress: 10240/13770 patches calculated.
[2026-07-20 11:27:30,199] INFO - Processing Array Data... Progress: 10752/13770 patches calculated.
[2026-07-20 11:27:30,237] INFO - Sliding window completed. Extracted 5 unsuppressed hits. Running Spatial NMS...
[2026-07-20 11:27:30,238] INFO - Scan complete. Identified 5 highly unique cyclogenesis hazard locations.
[2026-07-20 11:27:30,243] INFO - GeoJSON data file exported to path: /workspace/output/genesis_forecast_24h_20260720_0000.geojson
[2026-07-20 11:27:30,252] INFO - Shapefile data vector array cluster created at: /workspace/output/genesis_forecast_24h_20260720_0000
[2026-07-20 11:27:30,253] INFO - 🔄 Processing Input Step f024 -> Generating True +48h Forecast Target...
[2026-07-20 11:27:30,256] INFO - Extracting meteorological channels from: /workspace/live_data/fnl_20260720_00_f024.grib2
[2026-07-20 11:27:35,341] INFO - Downsampling dense 0.25-degree operational grid to 1.0-degree training resolution...
[2026-07-20 11:27:35,370] INFO - Aligned Grid Geometry: Latitudes=181, Longitudes=360
[2026-07-20 11:27:35,374] INFO - ✅ Scaling profiles loaded. Normalizing meteorology tensors...
[2026-07-20 11:27:35,421] INFO - Targeting evaluation of 13770 global patches.
[2026-07-20 11:27:35,551] INFO - Processing Array Data... Progress: 5632/13770 patches calculated.
[2026-07-20 11:27:36,460] INFO - Processing Array Data... Progress: 6144/13770 patches calculated.
[2026-07-20 11:27:37,326] INFO - Processing Array Data... Progress: 6656/13770 patches calculated.
[2026-07-20 11:27:38,346] INFO - Processing Array Data... Progress: 7168/13770 patches calculated.
[2026-07-20 11:27:38,501] INFO - Processing Array Data... Progress: 7680/13770 patches calculated.
[2026-07-20 11:27:38,648] INFO - Processing Array Data... Progress: 8192/13770 patches calculated.
[2026-07-20 11:27:39,615] INFO - Processing Array Data... Progress: 8704/13770 patches calculated.
[2026-07-20 11:27:40,330] INFO - Processing Array Data... Progress: 9216/13770 patches calculated.
[2026-07-20 11:27:41,055] INFO - Processing Array Data... Progress: 9728/13770 patches calculated.
[2026-07-20 11:27:41,416] INFO - Processing Array Data... Progress: 10240/13770 patches calculated.
[2026-07-20 11:27:41,451] INFO - Processing Array Data... Progress: 10752/13770 patches calculated.
[2026-07-20 11:27:41,487] INFO - Sliding window completed. Extracted 5 unsuppressed hits. Running Spatial NMS...
[2026-07-20 11:27:41,487] INFO - Scan complete. Identified 5 highly unique cyclogenesis hazard locations.
[2026-07-20 11:27:41,491] INFO - GeoJSON data file exported to path: /workspace/output/genesis_forecast_48h_20260720_0000.geojson
[2026-07-20 11:27:41,501] INFO - Shapefile data vector array cluster created at: /workspace/output/genesis_forecast_48h_20260720_0000
[2026-07-20 11:27:41,501] INFO - 🔄 Processing Input Step f048 -> Generating True +72h Forecast Target...
[2026-07-20 11:27:41,503] INFO - Extracting meteorological channels from: /workspace/live_data/fnl_20260720_00_f048.grib2
[2026-07-20 11:27:47,118] INFO - Downsampling dense 0.25-degree operational grid to 1.0-degree training resolution...
[2026-07-20 11:27:47,146] INFO - Aligned Grid Geometry: Latitudes=181, Longitudes=360
[2026-07-20 11:27:47,149] INFO - ✅ Scaling profiles loaded. Normalizing meteorology tensors...
[2026-07-20 11:27:47,197] INFO - Targeting evaluation of 13770 global patches.
[2026-07-20 11:27:47,785] INFO - Processing Array Data... Progress: 5632/13770 patches calculated.
[2026-07-20 11:27:47,874] INFO - Processing Array Data... Progress: 6144/13770 patches calculated.
[2026-07-20 11:27:47,983] INFO - Processing Array Data... Progress: 6656/13770 patches calculated.
[2026-07-20 11:27:48,102] INFO - Processing Array Data... Progress: 7168/13770 patches calculated.
[2026-07-20 11:27:48,242] INFO - Processing Array Data... Progress: 7680/13770 patches calculated.
[2026-07-20 11:27:49,350] INFO - Processing Array Data... Progress: 8192/13770 patches calculated.
[2026-07-20 11:27:50,275] INFO - Processing Array Data... Progress: 8704/13770 patches calculated.
[2026-07-20 11:27:51,095] INFO - Processing Array Data... Progress: 9216/13770 patches calculated.
[2026-07-20 11:27:51,696] INFO - Processing Array Data... Progress: 9728/13770 patches calculated.
[2026-07-20 11:27:51,961] INFO - Processing Array Data... Progress: 10240/13770 patches calculated.
[2026-07-20 11:27:52,142] INFO - Processing Array Data... Progress: 10752/13770 patches calculated.
[2026-07-20 11:27:52,180] INFO - Sliding window completed. Extracted 3 unsuppressed hits. Running Spatial NMS...
[2026-07-20 11:27:52,181] INFO - Scan complete. Identified 1 highly unique cyclogenesis hazard locations.
[2026-07-20 11:27:52,188] INFO - GeoJSON data file exported to path: /workspace/output/genesis_forecast_72h_20260720_0000.geojson
[2026-07-20 11:27:52,201] INFO - Shapefile data vector array cluster created at: /workspace/output/genesis_forecast_72h_20260720_0000
[2026-07-20 11:30:16,924] INFO - ✅ Best Fused Ensemble structural neural weight layer graph mounted successfully.
[2026-07-20 11:30:16,925] INFO - Probing runtime availability for cycle loop: 2026-07-20 12:00 UTC
[2026-07-20 11:30:16,927] INFO - Requesting stream step f000 from NOMADS server...
[2026-07-20 11:30:17,173] WARNING - NOMADS step availability gap for f000: Status 403
[2026-07-20 11:30:17,178] INFO - Probing runtime availability for cycle loop: 2026-07-20 06:00 UTC
[2026-07-20 11:30:17,182] INFO - Requesting stream step f000 from NOMADS server...
[2026-07-20 11:30:17,827] WARNING - NOMADS step availability gap for f000: Status 404
[2026-07-20 11:30:17,831] INFO - Probing runtime availability for cycle loop: 2026-07-20 00:00 UTC
[2026-07-20 11:30:17,833] INFO - ✅ Active operational loop verified for time matrix: 2026-07-20 00:00:00
[2026-07-20 11:30:17,834] INFO - 🔄 Processing Input Step f000 -> Generating True +24h Forecast Target...
[2026-07-20 11:30:17,835] INFO - Extracting meteorological channels from: /workspace/live_data/fnl_20260720_00_f000.grib2
[2026-07-20 11:30:23,257] INFO - Downsampling dense 0.25-degree operational grid to 1.0-degree training resolution...
[2026-07-20 11:30:23,286] INFO - Aligned Grid Geometry: Latitudes=181, Longitudes=360
[2026-07-20 11:30:23,288] INFO - ✅ Scaling profiles loaded. Normalizing meteorology tensors...
[2026-07-20 11:30:23,346] INFO - Targeting evaluation of 13770 global patches.
[2026-07-20 11:30:25,023] INFO - Processing Array Data... Progress: 5632/13770 patches calculated.
[2026-07-20 11:30:25,729] INFO - Processing Array Data... Progress: 6144/13770 patches calculated.
[2026-07-20 11:30:26,630] INFO - Processing Array Data... Progress: 6656/13770 patches calculated.
[2026-07-20 11:30:27,590] INFO - Processing Array Data... Progress: 7168/13770 patches calculated.
[2026-07-20 11:30:28,726] INFO - Processing Array Data... Progress: 7680/13770 patches calculated.
[2026-07-20 11:30:29,862] INFO - Processing Array Data... Progress: 8192/13770 patches calculated.
[2026-07-20 11:30:30,755] INFO - Processing Array Data... Progress: 8704/13770 patches calculated.
[2026-07-20 11:30:32,201] INFO - Processing Array Data... Progress: 9216/13770 patches calculated.
[2026-07-20 11:30:32,802] INFO - Processing Array Data... Progress: 9728/13770 patches calculated.
[2026-07-20 11:30:33,170] INFO - Processing Array Data... Progress: 10240/13770 patches calculated.
[2026-07-20 11:30:33,419] INFO - Processing Array Data... Progress: 10752/13770 patches calculated.
[2026-07-20 11:30:33,454] INFO - Sliding window completed. Extracted 5 unsuppressed hits. Running Spatial NMS...
[2026-07-20 11:30:33,456] INFO - Scan complete. Identified 4 highly unique cyclogenesis hazard locations.
[2026-07-20 11:30:33,461] INFO - GeoJSON data file exported to path: /workspace/output/genesis_forecast_24h_20260720_0000.geojson
[2026-07-20 11:30:33,482] INFO - Shapefile data vector array cluster created at: /workspace/output/genesis_forecast_24h_20260720_0000
[2026-07-20 11:30:33,483] INFO - 🔄 Processing Input Step f024 -> Generating True +48h Forecast Target...
[2026-07-20 11:30:33,485] INFO - Extracting meteorological channels from: /workspace/live_data/fnl_20260720_00_f024.grib2
[2026-07-20 11:30:38,359] INFO - Downsampling dense 0.25-degree operational grid to 1.0-degree training resolution...
[2026-07-20 11:30:38,386] INFO - Aligned Grid Geometry: Latitudes=181, Longitudes=360
[2026-07-20 11:30:38,390] INFO - ✅ Scaling profiles loaded. Normalizing meteorology tensors...
[2026-07-20 11:30:38,436] INFO - Targeting evaluation of 13770 global patches.
[2026-07-20 11:30:38,582] INFO - Processing Array Data... Progress: 5632/13770 patches calculated.
[2026-07-20 11:30:39,438] INFO - Processing Array Data... Progress: 6144/13770 patches calculated.
[2026-07-20 11:30:40,298] INFO - Processing Array Data... Progress: 6656/13770 patches calculated.
[2026-07-20 11:30:41,264] INFO - Processing Array Data... Progress: 7168/13770 patches calculated.
[2026-07-20 11:30:41,410] INFO - Processing Array Data... Progress: 7680/13770 patches calculated.
[2026-07-20 11:30:41,560] INFO - Processing Array Data... Progress: 8192/13770 patches calculated.
[2026-07-20 11:30:42,485] INFO - Processing Array Data... Progress: 8704/13770 patches calculated.
[2026-07-20 11:30:43,205] INFO - Processing Array Data... Progress: 9216/13770 patches calculated.
[2026-07-20 11:30:43,947] INFO - Processing Array Data... Progress: 9728/13770 patches calculated.
[2026-07-20 11:30:44,312] INFO - Processing Array Data... Progress: 10240/13770 patches calculated.
[2026-07-20 11:30:44,345] INFO - Processing Array Data... Progress: 10752/13770 patches calculated.
[2026-07-20 11:30:44,382] INFO - Sliding window completed. Extracted 5 unsuppressed hits. Running Spatial NMS...
[2026-07-20 11:30:44,383] INFO - Scan complete. Identified 5 highly unique cyclogenesis hazard locations.
[2026-07-20 11:30:44,387] INFO - GeoJSON data file exported to path: /workspace/output/genesis_forecast_48h_20260720_0000.geojson
[2026-07-20 11:30:44,403] INFO - Shapefile data vector array cluster created at: /workspace/output/genesis_forecast_48h_20260720_0000
[2026-07-20 11:30:44,404] INFO - 🔄 Processing Input Step f048 -> Generating True +72h Forecast Target...
[2026-07-20 11:30:44,405] INFO - Extracting meteorological channels from: /workspace/live_data/fnl_20260720_00_f048.grib2
[2026-07-20 11:30:49,723] INFO - Downsampling dense 0.25-degree operational grid to 1.0-degree training resolution...
[2026-07-20 11:30:49,751] INFO - Aligned Grid Geometry: Latitudes=181, Longitudes=360
[2026-07-20 11:30:49,753] INFO - ✅ Scaling profiles loaded. Normalizing meteorology tensors...
[2026-07-20 11:30:49,802] INFO - Targeting evaluation of 13770 global patches.
[2026-07-20 11:30:50,434] INFO - Processing Array Data... Progress: 5632/13770 patches calculated.
[2026-07-20 11:30:50,535] INFO - Processing Array Data... Progress: 6144/13770 patches calculated.
[2026-07-20 11:30:50,647] INFO - Processing Array Data... Progress: 6656/13770 patches calculated.
[2026-07-20 11:30:50,766] INFO - Processing Array Data... Progress: 7168/13770 patches calculated.
[2026-07-20 11:30:50,905] INFO - Processing Array Data... Progress: 7680/13770 patches calculated.
[2026-07-20 11:30:52,005] INFO - Processing Array Data... Progress: 8192/13770 patches calculated.
[2026-07-20 11:30:52,923] INFO - Processing Array Data... Progress: 8704/13770 patches calculated.
[2026-07-20 11:30:53,758] INFO - Processing Array Data... Progress: 9216/13770 patches calculated.
[2026-07-20 11:30:54,373] INFO - Processing Array Data... Progress: 9728/13770 patches calculated.
[2026-07-20 11:30:54,646] INFO - Processing Array Data... Progress: 10240/13770 patches calculated.
[2026-07-20 11:30:54,824] INFO - Processing Array Data... Progress: 10752/13770 patches calculated.
[2026-07-20 11:30:54,859] INFO - Sliding window completed. Extracted 3 unsuppressed hits. Running Spatial NMS...
[2026-07-20 11:30:54,861] INFO - Scan complete. Identified 1 highly unique cyclogenesis hazard locations.
[2026-07-20 11:30:54,865] INFO - GeoJSON data file exported to path: /workspace/output/genesis_forecast_72h_20260720_0000.geojson
[2026-07-20 11:30:54,873] INFO - Shapefile data vector array cluster created at: /workspace/output/genesis_forecast_72h_20260720_0000
[2026-07-20 11:33:31,993] INFO - ✅ Best Fused Ensemble structural neural weight layer graph mounted successfully.
[2026-07-20 11:33:31,994] INFO - Probing runtime availability for cycle loop: 2026-07-20 12:00 UTC
[2026-07-20 11:33:31,995] INFO - Requesting stream step f000 from NOMADS server...
[2026-07-20 11:33:32,203] WARNING - NOMADS step availability gap for f000: Status 403
[2026-07-20 11:33:32,208] INFO - Probing runtime availability for cycle loop: 2026-07-20 06:00 UTC
[2026-07-20 11:33:32,210] INFO - Requesting stream step f000 from NOMADS server...
[2026-07-20 11:33:32,791] WARNING - NOMADS step availability gap for f000: Status 404
[2026-07-20 11:33:32,795] INFO - Probing runtime availability for cycle loop: 2026-07-20 00:00 UTC
[2026-07-20 11:33:32,798] INFO - ✅ Active operational loop verified for time matrix: 2026-07-20 00:00:00
[2026-07-20 11:33:32,799] INFO - 🔄 Processing Input Step f000 -> Generating True +24h Forecast Target...
[2026-07-20 11:33:32,800] INFO - Extracting meteorological channels from: /workspace/live_data/fnl_20260720_00_f000.grib2
[2026-07-20 11:33:37,941] INFO - Downsampling dense 0.25-degree operational grid to 1.0-degree training resolution...
[2026-07-20 11:33:37,969] INFO - Aligned Grid Geometry: Latitudes=181, Longitudes=360
[2026-07-20 11:33:37,973] INFO - ✅ Scaling profiles loaded. Normalizing meteorology tensors...
[2026-07-20 11:33:38,027] INFO - Targeting evaluation of 13770 global patches.
[2026-07-20 11:33:41,274] INFO - Processing Array Data... Progress: 5632/13770 patches calculated.
[2026-07-20 11:33:42,129] INFO - Processing Array Data... Progress: 6144/13770 patches calculated.
[2026-07-20 11:33:43,184] INFO - Processing Array Data... Progress: 6656/13770 patches calculated.
[2026-07-20 11:33:44,288] INFO - Processing Array Data... Progress: 7168/13770 patches calculated.
[2026-07-20 11:33:45,572] INFO - Processing Array Data... Progress: 7680/13770 patches calculated.
[2026-07-20 11:33:46,801] INFO - Processing Array Data... Progress: 8192/13770 patches calculated.
[2026-07-20 11:33:47,836] INFO - Processing Array Data... Progress: 8704/13770 patches calculated.
[2026-07-20 11:33:49,248] INFO - Processing Array Data... Progress: 9216/13770 patches calculated.
[2026-07-20 11:33:50,016] INFO - Processing Array Data... Progress: 9728/13770 patches calculated.
[2026-07-20 11:33:50,539] INFO - Processing Array Data... Progress: 10240/13770 patches calculated.
[2026-07-20 11:33:50,948] INFO - Processing Array Data... Progress: 10752/13770 patches calculated.
[2026-07-20 11:33:51,942] INFO - Sliding window completed. Extracted 5 unsuppressed hits. Running Spatial NMS...
[2026-07-20 11:33:51,944] INFO - Scan complete. Identified 4 highly unique cyclogenesis hazard locations.
[2026-07-20 11:33:51,948] INFO - GeoJSON data file exported to path: /workspace/output/genesis_forecast_24h_20260720_0000.geojson
[2026-07-20 11:33:51,958] INFO - Shapefile data vector array cluster created at: /workspace/output/genesis_forecast_24h_20260720_0000
[2026-07-20 11:33:51,959] INFO - 🔄 Processing Input Step f024 -> Generating True +48h Forecast Target...
[2026-07-20 11:33:51,961] INFO - Extracting meteorological channels from: /workspace/live_data/fnl_20260720_00_f024.grib2
[2026-07-20 11:33:56,789] INFO - Downsampling dense 0.25-degree operational grid to 1.0-degree training resolution...
[2026-07-20 11:33:56,815] INFO - Aligned Grid Geometry: Latitudes=181, Longitudes=360
[2026-07-20 11:33:56,819] INFO - ✅ Scaling profiles loaded. Normalizing meteorology tensors...
[2026-07-20 11:33:56,866] INFO - Targeting evaluation of 13770 global patches.
[2026-07-20 11:33:58,760] INFO - Processing Array Data... Progress: 5632/13770 patches calculated.
[2026-07-20 11:33:59,927] INFO - Processing Array Data... Progress: 6144/13770 patches calculated.
[2026-07-20 11:34:00,945] INFO - Processing Array Data... Progress: 6656/13770 patches calculated.
[2026-07-20 11:34:02,103] INFO - Processing Array Data... Progress: 7168/13770 patches calculated.
[2026-07-20 11:34:02,437] INFO - Processing Array Data... Progress: 7680/13770 patches calculated.
[2026-07-20 11:34:02,747] INFO - Processing Array Data... Progress: 8192/13770 patches calculated.
[2026-07-20 11:34:03,821] INFO - Processing Array Data... Progress: 8704/13770 patches calculated.
[2026-07-20 11:34:04,708] INFO - Processing Array Data... Progress: 9216/13770 patches calculated.
[2026-07-20 11:34:05,618] INFO - Processing Array Data... Progress: 9728/13770 patches calculated.
[2026-07-20 11:34:06,147] INFO - Processing Array Data... Progress: 10240/13770 patches calculated.
[2026-07-20 11:34:06,344] INFO - Processing Array Data... Progress: 10752/13770 patches calculated.
[2026-07-20 11:34:07,363] INFO - Sliding window completed. Extracted 5 unsuppressed hits. Running Spatial NMS...
[2026-07-20 11:34:07,366] INFO - Scan complete. Identified 5 highly unique cyclogenesis hazard locations.
[2026-07-20 11:34:07,377] INFO - GeoJSON data file exported to path: /workspace/output/genesis_forecast_48h_20260720_0000.geojson
[2026-07-20 11:34:07,396] INFO - Shapefile data vector array cluster created at: /workspace/output/genesis_forecast_48h_20260720_0000
[2026-07-20 11:34:07,397] INFO - 🔄 Processing Input Step f048 -> Generating True +72h Forecast Target...
[2026-07-20 11:34:07,399] INFO - Extracting meteorological channels from: /workspace/live_data/fnl_20260720_00_f048.grib2
[2026-07-20 11:34:12,771] INFO - Downsampling dense 0.25-degree operational grid to 1.0-degree training resolution...
[2026-07-20 11:34:12,801] INFO - Aligned Grid Geometry: Latitudes=181, Longitudes=360
[2026-07-20 11:34:12,804] INFO - ✅ Scaling profiles loaded. Normalizing meteorology tensors...
[2026-07-20 11:34:12,853] INFO - Targeting evaluation of 13770 global patches.
[2026-07-20 11:34:15,184] INFO - Processing Array Data... Progress: 5632/13770 patches calculated.
[2026-07-20 11:34:15,450] INFO - Processing Array Data... Progress: 6144/13770 patches calculated.
[2026-07-20 11:34:15,740] INFO - Processing Array Data... Progress: 6656/13770 patches calculated.
[2026-07-20 11:34:16,021] INFO - Processing Array Data... Progress: 7168/13770 patches calculated.
[2026-07-20 11:34:16,327] INFO - Processing Array Data... Progress: 7680/13770 patches calculated.
[2026-07-20 11:34:17,587] INFO - Processing Array Data... Progress: 8192/13770 patches calculated.
[2026-07-20 11:34:18,647] INFO - Processing Array Data... Progress: 8704/13770 patches calculated.
[2026-07-20 11:34:19,611] INFO - Processing Array Data... Progress: 9216/13770 patches calculated.
[2026-07-20 11:34:20,385] INFO - Processing Array Data... Progress: 9728/13770 patches calculated.
[2026-07-20 11:34:20,861] INFO - Processing Array Data... Progress: 10240/13770 patches calculated.
[2026-07-20 11:34:21,205] INFO - Processing Array Data... Progress: 10752/13770 patches calculated.
[2026-07-20 11:34:22,199] INFO - Sliding window completed. Extracted 3 unsuppressed hits. Running Spatial NMS...
[2026-07-20 11:34:22,200] INFO - Scan complete. Identified 1 highly unique cyclogenesis hazard locations.
[2026-07-20 11:34:22,203] INFO - GeoJSON data file exported to path: /workspace/output/genesis_forecast_72h_20260720_0000.geojson
[2026-07-20 11:34:22,219] INFO - Shapefile data vector array cluster created at: /workspace/output/genesis_forecast_72h_20260720_0000
[2026-07-20 11:36:51,547] INFO - ✅ Best Fused Ensemble structural neural weight layer graph mounted successfully.
[2026-07-20 11:36:51,549] INFO - Probing runtime availability for cycle loop: 2026-07-20 12:00 UTC
[2026-07-20 11:36:51,551] INFO - Requesting stream step f000 from NOMADS server...
[2026-07-20 11:36:51,826] WARNING - NOMADS step availability gap for f000: Status 403
[2026-07-20 11:36:51,828] INFO - Probing runtime availability for cycle loop: 2026-07-20 06:00 UTC
[2026-07-20 11:36:51,832] INFO - Requesting stream step f000 from NOMADS server...
[2026-07-20 11:36:52,341] WARNING - NOMADS step availability gap for f000: Status 404
[2026-07-20 11:36:52,345] INFO - Probing runtime availability for cycle loop: 2026-07-20 00:00 UTC
[2026-07-20 11:36:52,347] INFO - ✅ Active operational loop verified for time matrix: 2026-07-20 00:00:00
[2026-07-20 11:36:52,349] INFO - 🔄 Processing Input Step f000 -> Generating True +24h Forecast Target...
[2026-07-20 11:36:52,351] INFO - Extracting meteorological channels from: /workspace/live_data/fnl_20260720_00_f000.grib2
[2026-07-20 11:36:57,603] INFO - Downsampling dense 0.25-degree operational grid to 1.0-degree training resolution...
[2026-07-20 11:36:57,634] INFO - Aligned Grid Geometry: Latitudes=181, Longitudes=360
[2026-07-20 11:36:57,648] INFO - ✅ Scaling profiles loaded. Normalizing meteorology tensors...
[2026-07-20 11:36:57,708] INFO - Targeting evaluation of 13770 global patches.
[2026-07-20 11:37:00,840] INFO - Processing Array Data... Progress: 5632/13770 patches calculated.
[2026-07-20 11:37:01,671] INFO - Processing Array Data... Progress: 6144/13770 patches calculated.
[2026-07-20 11:37:02,724] INFO - Processing Array Data... Progress: 6656/13770 patches calculated.
[2026-07-20 11:37:03,829] INFO - Processing Array Data... Progress: 7168/13770 patches calculated.
[2026-07-20 11:37:05,114] INFO - Processing Array Data... Progress: 7680/13770 patches calculated.
[2026-07-20 11:37:06,327] INFO - Processing Array Data... Progress: 8192/13770 patches calculated.
[2026-07-20 11:37:07,349] INFO - Processing Array Data... Progress: 8704/13770 patches calculated.
[2026-07-20 11:37:08,193] INFO - Processing Array Data... Progress: 9216/13770 patches calculated.
[2026-07-20 11:37:09,415] INFO - Processing Array Data... Progress: 9728/13770 patches calculated.
[2026-07-20 11:37:09,844] INFO - Processing Array Data... Progress: 10240/13770 patches calculated.
[2026-07-20 11:37:10,017] INFO - Processing Array Data... Progress: 10752/13770 patches calculated.
[2026-07-20 11:37:10,948] INFO - Sliding window completed. Extracted 2 unsuppressed hits. Running Spatial NMS...
[2026-07-20 11:37:10,950] INFO - Scan complete. Identified 1 highly unique cyclogenesis hazard locations.
[2026-07-20 11:37:10,954] INFO - GeoJSON data file exported to path: /workspace/output/genesis_forecast_24h_20260720_0000.geojson
[2026-07-20 11:37:10,964] INFO - Shapefile data vector array cluster created at: /workspace/output/genesis_forecast_24h_20260720_0000
[2026-07-20 11:37:10,964] INFO - 🔄 Processing Input Step f024 -> Generating True +48h Forecast Target...
[2026-07-20 11:37:10,966] INFO - Extracting meteorological channels from: /workspace/live_data/fnl_20260720_00_f024.grib2
[2026-07-20 11:37:16,374] INFO - Downsampling dense 0.25-degree operational grid to 1.0-degree training resolution...
[2026-07-20 11:37:16,409] INFO - Aligned Grid Geometry: Latitudes=181, Longitudes=360
[2026-07-20 11:37:16,413] INFO - ✅ Scaling profiles loaded. Normalizing meteorology tensors...
[2026-07-20 11:37:16,466] INFO - Targeting evaluation of 13770 global patches.
[2026-07-20 11:37:18,529] INFO - Processing Array Data... Progress: 5632/13770 patches calculated.
[2026-07-20 11:37:19,759] INFO - Processing Array Data... Progress: 6144/13770 patches calculated.
[2026-07-20 11:37:20,789] INFO - Processing Array Data... Progress: 6656/13770 patches calculated.
[2026-07-20 11:37:21,949] INFO - Processing Array Data... Progress: 7168/13770 patches calculated.
[2026-07-20 11:37:22,273] INFO - Processing Array Data... Progress: 7680/13770 patches calculated.
[2026-07-20 11:37:22,573] INFO - Processing Array Data... Progress: 8192/13770 patches calculated.
[2026-07-20 11:37:23,619] INFO - Processing Array Data... Progress: 8704/13770 patches calculated.
[2026-07-20 11:37:24,546] INFO - Processing Array Data... Progress: 9216/13770 patches calculated.
[2026-07-20 11:37:25,397] INFO - Processing Array Data... Progress: 9728/13770 patches calculated.
[2026-07-20 11:37:25,828] INFO - Processing Array Data... Progress: 10240/13770 patches calculated.
[2026-07-20 11:37:26,005] INFO - Processing Array Data... Progress: 10752/13770 patches calculated.
[2026-07-20 11:37:26,993] INFO - Sliding window completed. Extracted 5 unsuppressed hits. Running Spatial NMS...
[2026-07-20 11:37:26,994] INFO - Scan complete. Identified 5 highly unique cyclogenesis hazard locations.
[2026-07-20 11:37:26,998] INFO - GeoJSON data file exported to path: /workspace/output/genesis_forecast_48h_20260720_0000.geojson
[2026-07-20 11:37:27,009] INFO - Shapefile data vector array cluster created at: /workspace/output/genesis_forecast_48h_20260720_0000
[2026-07-20 11:37:27,009] INFO - 🔄 Processing Input Step f048 -> Generating True +72h Forecast Target...
[2026-07-20 11:37:27,011] INFO - Extracting meteorological channels from: /workspace/live_data/fnl_20260720_00_f048.grib2
[2026-07-20 11:37:32,273] INFO - Downsampling dense 0.25-degree operational grid to 1.0-degree training resolution...
[2026-07-20 11:37:32,300] INFO - Aligned Grid Geometry: Latitudes=181, Longitudes=360
[2026-07-20 11:37:32,304] INFO - ✅ Scaling profiles loaded. Normalizing meteorology tensors...
[2026-07-20 11:37:32,352] INFO - Targeting evaluation of 13770 global patches.
[2026-07-20 11:37:34,828] INFO - Processing Array Data... Progress: 5632/13770 patches calculated.
[2026-07-20 11:37:35,092] INFO - Processing Array Data... Progress: 6144/13770 patches calculated.
[2026-07-20 11:37:35,364] INFO - Processing Array Data... Progress: 6656/13770 patches calculated.
[2026-07-20 11:37:35,640] INFO - Processing Array Data... Progress: 7168/13770 patches calculated.
[2026-07-20 11:37:35,939] INFO - Processing Array Data... Progress: 7680/13770 patches calculated.
[2026-07-20 11:37:37,169] INFO - Processing Array Data... Progress: 8192/13770 patches calculated.
[2026-07-20 11:37:38,225] INFO - Processing Array Data... Progress: 8704/13770 patches calculated.
[2026-07-20 11:37:39,223] INFO - Processing Array Data... Progress: 9216/13770 patches calculated.
[2026-07-20 11:37:39,974] INFO - Processing Array Data... Progress: 9728/13770 patches calculated.
[2026-07-20 11:37:40,159] INFO - Processing Array Data... Progress: 10240/13770 patches calculated.
[2026-07-20 11:37:40,392] INFO - Processing Array Data... Progress: 10752/13770 patches calculated.
[2026-07-20 11:37:41,387] INFO - Sliding window completed. Extracted 4 unsuppressed hits. Running Spatial NMS...
[2026-07-20 11:37:41,388] INFO - Scan complete. Identified 2 highly unique cyclogenesis hazard locations.
[2026-07-20 11:37:41,391] INFO - GeoJSON data file exported to path: /workspace/output/genesis_forecast_72h_20260720_0000.geojson
[2026-07-20 11:37:41,411] INFO - Shapefile data vector array cluster created at: /workspace/output/genesis_forecast_72h_20260720_0000
[2026-07-22 03:47:24,119] INFO - ✅ Best Fused Ensemble structural neural weight layer graph mounted successfully.
[2026-07-22 03:47:24,122] INFO - Probing runtime availability for cycle loop: 2026-07-22 00:00 UTC
[2026-07-22 03:47:24,125] INFO - Requesting stream step f000 from NOMADS server...
[2026-07-22 03:47:25,210] WARNING - NOMADS step availability gap for f000: Status 404
[2026-07-22 03:47:25,212] INFO - Probing runtime availability for cycle loop: 2026-07-21 18:00 UTC
[2026-07-22 03:47:25,213] INFO - Requesting stream step f000 from NOMADS server...
[2026-07-22 03:47:44,128] INFO - ✅ Active operational loop verified for time matrix: 2026-07-21 18:00:00
[2026-07-22 03:47:44,128] INFO - 🔄 Processing Input Step f000 -> Generating True +24h Forecast Target...
[2026-07-22 03:47:44,130] INFO - Extracting meteorological channels from: /workspace/live_data/fnl_20260721_18_f000.grib2
[2026-07-22 03:47:52,057] INFO - Downsampling dense 0.25-degree operational grid to 1.0-degree training resolution...
[2026-07-22 03:47:52,089] INFO - Aligned Grid Geometry: Latitudes=181, Longitudes=360
[2026-07-22 03:47:52,092] INFO - ✅ Scaling profiles loaded. Normalizing meteorology tensors...
[2026-07-22 03:47:52,157] INFO - Targeting evaluation of 13770 global patches.
[2026-07-22 03:47:55,903] INFO - Processing Array Data... Progress: 5632/13770 patches calculated.
[2026-07-22 03:47:56,900] INFO - Processing Array Data... Progress: 6144/13770 patches calculated.
[2026-07-22 03:47:58,112] INFO - Processing Array Data... Progress: 6656/13770 patches calculated.
[2026-07-22 03:47:59,400] INFO - Processing Array Data... Progress: 7168/13770 patches calculated.
[2026-07-22 03:48:00,806] INFO - Processing Array Data... Progress: 7680/13770 patches calculated.
[2026-07-22 03:48:02,207] INFO - Processing Array Data... Progress: 8192/13770 patches calculated.
[2026-07-22 03:48:03,412] INFO - Processing Array Data... Progress: 8704/13770 patches calculated.
[2026-07-22 03:48:05,169] INFO - Processing Array Data... Progress: 9216/13770 patches calculated.
[2026-07-22 03:48:05,900] INFO - Processing Array Data... Progress: 9728/13770 patches calculated.
[2026-07-22 03:48:06,438] INFO - Processing Array Data... Progress: 10240/13770 patches calculated.
[2026-07-22 03:48:06,943] INFO - Processing Array Data... Progress: 10752/13770 patches calculated.
[2026-07-22 03:48:08,098] INFO - Sliding window completed. Extracted 4 unsuppressed hits. Running Spatial NMS...
[2026-07-22 03:48:08,099] INFO - Scan complete. Identified 3 highly unique cyclogenesis hazard locations.
[2026-07-22 03:48:08,104] INFO - GeoJSON data file exported to path: /workspace/output/genesis_forecast_24h_20260721_1800.geojson
[2026-07-22 03:48:08,121] INFO - Shapefile data vector array cluster created at: /workspace/output/genesis_forecast_24h_20260721_1800
[2026-07-22 03:48:08,122] INFO - 🔄 Processing Input Step f024 -> Generating True +48h Forecast Target...
[2026-07-22 03:48:08,123] INFO - Requesting stream step f024 from NOMADS server...
[2026-07-22 03:48:26,579] INFO - Extracting meteorological channels from: /workspace/live_data/fnl_20260721_18_f024.grib2
[2026-07-22 03:48:34,493] INFO - Downsampling dense 0.25-degree operational grid to 1.0-degree training resolution...
[2026-07-22 03:48:34,532] INFO - Aligned Grid Geometry: Latitudes=181, Longitudes=360
[2026-07-22 03:48:34,536] INFO - ✅ Scaling profiles loaded. Normalizing meteorology tensors...
[2026-07-22 03:48:34,590] INFO - Targeting evaluation of 13770 global patches.
[2026-07-22 03:48:37,440] INFO - Processing Array Data... Progress: 5632/13770 patches calculated.
[2026-07-22 03:48:38,278] INFO - Processing Array Data... Progress: 6144/13770 patches calculated.
[2026-07-22 03:48:39,346] INFO - Processing Array Data... Progress: 6656/13770 patches calculated.
[2026-07-22 03:48:39,670] INFO - Processing Array Data... Progress: 7168/13770 patches calculated.
[2026-07-22 03:48:41,031] INFO - Processing Array Data... Progress: 7680/13770 patches calculated.
[2026-07-22 03:48:42,524] INFO - Processing Array Data... Progress: 8192/13770 patches calculated.
[2026-07-22 03:48:43,690] INFO - Processing Array Data... Progress: 8704/13770 patches calculated.
[2026-07-22 03:48:44,644] INFO - Processing Array Data... Progress: 9216/13770 patches calculated.
[2026-07-22 03:48:44,906] INFO - Processing Array Data... Progress: 9728/13770 patches calculated.
[2026-07-22 03:48:45,373] INFO - Processing Array Data... Progress: 10240/13770 patches calculated.
[2026-07-22 03:48:45,599] INFO - Processing Array Data... Progress: 10752/13770 patches calculated.
[2026-07-22 03:48:46,839] INFO - Sliding window completed. Extracted 0 unsuppressed hits. Running Spatial NMS...
[2026-07-22 03:48:46,840] INFO - Scan complete. Identified 0 highly unique cyclogenesis hazard locations.
[2026-07-22 03:48:46,844] INFO - GeoJSON data file exported to path: /workspace/output/genesis_forecast_48h_20260721_1800.geojson
[2026-07-22 03:48:46,861] INFO - Shapefile data vector array cluster created at: /workspace/output/genesis_forecast_48h_20260721_1800
[2026-07-22 03:48:46,861] INFO - 🔄 Processing Input Step f048 -> Generating True +72h Forecast Target...
[2026-07-22 03:48:46,863] INFO - Requesting stream step f048 from NOMADS server...
[2026-07-22 03:49:05,368] INFO - Extracting meteorological channels from: /workspace/live_data/fnl_20260721_18_f048.grib2
[2026-07-22 03:49:13,267] INFO - Downsampling dense 0.25-degree operational grid to 1.0-degree training resolution...
[2026-07-22 03:49:13,295] INFO - Aligned Grid Geometry: Latitudes=181, Longitudes=360
[2026-07-22 03:49:13,298] INFO - ✅ Scaling profiles loaded. Normalizing meteorology tensors...
[2026-07-22 03:49:13,347] INFO - Targeting evaluation of 13770 global patches.
[2026-07-22 03:49:15,909] INFO - Processing Array Data... Progress: 5632/13770 patches calculated.
[2026-07-22 03:49:16,748] INFO - Processing Array Data... Progress: 6144/13770 patches calculated.
[2026-07-22 03:49:17,864] INFO - Processing Array Data... Progress: 6656/13770 patches calculated.
[2026-07-22 03:49:19,022] INFO - Processing Array Data... Progress: 7168/13770 patches calculated.
[2026-07-22 03:49:19,343] INFO - Processing Array Data... Progress: 7680/13770 patches calculated.
[2026-07-22 03:49:19,662] INFO - Processing Array Data... Progress: 8192/13770 patches calculated.
[2026-07-22 03:49:19,949] INFO - Processing Array Data... Progress: 8704/13770 patches calculated.
[2026-07-22 03:49:20,221] INFO - Processing Array Data... Progress: 9216/13770 patches calculated.
[2026-07-22 03:49:21,017] INFO - Processing Array Data... Progress: 9728/13770 patches calculated.
[2026-07-22 03:49:21,283] INFO - Processing Array Data... Progress: 10240/13770 patches calculated.
[2026-07-22 03:49:21,618] INFO - Processing Array Data... Progress: 10752/13770 patches calculated.
[2026-07-22 03:49:22,623] INFO - Sliding window completed. Extracted 1 unsuppressed hits. Running Spatial NMS...
[2026-07-22 03:49:22,624] INFO - Scan complete. Identified 1 highly unique cyclogenesis hazard locations.
[2026-07-22 03:49:22,630] INFO - GeoJSON data file exported to path: /workspace/output/genesis_forecast_72h_20260721_1800.geojson
[2026-07-22 03:49:22,648] INFO - Shapefile data vector array cluster created at: /workspace/output/genesis_forecast_72h_20260721_1800
[2026-07-22 04:04:07,816] INFO - ✅ Best Fused Ensemble structural neural weight layer graph mounted successfully.
[2026-07-22 04:04:07,818] INFO - Probing runtime availability for cycle loop: 2026-07-22 06:00 UTC
[2026-07-22 04:04:07,820] INFO - Requesting stream step f000 from NOMADS server...
[2026-07-22 04:04:08,073] WARNING - NOMADS step availability gap for f000: Status 403
[2026-07-22 04:04:08,076] INFO - Probing runtime availability for cycle loop: 2026-07-22 00:00 UTC
[2026-07-22 04:04:08,079] INFO - Requesting stream step f000 from NOMADS server...
[2026-07-22 04:04:08,721] WARNING - NOMADS step availability gap for f000: Status 404
[2026-07-22 04:04:08,727] INFO - Probing runtime availability for cycle loop: 2026-07-21 18:00 UTC
[2026-07-22 04:04:08,729] INFO - ✅ Active operational loop verified for time matrix: 2026-07-21 18:00:00
[2026-07-22 04:04:08,730] INFO - 🔄 Processing Input Step f000 -> Generating True +24h Forecast Target...
[2026-07-22 04:04:08,733] INFO - Extracting meteorological channels from: /workspace/live_data/fnl_20260721_18_f000.grib2
[2026-07-22 04:04:13,998] INFO - Downsampling dense 0.25-degree operational grid to 1.0-degree training resolution...
[2026-07-22 04:04:14,026] INFO - Aligned Grid Geometry: Latitudes=181, Longitudes=360
[2026-07-22 04:04:14,030] INFO - ✅ Scaling profiles loaded. Normalizing meteorology tensors...
[2026-07-22 04:04:14,084] INFO - Targeting evaluation of 13770 global patches.
[2026-07-22 04:04:17,490] INFO - Processing Array Data... Progress: 5632/13770 patches calculated.
[2026-07-22 04:04:18,351] INFO - Processing Array Data... Progress: 6144/13770 patches calculated.
[2026-07-22 04:04:19,503] INFO - Processing Array Data... Progress: 6656/13770 patches calculated.
[2026-07-22 04:04:20,646] INFO - Processing Array Data... Progress: 7168/13770 patches calculated.
[2026-07-22 04:04:21,917] INFO - Processing Array Data... Progress: 7680/13770 patches calculated.
[2026-07-22 04:04:23,174] INFO - Processing Array Data... Progress: 8192/13770 patches calculated.
[2026-07-22 04:04:24,185] INFO - Processing Array Data... Progress: 8704/13770 patches calculated.
[2026-07-22 04:04:25,778] INFO - Processing Array Data... Progress: 9216/13770 patches calculated.
[2026-07-22 04:04:26,484] INFO - Processing Array Data... Progress: 9728/13770 patches calculated.
[2026-07-22 04:04:26,976] INFO - Processing Array Data... Progress: 10240/13770 patches calculated.
[2026-07-22 04:04:27,448] INFO - Processing Array Data... Progress: 10752/13770 patches calculated.
[2026-07-22 04:04:28,474] INFO - Sliding window completed. Extracted 4 unsuppressed hits. Running Spatial NMS...
[2026-07-22 04:04:28,475] INFO - Scan complete. Identified 3 highly unique cyclogenesis hazard locations.
[2026-07-22 04:04:28,483] INFO - GeoJSON data file exported to path: /workspace/output/genesis_forecast_24h_20260721_1800.geojson
[2026-07-22 04:04:28,513] INFO - Shapefile data vector array cluster created at: /workspace/output/genesis_forecast_24h_20260721_1800
[2026-07-22 04:04:28,513] INFO - 🔄 Processing Input Step f024 -> Generating True +48h Forecast Target...
[2026-07-22 04:04:28,515] INFO - Extracting meteorological channels from: /workspace/live_data/fnl_20260721_18_f024.grib2
[2026-07-22 04:04:33,817] INFO - Downsampling dense 0.25-degree operational grid to 1.0-degree training resolution...
[2026-07-22 04:04:33,846] INFO - Aligned Grid Geometry: Latitudes=181, Longitudes=360
[2026-07-22 04:04:33,849] INFO - ✅ Scaling profiles loaded. Normalizing meteorology tensors...
[2026-07-22 04:04:33,898] INFO - Targeting evaluation of 13770 global patches.
[2026-07-22 04:04:35,980] INFO - Processing Array Data... Progress: 5632/13770 patches calculated.
[2026-07-22 04:04:36,930] INFO - Processing Array Data... Progress: 6144/13770 patches calculated.
[2026-07-22 04:04:38,059] INFO - Processing Array Data... Progress: 6656/13770 patches calculated.
[2026-07-22 04:04:38,366] INFO - Processing Array Data... Progress: 7168/13770 patches calculated.
[2026-07-22 04:04:39,731] INFO - Processing Array Data... Progress: 7680/13770 patches calculated.
[2026-07-22 04:04:41,102] INFO - Processing Array Data... Progress: 8192/13770 patches calculated.
[2026-07-22 04:04:42,229] INFO - Processing Array Data... Progress: 8704/13770 patches calculated.
[2026-07-22 04:04:43,145] INFO - Processing Array Data... Progress: 9216/13770 patches calculated.
[2026-07-22 04:04:43,363] INFO - Processing Array Data... Progress: 9728/13770 patches calculated.
[2026-07-22 04:04:43,778] INFO - Processing Array Data... Progress: 10240/13770 patches calculated.
[2026-07-22 04:04:43,960] INFO - Processing Array Data... Progress: 10752/13770 patches calculated.
[2026-07-22 04:04:44,949] INFO - Sliding window completed. Extracted 0 unsuppressed hits. Running Spatial NMS...
[2026-07-22 04:04:44,952] INFO - Scan complete. Identified 0 highly unique cyclogenesis hazard locations.
[2026-07-22 04:04:44,961] INFO - GeoJSON data file exported to path: /workspace/output/genesis_forecast_48h_20260721_1800.geojson
[2026-07-22 04:04:44,983] INFO - Shapefile data vector array cluster created at: /workspace/output/genesis_forecast_48h_20260721_1800
[2026-07-22 04:04:44,983] INFO - 🔄 Processing Input Step f048 -> Generating True +72h Forecast Target...
[2026-07-22 04:04:44,985] INFO - Extracting meteorological channels from: /workspace/live_data/fnl_20260721_18_f048.grib2
[2026-07-22 04:04:50,369] INFO - Downsampling dense 0.25-degree operational grid to 1.0-degree training resolution...
[2026-07-22 04:04:50,397] INFO - Aligned Grid Geometry: Latitudes=181, Longitudes=360
[2026-07-22 04:04:50,400] INFO - ✅ Scaling profiles loaded. Normalizing meteorology tensors...
[2026-07-22 04:04:50,447] INFO - Targeting evaluation of 13770 global patches.
[2026-07-22 04:04:52,831] INFO - Processing Array Data... Progress: 5632/13770 patches calculated.
[2026-07-22 04:04:53,736] INFO - Processing Array Data... Progress: 6144/13770 patches calculated.
[2026-07-22 04:04:54,882] INFO - Processing Array Data... Progress: 6656/13770 patches calculated.
[2026-07-22 04:04:56,107] INFO - Processing Array Data... Progress: 7168/13770 patches calculated.
[2026-07-22 04:04:56,422] INFO - Processing Array Data... Progress: 7680/13770 patches calculated.
[2026-07-22 04:04:56,725] INFO - Processing Array Data... Progress: 8192/13770 patches calculated.
[2026-07-22 04:04:56,999] INFO - Processing Array Data... Progress: 8704/13770 patches calculated.
[2026-07-22 04:04:57,249] INFO - Processing Array Data... Progress: 9216/13770 patches calculated.
[2026-07-22 04:04:57,949] INFO - Processing Array Data... Progress: 9728/13770 patches calculated.
[2026-07-22 04:04:58,189] INFO - Processing Array Data... Progress: 10240/13770 patches calculated.
[2026-07-22 04:04:58,546] INFO - Processing Array Data... Progress: 10752/13770 patches calculated.
[2026-07-22 04:04:59,519] INFO - Sliding window completed. Extracted 1 unsuppressed hits. Running Spatial NMS...
[2026-07-22 04:04:59,522] INFO - Scan complete. Identified 1 highly unique cyclogenesis hazard locations.
[2026-07-22 04:04:59,541] INFO - GeoJSON data file exported to path: /workspace/output/genesis_forecast_72h_20260721_1800.geojson
[2026-07-22 04:04:59,559] INFO - Shapefile data vector array cluster created at: /workspace/output/genesis_forecast_72h_20260721_1800
[2026-07-22 04:39:59,945] INFO - ✅ Best Fused Ensemble structural neural weight layer graph mounted successfully.
[2026-07-22 04:39:59,946] INFO - Probing runtime availability for cycle loop: 2026-07-22 06:00 UTC
[2026-07-22 04:39:59,948] INFO - Requesting stream step f000 from NOMADS server...
[2026-07-22 04:40:00,778] WARNING - NOMADS step availability gap for f000: Status 403
[2026-07-22 04:40:00,780] INFO - Probing runtime availability for cycle loop: 2026-07-22 00:00 UTC
[2026-07-22 04:40:00,781] INFO - Requesting stream step f000 from NOMADS server...
[2026-07-22 04:40:01,408] WARNING - NOMADS step availability gap for f000: Status 404
[2026-07-22 04:40:01,410] INFO - Probing runtime availability for cycle loop: 2026-07-21 18:00 UTC
[2026-07-22 04:40:01,414] INFO - ✅ Active operational loop verified for time matrix: 2026-07-21 18:00:00
[2026-07-22 04:40:01,415] INFO - 🔄 Processing Input Step f000 -> Generating True +24h Forecast Target...
[2026-07-22 04:40:01,419] INFO - Extracting meteorological channels from: /workspace/live_data/fnl_20260721_18_f000.grib2
[2026-07-22 04:40:08,660] INFO - Downsampling dense 0.25-degree operational grid to 1.0-degree training resolution...
[2026-07-22 04:40:08,689] INFO - Aligned Grid Geometry: Latitudes=181, Longitudes=360
[2026-07-22 04:40:08,694] INFO - ✅ Scaling profiles loaded. Normalizing meteorology tensors...
[2026-07-22 04:42:12,327] INFO - ✅ Best Fused Ensemble structural neural weight layer graph mounted successfully.
[2026-07-22 04:42:12,329] INFO - Probing runtime availability for cycle loop: 2026-07-22 06:00 UTC
[2026-07-22 04:42:12,331] INFO - Requesting stream step f000 from NOMADS server...
[2026-07-22 04:42:12,670] WARNING - NOMADS step availability gap for f000: Status 403
[2026-07-22 04:42:12,672] INFO - Probing runtime availability for cycle loop: 2026-07-22 00:00 UTC
[2026-07-22 04:42:12,673] INFO - Requesting stream step f000 from NOMADS server...
[2026-07-22 04:42:13,778] WARNING - NOMADS step availability gap for f000: Status 404
[2026-07-22 04:42:13,781] INFO - Probing runtime availability for cycle loop: 2026-07-21 18:00 UTC
[2026-07-22 04:42:13,784] INFO - ✅ Active operational loop verified for time matrix: 2026-07-21 18:00:00
[2026-07-22 04:42:13,785] INFO - 🔄 Processing Input Step f000 -> Generating True +24h Forecast Target...
[2026-07-22 04:42:13,787] INFO - Extracting meteorological channels from: /workspace/live_data/fnl_20260721_18_f000.grib2
[2026-07-22 04:42:19,531] INFO - Downsampling dense 0.25-degree operational grid to 1.0-degree training resolution...
[2026-07-22 04:42:19,559] INFO - Aligned Grid Geometry: Latitudes=181, Longitudes=360
[2026-07-22 04:42:19,573] INFO - ✅ Scaling profiles loaded. Normalizing meteorology tensors...
[2026-07-22 04:42:19,634] INFO - Targeting evaluation of 54740 global patches.
[2026-07-22 04:42:28,136] INFO - Processing Array Data... Progress: 21504/54740 patches calculated.
[2026-07-22 04:42:28,744] INFO - Processing Array Data... Progress: 22016/54740 patches calculated.
[2026-07-22 04:42:29,347] INFO - Processing Array Data... Progress: 22528/54740 patches calculated.
[2026-07-22 04:42:30,250] INFO - Processing Array Data... Progress: 23040/54740 patches calculated.
[2026-07-22 04:42:31,033] INFO - Processing Array Data... Progress: 23552/54740 patches calculated.
[2026-07-22 04:42:32,153] INFO - Processing Array Data... Progress: 24064/54740 patches calculated.
[2026-07-22 04:42:33,148] INFO - Processing Array Data... Progress: 24576/54740 patches calculated.
[2026-07-22 04:42:34,316] INFO - Processing Array Data... Progress: 25088/54740 patches calculated.
[2026-07-22 04:42:35,358] INFO - Processing Array Data... Progress: 25600/54740 patches calculated.
[2026-07-22 04:42:36,597] INFO - Processing Array Data... Progress: 26112/54740 patches calculated.
[2026-07-22 04:42:37,721] INFO - Processing Array Data... Progress: 26624/54740 patches calculated.
[2026-07-22 04:42:38,999] INFO - Processing Array Data... Progress: 27136/54740 patches calculated.
[2026-07-22 04:42:40,142] INFO - Processing Array Data... Progress: 27648/54740 patches calculated.
[2026-07-22 04:42:41,480] INFO - Processing Array Data... Progress: 28160/54740 patches calculated.
[2026-07-22 04:42:42,687] INFO - Processing Array Data... Progress: 28672/54740 patches calculated.
[2026-07-22 04:42:44,109] INFO - Processing Array Data... Progress: 29184/54740 patches calculated.
[2026-07-22 04:42:45,415] INFO - Processing Array Data... Progress: 29696/54740 patches calculated.
[2026-07-22 04:42:47,094] INFO - Processing Array Data... Progress: 30208/54740 patches calculated.
[2026-07-22 04:42:48,364] INFO - Processing Array Data... Progress: 30720/54740 patches calculated.
[2026-07-22 04:42:50,449] INFO - Processing Array Data... Progress: 31232/54740 patches calculated.
[2026-07-22 04:42:51,752] INFO - Processing Array Data... Progress: 31744/54740 patches calculated.
[2026-07-22 04:42:53,283] INFO - Processing Array Data... Progress: 32256/54740 patches calculated.
[2026-07-22 04:42:54,413] INFO - Processing Array Data... Progress: 32768/54740 patches calculated.
[2026-07-22 04:42:55,790] INFO - Processing Array Data... Progress: 33280/54740 patches calculated.
[2026-07-22 04:42:56,803] INFO - Processing Array Data... Progress: 33792/54740 patches calculated.
[2026-07-22 04:42:57,913] INFO - Processing Array Data... Progress: 34304/54740 patches calculated.
[2026-07-22 04:42:58,788] INFO - Processing Array Data... Progress: 34816/54740 patches calculated.
[2026-07-22 04:42:59,058] INFO - Processing Array Data... Progress: 35328/54740 patches calculated.
[2026-07-22 04:42:59,883] INFO - Processing Array Data... Progress: 35840/54740 patches calculated.
[2026-07-22 04:43:00,828] INFO - Processing Array Data... Progress: 36352/54740 patches calculated.
[2026-07-22 04:43:01,592] INFO - Processing Array Data... Progress: 36864/54740 patches calculated.
[2026-07-22 04:43:02,535] INFO - Processing Array Data... Progress: 37376/54740 patches calculated.
[2026-07-22 04:43:03,277] INFO - Processing Array Data... Progress: 37888/54740 patches calculated.
[2026-07-22 04:43:03,909] INFO - Processing Array Data... Progress: 38400/54740 patches calculated.
[2026-07-22 04:43:04,415] INFO - Processing Array Data... Progress: 38912/54740 patches calculated.
[2026-07-22 04:43:04,934] INFO - Processing Array Data... Progress: 39424/54740 patches calculated.
[2026-07-22 04:43:05,362] INFO - Processing Array Data... Progress: 39936/54740 patches calculated.
[2026-07-22 04:43:05,859] INFO - Processing Array Data... Progress: 40448/54740 patches calculated.
[2026-07-22 04:43:06,269] INFO - Processing Array Data... Progress: 40960/54740 patches calculated.
[2026-07-22 04:43:06,464] INFO - Processing Array Data... Progress: 41472/54740 patches calculated.
[2026-07-22 04:43:07,104] INFO - Processing Array Data... Progress: 43008/54740 patches calculated.
[2026-07-22 04:43:10,944] INFO - Sliding window completed. Extracted 7 unsuppressed hits. Running Spatial NMS...
[2026-07-22 04:43:10,945] INFO - Scan complete. Identified 6 highly unique cyclogenesis hazard locations.
[2026-07-22 04:43:10,949] INFO - GeoJSON data file exported to path: /workspace/output/genesis_forecast_24h_20260721_1800.geojson
[2026-07-22 04:43:10,968] INFO - Shapefile data vector array cluster created at: /workspace/output/genesis_forecast_24h_20260721_1800
[2026-07-22 04:43:10,968] INFO - 🔄 Processing Input Step f024 -> Generating True +48h Forecast Target...
[2026-07-22 04:43:10,969] INFO - Extracting meteorological channels from: /workspace/live_data/fnl_20260721_18_f024.grib2
[2026-07-22 04:43:16,482] INFO - Downsampling dense 0.25-degree operational grid to 1.0-degree training resolution...
[2026-07-22 04:43:16,509] INFO - Aligned Grid Geometry: Latitudes=181, Longitudes=360
[2026-07-22 04:43:16,513] INFO - ✅ Scaling profiles loaded. Normalizing meteorology tensors...
[2026-07-22 04:43:16,562] INFO - Targeting evaluation of 54740 global patches.
[2026-07-22 04:43:23,818] INFO - Processing Array Data... Progress: 21504/54740 patches calculated.
[2026-07-22 04:43:24,517] INFO - Processing Array Data... Progress: 22016/54740 patches calculated.
[2026-07-22 04:43:25,073] INFO - Processing Array Data... Progress: 22528/54740 patches calculated.
[2026-07-22 04:43:25,949] INFO - Processing Array Data... Progress: 23040/54740 patches calculated.
[2026-07-22 04:43:26,692] INFO - Processing Array Data... Progress: 23552/54740 patches calculated.
[2026-07-22 04:43:27,718] INFO - Processing Array Data... Progress: 24064/54740 patches calculated.
[2026-07-22 04:43:28,656] INFO - Processing Array Data... Progress: 24576/54740 patches calculated.
[2026-07-22 04:43:29,856] INFO - Processing Array Data... Progress: 25088/54740 patches calculated.
[2026-07-22 04:43:30,865] INFO - Processing Array Data... Progress: 25600/54740 patches calculated.
[2026-07-22 04:43:32,078] INFO - Processing Array Data... Progress: 26112/54740 patches calculated.
[2026-07-22 04:43:33,135] INFO - Processing Array Data... Progress: 26624/54740 patches calculated.
[2026-07-22 04:43:34,361] INFO - Processing Array Data... Progress: 27136/54740 patches calculated.
[2026-07-22 04:43:35,515] INFO - Processing Array Data... Progress: 27648/54740 patches calculated.
[2026-07-22 04:43:36,950] INFO - Processing Array Data... Progress: 28160/54740 patches calculated.
[2026-07-22 04:43:38,180] INFO - Processing Array Data... Progress: 28672/54740 patches calculated.
[2026-07-22 04:43:39,580] INFO - Processing Array Data... Progress: 29184/54740 patches calculated.
[2026-07-22 04:43:39,877] INFO - Processing Array Data... Progress: 29696/54740 patches calculated.
[2026-07-22 04:43:40,183] INFO - Processing Array Data... Progress: 30208/54740 patches calculated.
[2026-07-22 04:43:40,499] INFO - Processing Array Data... Progress: 30720/54740 patches calculated.
[2026-07-22 04:43:40,838] INFO - Processing Array Data... Progress: 31232/54740 patches calculated.
[2026-07-22 04:43:41,130] INFO - Processing Array Data... Progress: 31744/54740 patches calculated.
[2026-07-22 04:43:42,544] INFO - Processing Array Data... Progress: 32256/54740 patches calculated.
[2026-07-22 04:43:43,669] INFO - Processing Array Data... Progress: 32768/54740 patches calculated.
[2026-07-22 04:43:45,039] INFO - Processing Array Data... Progress: 33280/54740 patches calculated.
[2026-07-22 04:43:46,041] INFO - Processing Array Data... Progress: 33792/54740 patches calculated.
[2026-07-22 04:43:46,323] INFO - Processing Array Data... Progress: 34304/54740 patches calculated.
[2026-07-22 04:43:47,188] INFO - Processing Array Data... Progress: 34816/54740 patches calculated.
[2026-07-22 04:43:48,269] INFO - Processing Array Data... Progress: 35328/54740 patches calculated.
[2026-07-22 04:43:49,066] INFO - Processing Array Data... Progress: 35840/54740 patches calculated.
[2026-07-22 04:43:49,988] INFO - Processing Array Data... Progress: 36352/54740 patches calculated.
[2026-07-22 04:43:50,750] INFO - Processing Array Data... Progress: 36864/54740 patches calculated.
[2026-07-22 04:43:51,104] INFO - Processing Array Data... Progress: 37376/54740 patches calculated.
[2026-07-22 04:43:51,813] INFO - Processing Array Data... Progress: 37888/54740 patches calculated.
[2026-07-22 04:43:52,401] INFO - Processing Array Data... Progress: 38400/54740 patches calculated.
[2026-07-22 04:43:52,862] INFO - Processing Array Data... Progress: 38912/54740 patches calculated.
[2026-07-22 04:43:53,343] INFO - Processing Array Data... Progress: 39424/54740 patches calculated.
[2026-07-22 04:43:53,721] INFO - Processing Array Data... Progress: 39936/54740 patches calculated.
[2026-07-22 04:43:54,108] INFO - Processing Array Data... Progress: 40448/54740 patches calculated.
[2026-07-22 04:43:54,473] INFO - Processing Array Data... Progress: 40960/54740 patches calculated.
[2026-07-22 04:43:54,665] INFO - Processing Array Data... Progress: 41472/54740 patches calculated.
[2026-07-22 04:43:54,847] INFO - Processing Array Data... Progress: 41984/54740 patches calculated.
[2026-07-22 04:43:55,325] INFO - Processing Array Data... Progress: 43008/54740 patches calculated.
[2026-07-22 04:43:59,130] INFO - Sliding window completed. Extracted 2 unsuppressed hits. Running Spatial NMS...
[2026-07-22 04:43:59,131] INFO - Scan complete. Identified 2 highly unique cyclogenesis hazard locations.
[2026-07-22 04:43:59,137] INFO - GeoJSON data file exported to path: /workspace/output/genesis_forecast_48h_20260721_1800.geojson
[2026-07-22 04:43:59,152] INFO - Shapefile data vector array cluster created at: /workspace/output/genesis_forecast_48h_20260721_1800
[2026-07-22 04:43:59,152] INFO - 🔄 Processing Input Step f048 -> Generating True +72h Forecast Target...
[2026-07-22 04:43:59,155] INFO - Extracting meteorological channels from: /workspace/live_data/fnl_20260721_18_f048.grib2
[2026-07-22 04:44:04,333] INFO - Downsampling dense 0.25-degree operational grid to 1.0-degree training resolution...
[2026-07-22 04:44:04,361] INFO - Aligned Grid Geometry: Latitudes=181, Longitudes=360
[2026-07-22 04:44:04,364] INFO - ✅ Scaling profiles loaded. Normalizing meteorology tensors...
[2026-07-22 04:44:04,413] INFO - Targeting evaluation of 54740 global patches.
[2026-07-22 04:44:11,436] INFO - Processing Array Data... Progress: 21504/54740 patches calculated.
[2026-07-22 04:44:12,064] INFO - Processing Array Data... Progress: 22016/54740 patches calculated.
[2026-07-22 04:44:12,663] INFO - Processing Array Data... Progress: 22528/54740 patches calculated.
[2026-07-22 04:44:12,933] INFO - Processing Array Data... Progress: 23040/54740 patches calculated.
[2026-07-22 04:44:13,688] INFO - Processing Array Data... Progress: 23552/54740 patches calculated.
[2026-07-22 04:44:13,960] INFO - Processing Array Data... Progress: 24064/54740 patches calculated.
[2026-07-22 04:44:14,884] INFO - Processing Array Data... Progress: 24576/54740 patches calculated.
[2026-07-22 04:44:15,178] INFO - Processing Array Data... Progress: 25088/54740 patches calculated.
[2026-07-22 04:44:15,442] INFO - Processing Array Data... Progress: 25600/54740 patches calculated.
[2026-07-22 04:44:16,585] INFO - Processing Array Data... Progress: 26112/54740 patches calculated.
[2026-07-22 04:44:17,588] INFO - Processing Array Data... Progress: 26624/54740 patches calculated.
[2026-07-22 04:44:18,794] INFO - Processing Array Data... Progress: 27136/54740 patches calculated.
[2026-07-22 04:44:19,861] INFO - Processing Array Data... Progress: 27648/54740 patches calculated.
[2026-07-22 04:44:20,180] INFO - Processing Array Data... Progress: 28160/54740 patches calculated.
[2026-07-22 04:44:20,468] INFO - Processing Array Data... Progress: 28672/54740 patches calculated.
[2026-07-22 04:44:20,775] INFO - Processing Array Data... Progress: 29184/54740 patches calculated.
[2026-07-22 04:44:22,002] INFO - Processing Array Data... Progress: 29696/54740 patches calculated.
[2026-07-22 04:44:22,329] INFO - Processing Array Data... Progress: 30208/54740 patches calculated.
[2026-07-22 04:44:22,613] INFO - Processing Array Data... Progress: 30720/54740 patches calculated.
[2026-07-22 04:44:22,916] INFO - Processing Array Data... Progress: 31232/54740 patches calculated.
[2026-07-22 04:44:24,131] INFO - Processing Array Data... Progress: 31744/54740 patches calculated.
[2026-07-22 04:44:24,581] INFO - Processing Array Data... Progress: 32256/54740 patches calculated.
[2026-07-22 04:44:24,847] INFO - Processing Array Data... Progress: 32768/54740 patches calculated.
[2026-07-22 04:44:25,132] INFO - Processing Array Data... Progress: 33280/54740 patches calculated.
[2026-07-22 04:44:26,127] INFO - Processing Array Data... Progress: 33792/54740 patches calculated.
[2026-07-22 04:44:27,179] INFO - Processing Array Data... Progress: 34304/54740 patches calculated.
[2026-07-22 04:44:28,035] INFO - Processing Array Data... Progress: 34816/54740 patches calculated.
[2026-07-22 04:44:29,107] INFO - Processing Array Data... Progress: 35328/54740 patches calculated.
[2026-07-22 04:44:29,898] INFO - Processing Array Data... Progress: 35840/54740 patches calculated.
[2026-07-22 04:44:30,803] INFO - Processing Array Data... Progress: 36352/54740 patches calculated.
[2026-07-22 04:44:31,024] INFO - Processing Array Data... Progress: 36864/54740 patches calculated.
[2026-07-22 04:44:31,956] INFO - Processing Array Data... Progress: 37376/54740 patches calculated.
[2026-07-22 04:44:32,603] INFO - Processing Array Data... Progress: 37888/54740 patches calculated.
[2026-07-22 04:44:33,292] INFO - Processing Array Data... Progress: 38400/54740 patches calculated.
[2026-07-22 04:44:33,790] INFO - Processing Array Data... Progress: 38912/54740 patches calculated.
[2026-07-22 04:44:34,269] INFO - Processing Array Data... Progress: 39424/54740 patches calculated.
[2026-07-22 04:44:34,667] INFO - Processing Array Data... Progress: 39936/54740 patches calculated.
[2026-07-22 04:44:35,173] INFO - Processing Array Data... Progress: 40448/54740 patches calculated.
[2026-07-22 04:44:35,350] INFO - Processing Array Data... Progress: 40960/54740 patches calculated.
[2026-07-22 04:44:35,539] INFO - Processing Array Data... Progress: 41472/54740 patches calculated.
[2026-07-22 04:44:35,716] INFO - Processing Array Data... Progress: 41984/54740 patches calculated.
[2026-07-22 04:44:36,055] INFO - Processing Array Data... Progress: 43008/54740 patches calculated.
[2026-07-22 04:44:39,916] INFO - Sliding window completed. Extracted 5 unsuppressed hits. Running Spatial NMS...
[2026-07-22 04:44:39,918] INFO - Scan complete. Identified 5 highly unique cyclogenesis hazard locations.
[2026-07-22 04:44:39,925] INFO - GeoJSON data file exported to path: /workspace/output/genesis_forecast_72h_20260721_1800.geojson
[2026-07-22 04:44:39,945] INFO - Shapefile data vector array cluster created at: /workspace/output/genesis_forecast_72h_20260721_1800
[2026-07-22 04:45:53,600] INFO - ✅ Best Fused Ensemble structural neural weight layer graph mounted successfully.
[2026-07-22 04:45:53,602] INFO - Probing runtime availability for cycle loop: 2026-07-22 06:00 UTC
[2026-07-22 04:45:53,605] INFO - Requesting stream step f000 from NOMADS server...
[2026-07-22 04:45:53,941] WARNING - NOMADS step availability gap for f000: Status 403
[2026-07-22 04:45:53,944] INFO - Probing runtime availability for cycle loop: 2026-07-22 00:00 UTC
[2026-07-22 04:45:53,946] INFO - Requesting stream step f000 from NOMADS server...
[2026-07-22 04:45:55,462] WARNING - NOMADS step availability gap for f000: Status 404
[2026-07-22 04:45:55,465] INFO - Probing runtime availability for cycle loop: 2026-07-21 18:00 UTC
[2026-07-22 04:45:55,468] INFO - ✅ Active operational loop verified for time matrix: 2026-07-21 18:00:00
[2026-07-22 04:45:55,469] INFO - 🔄 Processing Input Step f000 -> Generating True +24h Forecast Target...
[2026-07-22 04:45:55,470] INFO - Extracting meteorological channels from: /workspace/live_data/fnl_20260721_18_f000.grib2
[2026-07-22 04:46:01,512] INFO - Downsampling dense 0.25-degree operational grid to 1.0-degree training resolution...
[2026-07-22 04:46:01,544] INFO - Aligned Grid Geometry: Latitudes=181, Longitudes=360
[2026-07-22 04:46:01,546] INFO - ✅ Scaling profiles loaded. Normalizing meteorology tensors...
[2026-07-22 04:46:01,914] INFO - Targeting evaluation of 29160 candidate oceanic patches.
[2026-07-22 04:46:25,874] INFO - Sliding window completed. Extracted 166 unsuppressed hits. Running Spatial NMS...
[2026-07-22 04:46:25,878] INFO - Scan complete. Identified 47 highly unique cyclogenesis hazard locations.
[2026-07-22 04:46:25,899] INFO - GeoJSON data file exported to path: /workspace/output/genesis_forecast_24h_20260721_1800.geojson
[2026-07-22 04:46:25,931] INFO - Shapefile data vector array cluster created at: /workspace/output/genesis_forecast_24h_20260721_1800
[2026-07-22 04:46:25,932] INFO - 🔄 Processing Input Step f024 -> Generating True +48h Forecast Target...
[2026-07-22 04:46:25,935] INFO - Extracting meteorological channels from: /workspace/live_data/fnl_20260721_18_f024.grib2
[2026-07-22 04:46:31,054] INFO - Downsampling dense 0.25-degree operational grid to 1.0-degree training resolution...
[2026-07-22 04:46:31,082] INFO - Aligned Grid Geometry: Latitudes=181, Longitudes=360
[2026-07-22 04:46:31,089] INFO - ✅ Scaling profiles loaded. Normalizing meteorology tensors...
[2026-07-22 04:46:31,445] INFO - Targeting evaluation of 29160 candidate oceanic patches.
[2026-07-22 04:46:54,116] INFO - Sliding window completed. Extracted 216 unsuppressed hits. Running Spatial NMS...
[2026-07-22 04:46:54,120] INFO - Scan complete. Identified 51 highly unique cyclogenesis hazard locations.
[2026-07-22 04:46:54,137] INFO - GeoJSON data file exported to path: /workspace/output/genesis_forecast_48h_20260721_1800.geojson
[2026-07-22 04:46:54,169] INFO - Shapefile data vector array cluster created at: /workspace/output/genesis_forecast_48h_20260721_1800
[2026-07-22 04:46:54,169] INFO - 🔄 Processing Input Step f048 -> Generating True +72h Forecast Target...
[2026-07-22 04:46:54,175] INFO - Extracting meteorological channels from: /workspace/live_data/fnl_20260721_18_f048.grib2
[2026-07-22 04:46:59,252] INFO - Downsampling dense 0.25-degree operational grid to 1.0-degree training resolution...
[2026-07-22 04:46:59,279] INFO - Aligned Grid Geometry: Latitudes=181, Longitudes=360
[2026-07-22 04:46:59,282] INFO - ✅ Scaling profiles loaded. Normalizing meteorology tensors...
[2026-07-22 04:46:59,653] INFO - Targeting evaluation of 29160 candidate oceanic patches.
[2026-07-22 04:47:21,603] INFO - Sliding window completed. Extracted 209 unsuppressed hits. Running Spatial NMS...
[2026-07-22 04:47:21,606] INFO - Scan complete. Identified 61 highly unique cyclogenesis hazard locations.
[2026-07-22 04:47:21,629] INFO - GeoJSON data file exported to path: /workspace/output/genesis_forecast_72h_20260721_1800.geojson
[2026-07-22 04:47:21,667] INFO - Shapefile data vector array cluster created at: /workspace/output/genesis_forecast_72h_20260721_1800
[2026-07-22 04:48:17,216] INFO - ✅ Best Fused Ensemble structural neural weight layer graph mounted successfully.
[2026-07-22 04:48:17,219] INFO - Probing runtime availability for cycle loop: 2026-07-22 06:00 UTC
[2026-07-22 04:48:17,222] INFO - Requesting stream step f000 from NOMADS server...
[2026-07-22 04:48:17,557] WARNING - NOMADS step availability gap for f000: Status 403
[2026-07-22 04:48:17,564] INFO - Probing runtime availability for cycle loop: 2026-07-22 00:00 UTC
[2026-07-22 04:48:17,566] INFO - Requesting stream step f000 from NOMADS server...
[2026-07-22 04:48:18,197] WARNING - NOMADS step availability gap for f000: Status 404
[2026-07-22 04:48:18,198] INFO - Probing runtime availability for cycle loop: 2026-07-21 18:00 UTC
[2026-07-22 04:48:18,200] INFO - ✅ Active operational loop verified for time matrix: 2026-07-21 18:00:00
[2026-07-22 04:48:18,200] INFO - 🔄 Processing Input Step f000 -> Generating True +24h Forecast Target...
[2026-07-22 04:48:18,202] INFO - Extracting meteorological channels from: /workspace/live_data/fnl_20260721_18_f000.grib2
[2026-07-22 04:48:24,307] INFO - Downsampling dense 0.25-degree operational grid to 1.0-degree training resolution...
[2026-07-22 04:48:24,337] INFO - Aligned Grid Geometry: Latitudes=181, Longitudes=360
[2026-07-22 04:48:24,341] INFO - ✅ Scaling profiles loaded. Normalizing meteorology tensors...
[2026-07-22 04:48:32,780] INFO - Targeting evaluation of 9740 oceanic patches.
[2026-07-22 04:48:39,657] INFO - Sliding window completed. Extracted 5 unsuppressed hits. Running Spatial NMS...
[2026-07-22 04:48:39,660] INFO - Scan complete. Identified 5 highly unique cyclogenesis hazard locations.
[2026-07-22 04:48:39,668] INFO - GeoJSON data file exported to path: /workspace/output/genesis_forecast_24h_20260721_1800.geojson
[2026-07-22 04:48:39,688] INFO - Shapefile data vector array cluster created at: /workspace/output/genesis_forecast_24h_20260721_1800
[2026-07-22 04:48:39,689] INFO - 🔄 Processing Input Step f024 -> Generating True +48h Forecast Target...
[2026-07-22 04:48:39,691] INFO - Extracting meteorological channels from: /workspace/live_data/fnl_20260721_18_f024.grib2
[2026-07-22 04:48:45,099] INFO - Downsampling dense 0.25-degree operational grid to 1.0-degree training resolution...
[2026-07-22 04:48:45,128] INFO - Aligned Grid Geometry: Latitudes=181, Longitudes=360
[2026-07-22 04:48:45,136] INFO - ✅ Scaling profiles loaded. Normalizing meteorology tensors...
[2026-07-22 04:48:53,843] INFO - Targeting evaluation of 9602 oceanic patches.
[2026-07-22 04:48:59,146] INFO - Sliding window completed. Extracted 3 unsuppressed hits. Running Spatial NMS...
[2026-07-22 04:48:59,147] INFO - Scan complete. Identified 3 highly unique cyclogenesis hazard locations.
[2026-07-22 04:48:59,152] INFO - GeoJSON data file exported to path: /workspace/output/genesis_forecast_48h_20260721_1800.geojson
[2026-07-22 04:48:59,189] INFO - Shapefile data vector array cluster created at: /workspace/output/genesis_forecast_48h_20260721_1800
[2026-07-22 04:48:59,190] INFO - 🔄 Processing Input Step f048 -> Generating True +72h Forecast Target...
[2026-07-22 04:48:59,192] INFO - Extracting meteorological channels from: /workspace/live_data/fnl_20260721_18_f048.grib2
[2026-07-22 04:49:04,734] INFO - Downsampling dense 0.25-degree operational grid to 1.0-degree training resolution...
[2026-07-22 04:49:04,764] INFO - Aligned Grid Geometry: Latitudes=181, Longitudes=360
[2026-07-22 04:49:04,767] INFO - ✅ Scaling profiles loaded. Normalizing meteorology tensors...
[2026-07-22 04:49:13,248] INFO - Targeting evaluation of 9617 oceanic patches.
[2026-07-22 04:49:17,945] INFO - Sliding window completed. Extracted 4 unsuppressed hits. Running Spatial NMS...
[2026-07-22 04:49:17,946] INFO - Scan complete. Identified 4 highly unique cyclogenesis hazard locations.
[2026-07-22 04:49:17,951] INFO - GeoJSON data file exported to path: /workspace/output/genesis_forecast_72h_20260721_1800.geojson
[2026-07-22 04:49:17,979] INFO - Shapefile data vector array cluster created at: /workspace/output/genesis_forecast_72h_20260721_1800
[2026-07-22 04:51:44,694] INFO - ✅ Best Fused Ensemble structural neural weight layer graph mounted successfully.
[2026-07-22 04:51:44,696] INFO - Probing runtime availability for cycle loop: 2026-07-22 06:00 UTC
[2026-07-22 04:51:44,698] INFO - Requesting stream step f000 from NOMADS server...
[2026-07-22 04:51:47,924] WARNING - NOMADS step availability gap for f000: Status 403
[2026-07-22 04:51:47,927] INFO - Probing runtime availability for cycle loop: 2026-07-22 00:00 UTC
[2026-07-22 04:51:47,928] INFO - Requesting stream step f000 from NOMADS server...
[2026-07-22 04:51:48,553] WARNING - NOMADS step availability gap for f000: Status 404
[2026-07-22 04:51:48,554] INFO - Probing runtime availability for cycle loop: 2026-07-21 18:00 UTC
[2026-07-22 04:51:48,559] INFO - ✅ Active operational loop verified for time matrix: 2026-07-21 18:00:00
[2026-07-22 04:51:48,560] INFO - 🔄 Processing Input Step f000 -> Generating True +24h Forecast Target...
[2026-07-22 04:51:48,563] INFO - Extracting meteorological channels from: /workspace/live_data/fnl_20260721_18_f000.grib2
[2026-07-22 04:51:54,017] INFO - Downsampling dense 0.25-degree operational grid to 1.0-degree training resolution...
[2026-07-22 04:51:54,047] INFO - Aligned Grid Geometry: Latitudes=181, Longitudes=360
[2026-07-22 04:51:54,050] INFO - ✅ Scaling profiles loaded. Normalizing meteorology tensors...
[2026-07-22 04:51:54,119] INFO - Targeting evaluation of 9740 oceanic patches.
[2026-07-22 04:52:00,829] INFO - Sliding window completed. Extracted 5 unsuppressed hits. Running Spatial NMS...
[2026-07-22 04:52:00,830] INFO - Scan complete. Identified 5 highly unique cyclogenesis hazard locations.
[2026-07-22 04:52:00,836] INFO - GeoJSON data file exported to path: /workspace/output/genesis_forecast_24h_20260721_1800.geojson
[2026-07-22 04:52:00,853] INFO - Shapefile data vector array cluster created at: /workspace/output/genesis_forecast_24h_20260721_1800
[2026-07-22 04:52:00,853] INFO - 🔄 Processing Input Step f024 -> Generating True +48h Forecast Target...
[2026-07-22 04:52:00,856] INFO - Extracting meteorological channels from: /workspace/live_data/fnl_20260721_18_f024.grib2
[2026-07-22 04:52:06,194] INFO - Downsampling dense 0.25-degree operational grid to 1.0-degree training resolution...
[2026-07-22 04:52:06,221] INFO - Aligned Grid Geometry: Latitudes=181, Longitudes=360
[2026-07-22 04:52:06,223] INFO - ✅ Scaling profiles loaded. Normalizing meteorology tensors...
[2026-07-22 04:52:06,283] INFO - Targeting evaluation of 9602 oceanic patches.
[2026-07-22 04:52:10,913] INFO - Sliding window completed. Extracted 3 unsuppressed hits. Running Spatial NMS...
[2026-07-22 04:52:10,914] INFO - Scan complete. Identified 3 highly unique cyclogenesis hazard locations.
[2026-07-22 04:52:10,920] INFO - GeoJSON data file exported to path: /workspace/output/genesis_forecast_48h_20260721_1800.geojson
[2026-07-22 04:52:10,937] INFO - Shapefile data vector array cluster created at: /workspace/output/genesis_forecast_48h_20260721_1800
[2026-07-22 04:52:10,938] INFO - 🔄 Processing Input Step f048 -> Generating True +72h Forecast Target...
[2026-07-22 04:52:10,940] INFO - Extracting meteorological channels from: /workspace/live_data/fnl_20260721_18_f048.grib2
[2026-07-22 04:52:16,416] INFO - Downsampling dense 0.25-degree operational grid to 1.0-degree training resolution...
[2026-07-22 04:52:16,443] INFO - Aligned Grid Geometry: Latitudes=181, Longitudes=360
[2026-07-22 04:52:16,446] INFO - ✅ Scaling profiles loaded. Normalizing meteorology tensors...
[2026-07-22 04:52:16,503] INFO - Targeting evaluation of 9617 oceanic patches.
[2026-07-22 04:52:21,199] INFO - Sliding window completed. Extracted 4 unsuppressed hits. Running Spatial NMS...
[2026-07-22 04:52:21,200] INFO - Scan complete. Identified 4 highly unique cyclogenesis hazard locations.
[2026-07-22 04:52:21,211] INFO - GeoJSON data file exported to path: /workspace/output/genesis_forecast_72h_20260721_1800.geojson
[2026-07-22 04:52:21,224] INFO - Shapefile data vector array cluster created at: /workspace/output/genesis_forecast_72h_20260721_1800
[2026-07-22 04:57:37,493] INFO - ✅ Best Fused Ensemble structural neural weight layer graph mounted successfully.
[2026-07-22 04:57:37,495] INFO - Probing runtime availability for cycle loop: 2026-07-22 06:00 UTC
[2026-07-22 04:57:37,497] INFO - Requesting stream step f000 from NOMADS server...
[2026-07-22 04:57:38,302] WARNING - NOMADS step availability gap for f000: Status 403
[2026-07-22 04:57:38,304] INFO - Probing runtime availability for cycle loop: 2026-07-22 00:00 UTC
[2026-07-22 04:57:38,305] INFO - Requesting stream step f000 from NOMADS server...
[2026-07-22 04:57:39,387] WARNING - NOMADS step availability gap for f000: Status 404
[2026-07-22 04:57:39,390] INFO - Probing runtime availability for cycle loop: 2026-07-21 18:00 UTC
[2026-07-22 04:57:39,394] INFO - ✅ Active operational loop verified for time matrix: 2026-07-21 18:00:00
[2026-07-22 04:57:39,395] INFO - 🔄 Processing Input Step f000 -> Generating True +24h Forecast Target...
[2026-07-22 04:57:39,400] INFO - Extracting meteorological channels from: /workspace/live_data/fnl_20260721_18_f000.grib2
[2026-07-22 04:57:44,785] INFO - Downsampling dense 0.25-degree operational grid to 1.0-degree training resolution...
[2026-07-22 04:57:44,815] INFO - Aligned Grid Geometry: Latitudes=181, Longitudes=360
[2026-07-22 04:57:44,818] INFO - ✅ Scaling profiles loaded. Normalizing meteorology tensors...
[2026-07-22 04:57:44,887] INFO - Targeting evaluation of 17310 verified ocean patches.
[2026-07-22 04:57:56,893] INFO - Sliding window completed. Extracted 30 unsuppressed hits. Running Spatial NMS...
[2026-07-22 04:57:56,896] INFO - Scan complete. Identified 15 highly unique cyclogenesis hazard locations.
[2026-07-22 04:57:56,901] INFO - GeoJSON data file exported to path: /workspace/output/genesis_forecast_24h_20260721_1800.geojson
[2026-07-22 04:57:56,935] INFO - Shapefile data vector array cluster created at: /workspace/output/genesis_forecast_24h_20260721_1800
[2026-07-22 04:57:56,936] INFO - 🔄 Processing Input Step f024 -> Generating True +48h Forecast Target...
[2026-07-22 04:57:56,937] INFO - Extracting meteorological channels from: /workspace/live_data/fnl_20260721_18_f024.grib2
[2026-07-22 04:58:02,557] INFO - Downsampling dense 0.25-degree operational grid to 1.0-degree training resolution...
[2026-07-22 04:58:02,585] INFO - Aligned Grid Geometry: Latitudes=181, Longitudes=360
[2026-07-22 04:58:02,588] INFO - ✅ Scaling profiles loaded. Normalizing meteorology tensors...
[2026-07-22 04:58:02,648] INFO - Targeting evaluation of 17310 verified ocean patches.
[2026-07-22 04:58:11,256] INFO - Sliding window completed. Extracted 39 unsuppressed hits. Running Spatial NMS...
[2026-07-22 04:58:11,257] INFO - Scan complete. Identified 19 highly unique cyclogenesis hazard locations.
[2026-07-22 04:58:11,267] INFO - GeoJSON data file exported to path: /workspace/output/genesis_forecast_48h_20260721_1800.geojson
[2026-07-22 04:58:11,290] INFO - Shapefile data vector array cluster created at: /workspace/output/genesis_forecast_48h_20260721_1800
[2026-07-22 04:58:11,291] INFO - 🔄 Processing Input Step f048 -> Generating True +72h Forecast Target...
[2026-07-22 04:58:11,293] INFO - Extracting meteorological channels from: /workspace/live_data/fnl_20260721_18_f048.grib2
[2026-07-22 04:58:16,799] INFO - Downsampling dense 0.25-degree operational grid to 1.0-degree training resolution...
[2026-07-22 04:58:16,828] INFO - Aligned Grid Geometry: Latitudes=181, Longitudes=360
[2026-07-22 04:58:16,840] INFO - ✅ Scaling profiles loaded. Normalizing meteorology tensors...
[2026-07-22 04:58:16,902] INFO - Targeting evaluation of 17310 verified ocean patches.
[2026-07-22 04:58:25,348] INFO - Sliding window completed. Extracted 34 unsuppressed hits. Running Spatial NMS...
[2026-07-22 04:58:25,349] INFO - Scan complete. Identified 15 highly unique cyclogenesis hazard locations.
[2026-07-22 04:58:25,354] INFO - GeoJSON data file exported to path: /workspace/output/genesis_forecast_72h_20260721_1800.geojson
[2026-07-22 04:58:25,374] INFO - Shapefile data vector array cluster created at: /workspace/output/genesis_forecast_72h_20260721_1800
[2026-07-22 05:00:47,275] INFO - ✅ Best Fused Ensemble structural neural weight layer graph mounted successfully.
[2026-07-22 05:00:47,276] INFO - Probing runtime availability for cycle loop: 2026-07-22 06:00 UTC
[2026-07-22 05:00:47,279] INFO - Requesting stream step f000 from NOMADS server...
[2026-07-22 05:00:48,113] WARNING - NOMADS step availability gap for f000: Status 403
[2026-07-22 05:00:48,114] INFO - Probing runtime availability for cycle loop: 2026-07-22 00:00 UTC
[2026-07-22 05:00:48,117] INFO - Requesting stream step f000 from NOMADS server...
[2026-07-22 05:00:49,367] WARNING - NOMADS step availability gap for f000: Status 404
[2026-07-22 05:00:49,370] INFO - Probing runtime availability for cycle loop: 2026-07-21 18:00 UTC
[2026-07-22 05:00:49,373] INFO - ✅ Active operational loop verified for time matrix: 2026-07-21 18:00:00
[2026-07-22 05:00:49,373] INFO - 🔄 Processing Input Step f000 -> Generating True +24h Forecast Target...
[2026-07-22 05:00:49,375] INFO - Extracting meteorological channels from: /workspace/live_data/fnl_20260721_18_f000.grib2
[2026-07-22 05:00:54,784] INFO - Downsampling dense 0.25-degree operational grid to 1.0-degree training resolution...
[2026-07-22 05:00:54,811] INFO - Aligned Grid Geometry: Latitudes=181, Longitudes=360
[2026-07-22 05:00:54,832] INFO - ✅ Scaling profiles loaded. Normalizing meteorology tensors...
[2026-07-22 05:00:54,901] INFO - Targeting evaluation of 17310 verified ocean patches.
[2026-07-22 05:01:06,563] INFO - Sliding window completed. Extracted 30 unsuppressed hits. Running Spatial NMS...
[2026-07-22 05:01:06,564] INFO - Scan complete. Identified 15 highly unique cyclogenesis hazard locations.
[2026-07-22 05:01:06,570] INFO - GeoJSON data file exported to path: /workspace/output/genesis_forecast_24h_20260721_1800.geojson
[2026-07-22 05:01:06,596] INFO - Shapefile data vector array cluster created at: /workspace/output/genesis_forecast_24h_20260721_1800
[2026-07-22 05:01:06,596] INFO - 🔄 Processing Input Step f024 -> Generating True +48h Forecast Target...
[2026-07-22 05:01:06,598] INFO - Extracting meteorological channels from: /workspace/live_data/fnl_20260721_18_f024.grib2
[2026-07-22 05:01:11,430] INFO - Downsampling dense 0.25-degree operational grid to 1.0-degree training resolution...
[2026-07-22 05:01:11,456] INFO - Aligned Grid Geometry: Latitudes=181, Longitudes=360
[2026-07-22 05:01:11,462] INFO - ✅ Scaling profiles loaded. Normalizing meteorology tensors...
[2026-07-22 05:01:11,521] INFO - Targeting evaluation of 17310 verified ocean patches.
[2026-07-22 05:01:19,782] INFO - Sliding window completed. Extracted 39 unsuppressed hits. Running Spatial NMS...
[2026-07-22 05:01:19,783] INFO - Scan complete. Identified 19 highly unique cyclogenesis hazard locations.
[2026-07-22 05:01:19,788] INFO - GeoJSON data file exported to path: /workspace/output/genesis_forecast_48h_20260721_1800.geojson
[2026-07-22 05:01:19,805] INFO - Shapefile data vector array cluster created at: /workspace/output/genesis_forecast_48h_20260721_1800
[2026-07-22 05:01:19,806] INFO - 🔄 Processing Input Step f048 -> Generating True +72h Forecast Target...
[2026-07-22 05:01:19,812] INFO - Extracting meteorological channels from: /workspace/live_data/fnl_20260721_18_f048.grib2
[2026-07-22 05:01:25,126] INFO - Downsampling dense 0.25-degree operational grid to 1.0-degree training resolution...
[2026-07-22 05:01:25,154] INFO - Aligned Grid Geometry: Latitudes=181, Longitudes=360
[2026-07-22 05:01:25,158] INFO - ✅ Scaling profiles loaded. Normalizing meteorology tensors...
[2026-07-22 05:01:25,216] INFO - Targeting evaluation of 17310 verified ocean patches.
[2026-07-22 05:01:33,185] INFO - Sliding window completed. Extracted 34 unsuppressed hits. Running Spatial NMS...
[2026-07-22 05:01:33,186] INFO - Scan complete. Identified 15 highly unique cyclogenesis hazard locations.
[2026-07-22 05:01:33,191] INFO - GeoJSON data file exported to path: /workspace/output/genesis_forecast_72h_20260721_1800.geojson
[2026-07-22 05:01:33,204] INFO - Shapefile data vector array cluster created at: /workspace/output/genesis_forecast_72h_20260721_1800
[2026-07-22 05:01:45,902] INFO - ✅ Best Fused Ensemble structural neural weight layer graph mounted successfully.
[2026-07-22 05:01:45,904] INFO - Probing runtime availability for cycle loop: 2026-07-22 06:00 UTC
[2026-07-22 05:01:45,908] INFO - Requesting stream step f000 from NOMADS server...
[2026-07-22 05:01:46,243] WARNING - NOMADS step availability gap for f000: Status 403
[2026-07-22 05:01:46,247] INFO - Probing runtime availability for cycle loop: 2026-07-22 00:00 UTC
[2026-07-22 05:01:46,249] INFO - Requesting stream step f000 from NOMADS server...
[2026-07-22 05:01:46,916] WARNING - NOMADS step availability gap for f000: Status 404
[2026-07-22 05:01:46,919] INFO - Probing runtime availability for cycle loop: 2026-07-21 18:00 UTC
[2026-07-22 05:01:46,921] INFO - ✅ Active operational loop verified for time matrix: 2026-07-21 18:00:00
[2026-07-22 05:01:46,921] INFO - 🔄 Processing Input Step f000 -> Generating True +24h Forecast Target...
[2026-07-22 05:01:46,923] INFO - Extracting meteorological channels from: /workspace/live_data/fnl_20260721_18_f000.grib2
[2026-07-22 05:01:52,129] INFO - Downsampling dense 0.25-degree operational grid to 1.0-degree training resolution...
[2026-07-22 05:01:52,157] INFO - Aligned Grid Geometry: Latitudes=181, Longitudes=360
[2026-07-22 05:01:52,161] INFO - ✅ Scaling profiles loaded. Normalizing meteorology tensors...
[2026-07-22 05:01:52,228] INFO - Targeting evaluation of 9740 oceanic patches.
[2026-07-22 05:01:58,855] INFO - Sliding window completed. Extracted 5 unsuppressed hits. Running Spatial NMS...
[2026-07-22 05:01:58,856] INFO - Scan complete. Identified 5 highly unique cyclogenesis hazard locations.
[2026-07-22 05:01:58,861] INFO - GeoJSON data file exported to path: /workspace/output/genesis_forecast_24h_20260721_1800.geojson
[2026-07-22 05:01:58,887] INFO - Shapefile data vector array cluster created at: /workspace/output/genesis_forecast_24h_20260721_1800
[2026-07-22 05:01:58,889] INFO - 🔄 Processing Input Step f024 -> Generating True +48h Forecast Target...
[2026-07-22 05:01:58,897] INFO - Extracting meteorological channels from: /workspace/live_data/fnl_20260721_18_f024.grib2
[2026-07-22 05:02:03,947] INFO - Downsampling dense 0.25-degree operational grid to 1.0-degree training resolution...
[2026-07-22 05:02:03,973] INFO - Aligned Grid Geometry: Latitudes=181, Longitudes=360
[2026-07-22 05:02:03,978] INFO - ✅ Scaling profiles loaded. Normalizing meteorology tensors...
[2026-07-22 05:02:04,039] INFO - Targeting evaluation of 9602 oceanic patches.
[2026-07-22 05:02:08,621] INFO - Sliding window completed. Extracted 3 unsuppressed hits. Running Spatial NMS...
[2026-07-22 05:02:08,622] INFO - Scan complete. Identified 3 highly unique cyclogenesis hazard locations.
[2026-07-22 05:02:08,627] INFO - GeoJSON data file exported to path: /workspace/output/genesis_forecast_48h_20260721_1800.geojson
[2026-07-22 05:02:08,644] INFO - Shapefile data vector array cluster created at: /workspace/output/genesis_forecast_48h_20260721_1800
[2026-07-22 05:02:08,645] INFO - 🔄 Processing Input Step f048 -> Generating True +72h Forecast Target...
[2026-07-22 05:02:08,647] INFO - Extracting meteorological channels from: /workspace/live_data/fnl_20260721_18_f048.grib2
[2026-07-22 05:02:13,890] INFO - Downsampling dense 0.25-degree operational grid to 1.0-degree training resolution...
[2026-07-22 05:02:13,919] INFO - Aligned Grid Geometry: Latitudes=181, Longitudes=360
[2026-07-22 05:02:13,922] INFO - ✅ Scaling profiles loaded. Normalizing meteorology tensors...
[2026-07-22 05:02:13,996] INFO - Targeting evaluation of 9617 oceanic patches.
[2026-07-22 05:02:18,823] INFO - Sliding window completed. Extracted 4 unsuppressed hits. Running Spatial NMS...
[2026-07-22 05:02:18,824] INFO - Scan complete. Identified 4 highly unique cyclogenesis hazard locations.
[2026-07-22 05:02:18,831] INFO - GeoJSON data file exported to path: /workspace/output/genesis_forecast_72h_20260721_1800.geojson
[2026-07-22 05:02:18,850] INFO - Shapefile data vector array cluster created at: /workspace/output/genesis_forecast_72h_20260721_1800
[2026-07-22 05:05:23,060] INFO - ✅ Best Fused Ensemble structural neural weight layer graph mounted successfully.
[2026-07-22 05:05:23,061] INFO - Probing runtime availability for cycle loop: 2026-07-22 06:00 UTC
[2026-07-22 05:05:23,063] INFO - Requesting stream step f000 from NOMADS server...
[2026-07-22 05:05:23,407] WARNING - NOMADS step availability gap for f000: Status 403
[2026-07-22 05:05:23,410] INFO - Probing runtime availability for cycle loop: 2026-07-22 00:00 UTC
[2026-07-22 05:05:23,412] INFO - Requesting stream step f000 from NOMADS server...
[2026-07-22 05:05:24,069] WARNING - NOMADS step availability gap for f000: Status 404
[2026-07-22 05:05:24,070] INFO - Probing runtime availability for cycle loop: 2026-07-21 18:00 UTC
[2026-07-22 05:05:24,073] INFO - ✅ Active operational loop verified for time matrix: 2026-07-21 18:00:00
[2026-07-22 05:05:24,074] INFO - 🔄 Processing Input Step f000 -> Generating True +24h Forecast Target...
[2026-07-22 05:05:24,077] INFO - Extracting meteorological channels from: /workspace/live_data/fnl_20260721_18_f000.grib2
[2026-07-22 05:05:29,156] INFO - Downsampling dense 0.25-degree operational grid to 1.0-degree training resolution...
[2026-07-22 05:05:32,096] INFO - Targeting evaluation of 9786 oceanic patches.
[2026-07-22 05:05:52,097] INFO - GeoJSON data file exported to path: /workspace/output/genesis_forecast_24h_20260721_1800.geojson
[2026-07-22 05:05:52,106] INFO - Shapefile data vector array cluster created at: /workspace/output/genesis_forecast_24h_20260721_1800
[2026-07-22 05:05:52,106] INFO - 🔄 Processing Input Step f024 -> Generating True +48h Forecast Target...
[2026-07-22 05:05:52,112] INFO - Extracting meteorological channels from: /workspace/live_data/fnl_20260721_18_f024.grib2
[2026-07-22 05:05:57,728] INFO - Downsampling dense 0.25-degree operational grid to 1.0-degree training resolution...
[2026-07-22 05:06:00,761] INFO - Targeting evaluation of 9647 oceanic patches.
[2026-07-22 05:06:11,060] INFO - GeoJSON data file exported to path: /workspace/output/genesis_forecast_48h_20260721_1800.geojson
[2026-07-22 05:06:11,078] INFO - Shapefile data vector array cluster created at: /workspace/output/genesis_forecast_48h_20260721_1800
[2026-07-22 05:06:11,079] INFO - 🔄 Processing Input Step f048 -> Generating True +72h Forecast Target...
[2026-07-22 05:06:11,080] INFO - Extracting meteorological channels from: /workspace/live_data/fnl_20260721_18_f048.grib2
[2026-07-22 05:06:16,606] INFO - Downsampling dense 0.25-degree operational grid to 1.0-degree training resolution...
[2026-07-22 05:06:19,602] INFO - Targeting evaluation of 9662 oceanic patches.
[2026-07-22 05:06:26,067] INFO - GeoJSON data file exported to path: /workspace/output/genesis_forecast_72h_20260721_1800.geojson
[2026-07-22 05:06:26,097] INFO - Shapefile data vector array cluster created at: /workspace/output/genesis_forecast_72h_20260721_1800
[2026-07-22 05:13:33,935] INFO - ✅ Best Fused Ensemble structural neural weight layer graph mounted successfully.
[2026-07-22 05:13:33,936] INFO - Probing runtime availability for cycle loop: 2026-07-22 06:00 UTC
[2026-07-22 05:13:33,939] INFO - Requesting stream step f000 from NOMADS server...
[2026-07-22 05:13:34,258] WARNING - NOMADS step availability gap for f000: Status 403
[2026-07-22 05:13:34,261] INFO - Probing runtime availability for cycle loop: 2026-07-22 00:00 UTC
[2026-07-22 05:13:34,265] INFO - Requesting stream step f000 from NOMADS server...
[2026-07-22 05:13:35,010] WARNING - NOMADS step availability gap for f000: Status 404
[2026-07-22 05:13:35,015] INFO - Probing runtime availability for cycle loop: 2026-07-21 18:00 UTC
[2026-07-22 05:13:35,018] INFO - ✅ Active operational loop verified for time matrix: 2026-07-21 18:00:00
[2026-07-22 05:13:35,019] INFO - 🔄 Processing Input Step f000 -> Generating True +24h Forecast Target...
[2026-07-22 05:13:35,021] INFO - Extracting meteorological channels from: /workspace/live_data/fnl_20260721_18_f000.grib2
[2026-07-22 05:13:40,240] INFO - Aligning live dataset grid to standard 1.0° resolution (-90..90 N, 0..359 E)...
[2026-07-22 05:13:41,145] INFO - ✅ Scaling profiles loaded successfully.
[2026-07-22 05:13:41,222] INFO - Targeting evaluation of 9786 oceanic patches.
[2026-07-22 05:13:48,787] INFO - Extracted 11 raw hits before NMS.
[2026-07-22 05:13:48,787] INFO - Scan complete. Identified 7 unique hazard candidates.
[2026-07-22 05:13:48,794] INFO - GeoJSON exported: /workspace/output/genesis_forecast_24h_20260721_1800.geojson
[2026-07-22 05:13:48,806] INFO - Shapefile created: /workspace/output/genesis_forecast_24h_20260721_1800
[2026-07-22 05:13:48,806] INFO - 🔄 Processing Input Step f024 -> Generating True +48h Forecast Target...
[2026-07-22 05:13:48,809] INFO - Extracting meteorological channels from: /workspace/live_data/fnl_20260721_18_f024.grib2
[2026-07-22 05:13:53,772] INFO - Aligning live dataset grid to standard 1.0° resolution (-90..90 N, 0..359 E)...
[2026-07-22 05:13:54,643] INFO - ✅ Scaling profiles loaded successfully.
[2026-07-22 05:13:54,716] INFO - Targeting evaluation of 9647 oceanic patches.
[2026-07-22 05:13:59,784] INFO - Extracted 6 raw hits before NMS.
[2026-07-22 05:13:59,786] INFO - Scan complete. Identified 6 unique hazard candidates.
[2026-07-22 05:13:59,792] INFO - GeoJSON exported: /workspace/output/genesis_forecast_48h_20260721_1800.geojson
[2026-07-22 05:13:59,811] INFO - Shapefile created: /workspace/output/genesis_forecast_48h_20260721_1800
[2026-07-22 05:13:59,811] INFO - 🔄 Processing Input Step f048 -> Generating True +72h Forecast Target...
[2026-07-22 05:13:59,813] INFO - Extracting meteorological channels from: /workspace/live_data/fnl_20260721_18_f048.grib2
[2026-07-22 05:14:05,009] INFO - Aligning live dataset grid to standard 1.0° resolution (-90..90 N, 0..359 E)...
[2026-07-22 05:14:05,831] INFO - ✅ Scaling profiles loaded successfully.
[2026-07-22 05:14:05,907] INFO - Targeting evaluation of 9662 oceanic patches.
[2026-07-22 05:14:11,248] INFO - Extracted 10 raw hits before NMS.
[2026-07-22 05:14:11,249] INFO - Scan complete. Identified 10 unique hazard candidates.
[2026-07-22 05:14:11,255] INFO - GeoJSON exported: /workspace/output/genesis_forecast_72h_20260721_1800.geojson
[2026-07-22 05:14:11,273] INFO - Shapefile created: /workspace/output/genesis_forecast_72h_20260721_1800
[2026-07-22 05:26:04,589] INFO - ✅ Best Fused Ensemble structural neural weight layer graph mounted successfully.
[2026-07-22 05:26:04,590] INFO - Probing runtime availability for cycle loop: 2026-07-22 06:00 UTC
[2026-07-22 05:26:04,591] INFO - Requesting stream step f000 from NOMADS server...
[2026-07-22 05:26:04,895] WARNING - NOMADS step availability gap for f000: Status 403
[2026-07-22 05:26:04,897] INFO - Probing runtime availability for cycle loop: 2026-07-22 00:00 UTC
[2026-07-22 05:26:04,898] INFO - Requesting stream step f000 from NOMADS server...
[2026-07-22 05:26:05,504] WARNING - NOMADS step availability gap for f000: Status 404
[2026-07-22 05:26:05,508] INFO - Probing runtime availability for cycle loop: 2026-07-21 18:00 UTC
[2026-07-22 05:26:05,510] INFO - ✅ Active operational loop verified for time matrix: 2026-07-21 18:00:00
[2026-07-22 05:26:05,511] INFO - 🔄 Processing Input Step f000 -> Generating True +24h Forecast Target...
[2026-07-22 05:26:05,513] INFO - Extracting meteorological channels from: /workspace/live_data/fnl_20260721_18_f000.grib2
[2026-07-22 05:26:10,826] INFO - Aligning live dataset grid to standard 1.0° resolution (-90..90 N, 0..359 E)...
[2026-07-22 05:26:11,881] INFO - ✅ Scaling profiles loaded successfully.
[2026-07-22 05:26:11,958] INFO - Targeting evaluation of 9786 oceanic patches.
[2026-07-22 05:26:18,980] INFO - Extracted 7 raw hits before NMS.
[2026-07-22 05:26:18,981] INFO - Scan complete. Identified 6 unique hazard candidates.
[2026-07-22 05:26:18,986] INFO - GeoJSON exported: /workspace/output/genesis_forecast_24h_20260721_1800.geojson
[2026-07-22 05:26:19,012] INFO - Shapefile created: /workspace/output/genesis_forecast_24h_20260721_1800
[2026-07-22 05:26:19,013] INFO - 🔄 Processing Input Step f024 -> Generating True +48h Forecast Target...
[2026-07-22 05:26:19,015] INFO - Extracting meteorological channels from: /workspace/live_data/fnl_20260721_18_f024.grib2
[2026-07-22 05:26:24,708] INFO - Aligning live dataset grid to standard 1.0° resolution (-90..90 N, 0..359 E)...
[2026-07-22 05:26:25,599] INFO - ✅ Scaling profiles loaded successfully.
[2026-07-22 05:26:25,750] INFO - Targeting evaluation of 9647 oceanic patches.
[2026-07-22 05:26:30,890] INFO - Extracted 4 raw hits before NMS.
[2026-07-22 05:26:30,892] INFO - Scan complete. Identified 3 unique hazard candidates.
[2026-07-22 05:26:30,897] INFO - GeoJSON exported: /workspace/output/genesis_forecast_48h_20260721_1800.geojson
[2026-07-22 05:26:30,905] INFO - Shapefile created: /workspace/output/genesis_forecast_48h_20260721_1800
[2026-07-22 05:26:30,906] INFO - 🔄 Processing Input Step f048 -> Generating True +72h Forecast Target...
[2026-07-22 05:26:30,910] INFO - Extracting meteorological channels from: /workspace/live_data/fnl_20260721_18_f048.grib2
[2026-07-22 05:26:36,055] INFO - Aligning live dataset grid to standard 1.0° resolution (-90..90 N, 0..359 E)...
[2026-07-22 05:26:36,974] INFO - ✅ Scaling profiles loaded successfully.
[2026-07-22 05:26:37,048] INFO - Targeting evaluation of 9662 oceanic patches.
[2026-07-22 05:26:41,914] INFO - Extracted 4 raw hits before NMS.
[2026-07-22 05:26:41,916] INFO - Scan complete. Identified 3 unique hazard candidates.
[2026-07-22 05:26:41,922] INFO - GeoJSON exported: /workspace/output/genesis_forecast_72h_20260721_1800.geojson
[2026-07-22 05:26:41,940] INFO - Shapefile created: /workspace/output/genesis_forecast_72h_20260721_1800
[2026-07-22 05:32:34,861] INFO - ✅ Best Fused Ensemble structural neural weight layer graph mounted successfully.
[2026-07-22 05:32:34,863] INFO - Probing runtime availability for cycle loop: 2026-07-22 06:00 UTC
[2026-07-22 05:32:34,867] INFO - Requesting stream step f000 from NOMADS server...
[2026-07-22 05:32:35,155] WARNING - NOMADS step availability gap for f000: Status 403
[2026-07-22 05:32:35,158] INFO - Probing runtime availability for cycle loop: 2026-07-22 00:00 UTC
[2026-07-22 05:32:35,160] INFO - Requesting stream step f000 from NOMADS server...
[2026-07-22 05:32:35,865] WARNING - NOMADS step availability gap for f000: Status 404
[2026-07-22 05:32:35,872] INFO - Probing runtime availability for cycle loop: 2026-07-21 18:00 UTC
[2026-07-22 05:32:35,874] INFO - ✅ Active operational loop verified for time matrix: 2026-07-21 18:00:00
[2026-07-22 05:32:35,874] INFO - 🔄 Processing Input Step f000 -> Generating True +24h Forecast Target...
[2026-07-22 05:32:35,877] INFO - Extracting meteorological channels from: /workspace/live_data/fnl_20260721_18_f000.grib2
[2026-07-22 05:32:41,274] INFO - Interpolating live GFS grid to standard 1.0° resolution...
[2026-07-22 05:32:42,419] INFO - Targeting evaluation of 9569 oceanic patches.
[2026-07-22 05:32:49,962] INFO - Extracted 2 raw hits before NMS.
[2026-07-22 05:32:49,969] INFO - GeoJSON exported: /workspace/output/genesis_forecast_24h_20260721_1800.geojson
[2026-07-22 05:32:49,980] INFO - Shapefile created: /workspace/output/genesis_forecast_24h_20260721_1800
[2026-07-22 05:32:49,981] INFO - 🔄 Processing Input Step f024 -> Generating True +48h Forecast Target...
[2026-07-22 05:32:49,985] INFO - Extracting meteorological channels from: /workspace/live_data/fnl_20260721_18_f024.grib2
[2026-07-22 05:32:55,746] INFO - Interpolating live GFS grid to standard 1.0° resolution...
[2026-07-22 05:32:56,886] INFO - Targeting evaluation of 9439 oceanic patches.
[2026-07-22 05:33:01,259] INFO - Extracted 0 raw hits before NMS.
[2026-07-22 05:33:01,266] INFO - GeoJSON exported: /workspace/output/genesis_forecast_48h_20260721_1800.geojson
[2026-07-22 05:33:01,279] INFO - Shapefile created: /workspace/output/genesis_forecast_48h_20260721_1800
[2026-07-22 05:33:01,279] INFO - 🔄 Processing Input Step f048 -> Generating True +72h Forecast Target...
[2026-07-22 05:33:01,281] INFO - Extracting meteorological channels from: /workspace/live_data/fnl_20260721_18_f048.grib2
[2026-07-22 05:33:06,297] INFO - Interpolating live GFS grid to standard 1.0° resolution...
[2026-07-22 05:33:07,282] INFO - Targeting evaluation of 9452 oceanic patches.
[2026-07-22 05:33:11,499] INFO - Extracted 1 raw hits before NMS.
[2026-07-22 05:33:11,504] INFO - GeoJSON exported: /workspace/output/genesis_forecast_72h_20260721_1800.geojson
[2026-07-22 05:33:11,514] INFO - Shapefile created: /workspace/output/genesis_forecast_72h_20260721_1800
[2026-07-22 05:35:15,693] INFO - ✅ Best Fused Ensemble structural neural weight layer graph mounted successfully.
[2026-07-22 05:35:15,694] INFO - Probing runtime availability for cycle loop: 2026-07-22 06:00 UTC
[2026-07-22 05:35:15,695] INFO - Requesting stream step f000 from NOMADS server...
[2026-07-22 05:35:16,005] WARNING - NOMADS step availability gap for f000: Status 403
[2026-07-22 05:35:16,007] INFO - Probing runtime availability for cycle loop: 2026-07-22 00:00 UTC
[2026-07-22 05:35:16,008] INFO - Requesting stream step f000 from NOMADS server...
[2026-07-22 05:35:16,599] WARNING - NOMADS step availability gap for f000: Status 404
[2026-07-22 05:35:16,600] INFO - Probing runtime availability for cycle loop: 2026-07-21 18:00 UTC
[2026-07-22 05:35:16,602] INFO - ✅ Active operational loop verified for time matrix: 2026-07-21 18:00:00
[2026-07-22 05:35:16,603] INFO - 🔄 Processing Input Step f000 -> Generating True +24h Forecast Target...
[2026-07-22 05:35:16,604] INFO - Extracting meteorological channels from: /workspace/live_data/fnl_20260721_18_f000.grib2
[2026-07-22 05:35:22,150] INFO - Interpolating live GFS grid to standard 1.0° resolution...
[2026-07-22 05:35:23,244] INFO - Targeting evaluation of 9672 oceanic patches.
[2026-07-22 05:35:31,007] INFO - Extracted 2 raw hits before NMS.
[2026-07-22 05:35:31,013] INFO - GeoJSON exported: /workspace/output/genesis_forecast_24h_20260721_1800.geojson
[2026-07-22 05:35:31,033] INFO - Shapefile created: /workspace/output/genesis_forecast_24h_20260721_1800
[2026-07-22 05:35:31,033] INFO - 🔄 Processing Input Step f024 -> Generating True +48h Forecast Target...
[2026-07-22 05:35:31,036] INFO - Extracting meteorological channels from: /workspace/live_data/fnl_20260721_18_f024.grib2
[2026-07-22 05:35:36,595] INFO - Interpolating live GFS grid to standard 1.0° resolution...
[2026-07-22 05:35:37,584] INFO - Targeting evaluation of 9536 oceanic patches.
[2026-07-22 05:35:41,950] INFO - Extracted 2 raw hits before NMS.
[2026-07-22 05:35:41,956] INFO - GeoJSON exported: /workspace/output/genesis_forecast_48h_20260721_1800.geojson
[2026-07-22 05:35:41,966] INFO - Shapefile created: /workspace/output/genesis_forecast_48h_20260721_1800
[2026-07-22 05:35:41,967] INFO - 🔄 Processing Input Step f048 -> Generating True +72h Forecast Target...
[2026-07-22 05:35:41,968] INFO - Extracting meteorological channels from: /workspace/live_data/fnl_20260721_18_f048.grib2
[2026-07-22 05:35:47,440] INFO - Interpolating live GFS grid to standard 1.0° resolution...
[2026-07-22 05:35:48,474] INFO - Targeting evaluation of 9549 oceanic patches.
[2026-07-22 05:35:53,006] INFO - Extracted 3 raw hits before NMS.
[2026-07-22 05:35:53,018] INFO - GeoJSON exported: /workspace/output/genesis_forecast_72h_20260721_1800.geojson
[2026-07-22 05:35:53,041] INFO - Shapefile created: /workspace/output/genesis_forecast_72h_20260721_1800
[2026-07-22 05:39:43,198] INFO - ✅ Best Fused Ensemble structural neural weight layer graph mounted successfully.
[2026-07-22 05:39:43,198] INFO - Probing runtime availability for cycle loop: 2026-07-22 06:00 UTC
[2026-07-22 05:39:43,200] INFO - Requesting stream step f000 from NOMADS server...
[2026-07-22 05:39:43,618] WARNING - NOMADS step availability gap for f000: Status 403
[2026-07-22 05:39:43,622] INFO - Probing runtime availability for cycle loop: 2026-07-22 00:00 UTC
[2026-07-22 05:39:43,626] INFO - Requesting stream step f000 from NOMADS server...
[2026-07-22 05:39:44,771] WARNING - NOMADS step availability gap for f000: Status 404
[2026-07-22 05:39:44,774] INFO - Probing runtime availability for cycle loop: 2026-07-21 18:00 UTC
[2026-07-22 05:39:44,776] INFO - ✅ Active operational loop verified for time matrix: 2026-07-21 18:00:00
[2026-07-22 05:39:44,777] INFO - 🔄 Processing Input Step f000 -> Generating True +24h Forecast Target...
[2026-07-22 05:39:44,778] INFO - Extracting meteorological channels from: /workspace/live_data/fnl_20260721_18_f000.grib2
[2026-07-22 05:39:50,355] INFO - Targeting evaluation of 9783 oceanic patches.
[2026-07-22 05:39:57,896] INFO - Extracted 7 raw hits before NMS.
[2026-07-22 05:39:57,903] INFO - GeoJSON exported: /workspace/output/genesis_forecast_24h_20260721_1800.geojson
[2026-07-22 05:39:57,921] INFO - Shapefile created: /workspace/output/genesis_forecast_24h_20260721_1800
[2026-07-22 05:39:57,922] INFO - 🔄 Processing Input Step f024 -> Generating True +48h Forecast Target...
[2026-07-22 05:39:57,923] INFO - Extracting meteorological channels from: /workspace/live_data/fnl_20260721_18_f024.grib2
[2026-07-22 05:40:03,402] INFO - Targeting evaluation of 9645 oceanic patches.
[2026-07-22 05:40:08,284] INFO - Extracted 4 raw hits before NMS.
[2026-07-22 05:40:08,288] INFO - GeoJSON exported: /workspace/output/genesis_forecast_48h_20260721_1800.geojson
[2026-07-22 05:40:08,310] INFO - Shapefile created: /workspace/output/genesis_forecast_48h_20260721_1800
[2026-07-22 05:40:08,311] INFO - 🔄 Processing Input Step f048 -> Generating True +72h Forecast Target...
[2026-07-22 05:40:08,313] INFO - Extracting meteorological channels from: /workspace/live_data/fnl_20260721_18_f048.grib2
[2026-07-22 05:40:13,484] INFO - Targeting evaluation of 9660 oceanic patches.
[2026-07-22 05:40:18,545] INFO - Extracted 4 raw hits before NMS.
[2026-07-22 05:40:18,556] INFO - GeoJSON exported: /workspace/output/genesis_forecast_72h_20260721_1800.geojson
[2026-07-22 05:40:18,577] INFO - Shapefile created: /workspace/output/genesis_forecast_72h_20260721_1800
[2026-07-22 06:09:25,083] INFO - ✅ Best Fused Ensemble structural neural weight layer graph mounted successfully.
[2026-07-22 06:09:25,085] INFO - Probing runtime availability for cycle loop: 2026-07-22 06:00 UTC
[2026-07-22 06:09:25,092] INFO - Requesting stream step f000 from NOMADS server...
[2026-07-22 06:09:26,143] WARNING - NOMADS step availability gap for f000: Status 404
[2026-07-22 06:09:26,145] INFO - Probing runtime availability for cycle loop: 2026-07-22 00:00 UTC
[2026-07-22 06:09:26,147] INFO - Requesting stream step f000 from NOMADS server...
[2026-07-22 06:09:26,746] WARNING - NOMADS step availability gap for f000: Status 404
[2026-07-22 06:09:26,748] INFO - Probing runtime availability for cycle loop: 2026-07-21 18:00 UTC
[2026-07-22 06:09:26,752] INFO - ✅ Active operational loop verified for time matrix: 2026-07-21 18:00:00
[2026-07-22 06:09:26,754] INFO - 🔄 Processing Input Step f000 -> Generating True +24h Forecast Target...
[2026-07-22 06:09:26,757] INFO - Extracting meteorological channels from: /workspace/live_data/fnl_20260721_18_f000.grib2
[2026-07-22 06:09:33,834] INFO - Targeting evaluation of 9865 oceanic patches.
[2026-07-22 06:09:40,566] INFO - Extracted 3 raw hits before NMS.
[2026-07-22 06:09:40,570] INFO - GeoJSON exported: /workspace/output/genesis_forecast_24h_20260721_1800.geojson
[2026-07-22 06:09:40,621] INFO - Shapefile created: /workspace/output/genesis_forecast_24h_20260721_1800
[2026-07-22 06:09:40,622] INFO - 🔄 Processing Input Step f024 -> Generating True +48h Forecast Target...
[2026-07-22 06:09:40,625] INFO - Extracting meteorological channels from: /workspace/live_data/fnl_20260721_18_f024.grib2
[2026-07-22 06:09:47,613] INFO - Targeting evaluation of 9726 oceanic patches.
[2026-07-22 06:09:52,235] INFO - Extracted 3 raw hits before NMS.
[2026-07-22 06:09:52,241] INFO - GeoJSON exported: /workspace/output/genesis_forecast_48h_20260721_1800.geojson
[2026-07-22 06:09:52,262] INFO - Shapefile created: /workspace/output/genesis_forecast_48h_20260721_1800
[2026-07-22 06:09:52,263] INFO - 🔄 Processing Input Step f048 -> Generating True +72h Forecast Target...
[2026-07-22 06:09:52,265] INFO - Extracting meteorological channels from: /workspace/live_data/fnl_20260721_18_f048.grib2
[2026-07-22 06:09:57,975] INFO - Targeting evaluation of 9741 oceanic patches.
[2026-07-22 06:10:02,194] INFO - Extracted 3 raw hits before NMS.
[2026-07-22 06:10:02,201] INFO - GeoJSON exported: /workspace/output/genesis_forecast_72h_20260721_1800.geojson
[2026-07-22 06:10:02,217] INFO - Shapefile created: /workspace/output/genesis_forecast_72h_20260721_1800
[2026-07-22 06:12:56,941] INFO - ✅ Best Fused Ensemble structural neural weight layer graph mounted successfully.
[2026-07-22 06:12:56,942] INFO - Probing runtime availability for cycle loop: 2026-07-22 06:00 UTC
[2026-07-22 06:12:56,945] INFO - Requesting stream step f000 from NOMADS server...
[2026-07-22 06:12:57,539] WARNING - NOMADS step availability gap for f000: Status 404
[2026-07-22 06:12:57,540] INFO - Probing runtime availability for cycle loop: 2026-07-22 00:00 UTC
[2026-07-22 06:12:57,541] INFO - Requesting stream step f000 from NOMADS server...
[2026-07-22 06:12:58,139] WARNING - NOMADS step availability gap for f000: Status 404
[2026-07-22 06:12:58,141] INFO - Probing runtime availability for cycle loop: 2026-07-21 18:00 UTC
[2026-07-22 06:12:58,144] INFO - ✅ Active operational loop verified for time matrix: 2026-07-21 18:00:00
[2026-07-22 06:12:58,144] INFO - 🔄 Processing Input Step f000 -> Generating True +24h Forecast Target...
[2026-07-22 06:12:58,145] INFO - Extracting meteorological channels from: /workspace/live_data/fnl_20260721_18_f000.grib2
[2026-07-22 06:13:04,410] INFO - Targeting evaluation of 16143 oceanic patches.
[2026-07-22 06:13:23,186] INFO - Extracted 12 raw hits before NMS.
[2026-07-22 06:13:23,191] INFO - GeoJSON exported: /workspace/output/genesis_forecast_24h_20260721_1800.geojson
[2026-07-22 06:13:23,201] INFO - Shapefile created: /workspace/output/genesis_forecast_24h_20260721_1800
[2026-07-22 06:13:23,201] INFO - 🔄 Processing Input Step f024 -> Generating True +48h Forecast Target...
[2026-07-22 06:13:23,206] INFO - Extracting meteorological channels from: /workspace/live_data/fnl_20260721_18_f024.grib2
[2026-07-22 06:13:28,657] INFO - Targeting evaluation of 16089 oceanic patches.
[2026-07-22 06:13:37,115] INFO - Extracted 12 raw hits before NMS.
[2026-07-22 06:13:37,119] INFO - GeoJSON exported: /workspace/output/genesis_forecast_48h_20260721_1800.geojson
[2026-07-22 06:13:37,129] INFO - Shapefile created: /workspace/output/genesis_forecast_48h_20260721_1800
[2026-07-22 06:13:37,130] INFO - 🔄 Processing Input Step f048 -> Generating True +72h Forecast Target...
[2026-07-22 06:13:37,135] INFO - Extracting meteorological channels from: /workspace/live_data/fnl_20260721_18_f048.grib2
[2026-07-22 06:13:42,646] INFO - Targeting evaluation of 16079 oceanic patches.
[2026-07-22 06:13:51,520] INFO - Extracted 10 raw hits before NMS.
[2026-07-22 06:13:51,529] INFO - GeoJSON exported: /workspace/output/genesis_forecast_72h_20260721_1800.geojson
[2026-07-22 06:13:51,548] INFO - Shapefile created: /workspace/output/genesis_forecast_72h_20260721_1800
[2026-07-22 06:18:29,930] INFO - ✅ Best Fused Ensemble structural neural weight layer graph mounted successfully.
[2026-07-22 06:18:29,930] INFO - Probing runtime availability for cycle loop: 2026-07-22 06:00 UTC
[2026-07-22 06:18:29,932] INFO - Requesting stream step f000 from NOMADS server...
[2026-07-22 06:18:30,545] WARNING - NOMADS step availability gap for f000: Status 404
[2026-07-22 06:18:30,548] INFO - Probing runtime availability for cycle loop: 2026-07-22 00:00 UTC
[2026-07-22 06:18:30,550] INFO - Requesting stream step f000 from NOMADS server...
[2026-07-22 06:18:31,204] WARNING - NOMADS step availability gap for f000: Status 404
[2026-07-22 06:18:31,209] INFO - Probing runtime availability for cycle loop: 2026-07-21 18:00 UTC
[2026-07-22 06:18:31,212] INFO - ✅ Active operational loop verified for time matrix: 2026-07-21 18:00:00
[2026-07-22 06:18:31,213] INFO - 🔄 Processing Input Step f000 -> Generating True +24h Forecast Target...
[2026-07-22 06:18:31,217] INFO - Extracting meteorological channels from: /workspace/live_data/fnl_20260721_18_f000.grib2
[2026-07-22 06:18:36,982] INFO - Targeting evaluation of 16043 oceanic patches.
[2026-07-22 06:18:46,648] INFO - Extracted 9 raw hits before NMS.
[2026-07-22 06:18:46,656] INFO - GeoJSON exported: /workspace/output/genesis_forecast_24h_20260721_1800.geojson
[2026-07-22 06:18:46,672] INFO - Shapefile created: /workspace/output/genesis_forecast_24h_20260721_1800
[2026-07-22 06:18:46,672] INFO - 🔄 Processing Input Step f024 -> Generating True +48h Forecast Target...
[2026-07-22 06:18:46,675] INFO - Extracting meteorological channels from: /workspace/live_data/fnl_20260721_18_f024.grib2
[2026-07-22 06:18:52,193] INFO - Targeting evaluation of 15989 oceanic patches.
[2026-07-22 06:18:59,306] INFO - Extracted 9 raw hits before NMS.
[2026-07-22 06:18:59,312] INFO - GeoJSON exported: /workspace/output/genesis_forecast_48h_20260721_1800.geojson
[2026-07-22 06:18:59,331] INFO - Shapefile created: /workspace/output/genesis_forecast_48h_20260721_1800
[2026-07-22 06:18:59,331] INFO - 🔄 Processing Input Step f048 -> Generating True +72h Forecast Target...
[2026-07-22 06:18:59,333] INFO - Extracting meteorological channels from: /workspace/live_data/fnl_20260721_18_f048.grib2
[2026-07-22 06:19:04,985] INFO - Targeting evaluation of 15979 oceanic patches.
[2026-07-22 06:19:12,029] INFO - Extracted 9 raw hits before NMS.
[2026-07-22 06:19:12,038] INFO - GeoJSON exported: /workspace/output/genesis_forecast_72h_20260721_1800.geojson
[2026-07-22 06:19:12,060] INFO - Shapefile created: /workspace/output/genesis_forecast_72h_20260721_1800
[2026-07-22 06:24:31,969] INFO - ✅ Best Fused Ensemble structural neural weight layer graph mounted successfully.
[2026-07-22 06:24:31,969] INFO - Probing runtime availability for cycle loop: 2026-07-22 06:00 UTC
[2026-07-22 06:24:31,973] INFO - Requesting stream step f000 from NOMADS server...
[2026-07-22 06:24:33,040] WARNING - NOMADS step availability gap for f000: Status 404
[2026-07-22 06:24:33,041] INFO - Probing runtime availability for cycle loop: 2026-07-22 00:00 UTC
[2026-07-22 06:24:33,043] INFO - Requesting stream step f000 from NOMADS server...
[2026-07-22 06:24:34,101] WARNING - NOMADS step availability gap for f000: Status 404
[2026-07-22 06:24:34,105] INFO - Probing runtime availability for cycle loop: 2026-07-21 18:00 UTC
[2026-07-22 06:24:34,108] INFO - ✅ Active operational loop verified for time matrix: 2026-07-21 18:00:00
[2026-07-22 06:24:34,108] INFO - 🔄 Processing Input Step f000 -> Generating True +24h Forecast Target...
[2026-07-22 06:24:34,113] INFO - Extracting meteorological channels from: /workspace/live_data/fnl_20260721_18_f000.grib2
[2026-07-22 06:24:40,080] INFO - Targeting evaluation of 16043 oceanic patches.
[2026-07-22 06:24:49,811] INFO - Extracted 9 raw hits before NMS.
[2026-07-22 06:24:49,816] INFO - GeoJSON exported: /workspace/output/genesis_forecast_24h_20260721_1800.geojson
[2026-07-22 06:24:49,819] INFO - Latest portal GeoJSON updated: /workspace/output/latest_24h.geojson
[2026-07-22 06:24:49,819] INFO - 🔄 Processing Input Step f024 -> Generating True +48h Forecast Target...
[2026-07-22 06:24:49,823] INFO - Extracting meteorological channels from: /workspace/live_data/fnl_20260721_18_f024.grib2
[2026-07-22 06:24:55,238] INFO - Targeting evaluation of 15989 oceanic patches.
[2026-07-22 06:25:02,025] INFO - Extracted 9 raw hits before NMS.
[2026-07-22 06:25:02,030] INFO - GeoJSON exported: /workspace/output/genesis_forecast_48h_20260721_1800.geojson
[2026-07-22 06:25:02,035] INFO - Latest portal GeoJSON updated: /workspace/output/latest_48h.geojson
[2026-07-22 06:25:02,035] INFO - 🔄 Processing Input Step f048 -> Generating True +72h Forecast Target...
[2026-07-22 06:25:02,037] INFO - Extracting meteorological channels from: /workspace/live_data/fnl_20260721_18_f048.grib2
[2026-07-22 06:25:07,963] INFO - Targeting evaluation of 15979 oceanic patches.
[2026-07-22 06:25:15,002] INFO - Extracted 9 raw hits before NMS.
[2026-07-22 06:25:15,017] INFO - GeoJSON exported: /workspace/output/genesis_forecast_72h_20260721_1800.geojson
[2026-07-22 06:25:15,025] INFO - Latest portal GeoJSON updated: /workspace/output/latest_72h.geojson
[2026-07-22 06:27:34,546] INFO - ✅ Best Fused Ensemble structural neural weight layer graph mounted successfully.
[2026-07-22 06:27:34,547] INFO - Probing runtime availability for cycle loop: 2026-07-22 06:00 UTC
[2026-07-22 06:27:34,548] INFO - Requesting stream step f000 from NOMADS server...
[2026-07-22 06:27:35,262] WARNING - NOMADS step availability gap for f000: Status 404
[2026-07-22 06:27:35,264] INFO - Probing runtime availability for cycle loop: 2026-07-22 00:00 UTC
[2026-07-22 06:27:35,265] INFO - Requesting stream step f000 from NOMADS server...
[2026-07-22 06:27:35,924] WARNING - NOMADS step availability gap for f000: Status 404
[2026-07-22 06:27:35,928] INFO - Probing runtime availability for cycle loop: 2026-07-21 18:00 UTC
[2026-07-22 06:27:35,931] INFO - ✅ Active operational loop verified for time matrix: 2026-07-21 18:00:00
[2026-07-22 06:27:35,932] INFO - 🔄 Processing Input Step f000 -> Generating True +24h Forecast Target...
[2026-07-22 06:27:35,934] INFO - Extracting meteorological channels from: /workspace/live_data/fnl_20260721_18_f000.grib2
[2026-07-22 06:27:41,730] INFO - Targeting evaluation of 16043 oceanic patches.
[2026-07-22 06:27:51,281] INFO - Extracted 9 raw hits before NMS.
[2026-07-22 06:27:51,291] INFO - GeoJSON exported: /workspace/output/genesis_forecast_24h_20260721_1800.geojson
[2026-07-22 06:27:51,297] INFO - Latest portal GeoJSON updated: /workspace/output/latest_24h.geojson
[2026-07-22 06:27:51,299] INFO - 🔄 Processing Input Step f024 -> Generating True +48h Forecast Target...
[2026-07-22 06:27:51,300] INFO - Extracting meteorological channels from: /workspace/live_data/fnl_20260721_18_f024.grib2
[2026-07-22 06:27:56,644] INFO - Targeting evaluation of 15989 oceanic patches.
[2026-07-22 06:28:03,550] INFO - Extracted 9 raw hits before NMS.
[2026-07-22 06:28:03,559] INFO - GeoJSON exported: /workspace/output/genesis_forecast_48h_20260721_1800.geojson
[2026-07-22 06:28:03,563] INFO - Latest portal GeoJSON updated: /workspace/output/latest_48h.geojson
[2026-07-22 06:28:03,564] INFO - 🔄 Processing Input Step f048 -> Generating True +72h Forecast Target...
[2026-07-22 06:28:03,566] INFO - Extracting meteorological channels from: /workspace/live_data/fnl_20260721_18_f048.grib2
[2026-07-22 06:28:09,064] INFO - Targeting evaluation of 15979 oceanic patches.
[2026-07-22 06:28:16,020] INFO - Extracted 9 raw hits before NMS.
[2026-07-22 06:28:16,031] INFO - GeoJSON exported: /workspace/output/genesis_forecast_72h_20260721_1800.geojson
[2026-07-22 06:28:16,041] INFO - Latest portal GeoJSON updated: /workspace/output/latest_72h.geojson
[2026-07-22 06:31:10,917] INFO - ✅ Model loaded successfully.
[2026-07-22 06:31:10,918] INFO - Requesting stream step f000 from NOMADS server...
[2026-07-22 06:31:11,605] WARNING - NOMADS step availability gap for f000: Status 404
[2026-07-22 06:31:11,609] INFO - Requesting stream step f000 from NOMADS server...
[2026-07-22 06:31:12,234] WARNING - NOMADS step availability gap for f000: Status 404
[2026-07-22 06:31:12,238] INFO - Extracting meteorological channels from: /workspace/live_data/fnl_20260721_18_f000.grib2
[2026-07-22 06:31:18,417] INFO - Targeting evaluation of 16043 oceanic patches.
[2026-07-22 06:31:28,676] INFO - Extracted 22 raw hits before NMS.
[2026-07-22 06:31:28,698] INFO - GeoJSON exported to /workspace/output/genesis_forecast_24h_20260721_1800.geojson and /workspace/output/latest_24h.geojson
[2026-07-22 06:31:28,717] INFO - Extracting meteorological channels from: /workspace/live_data/fnl_20260721_18_f024.grib2
[2026-07-22 06:31:34,366] INFO - Targeting evaluation of 15989 oceanic patches.
[2026-07-22 06:31:42,094] INFO - Extracted 22 raw hits before NMS.
[2026-07-22 06:31:42,117] INFO - GeoJSON exported to /workspace/output/genesis_forecast_48h_20260721_1800.geojson and /workspace/output/latest_48h.geojson
[2026-07-22 06:31:42,120] INFO - Extracting meteorological channels from: /workspace/live_data/fnl_20260721_18_f048.grib2
[2026-07-22 06:31:47,865] INFO - Targeting evaluation of 15979 oceanic patches.
[2026-07-22 06:31:55,468] INFO - Extracted 16 raw hits before NMS.
[2026-07-22 06:31:55,477] INFO - GeoJSON exported to /workspace/output/genesis_forecast_72h_20260721_1800.geojson and /workspace/output/latest_72h.geojson
[2026-07-22 06:43:37,066] INFO - ✅ Model loaded successfully.
[2026-07-22 06:43:37,068] INFO - Requesting stream step f000 from NOMADS server...
[2026-07-22 06:43:38,319] WARNING - NOMADS step availability gap for f000: Status 404
[2026-07-22 06:43:38,325] INFO - Requesting stream step f000 from NOMADS server...
[2026-07-22 06:43:38,946] WARNING - NOMADS step availability gap for f000: Status 404
[2026-07-22 06:43:38,952] INFO - Extracting meteorological channels from: /workspace/live_data/fnl_20260721_18_f000.grib2
[2026-07-22 06:43:44,903] INFO - Targeting evaluation of 15125 oceanic patches.
[2026-07-22 06:43:54,016] INFO - Extracted 16 raw hits before NMS.
[2026-07-22 06:43:54,024] INFO - GeoJSON exported to /workspace/output/genesis_forecast_24h_20260721_1800.geojson and /workspace/output/latest_24h.geojson
[2026-07-22 06:43:54,027] INFO - Extracting meteorological channels from: /workspace/live_data/fnl_20260721_18_f024.grib2
[2026-07-22 06:43:59,452] INFO - Targeting evaluation of 15073 oceanic patches.
[2026-07-22 06:44:06,814] INFO - Extracted 18 raw hits before NMS.
[2026-07-22 06:44:06,823] INFO - GeoJSON exported to /workspace/output/genesis_forecast_48h_20260721_1800.geojson and /workspace/output/latest_48h.geojson
[2026-07-22 06:44:06,825] INFO - Extracting meteorological channels from: /workspace/live_data/fnl_20260721_18_f048.grib2
[2026-07-22 06:44:12,343] INFO - Targeting evaluation of 15059 oceanic patches.
[2026-07-22 06:44:19,564] INFO - Extracted 13 raw hits before NMS.
[2026-07-22 06:44:19,572] INFO - GeoJSON exported to /workspace/output/genesis_forecast_72h_20260721_1800.geojson and /workspace/output/latest_72h.geojson
[2026-07-22 06:53:09,762] INFO - ✅ Model loaded successfully with Monte Carlo Dropout heads active.
[2026-07-22 06:53:09,765] INFO - Requesting stream step f000 from NOMADS server...
[2026-07-22 06:53:10,456] WARNING - NOMADS step availability gap for f000: Status 404
[2026-07-22 06:53:10,459] INFO - Requesting stream step f000 from NOMADS server...
[2026-07-22 06:53:11,589] WARNING - NOMADS step availability gap for f000: Status 404
[2026-07-22 06:53:11,598] INFO - Extracting meteorological channels from: /workspace/live_data/fnl_20260721_18_f000.grib2
[2026-07-22 06:53:17,293] INFO - Targeting evaluation of 7338 physics-screened oceanic patches.
[2026-07-22 06:53:42,012] INFO - Extracted 5622 candidates before NMS.
[2026-07-22 06:54:00,212] INFO - Extracting meteorological channels from: /workspace/live_data/fnl_20260721_18_f024.grib2
[2026-07-22 06:54:05,594] INFO - Targeting evaluation of 7666 physics-screened oceanic patches.
[2026-07-22 06:54:30,035] INFO - Extracted 5906 candidates before NMS.
[2026-07-22 06:54:48,258] INFO - Extracting meteorological channels from: /workspace/live_data/fnl_20260721_18_f048.grib2
[2026-07-22 06:54:53,458] INFO - Targeting evaluation of 7524 physics-screened oceanic patches.
[2026-07-22 06:55:17,797] INFO - Extracted 5796 candidates before NMS.
[2026-07-22 06:55:35,057] INFO - GeoJSON exported to /workspace/output/genesis_forecast_24h_20260721_1800.geojson and /workspace/output/latest_24h.geojson
[2026-07-22 06:55:35,136] INFO - GeoJSON exported to /workspace/output/genesis_forecast_48h_20260721_1800.geojson and /workspace/output/latest_48h.geojson
[2026-07-22 06:55:35,210] INFO - GeoJSON exported to /workspace/output/genesis_forecast_72h_20260721_1800.geojson and /workspace/output/latest_72h.geojson
[2026-07-22 06:59:27,423] INFO - ✅ Ensemble model loaded successfully.
[2026-07-22 06:59:27,424] INFO - Requesting stream step f000 from NOMADS server...
[2026-07-22 06:59:28,159] WARNING - NOMADS step availability gap for f000: Status 404
[2026-07-22 06:59:28,165] INFO - Requesting stream step f000 from NOMADS server...
[2026-07-22 07:01:07,792] INFO - Extracting meteorological channels from: /workspace/live_data/fnl_20260722_00_f000.grib2
[2026-07-22 07:01:14,579] INFO - Targeting evaluation of 7743 oceanic patches.
[2026-07-22 07:01:20,477] INFO - Extracted 13 raw candidate hits before NMS.
[2026-07-22 07:01:20,478] INFO - Retained 2 top operational genesis target locations.
[2026-07-22 07:01:20,484] INFO - GeoJSON exported to /workspace/output/genesis_forecast_24h_20260722_0000.geojson and /workspace/output/latest_24h.geojson
[2026-07-22 07:01:20,485] INFO - Requesting stream step f024 from NOMADS server...
[2026-07-22 07:02:53,442] INFO - Extracting meteorological channels from: /workspace/live_data/fnl_20260722_00_f024.grib2
[2026-07-22 07:03:00,459] INFO - Targeting evaluation of 7789 oceanic patches.
[2026-07-22 07:03:04,524] INFO - Extracted 9 raw candidate hits before NMS.
[2026-07-22 07:03:04,525] INFO - Retained 2 top operational genesis target locations.
[2026-07-22 07:03:04,534] INFO - GeoJSON exported to /workspace/output/genesis_forecast_48h_20260722_0000.geojson and /workspace/output/latest_48h.geojson
[2026-07-22 07:03:04,536] INFO - Requesting stream step f048 from NOMADS server...
[2026-07-22 07:03:25,421] INFO - Extracting meteorological channels from: /workspace/live_data/fnl_20260722_00_f048.grib2
[2026-07-22 07:03:32,001] INFO - Targeting evaluation of 7642 oceanic patches.
[2026-07-22 07:03:36,641] INFO - Extracted 18 raw candidate hits before NMS.
[2026-07-22 07:03:36,642] INFO - Retained 3 top operational genesis target locations.
[2026-07-22 07:03:36,650] INFO - GeoJSON exported to /workspace/output/genesis_forecast_72h_20260722_0000.geojson and /workspace/output/latest_72h.geojson
[2026-07-22 07:11:29,014] INFO - ✅ Ensemble model loaded successfully.
[2026-07-22 07:11:29,017] INFO - Requesting stream step f000 from NOMADS server...
[2026-07-22 07:11:30,075] WARNING - NOMADS step availability gap for f000: Status 404
[2026-07-22 07:11:30,079] INFO - Extracting meteorological channels from: /workspace/live_data/fnl_20260722_00_f000.grib2
[2026-07-22 07:11:35,864] INFO - Targeting evaluation of 16023 oceanic patches across all active basins.
[2026-07-22 07:11:46,088] INFO - Extracted 23 candidate hits before NMS.
[2026-07-22 07:11:46,101] INFO - GeoJSON exported to /workspace/output/genesis_forecast_24h_20260722_0000.geojson and /workspace/output/latest_24h.geojson
[2026-07-22 07:11:46,104] INFO - Extracting meteorological channels from: /workspace/live_data/fnl_20260722_00_f024.grib2
[2026-07-22 07:11:51,489] INFO - Targeting evaluation of 16063 oceanic patches across all active basins.
[2026-07-22 07:11:59,017] INFO - Extracted 20 candidate hits before NMS.
[2026-07-22 07:11:59,026] INFO - GeoJSON exported to /workspace/output/genesis_forecast_48h_20260722_0000.geojson and /workspace/output/latest_48h.geojson
[2026-07-22 07:11:59,028] INFO - Extracting meteorological channels from: /workspace/live_data/fnl_20260722_00_f048.grib2
[2026-07-22 07:12:04,575] INFO - Targeting evaluation of 16012 oceanic patches across all active basins.
[2026-07-22 07:12:13,072] INFO - Extracted 37 candidate hits before NMS.
[2026-07-22 07:12:13,082] INFO - GeoJSON exported to /workspace/output/genesis_forecast_72h_20260722_0000.geojson and /workspace/output/latest_72h.geojson
[2026-07-22 07:15:32,611] INFO - ✅ Ensemble model loaded successfully.
[2026-07-22 07:15:32,613] INFO - Requesting stream step f000 from NOMADS server...
[2026-07-22 07:15:33,380] WARNING - NOMADS step availability gap for f000: Status 404
[2026-07-22 07:15:33,384] INFO - Extracting meteorological channels from: /workspace/live_data/fnl_20260722_00_f000.grib2
[2026-07-22 07:15:38,822] INFO - Targeting evaluation of 15863 oceanic patches across all active basins.
[2026-07-22 07:15:48,049] INFO - Extracted 5 candidate hits before NMS.
[2026-07-22 07:15:48,055] INFO - GeoJSON exported to /workspace/output/genesis_forecast_24h_20260722_0000.geojson and /workspace/output/latest_24h.geojson
[2026-07-22 07:15:48,060] INFO - Extracting meteorological channels from: /workspace/live_data/fnl_20260722_00_f024.grib2
[2026-07-22 07:15:53,456] INFO - Targeting evaluation of 15903 oceanic patches across all active basins.
[2026-07-22 07:16:00,322] INFO - Extracted 11 candidate hits before NMS.
[2026-07-22 07:16:00,332] INFO - GeoJSON exported to /workspace/output/genesis_forecast_48h_20260722_0000.geojson and /workspace/output/latest_48h.geojson
[2026-07-22 07:16:00,333] INFO - Extracting meteorological channels from: /workspace/live_data/fnl_20260722_00_f048.grib2
[2026-07-22 07:16:06,104] INFO - Targeting evaluation of 15852 oceanic patches across all active basins.
[2026-07-22 07:16:14,058] INFO - Extracted 19 candidate hits before NMS.
[2026-07-22 07:16:14,067] INFO - GeoJSON exported to /workspace/output/genesis_forecast_72h_20260722_0000.geojson and /workspace/output/latest_72h.geojson
[2026-07-22 07:23:01,105] INFO - ✅ Ensemble model loaded successfully.
[2026-07-22 07:23:01,107] INFO - Requesting stream step f000 from NOMADS server...
[2026-07-22 07:23:01,785] WARNING - NOMADS step availability gap for f000: Status 404
[2026-07-22 07:23:01,788] INFO - Extracting meteorological channels from: /workspace/live_data/fnl_20260722_00_f000.grib2
[2026-07-22 07:23:07,158] INFO - Targeting evaluation of 16023 oceanic patches.
[2026-07-22 07:23:15,086] INFO - Extracted 0 candidate hits with actual probability >= 10%.
[2026-07-22 07:23:15,094] INFO - GeoJSON exported to /workspace/output/genesis_forecast_24h_20260722_0000.geojson and /workspace/output/latest_24h.geojson
[2026-07-22 07:23:15,095] INFO - Extracting meteorological channels from: /workspace/live_data/fnl_20260722_00_f024.grib2
[2026-07-22 07:23:20,168] INFO - Targeting evaluation of 16063 oceanic patches.
[2026-07-22 07:23:27,354] INFO - Extracted 1 candidate hits with actual probability >= 10%.
[2026-07-22 07:23:27,360] INFO - GeoJSON exported to /workspace/output/genesis_forecast_48h_20260722_0000.geojson and /workspace/output/latest_48h.geojson
[2026-07-22 07:23:27,362] INFO - Extracting meteorological channels from: /workspace/live_data/fnl_20260722_00_f048.grib2
[2026-07-22 07:23:32,579] INFO - Targeting evaluation of 16012 oceanic patches.
[2026-07-22 07:23:39,044] INFO - Extracted 0 candidate hits with actual probability >= 10%.
[2026-07-22 07:23:39,050] INFO - GeoJSON exported to /workspace/output/genesis_forecast_72h_20260722_0000.geojson and /workspace/output/latest_72h.geojson
[2026-07-22 07:26:29,133] INFO - ✅ Ensemble model loaded successfully.
[2026-07-22 07:26:29,136] INFO - Requesting stream step f000 from NOMADS server...
[2026-07-22 07:26:29,792] WARNING - NOMADS step availability gap for f000: Status 404
[2026-07-22 07:26:29,798] INFO - Extracting meteorological channels from: /workspace/live_data/fnl_20260722_00_f000.grib2
[2026-07-22 07:26:35,485] INFO - Targeting evaluation of 16023 oceanic patches.
[2026-07-22 07:26:45,688] INFO - Extracted 28 candidate hits with actual probability >= 10%.
[2026-07-22 07:26:45,694] INFO - GeoJSON exported to /workspace/output/genesis_forecast_24h_20260722_0000.geojson and /workspace/output/latest_24h.geojson
[2026-07-22 07:26:45,696] INFO - Extracting meteorological channels from: /workspace/live_data/fnl_20260722_00_f024.grib2
[2026-07-22 07:26:50,720] INFO - Targeting evaluation of 16063 oceanic patches.
[2026-07-22 07:26:58,855] INFO - Extracted 27 candidate hits with actual probability >= 10%.
[2026-07-22 07:26:58,862] INFO - GeoJSON exported to /workspace/output/genesis_forecast_48h_20260722_0000.geojson and /workspace/output/latest_48h.geojson
[2026-07-22 07:26:58,865] INFO - Extracting meteorological channels from: /workspace/live_data/fnl_20260722_00_f048.grib2
[2026-07-22 07:27:04,076] INFO - Targeting evaluation of 16012 oceanic patches.
[2026-07-22 07:27:13,219] INFO - Extracted 43 candidate hits with actual probability >= 10%.
[2026-07-22 07:27:13,227] INFO - GeoJSON exported to /workspace/output/genesis_forecast_72h_20260722_0000.geojson and /workspace/output/latest_72h.geojson
[2026-07-22 07:32:00,936] INFO - ✅ Ensemble model loaded successfully.
[2026-07-22 07:32:00,938] INFO - Requesting stream step f000 from NOMADS server...
[2026-07-22 07:32:02,026] WARNING - NOMADS step availability gap for f000: Status 404
[2026-07-22 07:32:02,031] INFO - Extracting meteorological channels from: /workspace/live_data/fnl_20260722_00_f000.grib2
[2026-07-22 07:32:07,705] INFO - Targeting evaluation of 15752 oceanic patches across active basins.
[2026-07-22 07:32:16,430] INFO - Extracted 3 candidate hits before NMS.
[2026-07-22 07:32:16,436] INFO - GeoJSON exported to /workspace/output/genesis_forecast_24h_20260722_0000.geojson and /workspace/output/latest_24h.geojson
[2026-07-22 07:32:16,440] INFO - Extracting meteorological channels from: /workspace/live_data/fnl_20260722_00_f024.grib2
[2026-07-22 07:32:21,488] INFO - Targeting evaluation of 15792 oceanic patches across active basins.
[2026-07-22 07:32:28,128] INFO - Extracted 8 candidate hits before NMS.
[2026-07-22 07:32:28,143] INFO - GeoJSON exported to /workspace/output/genesis_forecast_48h_20260722_0000.geojson and /workspace/output/latest_48h.geojson
[2026-07-22 07:32:28,145] INFO - Extracting meteorological channels from: /workspace/live_data/fnl_20260722_00_f048.grib2
[2026-07-22 07:32:33,401] INFO - Targeting evaluation of 15741 oceanic patches across active basins.
[2026-07-22 07:32:40,552] INFO - Extracted 15 candidate hits before NMS.
[2026-07-22 07:32:40,568] INFO - GeoJSON exported to /workspace/output/genesis_forecast_72h_20260722_0000.geojson and /workspace/output/latest_72h.geojson
[2026-07-22 07:38:34,367] INFO - ✅ Ensemble model loaded successfully.
[2026-07-22 07:38:34,369] INFO - Requesting stream step f000 from NOMADS server...
[2026-07-22 07:38:35,026] WARNING - NOMADS step availability gap for f000: Status 404
[2026-07-22 07:38:35,033] INFO - Extracting meteorological channels from: /workspace/live_data/fnl_20260722_00_f000.grib2
[2026-07-22 07:38:40,793] INFO - Targeting evaluation of 15551 oceanic patches across active basins.
[2026-07-22 07:38:50,080] INFO - Extracted 2 candidate hits before NMS.
[2026-07-22 07:38:50,087] INFO - GeoJSON exported to /workspace/output/genesis_forecast_24h_20260722_0000.geojson and /workspace/output/latest_24h.geojson
[2026-07-22 07:38:50,090] INFO - Extracting meteorological channels from: /workspace/live_data/fnl_20260722_00_f024.grib2
[2026-07-22 07:38:55,576] INFO - Targeting evaluation of 15591 oceanic patches across active basins.
[2026-07-22 07:39:02,480] INFO - Extracted 10 candidate hits before NMS.
[2026-07-22 07:39:02,490] INFO - GeoJSON exported to /workspace/output/genesis_forecast_48h_20260722_0000.geojson and /workspace/output/latest_48h.geojson
[2026-07-22 07:39:02,492] INFO - Extracting meteorological channels from: /workspace/live_data/fnl_20260722_00_f048.grib2
[2026-07-22 07:39:08,103] INFO - Targeting evaluation of 15540 oceanic patches across active basins.
[2026-07-22 07:39:15,350] INFO - Extracted 13 candidate hits before NMS.
[2026-07-22 07:39:15,369] INFO - GeoJSON exported to /workspace/output/genesis_forecast_72h_20260722_0000.geojson and /workspace/output/latest_72h.geojson
[2026-07-22 07:41:23,412] INFO - ✅ Ensemble model loaded successfully.
[2026-07-22 07:41:23,414] INFO - Requesting stream step f000 from NOMADS server...
[2026-07-22 07:41:24,059] WARNING - NOMADS step availability gap for f000: Status 404
[2026-07-22 07:41:24,065] INFO - Extracting meteorological channels from: /workspace/live_data/fnl_20260722_00_f000.grib2
[2026-07-22 07:41:29,931] INFO - Targeting evaluation of 15986 oceanic patches across active basins.
[2026-07-22 07:41:38,920] INFO - Extracted 3 candidate hits before NMS.
[2026-07-22 07:41:38,931] INFO - GeoJSON exported to /workspace/output/genesis_forecast_24h_20260722_0000.geojson and /workspace/output/latest_24h.geojson
[2026-07-22 07:41:38,936] INFO - Extracting meteorological channels from: /workspace/live_data/fnl_20260722_00_f024.grib2
[2026-07-22 07:41:44,023] INFO - Targeting evaluation of 16019 oceanic patches across active basins.
[2026-07-22 07:41:51,221] INFO - Extracted 13 candidate hits before NMS.
[2026-07-22 07:41:51,233] INFO - GeoJSON exported to /workspace/output/genesis_forecast_48h_20260722_0000.geojson and /workspace/output/latest_48h.geojson
[2026-07-22 07:41:51,236] INFO - Extracting meteorological channels from: /workspace/live_data/fnl_20260722_00_f048.grib2
[2026-07-22 07:41:56,972] INFO - Targeting evaluation of 15963 oceanic patches across active basins.
[2026-07-22 07:42:04,269] INFO - Extracted 13 candidate hits before NMS.
[2026-07-22 07:42:04,278] INFO - GeoJSON exported to /workspace/output/genesis_forecast_72h_20260722_0000.geojson and /workspace/output/latest_72h.geojson
[2026-07-22 07:43:28,915] INFO - ✅ Ensemble model loaded successfully.
[2026-07-22 07:43:28,917] INFO - Requesting stream step f000 from NOMADS server...
[2026-07-22 07:43:29,581] WARNING - NOMADS step availability gap for f000: Status 404
[2026-07-22 07:43:29,587] INFO - Extracting meteorological channels from: /workspace/live_data/fnl_20260722_00_f000.grib2
[2026-07-22 07:43:35,435] INFO - Targeting evaluation of 11146 oceanic patches across active basins.
[2026-07-22 07:43:42,871] INFO - Extracted 2 candidate hits before NMS.
[2026-07-22 07:43:42,877] INFO - GeoJSON exported to /workspace/output/genesis_forecast_24h_20260722_0000.geojson and /workspace/output/latest_24h.geojson
[2026-07-22 07:43:42,879] INFO - Extracting meteorological channels from: /workspace/live_data/fnl_20260722_00_f024.grib2
[2026-07-22 07:43:48,243] INFO - Targeting evaluation of 11162 oceanic patches across active basins.
[2026-07-22 07:43:53,378] INFO - Extracted 2 candidate hits before NMS.
[2026-07-22 07:43:53,388] INFO - GeoJSON exported to /workspace/output/genesis_forecast_48h_20260722_0000.geojson and /workspace/output/latest_48h.geojson
[2026-07-22 07:43:53,390] INFO - Extracting meteorological channels from: /workspace/live_data/fnl_20260722_00_f048.grib2
[2026-07-22 07:43:58,927] INFO - Targeting evaluation of 11074 oceanic patches across active basins.
[2026-07-22 07:44:03,915] INFO - Extracted 8 candidate hits before NMS.
[2026-07-22 07:44:03,929] INFO - GeoJSON exported to /workspace/output/genesis_forecast_72h_20260722_0000.geojson and /workspace/output/latest_72h.geojson
[2026-07-22 07:48:54,307] INFO - ✅ Ensemble model loaded successfully.
[2026-07-22 07:48:54,308] INFO - Requesting stream step f000 from NOMADS server...
[2026-07-22 07:48:54,943] WARNING - NOMADS step availability gap for f000: Status 404
[2026-07-22 07:48:54,948] INFO - Extracting meteorological channels from: /workspace/live_data/fnl_20260722_00_f000.grib2
[2026-07-22 07:49:00,403] INFO - Targeting evaluation of 11116 oceanic patches across active basins.
[2026-07-22 07:49:07,084] INFO - Extracted 2 candidate hits before NMS.
[2026-07-22 07:49:07,089] INFO - GeoJSON exported to /workspace/output/genesis_forecast_24h_20260722_0000.geojson and /workspace/output/latest_24h.geojson
[2026-07-22 07:49:07,091] INFO - Extracting meteorological channels from: /workspace/live_data/fnl_20260722_00_f024.grib2
[2026-07-22 07:49:12,134] INFO - Targeting evaluation of 11130 oceanic patches across active basins.
[2026-07-22 07:49:16,946] INFO - Extracted 2 candidate hits before NMS.
[2026-07-22 07:49:16,955] INFO - GeoJSON exported to /workspace/output/genesis_forecast_48h_20260722_0000.geojson and /workspace/output/latest_48h.geojson
[2026-07-22 07:49:16,958] INFO - Extracting meteorological channels from: /workspace/live_data/fnl_20260722_00_f048.grib2
[2026-07-22 07:49:22,819] INFO - Targeting evaluation of 11042 oceanic patches across active basins.
[2026-07-22 07:49:27,699] INFO - Extracted 8 candidate hits before NMS.
[2026-07-22 07:49:27,713] INFO - GeoJSON exported to /workspace/output/genesis_forecast_72h_20260722_0000.geojson and /workspace/output/latest_72h.geojson
[2026-07-22 07:55:34,045] INFO - ✅ Ensemble model loaded successfully.
[2026-07-22 07:55:34,048] INFO - Requesting stream step f000 from NOMADS server...
[2026-07-22 07:55:34,727] WARNING - NOMADS step availability gap for f000: Status 404
[2026-07-22 07:55:34,731] INFO - Extracting meteorological channels from: /workspace/live_data/fnl_20260722_00_f000.grib2
[2026-07-22 07:55:40,230] INFO - Targeting evaluation of 15489 oceanic patches.
[2026-07-22 07:55:51,892] INFO - Extracted 61 candidate hits with calibrated probability >= 15%.
[2026-07-22 07:55:51,900] INFO - GeoJSON exported to /workspace/output/genesis_forecast_24h_20260722_0000.geojson and /workspace/output/latest_24h.geojson
[2026-07-22 07:55:51,902] INFO - Extracting meteorological channels from: /workspace/live_data/fnl_20260722_00_f024.grib2
[2026-07-22 07:55:56,938] INFO - Targeting evaluation of 15491 oceanic patches.
[2026-07-22 07:56:06,844] INFO - Extracted 69 candidate hits with calibrated probability >= 15%.
[2026-07-22 07:56:06,855] INFO - GeoJSON exported to /workspace/output/genesis_forecast_48h_20260722_0000.geojson and /workspace/output/latest_48h.geojson
[2026-07-22 07:56:06,856] INFO - Extracting meteorological channels from: /workspace/live_data/fnl_20260722_00_f048.grib2
[2026-07-22 07:56:12,292] INFO - Targeting evaluation of 15440 oceanic patches.
[2026-07-22 07:56:22,620] INFO - Extracted 77 candidate hits with calibrated probability >= 15%.
[2026-07-22 07:56:22,631] INFO - GeoJSON exported to /workspace/output/genesis_forecast_72h_20260722_0000.geojson and /workspace/output/latest_72h.geojson
[2026-07-22 07:59:21,179] INFO - ✅ Ensemble model loaded successfully.
[2026-07-22 07:59:21,183] INFO - Requesting stream step f000 from NOMADS server...
[2026-07-22 07:59:21,785] WARNING - NOMADS step availability gap for f000: Status 404
[2026-07-22 07:59:21,797] INFO - Extracting meteorological channels from: /workspace/live_data/fnl_20260722_00_f000.grib2
[2026-07-22 07:59:27,730] INFO - Targeting evaluation of 15489 oceanic patches.
[2026-07-22 07:59:39,032] INFO - Extracted 53 candidate hits before NMS.
[2026-07-22 07:59:39,056] INFO - GeoJSON exported to /workspace/output/genesis_forecast_24h_20260722_0000.geojson and /workspace/output/latest_24h.geojson
[2026-07-22 07:59:39,057] INFO - Extracting meteorological channels from: /workspace/live_data/fnl_20260722_00_f024.grib2
[2026-07-22 07:59:44,174] INFO - Targeting evaluation of 15491 oceanic patches.
[2026-07-22 07:59:53,454] INFO - Extracted 56 candidate hits before NMS.
[2026-07-22 07:59:53,464] INFO - GeoJSON exported to /workspace/output/genesis_forecast_48h_20260722_0000.geojson and /workspace/output/latest_48h.geojson
[2026-07-22 07:59:53,471] INFO - Extracting meteorological channels from: /workspace/live_data/fnl_20260722_00_f048.grib2
[2026-07-22 07:59:58,904] INFO - Targeting evaluation of 15440 oceanic patches.
[2026-07-22 08:00:08,746] INFO - Extracted 70 candidate hits before NMS.
[2026-07-22 08:00:08,753] INFO - GeoJSON exported to /workspace/output/genesis_forecast_72h_20260722_0000.geojson and /workspace/output/latest_72h.geojson
[2026-07-22 08:08:30,112] INFO - ✅ Ensemble model loaded successfully.
[2026-07-22 08:08:30,116] INFO - Requesting stream step f000 from NOMADS server...
[2026-07-22 08:08:30,785] WARNING - NOMADS step availability gap for f000: Status 404
[2026-07-22 08:08:30,795] INFO - Extracting meteorological channels from: /workspace/live_data/fnl_20260722_00_f000.grib2
[2026-07-22 08:08:38,398] INFO - Targeting evaluation of 6360 physics-screened oceanic patches.
[2026-07-22 08:08:46,128] INFO - Extracted 37 candidate hits before NMS.
[2026-07-22 08:08:46,148] INFO - GeoJSON exported to /workspace/output/genesis_forecast_24h_20260722_0000.geojson and /workspace/output/latest_24h.geojson
[2026-07-22 08:08:46,152] INFO - Extracting meteorological channels from: /workspace/live_data/fnl_20260722_00_f024.grib2
[2026-07-22 08:08:53,741] INFO - Targeting evaluation of 6584 physics-screened oceanic patches.
[2026-07-22 08:08:59,317] INFO - Extracted 39 candidate hits before NMS.
[2026-07-22 08:08:59,328] INFO - GeoJSON exported to /workspace/output/genesis_forecast_48h_20260722_0000.geojson and /workspace/output/latest_48h.geojson
[2026-07-22 08:08:59,330] INFO - Extracting meteorological channels from: /workspace/live_data/fnl_20260722_00_f048.grib2
[2026-07-22 08:09:05,830] INFO - Targeting evaluation of 6558 physics-screened oceanic patches.
[2026-07-22 08:09:11,681] INFO - Extracted 45 candidate hits before NMS.
[2026-07-22 08:09:11,692] INFO - GeoJSON exported to /workspace/output/genesis_forecast_72h_20260722_0000.geojson and /workspace/output/latest_72h.geojson
[2026-07-22 08:19:20,712] INFO - ✅ Ensemble model loaded successfully.
[2026-07-22 08:19:20,713] INFO - Requesting stream step f000 from NOMADS server...
[2026-07-22 08:19:21,310] WARNING - NOMADS step availability gap for f000: Status 404
[2026-07-22 08:19:21,313] INFO - Extracting meteorological channels from: /workspace/live_data/fnl_20260722_00_f000.grib2
[2026-07-22 08:19:27,217] INFO - Targeting evaluation of 4587 oceanic patches.
[2026-07-22 08:19:33,767] INFO - Extracted 29 candidate hits before Spatial NMS.
[2026-07-22 08:24:33,446] INFO - ✅ Ensemble model loaded successfully.
[2026-07-22 08:24:33,447] INFO - Requesting stream step f000 from NOMADS server...
[2026-07-22 08:24:34,232] WARNING - NOMADS step availability gap for f000: Status 404
[2026-07-22 08:24:34,235] INFO - Extracting meteorological channels from: /workspace/live_data/fnl_20260722_00_f000.grib2
[2026-07-22 08:24:39,836] INFO - Targeting evaluation of 4587 oceanic patches.
[2026-07-22 08:24:46,477] INFO - Extracted 29 candidate hits before NMS.
[2026-07-22 08:24:46,484] INFO - GeoJSON exported to /workspace/output/genesis_forecast_24h_20260722_0000.geojson and /workspace/output/latest_24h.geojson
[2026-07-22 08:24:46,486] INFO - Extracting meteorological channels from: /workspace/live_data/fnl_20260722_00_f024.grib2
[2026-07-22 08:24:52,388] INFO - Targeting evaluation of 5001 oceanic patches.
[2026-07-22 08:24:56,032] INFO - Extracted 22 candidate hits before NMS.
[2026-07-22 08:24:56,042] INFO - GeoJSON exported to /workspace/output/genesis_forecast_48h_20260722_0000.geojson and /workspace/output/latest_48h.geojson
[2026-07-22 08:24:56,044] INFO - Extracting meteorological channels from: /workspace/live_data/fnl_20260722_00_f048.grib2
[2026-07-22 08:25:01,788] INFO - Targeting evaluation of 5230 oceanic patches.
[2026-07-22 08:25:06,569] INFO - Extracted 38 candidate hits before NMS.
[2026-07-22 08:25:06,576] INFO - GeoJSON exported to /workspace/output/genesis_forecast_72h_20260722_0000.geojson and /workspace/output/latest_72h.geojson
[2026-07-22 08:27:48,582] INFO - ✅ Ensemble model loaded successfully.
[2026-07-22 08:27:48,584] INFO - Requesting stream step f000 from NOMADS server...
[2026-07-22 08:27:49,213] WARNING - NOMADS step availability gap for f000: Status 404
[2026-07-22 08:27:49,217] INFO - Extracting meteorological channels from: /workspace/live_data/fnl_20260722_00_f000.grib2
[2026-07-22 08:27:54,928] INFO - Identified 2666 objective vortex candidate patches globally.
[2026-07-22 08:27:59,996] INFO - Extracted 22 candidates prior to Spatial NMS.
[2026-07-22 08:28:00,017] INFO - GeoJSON exported to /workspace/output/genesis_forecast_24h_20260722_0000.geojson and /workspace/output/latest_24h.geojson
[2026-07-22 08:28:00,021] INFO - Extracting meteorological channels from: /workspace/live_data/fnl_20260722_00_f024.grib2
[2026-07-22 08:28:05,413] INFO - Identified 2769 objective vortex candidate patches globally.
[2026-07-22 08:28:08,460] INFO - Extracted 20 candidates prior to Spatial NMS.
[2026-07-22 08:28:08,470] INFO - GeoJSON exported to /workspace/output/genesis_forecast_48h_20260722_0000.geojson and /workspace/output/latest_48h.geojson
[2026-07-22 08:28:08,472] INFO - Extracting meteorological channels from: /workspace/live_data/fnl_20260722_00_f048.grib2
[2026-07-22 08:28:14,540] INFO - Identified 2759 objective vortex candidate patches globally.
[2026-07-22 08:28:17,847] INFO - Extracted 33 candidates prior to Spatial NMS.
[2026-07-22 08:28:17,857] INFO - GeoJSON exported to /workspace/output/genesis_forecast_72h_20260722_0000.geojson and /workspace/output/latest_72h.geojson
[2026-07-22 08:42:37,252] INFO - ✅ Ensemble model loaded successfully.
[2026-07-22 08:42:37,256] INFO - Requesting stream step f000 from NOMADS server...
[2026-07-22 08:42:37,921] WARNING - NOMADS step availability gap for f000: Status 404
[2026-07-22 08:42:37,932] INFO - Extracting meteorological channels from: /workspace/live_data/fnl_20260722_00_f000.grib2
[2026-07-22 08:42:43,665] INFO - Identified 2666 objective vortex candidate patches globally.
[2026-07-22 08:42:48,620] INFO - Extracted 22 candidates prior to Spatial NMS.
[2026-07-22 08:42:48,626] INFO - GeoJSON exported to /workspace/output/genesis_forecast_24h_20260722_0000.geojson and /workspace/output/latest_24h.geojson
[2026-07-22 08:42:48,630] INFO - Extracting meteorological channels from: /workspace/live_data/fnl_20260722_00_f024.grib2
[2026-07-22 08:42:54,516] INFO - Identified 2769 objective vortex candidate patches globally.
[2026-07-22 08:42:57,562] INFO - Extracted 20 candidates prior to Spatial NMS.
[2026-07-22 08:42:57,573] INFO - GeoJSON exported to /workspace/output/genesis_forecast_48h_20260722_0000.geojson and /workspace/output/latest_48h.geojson
[2026-07-22 08:42:57,576] INFO - Extracting meteorological channels from: /workspace/live_data/fnl_20260722_00_f048.grib2
[2026-07-22 08:43:03,227] INFO - Identified 2759 objective vortex candidate patches globally.
[2026-07-22 08:43:06,932] INFO - Extracted 33 candidates prior to Spatial NMS.
[2026-07-22 08:43:06,940] INFO - GeoJSON exported to /workspace/output/genesis_forecast_72h_20260722_0000.geojson and /workspace/output/latest_72h.geojson
[2026-07-22 08:49:14,587] INFO - Extracting meteorological channels from: /workspace/live_data/fnl_20260722_00_f000.grib2
[2026-07-22 08:59:43,592] INFO - ✅ Ensemble model loaded successfully.
[2026-07-22 08:59:43,593] INFO - Requesting stream step f000 from NOMADS server...
[2026-07-22 08:59:44,231] WARNING - NOMADS step availability gap for f000: Status 404
[2026-07-22 08:59:44,245] INFO - Extracting meteorological channels from: /workspace/live_data/fnl_20260722_00_f000.grib2
[2026-07-22 08:59:49,825] INFO - Targeting evaluation of 18862 oceanic patches.
[2026-07-22 09:04:37,660] INFO - ✅ Ensemble model loaded successfully.
[2026-07-22 09:04:37,662] INFO - Requesting stream step f000 from NOMADS server...
[2026-07-22 09:04:38,255] WARNING - NOMADS step availability gap for f000: Status 404
[2026-07-22 09:04:38,259] INFO - Extracting meteorological channels from: /workspace/live_data/fnl_20260722_00_f000.grib2
[2026-07-22 09:04:43,567] INFO - Targeting evaluation of 18862 oceanic patches.
[2026-07-22 09:16:23,336] INFO - ✅ Ensemble model loaded successfully.
[2026-07-22 09:16:23,338] INFO - Requesting stream step f000 from NOMADS server...
[2026-07-22 09:16:24,010] WARNING - NOMADS step availability gap for f000: Status 404
[2026-07-22 09:16:24,015] INFO - Extracting meteorological channels from: /workspace/live_data/fnl_20260722_00_f000.grib2
[2026-07-22 09:16:29,745] INFO - Targeting evaluation of 18862 oceanic patches.
[2026-07-22 09:16:38,363] INFO - Extracted 14907 raw candidate hits prior to NMS.
[2026-07-22 09:16:40,367] INFO - Computing XAI attribution maps for 558 post-NMS detections...
[2026-07-22 09:17:13,361] INFO - GeoJSON exported to /workspace/output/genesis_forecast_24h_20260722_0000.geojson and /workspace/output/latest_24h.geojson
[2026-07-22 09:17:13,363] INFO - Extracting meteorological channels from: /workspace/live_data/fnl_20260722_00_f024.grib2
[2026-07-22 09:17:18,999] INFO - Targeting evaluation of 18862 oceanic patches.
[2026-07-22 09:17:26,737] INFO - Extracted 15216 raw candidate hits prior to NMS.
[2026-07-22 09:17:28,992] INFO - Computing XAI attribution maps for 575 post-NMS detections...
[2026-07-22 09:18:01,732] INFO - GeoJSON exported to /workspace/output/genesis_forecast_48h_20260722_0000.geojson and /workspace/output/latest_48h.geojson
[2026-07-22 09:18:01,737] INFO - Extracting meteorological channels from: /workspace/live_data/fnl_20260722_00_f048.grib2
[2026-07-22 09:18:07,332] INFO - Targeting evaluation of 18862 oceanic patches.
[2026-07-22 09:18:15,211] INFO - Extracted 15522 raw candidate hits prior to NMS.
[2026-07-22 09:18:17,639] INFO - Computing XAI attribution maps for 580 post-NMS detections...
[2026-07-22 09:18:52,272] INFO - GeoJSON exported to /workspace/output/genesis_forecast_72h_20260722_0000.geojson and /workspace/output/latest_72h.geojson
[2026-07-22 09:20:48,448] INFO - Extracting meteorological channels from: /workspace/live_data/fnl_20260722_00_f000.grib2
[2026-07-22 09:22:24,848] INFO - ✅ Ensemble model loaded successfully.
[2026-07-22 09:22:24,850] INFO - Requesting stream step f000 from NOMADS server...
[2026-07-22 09:22:25,404] WARNING - NOMADS step availability gap for f000: Status 404
[2026-07-22 09:22:25,409] INFO - Extracting meteorological channels from: /workspace/live_data/fnl_20260722_00_f000.grib2
[2026-07-22 09:22:31,193] INFO - Targeting evaluation of 18862 oceanic patches.
[2026-07-22 09:22:39,821] INFO - Extracted 14907 raw candidate hits prior to NMS.
[2026-07-22 09:22:41,857] INFO - Computing XAI attribution maps for 558 post-NMS detections...
[2026-07-22 09:23:14,810] INFO - GeoJSON exported to /workspace/output/genesis_forecast_24h_20260722_0000.geojson and /workspace/output/latest_24h.geojson
[2026-07-22 09:23:14,814] INFO - Extracting meteorological channels from: /workspace/live_data/fnl_20260722_00_f024.grib2
[2026-07-22 09:23:20,187] INFO - Targeting evaluation of 18862 oceanic patches.
[2026-07-22 09:23:28,247] INFO - Extracted 15216 raw candidate hits prior to NMS.
[2026-07-22 09:23:30,496] INFO - Computing XAI attribution maps for 575 post-NMS detections...
[2026-07-22 09:24:01,623] INFO - GeoJSON exported to /workspace/output/genesis_forecast_48h_20260722_0000.geojson and /workspace/output/latest_48h.geojson
[2026-07-22 09:24:01,625] INFO - Extracting meteorological channels from: /workspace/live_data/fnl_20260722_00_f048.grib2
[2026-07-22 09:24:06,664] INFO - Targeting evaluation of 18862 oceanic patches.
[2026-07-22 09:24:14,051] INFO - Extracted 15522 raw candidate hits prior to NMS.
[2026-07-22 09:24:16,285] INFO - Computing XAI attribution maps for 580 post-NMS detections...
[2026-07-22 09:24:48,394] INFO - GeoJSON exported to /workspace/output/genesis_forecast_72h_20260722_0000.geojson and /workspace/output/latest_72h.geojson
[2026-07-22 09:31:35,571] INFO - ✅ Ensemble model loaded successfully.
[2026-07-22 09:31:35,572] INFO - Downloading stream step f000 from NOMADS...
[2026-07-22 09:31:36,239] WARNING - NOMADS step availability gap for f000: Status 404
[2026-07-22 09:31:36,245] INFO - Extracting features to native NetCDF via training extractor: /workspace/live_data/live_20260722_0000_f000.nc
[2026-07-22 09:31:36,637] ERROR - Feature extraction script failed: Traceback (most recent call last):
  File "/workspace/scripts/extract_environmental_features_without_labels.py", line 21, in <module>
    import tc_binary_classification_helpers as helpers
ModuleNotFoundError: No module named 'tc_binary_classification_helpers'

[2026-07-22 09:31:36,640] INFO - Extracting features to native NetCDF via training extractor: /workspace/live_data/live_20260722_0000_f024.nc
[2026-07-22 09:31:37,110] ERROR - Feature extraction script failed: Traceback (most recent call last):
  File "/workspace/scripts/extract_environmental_features_without_labels.py", line 21, in <module>
    import tc_binary_classification_helpers as helpers
ModuleNotFoundError: No module named 'tc_binary_classification_helpers'

[2026-07-22 09:31:37,112] INFO - Extracting features to native NetCDF via training extractor: /workspace/live_data/live_20260722_0000_f048.nc
[2026-07-22 09:31:37,433] ERROR - Feature extraction script failed: Traceback (most recent call last):
  File "/workspace/scripts/extract_environmental_features_without_labels.py", line 21, in <module>
    import tc_binary_classification_helpers as helpers
ModuleNotFoundError: No module named 'tc_binary_classification_helpers'

[2026-07-22 09:33:02,104] INFO - ✅ Ensemble model loaded successfully.
[2026-07-22 09:33:02,106] INFO - Downloading stream step f000 from NOMADS...
[2026-07-22 09:33:02,683] WARNING - NOMADS step availability gap for f000: Status 404
[2026-07-22 09:33:02,688] INFO - Extracting features to native NetCDF via training extractor: /workspace/live_data/live_20260722_0000_f000.nc
[2026-07-22 09:33:03,060] ERROR - Feature extraction script failed: Traceback (most recent call last):
  File "/workspace/scripts/extract_environmental_features_without_labels.py", line 21, in <module>
    import tc_binary_classification_helpers as helpers
ModuleNotFoundError: No module named 'tc_binary_classification_helpers'

[2026-07-22 09:33:03,062] INFO - Extracting features to native NetCDF via training extractor: /workspace/live_data/live_20260722_0000_f024.nc
[2026-07-22 09:33:03,420] ERROR - Feature extraction script failed: Traceback (most recent call last):
  File "/workspace/scripts/extract_environmental_features_without_labels.py", line 21, in <module>
    import tc_binary_classification_helpers as helpers
ModuleNotFoundError: No module named 'tc_binary_classification_helpers'

[2026-07-22 09:33:03,424] INFO - Extracting features to native NetCDF via training extractor: /workspace/live_data/live_20260722_0000_f048.nc
[2026-07-22 09:33:03,785] ERROR - Feature extraction script failed: Traceback (most recent call last):
  File "/workspace/scripts/extract_environmental_features_without_labels.py", line 21, in <module>
    import tc_binary_classification_helpers as helpers
ModuleNotFoundError: No module named 'tc_binary_classification_helpers'

[2026-07-22 09:36:00,495] INFO - ✅ Ensemble model loaded successfully.
[2026-07-22 09:36:00,497] INFO - Downloading stream step f000 from NOMADS...
[2026-07-22 09:36:01,239] WARNING - NOMADS step availability gap for f000: Status 404
[2026-07-22 09:36:01,245] INFO - Downloading stream step f000 from NOMADS...
[2026-07-22 09:36:18,360] INFO - Extracting features to native NetCDF via training extractor...
[2026-07-22 09:36:20,151] ERROR - Feature extraction script failed: Traceback (most recent call last):
  File "/workspace/scripts/extract_environmental_features_without_labels.py", line 21, in <module>
    import tc_binary_classification_helpers as helpers
ModuleNotFoundError: No module named 'tc_binary_classification_helpers'

[2026-07-22 09:36:20,161] INFO - Extracting features to native NetCDF via training extractor...
[2026-07-22 09:36:21,850] ERROR - Feature extraction script failed: Traceback (most recent call last):
  File "/workspace/scripts/extract_environmental_features_without_labels.py", line 21, in <module>
    import tc_binary_classification_helpers as helpers
ModuleNotFoundError: No module named 'tc_binary_classification_helpers'

[2026-07-22 09:36:21,857] INFO - Extracting features to native NetCDF via training extractor...
[2026-07-22 09:36:23,604] ERROR - Feature extraction script failed: Traceback (most recent call last):
  File "/workspace/scripts/extract_environmental_features_without_labels.py", line 21, in <module>
    import tc_binary_classification_helpers as helpers
ModuleNotFoundError: No module named 'tc_binary_classification_helpers'

[2026-07-22 09:38:33,078] INFO - ✅ Ensemble model loaded successfully.
[2026-07-22 09:38:33,079] INFO - Downloading stream step f000 from NOMADS...
[2026-07-22 09:38:33,787] WARNING - NOMADS step availability gap for f000: Status 404
[2026-07-22 09:38:33,795] INFO - Extracting features to native NetCDF via training extractor...
[2026-07-22 09:38:35,537] ERROR - Feature extraction script failed: Traceback (most recent call last):
  File "/workspace/scripts/extract_environmental_features_without_labels.py", line 21, in <module>
    import tc_binary_classification_helpers as helpers
  File "/workspace/scripts/tc_binary_classification_helpers.py", line 12, in <module>
    import fiona
ModuleNotFoundError: No module named 'fiona'

[2026-07-22 09:38:35,545] INFO - Extracting features to native NetCDF via training extractor...
[2026-07-22 09:38:37,855] ERROR - Feature extraction script failed: Traceback (most recent call last):
  File "/workspace/scripts/extract_environmental_features_without_labels.py", line 21, in <module>
    import tc_binary_classification_helpers as helpers
  File "/workspace/scripts/tc_binary_classification_helpers.py", line 12, in <module>
    import fiona
ModuleNotFoundError: No module named 'fiona'

[2026-07-22 09:38:37,862] INFO - Extracting features to native NetCDF via training extractor...
[2026-07-22 09:38:39,997] ERROR - Feature extraction script failed: Traceback (most recent call last):
  File "/workspace/scripts/extract_environmental_features_without_labels.py", line 21, in <module>
    import tc_binary_classification_helpers as helpers
  File "/workspace/scripts/tc_binary_classification_helpers.py", line 12, in <module>
    import fiona
ModuleNotFoundError: No module named 'fiona'

[2026-07-22 09:45:46,567] INFO - ✅ Ensemble model loaded successfully.
[2026-07-22 09:45:46,569] INFO - Downloading stream step f000 from NOMADS...
[2026-07-22 09:45:47,641] WARNING - NOMADS step availability gap for f000: Status 404
[2026-07-22 09:45:47,646] INFO - Extracting features to native NetCDF via training extractor...
[2026-07-22 09:45:59,276] INFO - ✅ Extracted native NC created successfully at /workspace/live_data/live_20260722_0000_f000.nc
[2026-07-22 09:46:01,721] INFO - Targeting evaluation of 298669 oceanic patches.
[2026-07-22 09:47:49,073] INFO - Extracted 172948 raw candidate hits prior to NMS.
[2026-07-22 09:48:15,557] INFO - Computing XAI attribution maps for 531 post-NMS detections...
[2026-07-22 09:48:45,273] INFO - GeoJSON exported to /workspace/output/genesis_forecast_24h_20260722_0000.geojson and /workspace/output/latest_24h.geojson
[2026-07-22 09:48:45,275] INFO - Extracting features to native NetCDF via training extractor...
[2026-07-22 09:48:57,012] INFO - ✅ Extracted native NC created successfully at /workspace/live_data/live_20260722_0000_f024.nc
[2026-07-22 09:48:59,991] INFO - Targeting evaluation of 298669 oceanic patches.
[2026-07-22 09:50:47,482] INFO - Extracted 172948 raw candidate hits prior to NMS.
[2026-07-22 09:51:14,449] INFO - Computing XAI attribution maps for 531 post-NMS detections...
[2026-07-22 09:51:46,537] INFO - GeoJSON exported to /workspace/output/genesis_forecast_48h_20260722_0000.geojson and /workspace/output/latest_48h.geojson
[2026-07-22 09:51:46,539] INFO - Extracting features to native NetCDF via training extractor...
[2026-07-22 09:51:58,309] INFO - ✅ Extracted native NC created successfully at /workspace/live_data/live_20260722_0000_f048.nc
[2026-07-22 09:52:01,127] INFO - Targeting evaluation of 298669 oceanic patches.
[2026-07-22 09:53:09,242] INFO - ✅ Ensemble model loaded successfully.
[2026-07-22 09:53:09,246] INFO - Downloading stream step f000 from NOMADS...
[2026-07-22 09:53:10,839] WARNING - NOMADS step availability gap for f000: Status 404
[2026-07-22 09:53:13,916] INFO - Targeting evaluation of 298669 oceanic patches.
[2026-07-22 09:54:39,896] INFO - ✅ Ensemble model loaded successfully.
[2026-07-22 09:54:39,898] INFO - Downloading stream step f000 from NOMADS...
[2026-07-22 09:54:40,963] WARNING - NOMADS step availability gap for f000: Status 404
[2026-07-22 09:54:43,683] INFO - Targeting evaluation of 298669 oceanic patches.
[2026-07-22 09:56:35,057] INFO - Extracted 172948 raw candidate hits prior to NMS.
[2026-07-22 09:57:03,570] INFO - Computing XAI attribution maps for 531 post-NMS detections...
[2026-07-22 09:57:36,154] INFO - GeoJSON exported to /workspace/output/genesis_forecast_24h_20260722_0000.geojson and /workspace/output/latest_24h.geojson
[2026-07-22 09:57:39,369] INFO - Targeting evaluation of 298669 oceanic patches.
[2026-07-22 10:00:48,736] INFO - ✅ Best Fused Ensemble structural neural weight layer graph mounted successfully.
[2026-07-22 10:00:48,737] INFO - Checking availability for cycle run target: 2026-07-22 12:00 UTC (Lookback Step -0h)
[2026-07-22 10:00:49,905] ERROR - NOMADS API error response code: 403
[2026-07-22 10:00:49,906] WARNING - Cycle run data window 12Z not accessible. Dropping back further...
[2026-07-22 10:00:49,907] INFO - Checking availability for cycle run target: 2026-07-22 06:00 UTC (Lookback Step -6h)
[2026-07-22 10:00:50,972] WARNING - Data cycle not yet published on NOMADS (Status 404).
[2026-07-22 10:00:50,974] WARNING - Cycle run data window 06Z not accessible. Dropping back further...
[2026-07-22 10:00:50,976] INFO - Checking availability for cycle run target: 2026-07-22 00:00 UTC (Lookback Step -12h)
[2026-07-22 10:01:36,002] INFO - ✅ Successfully locked onto historical operational telemetry run data target.
[2026-07-22 10:01:36,003] INFO - Extracting meteorological channels from: /workspace/live_data/fnl_20260722_00_00.grib2
[2026-07-22 10:01:44,447] INFO - Running global diagnostic sliding arrays for target timeline window horizon: +24 Hours
[2026-07-22 10:01:44,449] INFO - Downsampling dense 0.25-degree operational grid to 1.0-degree training resolution...
[2026-07-22 10:01:44,478] INFO - Aligned Grid Geometry: Latitudes=181, Longitudes=360
[2026-07-22 10:01:44,481] INFO - ✅ Scaling profiles loaded. Normalizing meteorology tensors...
[2026-07-22 10:01:44,542] INFO - Targeting evaluation of 13770 global patches.
[2026-07-22 10:01:45,798] INFO - Processing Array Data... Progress: 5632/13770 patches calculated.
[2026-07-22 10:01:46,468] INFO - Processing Array Data... Progress: 6144/13770 patches calculated.
[2026-07-22 10:01:47,374] INFO - Processing Array Data... Progress: 6656/13770 patches calculated.
[2026-07-22 10:01:48,338] INFO - Processing Array Data... Progress: 7168/13770 patches calculated.
[2026-07-22 10:01:49,460] INFO - Processing Array Data... Progress: 7680/13770 patches calculated.
[2026-07-22 10:01:50,548] INFO - Processing Array Data... Progress: 8192/13770 patches calculated.
[2026-07-22 10:01:52,014] INFO - Processing Array Data... Progress: 8704/13770 patches calculated.
[2026-07-22 10:01:52,706] INFO - Processing Array Data... Progress: 9216/13770 patches calculated.
[2026-07-22 10:01:53,267] INFO - Processing Array Data... Progress: 9728/13770 patches calculated.
[2026-07-22 10:01:53,557] INFO - Processing Array Data... Progress: 10240/13770 patches calculated.
[2026-07-22 10:01:53,748] INFO - Processing Array Data... Progress: 10752/13770 patches calculated.
[2026-07-22 10:01:53,785] INFO - Sliding window completed. Extracted 1 unsuppressed hits. Running Spatial NMS...
[2026-07-22 10:01:53,786] INFO - Scan complete. Identified 1 highly unique cyclogenesis hazard locations.
[2026-07-22 10:01:53,791] INFO - GeoJSON data file exported to path: /workspace/output/genesis_forecast_24h_20260722_0000.geojson
[2026-07-22 10:01:53,799] INFO - Shapefile data vector array cluster created at: /workspace/output/genesis_forecast_24h_20260722_0000
[2026-07-22 10:01:53,800] INFO - Running global diagnostic sliding arrays for target timeline window horizon: +48 Hours
[2026-07-22 10:01:53,801] INFO - Downsampling dense 0.25-degree operational grid to 1.0-degree training resolution...
[2026-07-22 10:01:53,830] INFO - Aligned Grid Geometry: Latitudes=181, Longitudes=360
[2026-07-22 10:01:53,832] INFO - ✅ Scaling profiles loaded. Normalizing meteorology tensors...
[2026-07-22 10:01:53,882] INFO - Targeting evaluation of 13770 global patches.
[2026-07-22 10:01:53,991] INFO - Processing Array Data... Progress: 5632/13770 patches calculated.
[2026-07-22 10:01:54,077] INFO - Processing Array Data... Progress: 6144/13770 patches calculated.
[2026-07-22 10:01:54,196] INFO - Processing Array Data... Progress: 6656/13770 patches calculated.
[2026-07-22 10:01:54,322] INFO - Processing Array Data... Progress: 7168/13770 patches calculated.
[2026-07-22 10:01:54,473] INFO - Processing Array Data... Progress: 7680/13770 patches calculated.
[2026-07-22 10:01:54,614] INFO - Processing Array Data... Progress: 8192/13770 patches calculated.
[2026-07-22 10:01:54,794] INFO - Processing Array Data... Progress: 8704/13770 patches calculated.
[2026-07-22 10:01:54,881] INFO - Processing Array Data... Progress: 9216/13770 patches calculated.
[2026-07-22 10:01:54,955] INFO - Processing Array Data... Progress: 9728/13770 patches calculated.
[2026-07-22 10:01:55,000] INFO - Processing Array Data... Progress: 10240/13770 patches calculated.
[2026-07-22 10:01:55,036] INFO - Processing Array Data... Progress: 10752/13770 patches calculated.
[2026-07-22 10:01:55,074] INFO - Sliding window completed. Extracted 1 unsuppressed hits. Running Spatial NMS...
[2026-07-22 10:01:55,075] INFO - Scan complete. Identified 1 highly unique cyclogenesis hazard locations.
[2026-07-22 10:01:55,084] INFO - GeoJSON data file exported to path: /workspace/output/genesis_forecast_48h_20260722_0000.geojson
[2026-07-22 10:01:55,097] INFO - Shapefile data vector array cluster created at: /workspace/output/genesis_forecast_48h_20260722_0000
[2026-07-22 10:01:55,098] INFO - Running global diagnostic sliding arrays for target timeline window horizon: +72 Hours
[2026-07-22 10:01:55,099] INFO - Downsampling dense 0.25-degree operational grid to 1.0-degree training resolution...
[2026-07-22 10:01:55,126] INFO - Aligned Grid Geometry: Latitudes=181, Longitudes=360
[2026-07-22 10:01:55,130] INFO - ✅ Scaling profiles loaded. Normalizing meteorology tensors...
[2026-07-22 10:01:55,180] INFO - Targeting evaluation of 13770 global patches.
[2026-07-22 10:01:55,295] INFO - Processing Array Data... Progress: 5632/13770 patches calculated.
[2026-07-22 10:01:55,401] INFO - Processing Array Data... Progress: 6144/13770 patches calculated.
[2026-07-22 10:01:55,522] INFO - Processing Array Data... Progress: 6656/13770 patches calculated.
[2026-07-22 10:01:55,648] INFO - Processing Array Data... Progress: 7168/13770 patches calculated.
[2026-07-22 10:01:55,790] INFO - Processing Array Data... Progress: 7680/13770 patches calculated.
[2026-07-22 10:01:55,929] INFO - Processing Array Data... Progress: 8192/13770 patches calculated.
[2026-07-22 10:01:56,108] INFO - Processing Array Data... Progress: 8704/13770 patches calculated.
[2026-07-22 10:01:56,196] INFO - Processing Array Data... Progress: 9216/13770 patches calculated.
[2026-07-22 10:01:56,268] INFO - Processing Array Data... Progress: 9728/13770 patches calculated.
[2026-07-22 10:01:56,308] INFO - Processing Array Data... Progress: 10240/13770 patches calculated.
[2026-07-22 10:01:56,345] INFO - Processing Array Data... Progress: 10752/13770 patches calculated.
[2026-07-22 10:01:56,382] INFO - Sliding window completed. Extracted 1 unsuppressed hits. Running Spatial NMS...
[2026-07-22 10:01:56,383] INFO - Scan complete. Identified 1 highly unique cyclogenesis hazard locations.
[2026-07-22 10:01:56,389] INFO - GeoJSON data file exported to path: /workspace/output/genesis_forecast_72h_20260722_0000.geojson
[2026-07-22 10:01:56,397] INFO - Shapefile data vector array cluster created at: /workspace/output/genesis_forecast_72h_20260722_0000
[2026-07-22 10:05:39,314] INFO - ✅ Best Fused Ensemble structural neural weight layer graph mounted successfully.
[2026-07-22 10:05:39,315] INFO - Checking availability for cycle run target: 2026-07-22 12:00 UTC (Lookback Step -0h)
[2026-07-22 10:05:40,517] ERROR - NOMADS API error response code: 403
[2026-07-22 10:05:40,518] WARNING - Cycle run data window 12Z not accessible. Dropping back further...
[2026-07-22 10:05:40,519] INFO - Checking availability for cycle run target: 2026-07-22 06:00 UTC (Lookback Step -6h)
[2026-07-22 10:05:41,568] WARNING - Data cycle not yet published on NOMADS (Status 404).
[2026-07-22 10:05:41,570] WARNING - Cycle run data window 06Z not accessible. Dropping back further...
[2026-07-22 10:05:41,571] INFO - Checking availability for cycle run target: 2026-07-22 00:00 UTC (Lookback Step -12h)
[2026-07-22 10:06:49,349] INFO - ✅ Best Fused Ensemble structural neural weight layer graph mounted successfully.
[2026-07-22 10:06:49,350] INFO - Checking availability for cycle run target: 2026-07-22 12:00 UTC (Lookback Step -0h)
[2026-07-22 10:06:50,110] ERROR - NOMADS API error response code: 403
[2026-07-22 10:06:50,112] WARNING - Cycle run data window 12Z not accessible. Dropping back further...
[2026-07-22 10:06:50,113] INFO - Checking availability for cycle run target: 2026-07-22 06:00 UTC (Lookback Step -6h)
[2026-07-22 10:06:51,153] WARNING - Data cycle not yet published on NOMADS (Status 404).
[2026-07-22 10:06:51,154] WARNING - Cycle run data window 06Z not accessible. Dropping back further...
[2026-07-22 10:06:51,155] INFO - Checking availability for cycle run target: 2026-07-22 00:00 UTC (Lookback Step -12h)
[2026-07-22 10:07:04,639] INFO - ✅ Ensemble model loaded successfully.
[2026-07-22 10:07:04,640] INFO - Requesting stream step f000 from NOMADS server...
[2026-07-22 10:07:05,413] WARNING - NOMADS step availability gap for f000: Status 403
[2026-07-22 10:07:05,416] INFO - Requesting stream step f000 from NOMADS server...
[2026-07-22 10:07:06,399] WARNING - NOMADS step availability gap for f000: Status 404
[2026-07-22 10:07:06,401] INFO - Extracting meteorological channels from: /workspace/live_data/fnl_20260722_00_f000.grib2
[2026-07-22 10:07:13,119] INFO - Targeting evaluation of 11116 oceanic patches across active basins.
[2026-07-22 10:07:20,396] INFO - Extracted 2 candidate hits before NMS.
[2026-07-22 10:07:20,402] INFO - GeoJSON exported to /workspace/output/genesis_forecast_24h_20260722_0000.geojson and /workspace/output/latest_24h.geojson
[2026-07-22 10:07:20,405] INFO - Extracting meteorological channels from: /workspace/live_data/fnl_20260722_00_f024.grib2
[2026-07-22 10:07:26,514] INFO - Targeting evaluation of 11130 oceanic patches across active basins.
[2026-07-22 10:07:31,958] INFO - Extracted 2 candidate hits before NMS.
[2026-07-22 10:07:31,967] INFO - GeoJSON exported to /workspace/output/genesis_forecast_48h_20260722_0000.geojson and /workspace/output/latest_48h.geojson
[2026-07-22 10:07:31,969] INFO - Extracting meteorological channels from: /workspace/live_data/fnl_20260722_00_f048.grib2
[2026-07-22 10:07:38,071] INFO - Targeting evaluation of 11042 oceanic patches across active basins.
[2026-07-22 10:07:43,224] INFO - Extracted 8 candidate hits before NMS.
[2026-07-22 10:07:43,233] INFO - GeoJSON exported to /workspace/output/genesis_forecast_72h_20260722_0000.geojson and /workspace/output/latest_72h.geojson
[2026-07-22 10:12:49,673] INFO - ✅ Ensemble model loaded successfully.
[2026-07-22 10:12:49,675] INFO - Requesting stream step f000 from NOMADS server...
[2026-07-22 10:12:50,846] WARNING - NOMADS step availability gap for f000: Status 403
[2026-07-22 10:12:50,848] INFO - Requesting stream step f000 from NOMADS server...
[2026-07-22 10:12:51,885] WARNING - NOMADS step availability gap for f000: Status 404
[2026-07-22 10:12:51,888] INFO - Extracting meteorological channels from: /workspace/live_data/fnl_20260722_00_f000.grib2
[2026-07-22 10:12:58,668] INFO - Targeting evaluation of 11116 oceanic patches across active basins.
[2026-07-22 10:13:06,471] INFO - Extracted 2 candidate hits before NMS.
[2026-07-22 10:13:06,483] INFO - GeoJSON exported to /workspace/output/genesis_forecast_24h_20260722_0000.geojson and /workspace/output/latest_24h.geojson
[2026-07-22 10:13:06,486] INFO - Extracting meteorological channels from: /workspace/live_data/fnl_20260722_00_f024.grib2
[2026-07-22 10:13:12,890] INFO - Targeting evaluation of 11130 oceanic patches across active basins.
[2026-07-22 10:13:17,745] INFO - Extracted 2 candidate hits before NMS.
[2026-07-22 10:13:17,754] INFO - GeoJSON exported to /workspace/output/genesis_forecast_48h_20260722_0000.geojson and /workspace/output/latest_48h.geojson
[2026-07-22 10:13:17,756] INFO - Extracting meteorological channels from: /workspace/live_data/fnl_20260722_00_f048.grib2
[2026-07-22 10:13:24,451] INFO - Targeting evaluation of 11042 oceanic patches across active basins.
[2026-07-22 10:13:29,709] INFO - Extracted 8 candidate hits before NMS.
[2026-07-22 10:13:29,718] INFO - GeoJSON exported to /workspace/output/genesis_forecast_72h_20260722_0000.geojson and /workspace/output/latest_72h.geojson
[2026-07-22 10:22:25,167] INFO - ✅ Ensemble model loaded successfully.
[2026-07-22 10:22:25,169] INFO - Requesting stream step f000 from NOMADS server...
[2026-07-22 10:22:26,352] WARNING - NOMADS step availability gap for f000: Status 403
[2026-07-22 10:22:26,355] INFO - Requesting stream step f000 from NOMADS server...
[2026-07-22 10:22:27,425] WARNING - NOMADS step availability gap for f000: Status 404
[2026-07-22 10:22:27,434] INFO - Extracting meteorological channels from: /workspace/live_data/fnl_20260722_00_f000.grib2
[2026-07-22 10:22:33,460] INFO - Targeting evaluation of 11465 oceanic patches across active basins.
[2026-07-22 10:22:41,448] INFO - Extracted 2 candidate hits before NMS.
[2026-07-22 10:22:41,456] INFO - GeoJSON exported to /workspace/output/genesis_forecast_24h_20260722_0000.geojson and /workspace/output/latest_24h.geojson
[2026-07-22 10:22:41,460] INFO - Extracting meteorological channels from: /workspace/live_data/fnl_20260722_00_f024.grib2
[2026-07-22 10:22:47,200] INFO - Targeting evaluation of 11486 oceanic patches across active basins.
[2026-07-22 10:22:52,658] INFO - Extracted 2 candidate hits before NMS.
[2026-07-22 10:22:52,666] INFO - GeoJSON exported to /workspace/output/genesis_forecast_48h_20260722_0000.geojson and /workspace/output/latest_48h.geojson
[2026-07-22 10:22:52,669] INFO - Extracting meteorological channels from: /workspace/live_data/fnl_20260722_00_f048.grib2
[2026-07-22 10:22:58,297] INFO - Targeting evaluation of 11392 oceanic patches across active basins.
[2026-07-22 10:23:04,689] INFO - Extracted 7 candidate hits before NMS.
[2026-07-22 10:23:04,702] INFO - GeoJSON exported to /workspace/output/genesis_forecast_72h_20260722_0000.geojson and /workspace/output/latest_72h.geojson
[2026-07-22 11:00:23,183] INFO - ✅ Ensemble model loaded successfully.
[2026-07-22 11:00:23,184] INFO - Requesting stream step f000 from NOMADS server...
[2026-07-22 11:00:24,433] WARNING - NOMADS step availability gap for f000: Status 403
[2026-07-22 11:00:24,435] INFO - Requesting stream step f000 from NOMADS server...
[2026-07-22 11:00:25,561] WARNING - NOMADS step availability gap for f000: Status 404
[2026-07-22 11:00:25,566] INFO - Requesting stream step f000 from NOMADS server...
[2026-07-22 11:03:13,680] INFO - ✅ Ensemble model loaded successfully.
[2026-07-22 11:03:13,682] INFO - Requesting stream step f000 for cycle 20260722_12Z from NOMADS...
[2026-07-22 11:03:14,910] WARNING - NOMADS step availability gap for cycle 12Z (gdas.t12z.pgrb2.0p25.f000): Status 403
[2026-07-22 11:03:14,912] INFO - Requesting stream step f000 for cycle 20260722_12Z from NOMADS...
[2026-07-22 11:03:15,725] WARNING - NOMADS step availability gap for cycle 12Z (gfs.t12z.pgrb2.0p25.f000): Status 403
[2026-07-22 11:03:15,730] INFO - Requesting stream step f000 for cycle 20260722_06Z from NOMADS...
[2026-07-22 11:03:16,854] WARNING - NOMADS step availability gap for cycle 06Z (gdas.t06z.pgrb2.0p25.f000): Status 404
[2026-07-22 11:03:16,858] INFO - Requesting stream step f000 for cycle 20260722_06Z from NOMADS...
[2026-07-22 11:04:53,215] INFO - ✅ Downloaded clean dataset to /workspace/live_data/fnl_20260722_06_f000.grib2 (120.8 MB)
[2026-07-22 11:04:53,218] INFO - Requesting stream step f000 for cycle 20260722_12Z from NOMADS...
[2026-07-22 11:04:54,031] WARNING - NOMADS step availability gap for cycle 12Z (gdas.t12z.pgrb2.0p25.f000): Status 403
[2026-07-22 11:04:54,033] INFO - Requesting stream step f000 for cycle 20260722_12Z from NOMADS...
[2026-07-22 11:04:54,890] WARNING - NOMADS step availability gap for cycle 12Z (gfs.t12z.pgrb2.0p25.f000): Status 403
[2026-07-22 11:04:54,893] INFO - Using valid local cached file: /workspace/live_data/fnl_20260722_06_f000.grib2
[2026-07-22 11:04:54,894] INFO - Extracting meteorological channels from: /workspace/live_data/fnl_20260722_06_f000.grib2
[2026-07-22 11:05:02,017] INFO - Targeting evaluation of 11444 oceanic patches across active basins.
[2026-07-22 11:05:08,372] INFO - Extracted 0 candidate hits before NMS.
[2026-07-22 11:05:08,378] INFO - GeoJSON exported to /workspace/output/genesis_forecast_24h_20260722_1200.geojson and /workspace/output/latest_24h.geojson
[2026-07-22 11:05:08,381] INFO - Requesting stream step f024 for cycle 20260722_12Z from NOMADS...
[2026-07-22 11:05:09,197] WARNING - NOMADS step availability gap for cycle 12Z (gfs.t12z.pgrb2.0p25.f024): Status 403
[2026-07-22 11:05:09,202] INFO - Requesting stream step f024 for cycle 20260722_06Z from NOMADS...
[2026-07-22 11:06:45,515] INFO - ✅ Downloaded clean dataset to /workspace/live_data/fnl_20260722_06_f024.grib2 (120.5 MB)
[2026-07-22 11:06:45,518] INFO - Extracting meteorological channels from: /workspace/live_data/fnl_20260722_06_f024.grib2
[2026-07-22 11:06:52,071] INFO - Targeting evaluation of 11465 oceanic patches across active basins.
[2026-07-22 11:06:57,035] INFO - Extracted 0 candidate hits before NMS.
[2026-07-22 11:06:57,041] INFO - GeoJSON exported to /workspace/output/genesis_forecast_48h_20260722_1200.geojson and /workspace/output/latest_48h.geojson
[2026-07-22 11:06:57,042] INFO - Requesting stream step f048 for cycle 20260722_12Z from NOMADS...
[2026-07-22 11:06:58,276] WARNING - NOMADS step availability gap for cycle 12Z (gfs.t12z.pgrb2.0p25.f048): Status 403
[2026-07-22 11:06:58,279] INFO - Requesting stream step f048 for cycle 20260722_06Z from NOMADS...
[2026-07-22 11:08:35,642] INFO - ✅ Downloaded clean dataset to /workspace/live_data/fnl_20260722_06_f048.grib2 (122.2 MB)
[2026-07-22 11:08:35,644] INFO - Extracting meteorological channels from: /workspace/live_data/fnl_20260722_06_f048.grib2
[2026-07-22 11:08:42,393] INFO - Targeting evaluation of 11406 oceanic patches across active basins.
[2026-07-22 11:08:47,219] INFO - Extracted 0 candidate hits before NMS.
[2026-07-22 11:08:47,227] INFO - GeoJSON exported to /workspace/output/genesis_forecast_72h_20260722_1200.geojson and /workspace/output/latest_72h.geojson
