latitude,longitude,raw_probability
-35.0,0.0,4.718192485597683e-06
-35.0,1.0,7.636028385604732e-06
-35.0,2.0,8.337184408446774e-05
-35.0,3.0,1.0491872671991587e-05
-35.0,4.0,7.01261596987024e-05
-35.0,5.0,6.963244231883436e-05
-35.0,6.0,2.056001358141657e-05
-35.0,7.0,8.447180152870715e-05
-35.0,8.0,7.84968233347172e-06
-35.0,9.0,2.9413897095764696e-07
-35.0,10.0,2.0307157683419064e-05
-35.0,11.0,2.604843984954641e-06
-35.0,12.0,3.47687782777939e-05
-35.0,13.0,1.7920996469911188e-05
-35.0,14.0,7.248829206218943e-06
-35.0,15.0,1.6709178453311324e-05
-35.0,16.0,0.00010456352174514905
-35.0,17.0,6.203475550137227e-06
-35.0,18.0,2.6476902348804288e-05
-35.0,19.0,1.704950955172535e-05
-35.0,20.0,3.7820918805664405e-06
-35.0,21.0,5.8554051065584645e-06
-35.0,22.0,4.094640098628588e-05
-35.0,23.0,3.9922514361023786e-07
-35.0,24.0,4.16539769503288e-05
-35.0,25.0,1.0299743735231459e-05
-35.0,26.0,1.0274598935211543e-05
-35.0,27.0,0.00011380929208826274
-35.0,28.0,6.658916845481144e-06
-35.0,29.0,3.5223742997914087e-06
-35.0,30.0,2.129457925548195e-06
-35.0,31.0,5.9704422028517e-07
-35.0,32.0,9.234596518581384e-07
-35.0,33.0,7.310716227948433e-07
-35.0,34.0,3.855230715998914e-06
-35.0,35.0,1.8654521909411415e-06
-35.0,36.0,1.0624555670801783e-06
-35.0,37.0,2.745798155956436e-06
-35.0,38.0,7.188422728177102e-07
-35.0,39.0,2.1552314137807116e-06
-35.0,40.0,8.162623998941854e-06
-35.0,41.0,3.3677661122055724e-05
-35.0,42.0,1.8857012037187815e-05
-35.0,43.0,1.4331229067465756e-05
-35.0,44.0,5.590364253293956e-06
-35.0,45.0,1.646972305024974e-05
-35.0,46.0,1.8696962797548622e-05
-35.0,47.0,0.0001675514067756012
-35.0,48.0,0.00018864450976252556
-35.0,49.0,1.7790711353882216e-05
-35.0,50.0,2.1575289792963304e-05
-35.0,51.0,2.3371072529698722e-05
-35.0,52.0,2.816705773511785e-06
-35.0,53.0,8.194573456421494e-05
-35.0,54.0,2.3267799065251893e-07
-35.0,55.0,4.661798058691602e-09
-35.0,56.0,5.812057057852371e-09
-35.0,57.0,5.362105870432288e-09
-35.0,58.0,4.067892245274152e-09
-35.0,59.0,6.110952632809585e-09
-35.0,60.0,3.868136921880705e-09
-35.0,61.0,1.0599255695353804e-08
-35.0,62.0,1.8593228290342267e-08
-35.0,63.0,1.9753505497988044e-08
-35.0,64.0,5.106154610245994e-09
-35.0,65.0,5.4964019113867835e-08
-35.0,66.0,3.238608670130816e-08
-35.0,67.0,1.0854754606270944e-07
-35.0,68.0,8.06743571502011e-07
-35.0,69.0,3.420066434500768e-07
-35.0,70.0,9.333467687611119e-07
-35.0,71.0,2.6791287837113487e-06
-35.0,72.0,2.453638990118634e-05
-35.0,73.0,4.400634225021349e-06
-35.0,74.0,2.442545508074545e-07
-35.0,75.0,4.908272330794716e-06
-35.0,76.0,1.383959670420154e-06
-35.0,77.0,3.8303433029796e-06
-35.0,78.0,2.862584005924873e-05
-35.0,79.0,5.279680976855161e-07
-35.0,80.0,3.4044310268654954e-06
-35.0,81.0,4.999263637728291e-06
-35.0,82.0,1.3658899433721672e-06
-35.0,83.0,8.784486453805584e-07
-35.0,84.0,1.292869342250924e-06
-35.0,85.0,9.402016303283744e-07
-35.0,86.0,2.914119079377997e-07
-35.0,87.0,1.3883986866858322e-06
-35.0,88.0,8.16631711586524e-07
-35.0,89.0,3.2341804967472854e-07
-35.0,90.0,3.595215218865633e-07
-35.0,91.0,5.168874963601411e-07
-35.0,92.0,4.147624395045568e-07
-35.0,93.0,4.49080090447751e-07
-35.0,94.0,1.0182555342908017e-05
-35.0,95.0,6.903920620970894e-06
-35.0,96.0,1.8028491467703134e-05
-35.0,97.0,3.827994987659622e-06
-35.0,98.0,1.0583259609120432e-05
-35.0,99.0,1.5694951798650436e-05
-35.0,100.0,8.467999577987939e-06
-35.0,101.0,3.282255420344882e-05
-35.0,102.0,0.0002458514063619077
-35.0,103.0,0.00024377217050641775
-35.0,104.0,0.0003573496360331774
-35.0,105.0,0.001046005985699594
-35.0,106.0,0.002932346425950527
-35.0,107.0,0.0003590287815313786
-35.0,108.0,0.0016973085002973676
-35.0,109.0,0.0007170727476477623
-35.0,110.0,8.090103801805526e-05
-35.0,111.0,0.0001749650837155059
-35.0,112.0,0.00011845632980111986
-35.0,113.0,4.3645624828059226e-05
-35.0,114.0,0.00015184018411673605
-35.0,115.0,0.00020450710144359618
-35.0,116.0,8.233079279307276e-05
-35.0,117.0,0.0007241936400532722
-35.0,118.0,0.0001174544813693501
-35.0,119.0,8.137959230225533e-05
-35.0,120.0,0.00022188641014508903
-35.0,121.0,4.711354267783463e-05
-35.0,122.0,1.8486280168872327e-05
-35.0,123.0,3.058827496715821e-05
-35.0,124.0,6.533044142997824e-06
-35.0,125.0,3.1374345326184994e-06
-35.0,126.0,1.7867467931864667e-06
-35.0,127.0,1.9499736936268164e-06
-35.0,128.0,1.0652729542925954e-06
-35.0,129.0,6.334354338832782e-07
-35.0,130.0,1.562135253152519e-06
-35.0,131.0,2.2818594516138546e-06
-35.0,132.0,4.544755825008906e-07
-35.0,133.0,2.717794586715172e-06
-35.0,134.0,1.3170870261092205e-06
-35.0,135.0,2.284260972373886e-06
-35.0,136.0,3.1620659228792647e-06
-35.0,137.0,2.797412662403076e-06
-35.0,138.0,1.5267330866208795e-07
-35.0,139.0,3.7320950241337414e-07
-35.0,140.0,3.5812046661476415e-08
-35.0,141.0,1.313217410370271e-07
-35.0,142.0,1.3276993513500202e-06
-35.0,143.0,8.758304375078296e-07
-35.0,144.0,0.00010511546861380339
-35.0,145.0,0.00015186263772193342
-35.0,146.0,1.7919850506586954e-05
-35.0,147.0,0.001400574343279004
-35.0,148.0,0.0005137047846801579
-35.0,149.0,7.092039595590904e-05
-35.0,150.0,7.160156383179128e-05
-35.0,151.0,1.3262731044960674e-05
-35.0,152.0,1.565641287015751e-05
-35.0,153.0,1.332833562628366e-05
-35.0,154.0,5.967282504570903e-06
-35.0,155.0,2.2553763301402796e-06
-35.0,156.0,5.692908189303125e-07
-35.0,157.0,4.208615109746461e-07
-35.0,158.0,2.6170271212322405e-06
-35.0,159.0,2.869837089747307e-06
-35.0,160.0,3.3481458103779005e-06
-35.0,161.0,1.2144389074819628e-05
-35.0,162.0,4.929555507260375e-05
-35.0,163.0,3.474593904684298e-05
-35.0,164.0,0.00014060903049539775
-35.0,165.0,5.181540473131463e-05
-35.0,166.0,0.00014650168304797262
-35.0,167.0,0.0001104788898373954
-35.0,168.0,0.0001100075023714453
-35.0,169.0,3.0084473110036924e-05
-35.0,170.0,6.068698348826729e-05
-35.0,171.0,4.933802847517654e-05
-35.0,172.0,4.3635081965476274e-06
-35.0,173.0,8.018238986551296e-06
-35.0,174.0,2.3750039872538764e-06
-35.0,175.0,2.7969138045591535e-06
-35.0,176.0,6.353681783366483e-06
-35.0,177.0,7.45668501167529e-07
-35.0,178.0,2.1080902570247417e-06
-35.0,179.0,4.951119535689941e-06
-35.0,180.0,9.208739356836304e-06
-35.0,-179.0,8.477376104565337e-05
-35.0,-178.0,0.0009137100423686206
-35.0,-177.0,0.00030622148187831044
-35.0,-176.0,2.9645179893122986e-06
-35.0,-175.0,1.0622381523717195e-05
-35.0,-174.0,4.2516507647860635e-08
-35.0,-173.0,1.4057091846098047e-07
-35.0,-172.0,4.368510053609498e-05
-35.0,-171.0,2.6564677568785555e-07
-35.0,-170.0,2.6522809548623627e-06
-35.0,-169.0,2.833231292242999e-06
-35.0,-168.0,2.3219669742502447e-08
-35.0,-167.0,1.6061534552136436e-05
-35.0,-166.0,1.0100944791702204e-06
-35.0,-165.0,4.469614395929966e-06
-35.0,-164.0,2.6489417450648034e-06
-35.0,-163.0,1.1807966160404249e-07
-35.0,-162.0,2.5597378439101703e-08
-35.0,-161.0,1.6721725842216983e-05
-35.0,-160.0,1.294619167424571e-08
-35.0,-159.0,1.9300725284665532e-07
-35.0,-158.0,2.662944643816445e-05
-35.0,-157.0,2.9989964787091594e-06
-35.0,-156.0,5.281811468194064e-07
-35.0,-155.0,1.6109903299366124e-05
-35.0,-154.0,1.211041990245576e-06
-35.0,-153.0,5.444284738587157e-07
-35.0,-152.0,6.134730483609019e-06
-35.0,-151.0,2.391376483501517e-07
-35.0,-150.0,3.2714950748413685e-08
-35.0,-149.0,4.909437848255038e-06
-35.0,-148.0,9.627883201801524e-08
-35.0,-147.0,5.25374900917086e-07
-35.0,-146.0,1.6523085832886863e-06
-35.0,-145.0,4.457719455785991e-07
-35.0,-144.0,7.504532959501375e-07
-35.0,-143.0,5.35687377123395e-07
-35.0,-142.0,6.647532018178026e-07
-35.0,-141.0,5.540006782212004e-07
-35.0,-140.0,1.4909367962445685e-07
-35.0,-139.0,1.4577598221876542e-06
-35.0,-138.0,4.11732173688506e-07
-35.0,-137.0,4.2656833443288633e-07
-35.0,-136.0,8.445180128546781e-07
-35.0,-135.0,1.4986505902925273e-06
-35.0,-134.0,1.1957031347265001e-06
-35.0,-133.0,1.2514677791841677e-06
-35.0,-132.0,1.1428664038248826e-05
-35.0,-131.0,9.844307896855753e-06
-35.0,-130.0,3.4121053431590553e-06
-35.0,-129.0,2.3983449864317663e-05
-35.0,-128.0,3.3955727758439025e-06
-35.0,-127.0,4.508181518758647e-06
-35.0,-126.0,2.275090764669585e-06
-35.0,-125.0,4.447473145319236e-07
-35.0,-124.0,1.6346651818821556e-06
-35.0,-123.0,1.0333624089753357e-07
-35.0,-122.0,8.685662855612009e-09
-35.0,-121.0,5.203957798016745e-08
-35.0,-120.0,2.834993217959436e-08
-35.0,-119.0,1.4047751850654322e-09
-35.0,-118.0,1.4026994843430174e-10
-35.0,-117.0,9.416205593026916e-10
-35.0,-116.0,1.0113586634830085e-09
-35.0,-115.0,8.241470006442597e-11
-35.0,-114.0,6.70332622743075e-10
-35.0,-113.0,7.044252403609619e-10
-35.0,-112.0,5.465514707481134e-10
-35.0,-111.0,3.0261275707488267e-09
-35.0,-110.0,3.835255313333619e-08
-35.0,-109.0,6.234190497167447e-09
-35.0,-108.0,9.721456706301979e-08
-35.0,-107.0,4.833279021454473e-08
-35.0,-106.0,4.734490843816275e-08
-35.0,-105.0,1.1051567838649135e-07
-35.0,-104.0,1.237409151144675e-06
-35.0,-103.0,1.7693260190299043e-07
-35.0,-102.0,4.775803290613112e-07
-35.0,-101.0,1.824709033826366e-05
-35.0,-100.0,1.497069933975581e-05
-35.0,-99.0,1.4295629853222636e-06
-35.0,-98.0,1.713664801172854e-06
-35.0,-97.0,3.603041704991483e-06
-35.0,-96.0,6.848181510576978e-05
-35.0,-95.0,0.0002141138247679919
-35.0,-94.0,5.16523105034139e-05
-35.0,-93.0,0.0002564241294749081
-35.0,-92.0,8.506536687491462e-05
-35.0,-91.0,1.4255198038881645e-05
-35.0,-90.0,0.00015007361071184278
-35.0,-89.0,1.7742424461175688e-05
-35.0,-88.0,2.8487397685239557e-06
-35.0,-87.0,0.00011150254431413487
-35.0,-86.0,0.0010285533498972654
-35.0,-85.0,4.1642222640803084e-05
-35.0,-84.0,0.0009253456373699009
-35.0,-83.0,0.011868421919643879
-35.0,-82.0,0.003981702495366335
-35.0,-81.0,0.002034174045547843
-35.0,-80.0,0.004781446885317564
-35.0,-79.0,0.026729924604296684
-35.0,-78.0,0.0011731263948604465
-35.0,-77.0,0.005449124611914158
-35.0,-76.0,0.00025455071590840816
-35.0,-75.0,0.00032190082129091024
-35.0,-74.0,6.885772108944366e-06
-35.0,-73.0,2.469166247465182e-05
-35.0,-72.0,5.355420944397338e-05
-35.0,-71.0,1.2422178770066239e-06
-35.0,-70.0,0.00015474477550014853
-35.0,-69.0,7.319813448702917e-05
-35.0,-68.0,0.000880687206517905
-35.0,-67.0,3.0281062208814546e-05
-35.0,-66.0,0.0006346481386572123
-35.0,-65.0,0.012595066800713539
-35.0,-64.0,4.0385137367593416e-07
-35.0,-63.0,1.8218643162981607e-05
-35.0,-62.0,4.5360783929027093e-07
-35.0,-61.0,1.622683498680999e-07
-35.0,-60.0,0.0009781669359654188
-35.0,-59.0,6.49863466151146e-07
-35.0,-58.0,0.00033968579373322427
-35.0,-57.0,0.7648317217826843
-35.0,-56.0,0.00014598153939004987
-35.0,-55.0,0.32655829191207886
-35.0,-54.0,0.2940295338630676
-35.0,-53.0,0.0005350321298465133
-35.0,-52.0,0.04363636299967766
-35.0,-51.0,0.004440528806298971
-35.0,-50.0,0.0011289046378806233
-35.0,-49.0,0.00041362986667081714
-35.0,-48.0,8.585651812609285e-05
-35.0,-47.0,3.054533954127692e-05
-35.0,-46.0,8.935255209507886e-06
-35.0,-45.0,6.358852715493413e-06
-35.0,-44.0,6.34146590527962e-06
-35.0,-43.0,2.0224808395141736e-05
-35.0,-42.0,3.2689586078049615e-06
-35.0,-41.0,4.372715557110496e-05
-35.0,-40.0,1.1382795491954312e-05
-35.0,-39.0,6.472585482697468e-06
-35.0,-38.0,1.2238517228979617e-05
-35.0,-37.0,2.3822653020033613e-05
-35.0,-36.0,8.35588070913218e-05
-35.0,-35.0,3.2403717341367155e-05
-35.0,-34.0,4.080801591044292e-05
-35.0,-33.0,9.31047325138934e-05
-35.0,-32.0,2.7912123186979443e-05
-35.0,-31.0,1.0628239579091314e-05
-35.0,-30.0,1.3133180800650734e-05
-35.0,-29.0,4.2817478970391676e-05
-35.0,-28.0,2.877525366784539e-05
-35.0,-27.0,4.062322204845259e-06
-35.0,-26.0,1.2071010132785887e-05
-35.0,-25.0,1.7589116396266036e-05
-35.0,-24.0,2.8113602184021147e-06
-35.0,-23.0,1.3157035937183537e-05
-35.0,-22.0,5.135824721946847e-06
-35.0,-21.0,4.555757186608389e-06
-35.0,-20.0,4.843157512368634e-06
-35.0,-19.0,8.037230873014778e-05
-35.0,-18.0,0.00012851219798903912
-35.0,-17.0,5.073768988950178e-06
-35.0,-16.0,1.0215956535830628e-05
-35.0,-15.0,0.0004954620380885899
-35.0,-14.0,8.194876500056125e-06
-35.0,-13.0,4.414421255205525e-06
-35.0,-12.0,0.00018353555060457438
-35.0,-11.0,0.00013036964810453355
-35.0,-10.0,1.2985773537366185e-05
-35.0,-9.0,4.469803752726875e-05
-35.0,-8.0,1.4275098692451138e-05
-35.0,-7.0,9.409939957549796e-05
-35.0,-6.0,0.00011909635941265151
-35.0,-5.0,7.162225665524602e-05
-35.0,-4.0,0.000580998370423913
-35.0,-3.0,4.815942156710662e-05
-35.0,-2.0,7.502918379032053e-06
-35.0,-1.0,3.3575171983102337e-05
-34.0,0.0,7.746417395537719e-06
-34.0,1.0,6.634417331952136e-06
-34.0,2.0,2.399960749244201e-06
-34.0,3.0,1.2397573300404474e-05
-34.0,4.0,3.469915100140497e-05
-34.0,5.0,5.733185389544815e-05
-34.0,6.0,7.522083706135163e-06
-34.0,7.0,2.1254460079944693e-05
-34.0,8.0,1.2726718523481395e-05
-34.0,9.0,7.43910095479805e-06
-34.0,10.0,2.7595890060183592e-05
-34.0,11.0,3.3892572446347913e-06
-34.0,12.0,1.119020816986449e-05
-34.0,13.0,1.0249134902551305e-05
-34.0,14.0,2.833528196788393e-05
-34.0,15.0,3.572470404833439e-06
-34.0,16.0,0.0008037064108066261
-34.0,17.0,4.820564208785072e-05
-34.0,18.0,1.6219457847910235e-06
-34.0,19.0,1.934823376359418e-05
-34.0,20.0,3.8974171729933005e-06
-34.0,21.0,1.1121427405669237e-06
-34.0,22.0,2.036778141700779e-06
-34.0,23.0,6.178719104354968e-06
-34.0,24.0,7.900623131718021e-06
-34.0,25.0,6.551174465130316e-06
-34.0,26.0,1.1161175279994495e-05
-34.0,27.0,1.0176012438023463e-05
-34.0,28.0,1.2432973562681582e-05
-34.0,29.0,4.831398200622061e-06
-34.0,30.0,6.450977139138558e-07
-34.0,31.0,9.687257715995656e-07
-34.0,32.0,5.347890237317188e-07
-34.0,33.0,1.338020467755996e-07
-34.0,34.0,4.211361499528721e-07
-34.0,35.0,2.1955973750209523e-07
-34.0,36.0,1.4570230177923804e-07
-34.0,37.0,3.3219464512512786e-07
-34.0,38.0,7.061356086524029e-07
-34.0,39.0,6.311512379397755e-07
-34.0,40.0,1.231581563843065e-06
-34.0,41.0,1.4064577271710732e-06
-34.0,42.0,4.380023528938182e-05
-34.0,43.0,2.0240089725120924e-05
-34.0,44.0,1.442771463189274e-05
-34.0,45.0,1.6471622075187042e-05
-34.0,46.0,2.6673083993955515e-05
-34.0,47.0,1.7498317902209237e-05
-34.0,48.0,3.2545558497076854e-05
-34.0,49.0,0.0001522247912362218
-34.0,50.0,7.692125109315384e-06
-34.0,51.0,3.8977777876425534e-06
-34.0,52.0,5.646958470606478e-06
-34.0,53.0,7.45013039704645e-07
-34.0,54.0,6.080458092583285e-08
-34.0,55.0,1.3176972402106912e-07
-34.0,56.0,2.1241504555291613e-08
-34.0,57.0,2.9723915417889657e-07
-34.0,58.0,1.1739966510049271e-07
-34.0,59.0,1.2116342418266868e-07
-34.0,60.0,1.0276345392412622e-06
-34.0,61.0,7.34594038931391e-07
-34.0,62.0,1.115477061830461e-06
-34.0,63.0,6.81253709444718e-07
-34.0,64.0,2.2442961835622555e-06
-34.0,65.0,1.8017585716734175e-06
-34.0,66.0,2.91356855086633e-06
-34.0,67.0,2.543048503866885e-05
-34.0,68.0,2.5842156901489943e-05
-34.0,69.0,2.5188761355821043e-05
-34.0,70.0,2.4169934476958588e-05
-34.0,71.0,9.084543853532523e-05
-34.0,72.0,3.613249282352626e-05
-34.0,73.0,1.2282819625397678e-05
-34.0,74.0,5.934927230555331e-06
-34.0,75.0,2.707627118070377e-06
-34.0,76.0,1.5420582712977193e-06
-34.0,77.0,6.280886736931279e-06
-34.0,78.0,7.880555131123401e-06
-34.0,79.0,7.808259397279471e-06
-34.0,80.0,7.163270765886409e-06
-34.0,81.0,3.3603269002924208e-06
-34.0,82.0,4.88149635202717e-06
-34.0,83.0,9.325681844529754e-07
-34.0,84.0,1.5556606740574352e-06
-34.0,85.0,4.988443379261298e-06
-34.0,86.0,1.3366128541747457e-06
-34.0,87.0,4.271644684195053e-06
-34.0,88.0,1.7508200471638702e-06
-34.0,89.0,1.6208601891776198e-06
-34.0,90.0,1.1379562465663184e-06
-34.0,91.0,1.1681495379889384e-06
-34.0,92.0,2.9762654776277486e-06
-34.0,93.0,2.817794211296132e-06
-34.0,94.0,1.1357758012309205e-05
-34.0,95.0,1.0114912583958358e-05
-34.0,96.0,4.307410563342273e-06
-34.0,97.0,2.1342772015486844e-05
-34.0,98.0,5.369556220102822e-06
-34.0,99.0,1.2674889148911461e-05
-34.0,100.0,8.492005144944414e-05
-34.0,101.0,8.315333252539858e-05
-34.0,102.0,0.00023979635443538427
-34.0,103.0,0.0006208251579664648
-34.0,104.0,0.0002805817639455199
-34.0,105.0,0.0007650148472748697
-34.0,106.0,0.0006339505198411644
-34.0,107.0,0.00017459776427131146
-34.0,108.0,0.00036757573252543807
-34.0,109.0,0.00014243877376429737
-34.0,110.0,6.206150283105671e-05
-34.0,111.0,0.0002210356469731778
-34.0,112.0,0.00012197798059787601
-34.0,113.0,8.772607543505728e-05
-34.0,114.0,0.0003961261245422065
-34.0,115.0,0.0001294390094699338
-34.0,116.0,0.00011683775665005669
-34.0,117.0,0.00021052164083812386
-34.0,118.0,0.0004851063131354749
-34.0,119.0,0.00010448278771946207
-34.0,120.0,8.59543215483427e-05
-34.0,121.0,0.00015990780957508832
-34.0,122.0,1.709395473881159e-05
-34.0,123.0,5.5837522268120665e-06
-34.0,124.0,4.6354853111552075e-06
-34.0,125.0,1.2240384421602357e-06
-34.0,126.0,6.659384439444693e-07
-34.0,127.0,6.6173100776723e-07
-34.0,128.0,2.325591594853904e-06
-34.0,129.0,1.1992660802206956e-06
-34.0,130.0,1.7301006209891057e-06
-34.0,131.0,2.3621803393325536e-06
-34.0,132.0,1.1740766012735548e-06
-34.0,133.0,4.4090091932957876e-07
-34.0,134.0,1.0824625178429415e-06
-34.0,135.0,8.064482130976103e-07
-34.0,136.0,3.09755250782473e-07
-34.0,137.0,5.580407105298946e-07
-34.0,138.0,3.482461963244532e-08
-34.0,139.0,5.271807026474562e-07
-34.0,140.0,7.031385962363856e-08
-34.0,141.0,5.024606508641227e-08
-34.0,142.0,5.148418722455972e-07
-34.0,143.0,2.7888681870535947e-05
-34.0,144.0,8.532217179890722e-05
-34.0,145.0,0.00012508893269114196
-34.0,146.0,5.213763870415278e-05
-34.0,147.0,0.00016890009283088148
-34.0,148.0,3.3776083000702783e-05
-34.0,149.0,1.59886203618953e-05
-34.0,150.0,3.547066808096133e-05
-34.0,151.0,1.5515815903199837e-05
-34.0,152.0,1.1024225386790931e-05
-34.0,153.0,3.170315039824345e-06
-34.0,154.0,4.380753580335295e-06
-34.0,155.0,1.806856971597881e-06
-34.0,156.0,8.148019219333946e-07
-34.0,157.0,4.3731213850151107e-07
-34.0,158.0,6.882555112497357e-07
-34.0,159.0,8.245889375757542e-07
-34.0,160.0,1.574340558363474e-06
-34.0,161.0,3.28080795952701e-06
-34.0,162.0,1.3583422514784615e-05
-34.0,163.0,7.080267823766917e-05
-34.0,164.0,3.992840356659144e-05
-34.0,165.0,0.00022066841484047472
-34.0,166.0,0.00018161193293053657
-34.0,167.0,2.881545697164256e-05
-34.0,168.0,4.902799992123619e-05
-34.0,169.0,6.89825028530322e-05
-34.0,170.0,1.6272368156933226e-05
-34.0,171.0,6.643635424552485e-05
-34.0,172.0,1.2217724361107685e-05
-34.0,173.0,4.290081506042043e-06
-34.0,174.0,2.0866939394181827e-06
-34.0,175.0,5.324331141309813e-06
-34.0,176.0,1.2353834790701512e-06
-34.0,177.0,4.7536599367958843e-07
-34.0,178.0,2.6363279630459147e-06
-34.0,179.0,1.7835378685049363e-06
-34.0,180.0,2.2105450625531375e-06
-34.0,-179.0,6.150121771497652e-05
-34.0,-178.0,1.6118707208079286e-05
-34.0,-177.0,5.4555498536501545e-06
-34.0,-176.0,1.4720711760674021e-06
-34.0,-175.0,1.2768473389712653e-08
-34.0,-174.0,7.875887497732492e-09
-34.0,-173.0,5.784571710520936e-10
-34.0,-172.0,9.498913877692416e-10
-34.0,-171.0,2.4883572535827625e-08
-34.0,-170.0,2.6098907923710613e-08
-34.0,-169.0,1.2055197373683768e-07
-34.0,-168.0,3.2502217095498054e-07
-34.0,-167.0,2.5183865659528237e-07
-34.0,-166.0,2.101372274410096e-06
-34.0,-165.0,1.1709814771165838e-06
-34.0,-164.0,2.0432086955679551e-07
-34.0,-163.0,6.992786438786425e-07
-34.0,-162.0,5.156191036803648e-06
-34.0,-161.0,3.51430821865506e-06
-34.0,-160.0,1.7975073660636554e-06
-34.0,-159.0,3.0324183626362355e-06
-34.0,-158.0,6.414433073587134e-07
-34.0,-157.0,9.439278983336408e-06
-34.0,-156.0,2.924154614447616e-06
-34.0,-155.0,5.125931465954636e-07
-34.0,-154.0,2.685053004825022e-06
-34.0,-153.0,3.181899330684246e-07
-34.0,-152.0,3.062881432924769e-07
-34.0,-151.0,7.654283535885043e-07
-34.0,-150.0,6.825824527822988e-08
-34.0,-149.0,1.796320105995619e-07
-34.0,-148.0,2.3363233481177303e-07
-34.0,-147.0,1.3062526704743505e-07
-34.0,-146.0,6.261333282964188e-07
-34.0,-145.0,1.3258419357953244e-06
-34.0,-144.0,1.4279453353083227e-07
-34.0,-143.0,7.553811656180187e-07
-34.0,-142.0,5.257207362774352e-07
-34.0,-141.0,4.1185708710145263e-07
-34.0,-140.0,3.3491377848804404e-07
-34.0,-139.0,3.9866435486146656e-07
-34.0,-138.0,6.262879423957202e-07
-34.0,-137.0,5.098337965137034e-07
-34.0,-136.0,3.2475525131303584e-06
-34.0,-135.0,1.2318940889599617e-06
-34.0,-134.0,7.936872634672909e-07
-34.0,-133.0,4.291133336664643e-06
-34.0,-132.0,2.4352680156880524e-06
-34.0,-131.0,2.054483957181219e-06
-34.0,-130.0,7.83133327786345e-06
-34.0,-129.0,9.100005627260543e-06
-34.0,-128.0,2.446383177812095e-06
-34.0,-127.0,7.696841635151941e-07
-34.0,-126.0,1.4246006685425527e-07
-34.0,-125.0,1.1114663038824801e-06
-34.0,-124.0,1.0815879392112038e-07
-34.0,-123.0,1.0733107274063514e-06
-34.0,-122.0,8.62826198044786e-07
-34.0,-121.0,5.4082964773272124e-09
-34.0,-120.0,2.2907174468400626e-07
-34.0,-119.0,7.78168427473247e-08
-34.0,-118.0,5.7917288742714845e-09
-34.0,-117.0,2.122173103913383e-09
-34.0,-116.0,3.579976350920333e-07
-34.0,-115.0,1.9194044131864985e-09
-34.0,-114.0,1.0969680275252358e-08
-34.0,-113.0,2.365416307270607e-08
-34.0,-112.0,1.31563364647036e-08
-34.0,-111.0,4.1923989613223966e-08
-34.0,-110.0,1.4844430040739098e-07
-34.0,-109.0,2.4103041340595155e-08
-34.0,-108.0,1.702992165064643e-07
-34.0,-107.0,2.1713739783990604e-07
-34.0,-106.0,1.5958802634941094e-07
-34.0,-105.0,3.215344008822285e-07
-34.0,-104.0,4.65537652871717e-07
-34.0,-103.0,1.5214263271445816e-07
-34.0,-102.0,1.339308681735929e-07
-34.0,-101.0,7.972976163728163e-07
-34.0,-100.0,2.0399747313604166e-07
-34.0,-99.0,2.1466847499596042e-07
-34.0,-98.0,5.681242214450322e-07
-34.0,-97.0,7.588910193589982e-07
-34.0,-96.0,8.007426117728755e-07
-34.0,-95.0,2.7365749701857567e-06
-34.0,-94.0,1.9402132238610648e-05
-34.0,-93.0,1.5082814570632763e-06
-34.0,-92.0,1.0145769010705408e-05
-34.0,-91.0,1.7531859839436947e-06
-34.0,-90.0,1.9943740880989935e-06
-34.0,-89.0,2.962011194540537e-06
-34.0,-88.0,9.585401130607352e-06
-34.0,-87.0,5.375417458708398e-06
-34.0,-86.0,3.8078480429248884e-05
-34.0,-85.0,3.5139310057275e-05
-34.0,-84.0,3.0355628041434102e-05
-34.0,-83.0,0.006001635454595089
-34.0,-82.0,0.0011078929528594017
-34.0,-81.0,0.00011591325892368332
-34.0,-80.0,0.0021419718395918608
-34.0,-79.0,0.0016152183525264263
-34.0,-78.0,3.243856554036029e-05
-34.0,-77.0,0.6075493693351746
-34.0,-76.0,8.336907740158495e-06
-34.0,-75.0,8.179677388397977e-05
-34.0,-74.0,0.006241809576749802
-34.0,-73.0,1.1474984376036446e-06
-34.0,-72.0,1.243159999830823e-06
-34.0,-71.0,0.00039376039057970047
-34.0,-70.0,2.33833475249412e-06
-34.0,-69.0,7.362141332123429e-07
-34.0,-68.0,0.0004707624902948737
-34.0,-67.0,1.612877895240672e-05
-34.0,-66.0,2.82661926576111e-06
-34.0,-65.0,0.05730437487363815
-34.0,-64.0,1.0131353747055982e-06
-34.0,-63.0,3.95779977679922e-08
-34.0,-62.0,1.9987234622931283e-07
-34.0,-61.0,4.069087289337858e-09
-34.0,-60.0,2.27780697059643e-06
-34.0,-59.0,2.0982895875931717e-05
-34.0,-58.0,4.704999412297184e-08
-34.0,-57.0,0.00019000924658030272
-34.0,-56.0,1.758240796334576e-05
-34.0,-55.0,1.6250611224677414e-05
-34.0,-54.0,7.856327283661813e-05
-34.0,-53.0,0.0009133304702118039
-34.0,-52.0,2.300216510775499e-05
-34.0,-51.0,0.001316534704528749
-34.0,-50.0,0.0015197036555036902
-34.0,-49.0,4.365266067907214e-05
-34.0,-48.0,0.00023671536473557353
-34.0,-47.0,3.507569635985419e-05
-34.0,-46.0,7.291691417776747e-06
-34.0,-45.0,3.872508750646375e-05
-34.0,-44.0,6.333040801109746e-06
-34.0,-43.0,8.255322427430656e-06
-34.0,-42.0,2.1138310330570675e-05
-34.0,-41.0,4.907677976007108e-06
-34.0,-40.0,4.4272328523220494e-05
-34.0,-39.0,7.070363062666729e-05
-34.0,-38.0,3.865480175591074e-05
-34.0,-37.0,0.00020328292157500982
-34.0,-36.0,0.00011983500007772818
-34.0,-35.0,1.3535679499909747e-05
-34.0,-34.0,6.132289854576811e-05
-34.0,-33.0,1.949330726347398e-05
-34.0,-32.0,1.0602384463709313e-05
-34.0,-31.0,5.942057669017231e-06
-34.0,-30.0,2.836984322129865e-06
-34.0,-29.0,4.591190645442111e-06
-34.0,-28.0,5.589927241089754e-06
-34.0,-27.0,5.075806257082149e-06
-34.0,-26.0,4.034151515952544e-06
-34.0,-25.0,2.0753002900164574e-05
-34.0,-24.0,1.2675214748014696e-05
-34.0,-23.0,3.098470187978819e-06
-34.0,-22.0,0.00021763777476735413
-34.0,-21.0,2.6092568077729084e-05
-34.0,-20.0,1.2612036925929715e-06
-34.0,-19.0,1.3419066817732528e-05
-34.0,-18.0,3.1890976970316842e-06
-34.0,-17.0,5.500252427736996e-06
-34.0,-16.0,1.8292808817932382e-05
-34.0,-15.0,8.035891369218007e-06
-34.0,-14.0,1.8772912881104276e-05
-34.0,-13.0,9.857910299615469e-06
-34.0,-12.0,7.846164407965261e-06
-34.0,-11.0,1.2931101991853211e-05
-34.0,-10.0,7.251835995703004e-06
-34.0,-9.0,3.548903805494774e-06
-34.0,-8.0,8.042515219131019e-06
-34.0,-7.0,1.7963720893021673e-05
-34.0,-6.0,3.020529584318865e-05
-34.0,-5.0,0.00020182938897050917
-34.0,-4.0,2.907016096287407e-05
-34.0,-3.0,7.79764013714157e-05
-34.0,-2.0,4.2325602407800034e-05
-34.0,-1.0,5.434016202343628e-06
-33.0,0.0,6.519344879052369e-06
-33.0,1.0,7.619491952937096e-07
-33.0,2.0,2.0973759546905058e-06
-33.0,3.0,5.575896580012341e-07
-33.0,4.0,3.5099371871183394e-06
-33.0,5.0,1.742416679917369e-05
-33.0,6.0,6.759632924513426e-06
-33.0,7.0,1.1763938346120995e-05
-33.0,8.0,0.00011008977890014648
-33.0,9.0,9.329362910648342e-06
-33.0,10.0,6.150740773591679e-06
-33.0,11.0,2.4419343390036374e-05
-33.0,12.0,7.149008069973206e-06
-33.0,13.0,3.827473392448155e-06
-33.0,14.0,1.594288187334314e-05
-33.0,15.0,8.161746336554643e-07
-33.0,16.0,3.59655859938357e-05
-33.0,17.0,2.544433664297685e-05
-33.0,18.0,4.569446446112124e-06
-33.0,19.0,2.3585613234899938e-05
-33.0,20.0,5.9793537730001844e-06
-33.0,21.0,3.4421836971887387e-06
-33.0,22.0,5.7523695431882516e-05
-33.0,23.0,4.616070509655401e-05
-33.0,24.0,1.071501992555568e-05
-33.0,25.0,1.151011838373961e-05
-33.0,26.0,9.204112757288385e-06
-33.0,27.0,1.4927317351975944e-05
-33.0,28.0,2.1605679648928344e-05
-33.0,29.0,4.598008217726601e-06
-33.0,30.0,1.7322354324278422e-06
-33.0,31.0,8.411606131630833e-07
-33.0,32.0,6.907924671395449e-06
-33.0,33.0,4.266720736723073e-07
-33.0,34.0,2.231494278248647e-07
-33.0,35.0,4.03166382056952e-07
-33.0,36.0,2.285524089984392e-07
-33.0,37.0,8.386901981793926e-07
-33.0,38.0,1.5341767038989929e-06
-33.0,39.0,7.97054326540092e-07
-33.0,40.0,1.4305585409601917e-06
-33.0,41.0,3.923873919120524e-06
-33.0,42.0,3.0294147563836304e-06
-33.0,43.0,2.132193230863777e-06
-33.0,44.0,6.603645033465e-06
-33.0,45.0,4.65495986645692e-06
-33.0,46.0,3.1557638067170046e-06
-33.0,47.0,5.115407839184627e-05
-33.0,48.0,9.044340004038531e-06
-33.0,49.0,6.934141083547729e-07
-33.0,50.0,1.52751526911743e-05
-33.0,51.0,5.768706614617258e-05
-33.0,52.0,2.214818096035742e-06
-33.0,53.0,1.736703211463464e-06
-33.0,54.0,3.2760897283878876e-06
-33.0,55.0,5.936319666943746e-07
-33.0,56.0,2.8868674917248427e-07
-33.0,57.0,1.7277034203289077e-07
-33.0,58.0,8.837694167596055e-07
-33.0,59.0,1.0643820132827386e-05
-33.0,60.0,1.5828874211365473e-06
-33.0,61.0,1.5913366951281205e-05
-33.0,62.0,1.1141044524265453e-05
-33.0,63.0,1.2710578403130057e-06
-33.0,64.0,2.791320866890601e-06
-33.0,65.0,1.1086884796895902e-06
-33.0,66.0,7.248600923048798e-06
-33.0,67.0,1.5346962754847482e-05
-33.0,68.0,1.3528569070331287e-05
-33.0,69.0,3.3426393201807514e-05
-33.0,70.0,1.4997963262430858e-05
-33.0,71.0,1.4504196769848932e-05
-33.0,72.0,4.1507091737003066e-06
-33.0,73.0,1.590927058714442e-05
-33.0,74.0,6.705436589982128e-06
-33.0,75.0,3.1471920465264702e-06
-33.0,76.0,5.75528747503995e-06
-33.0,77.0,1.0356268830946647e-05
-33.0,78.0,1.3324281098903157e-05
-33.0,79.0,5.132470505486708e-06
-33.0,80.0,1.4441757230088115e-06
-33.0,81.0,1.5965820239216555e-06
-33.0,82.0,2.8790122996724676e-06
-33.0,83.0,3.9612659747945145e-06
-33.0,84.0,9.535992830933537e-06
-33.0,85.0,2.4768069124547765e-06
-33.0,86.0,1.0653350273059914e-06
-33.0,87.0,1.1649009366010432e-06
-33.0,88.0,9.674969305706327e-07
-33.0,89.0,2.266737737954827e-06
-33.0,90.0,2.7159860565006966e-06
-33.0,91.0,5.103444436826976e-06
-33.0,92.0,1.0487561667105183e-05
-33.0,93.0,7.444566563208355e-06
-33.0,94.0,2.2489612092613243e-05
-33.0,95.0,2.083861909341067e-05
-33.0,96.0,3.972115518990904e-05
-33.0,97.0,4.9187456170329824e-05
-33.0,98.0,3.2877596822800115e-05
-33.0,99.0,4.806719516636804e-05
-33.0,100.0,0.0001075698746717535
-33.0,101.0,0.00017464255506638438
-33.0,102.0,0.0008679933962412179
-33.0,103.0,0.0007349145598709583
-33.0,104.0,0.00018562708282843232
-33.0,105.0,0.0018576275324448943
-33.0,106.0,0.00535650085657835
-33.0,107.0,9.521595347905532e-05
-33.0,108.0,0.00026808763504959643
-33.0,109.0,0.0007525950786657631
-33.0,110.0,0.00016188812151085585
-33.0,111.0,0.00026238636928610504
-33.0,112.0,0.0005930489860475063
-33.0,113.0,0.0002337129262741655
-33.0,114.0,0.0001338696019956842
-33.0,115.0,0.00043972639832645655
-33.0,116.0,0.00020903392578475177
-33.0,117.0,9.172016143565997e-05
-33.0,118.0,0.00013628626766148955
-33.0,119.0,6.839697016403079e-05
-33.0,120.0,3.808712062891573e-05
-33.0,121.0,2.4332031898666173e-05
-33.0,122.0,6.579431101272348e-06
-33.0,123.0,1.7657858961683814e-06
-33.0,124.0,1.6496209127581096e-06
-33.0,125.0,5.723218237108085e-07
-33.0,126.0,7.746932624286273e-07
-33.0,127.0,5.388616273194202e-07
-33.0,128.0,2.7137207325722557e-07
-33.0,129.0,7.353184628300369e-06
-33.0,130.0,3.108140163021744e-07
-33.0,131.0,1.7049163147930813e-07
-33.0,132.0,5.646226327371551e-06
-33.0,133.0,8.865139022873336e-08
-33.0,134.0,7.220232873805799e-07
-33.0,135.0,2.9636416911671404e-06
-33.0,136.0,3.2525224469281966e-07
-33.0,137.0,9.598579708836041e-07
-33.0,138.0,1.8628602447279263e-06
-33.0,139.0,1.100223289540736e-05
-33.0,140.0,9.250610673916526e-06
-33.0,141.0,3.958844899898395e-06
-33.0,142.0,0.0004512887098826468
-33.0,143.0,7.676977838855237e-05
-33.0,144.0,0.00013969400606583804
-33.0,145.0,0.001193284522742033
-33.0,146.0,0.0002967038017231971
-33.0,147.0,0.00014746775559615344
-33.0,148.0,0.00017203332390636206
-33.0,149.0,0.00015404475561808795
-33.0,150.0,2.5143306629615836e-05
-33.0,151.0,1.4540857591782697e-05
-33.0,152.0,1.998259176616557e-05
-33.0,153.0,1.3227439012553077e-05
-33.0,154.0,1.9188331862096675e-05
-33.0,155.0,5.135824721946847e-06
-33.0,156.0,1.1167713864779216e-06
-33.0,157.0,1.6239856677202624e-06
-33.0,158.0,1.8661017975318828e-06
-33.0,159.0,2.1713624391850317e-06
-33.0,160.0,9.520450134914427e-07
-33.0,161.0,2.630858034535777e-06
-33.0,162.0,1.2596598935488146e-05
-33.0,163.0,2.9326916774152778e-05
-33.0,164.0,5.36508159711957e-05
-33.0,165.0,0.0001956327323568985
-33.0,166.0,0.0003681825764942914
-33.0,167.0,5.1544990128604695e-05
-33.0,168.0,0.00040071611874736845
-33.0,169.0,4.85798591398634e-05
-33.0,170.0,5.57066778128501e-06
-33.0,171.0,1.8853584151656833e-06
-33.0,172.0,1.9001923874384374e-06
-33.0,173.0,1.620396574253391e-06
-33.0,174.0,6.674103474324511e-07
-33.0,175.0,2.0247359771019546e-06
-33.0,176.0,1.868958889872374e-07
-33.0,177.0,7.259927770064678e-07
-33.0,178.0,2.9592699775093934e-06
-33.0,179.0,1.1306823580525815e-05
-33.0,180.0,3.441878652665764e-05
-33.0,-179.0,0.00011343820369802415
-33.0,-178.0,4.0737296558290836e-07
-33.0,-177.0,1.1330902793815767e-07
-33.0,-176.0,2.2075965944168274e-07
-33.0,-175.0,7.717500416504208e-09
-33.0,-174.0,4.7815813530860396e-08
-33.0,-173.0,8.258790984427833e-08
-33.0,-172.0,2.3622600764383606e-08
-33.0,-171.0,4.502113029047905e-07
-33.0,-170.0,2.231569624200347e-06
-33.0,-169.0,5.003522801416693e-06
-33.0,-168.0,5.987473741697613e-06
-33.0,-167.0,1.9365568732609972e-05
-33.0,-166.0,1.274199661338571e-07
-33.0,-165.0,1.7758765125108766e-07
-33.0,-164.0,1.1821892087482411e-07
-33.0,-163.0,1.7010437503017783e-08
-33.0,-162.0,2.5104325231950497e-06
-33.0,-161.0,3.9776617200004694e-07
-33.0,-160.0,7.086371311970652e-08
-33.0,-159.0,2.650725718922331e-07
-33.0,-158.0,2.017789455521779e-07
-33.0,-157.0,3.594487196778573e-08
-33.0,-156.0,3.545279625427611e-08
-33.0,-155.0,5.8206687469919416e-08
-33.0,-154.0,2.6789928497805704e-08
-33.0,-153.0,2.9222588793231807e-08
-33.0,-152.0,2.5760183319789576e-08
-33.0,-151.0,2.68156448157697e-08
-33.0,-150.0,6.354266446351176e-08
-33.0,-149.0,5.7998892799560053e-08
-33.0,-148.0,2.916713413014804e-07
-33.0,-147.0,1.0490970936416488e-07
-33.0,-146.0,1.1522242715500397e-07
-33.0,-145.0,1.1022810042504716e-07
-33.0,-144.0,3.432050732499192e-07
-33.0,-143.0,7.357655817941122e-07
-33.0,-142.0,2.2729777526819817e-07
-33.0,-141.0,1.6681113379490853e-07
-33.0,-140.0,1.288647126784781e-06
-33.0,-139.0,2.2079292705257103e-07
-33.0,-138.0,2.9574077871075133e-06
-33.0,-137.0,5.028427381148504e-07
-33.0,-136.0,2.235510464743129e-06
-33.0,-135.0,8.059115316427778e-06
-33.0,-134.0,8.023662303457968e-07
-33.0,-133.0,7.477453891624464e-06
-33.0,-132.0,3.2785781058919383e-06
-33.0,-131.0,2.6009813609562116e-06
-33.0,-130.0,2.129705762854428e-06
-33.0,-129.0,3.25351675201091e-06
-33.0,-128.0,8.378436291422986e-07
-33.0,-127.0,1.2115987146898988e-06
-33.0,-126.0,9.40070719934738e-07
-33.0,-125.0,4.305342997668049e-07
-33.0,-124.0,3.704474238475086e-08
-33.0,-123.0,1.813873637956931e-07
-33.0,-122.0,6.458819825638784e-07
-33.0,-121.0,1.7530774698570895e-07
-33.0,-120.0,1.9511717255227268e-06
-33.0,-119.0,5.263624558438096e-08
-33.0,-118.0,1.0641829248925205e-05
-33.0,-117.0,1.031970441545127e-06
-33.0,-116.0,1.2357165246612567e-07
-33.0,-115.0,1.0022615697380388e-06
-33.0,-114.0,3.151214684748993e-07
-33.0,-113.0,3.9060466860973975e-07
-33.0,-112.0,1.5608949297529762e-06
-33.0,-111.0,3.611768875089183e-07
-33.0,-110.0,3.2324072662959225e-07
-33.0,-109.0,4.6641443418593553e-07
-33.0,-108.0,2.648954193773534e-07
-33.0,-107.0,6.22776326508756e-07
-33.0,-106.0,1.5598693607898895e-06
-33.0,-105.0,5.624614800581185e-07
-33.0,-104.0,5.99130657974456e-07
-33.0,-103.0,6.130397878223448e-07
-33.0,-102.0,4.2323136995037203e-07
-33.0,-101.0,4.0729179318077513e-07
-33.0,-100.0,6.005242170203928e-08
-33.0,-99.0,5.014190307406352e-08
-33.0,-98.0,1.1905258361366577e-06
-33.0,-97.0,1.2315522326389328e-06
-33.0,-96.0,2.487442543497309e-06
-33.0,-95.0,1.269575659534894e-05
-33.0,-94.0,5.462078206619481e-06
-33.0,-93.0,1.9380513549549505e-05
-33.0,-92.0,2.1738180294050835e-05
-33.0,-91.0,1.3931781722931191e-05
-33.0,-90.0,4.3346397433197126e-05
-33.0,-89.0,3.260536686866544e-06
-33.0,-88.0,3.5711036616703495e-05
-33.0,-87.0,9.404003321833443e-06
-33.0,-86.0,3.778663312914432e-06
-33.0,-85.0,0.00016892055282369256
-33.0,-84.0,4.919097773381509e-05
-33.0,-83.0,4.2712792492238805e-05
-33.0,-82.0,0.0007062918157316744
-33.0,-81.0,1.1236148566240445e-05
-33.0,-80.0,0.00017968106840271503
-33.0,-79.0,0.0005138835404068232
-33.0,-78.0,0.01718953624367714
-33.0,-77.0,0.005756806582212448
-33.0,-76.0,2.8784284950233996e-05
-33.0,-75.0,0.004858346190303564
-33.0,-74.0,7.921920769149438e-05
-33.0,-73.0,0.0019618947990238667
-33.0,-72.0,1.2889819117845036e-05
-33.0,-71.0,1.2739079465973191e-05
-33.0,-70.0,0.00016829997184686363
-33.0,-69.0,0.00031699880491942167
-33.0,-68.0,4.254891609889455e-05
-33.0,-67.0,1.2495187547756359e-05
-33.0,-66.0,1.7329443835478742e-07
-33.0,-65.0,0.00014723549247719347
-33.0,-64.0,0.00019035724108107388
-33.0,-63.0,1.2698144757905538e-07
-33.0,-62.0,0.0003397473192308098
-33.0,-61.0,0.0001265946339117363
-33.0,-60.0,1.8489403430521634e-07
-33.0,-59.0,0.0016969642601907253
-33.0,-58.0,7.104432734195143e-05
-33.0,-57.0,4.411349436850287e-06
-33.0,-56.0,4.324029214330949e-05
-33.0,-55.0,0.0003038067079614848
-33.0,-54.0,2.3168910047388636e-05
-33.0,-53.0,0.021476324647665024
-33.0,-52.0,0.002902243984863162
-33.0,-51.0,0.0004256396205164492
-33.0,-50.0,0.0035714623518288136
-33.0,-49.0,0.0005849506705999374
-33.0,-48.0,3.520269820000976e-05
-33.0,-47.0,2.3488468286814168e-05
-33.0,-46.0,2.854561353160534e-05
-33.0,-45.0,1.4525209735438693e-05
-33.0,-44.0,7.788885341142304e-06
-33.0,-43.0,4.601302862283774e-06
-33.0,-42.0,3.038705699509592e-06
-33.0,-41.0,1.533876911707921e-06
-33.0,-40.0,0.00019050738774240017
-33.0,-39.0,2.360152211622335e-05
-33.0,-38.0,8.403095307585318e-06
-33.0,-37.0,1.87201385415392e-05
-33.0,-36.0,2.3543971110484563e-05
-33.0,-35.0,8.840147529554088e-06
-33.0,-34.0,2.2363556126947515e-05
-33.0,-33.0,1.1639959893727791e-06
-33.0,-32.0,9.557579687680118e-06
-33.0,-31.0,2.422807710900088e-06
-33.0,-30.0,9.90084345176001e-07
-33.0,-29.0,8.951569725468289e-07
-33.0,-28.0,4.856977739109425e-06
-33.0,-27.0,3.372700803083717e-06
-33.0,-26.0,2.47303046307934e-06
-33.0,-25.0,1.6346371012332384e-06
-33.0,-24.0,2.639130116222077e-06
-33.0,-23.0,6.656724167442007e-07
-33.0,-22.0,6.665785349468933e-06
-33.0,-21.0,1.3476330877892906e-06
-33.0,-20.0,8.112423870443308e-07
-33.0,-19.0,5.956305903964676e-05
-33.0,-18.0,1.6011341358534992e-05
-33.0,-17.0,3.84009545086883e-05
-33.0,-16.0,7.966207340359688e-05
-33.0,-15.0,0.00010546124394750223
-33.0,-14.0,0.00013545644469559193
-33.0,-13.0,0.00011238713341299444
-33.0,-12.0,9.927988867275417e-05
-33.0,-11.0,8.970969793153927e-05
-33.0,-10.0,0.00029698992148041725
-33.0,-9.0,3.3737804187694564e-05
-33.0,-8.0,4.55964109278284e-05
-33.0,-7.0,0.00019385182531550527
-33.0,-6.0,7.408725650748238e-05
-33.0,-5.0,4.3365413148421794e-05
-33.0,-4.0,6.632234726566821e-05
-33.0,-3.0,0.00019772462837863714
-33.0,-2.0,8.782199438428506e-05
-33.0,-1.0,7.663972792215645e-05
-32.0,0.0,9.873293493001256e-06
-32.0,1.0,9.022108861245215e-05
-32.0,2.0,1.7717572973197093e-06
-32.0,3.0,4.08527921536006e-06
-32.0,4.0,6.50691072223708e-05
-32.0,5.0,0.00046252398169599473
-32.0,6.0,0.00014059750537853688
-32.0,7.0,0.0005739086773246527
-32.0,8.0,0.00016356869309674948
-32.0,9.0,1.3150437325748499e-06
-32.0,10.0,2.94587152893655e-05
-32.0,11.0,1.8582504708319902e-05
-32.0,12.0,3.94587914342992e-06
-32.0,13.0,2.2979822460911237e-05
-32.0,14.0,9.974196473194752e-07
-32.0,15.0,4.997928954253439e-06
-32.0,16.0,9.578046592650935e-05
-32.0,17.0,3.1661334105592687e-06
-32.0,18.0,4.172036369709531e-06
-32.0,19.0,4.667395114665851e-05
-32.0,20.0,2.4000385110412026e-06
-32.0,21.0,2.7727815904654562e-05
-32.0,22.0,0.0003162309294566512
-32.0,23.0,4.3782638385891914e-06
-32.0,24.0,6.062901434233936e-07
-32.0,25.0,2.8646090868278407e-06
-32.0,26.0,2.345330358366482e-05
-32.0,27.0,1.7590242578080506e-06
-32.0,28.0,2.457370555930538e-06
-32.0,29.0,7.972230378072709e-06
-32.0,30.0,3.293149347882718e-06
-32.0,31.0,1.093599530577194e-05
-32.0,32.0,3.1821468837733846e-06
-32.0,33.0,6.463816930590838e-07
-32.0,34.0,2.806476686600945e-07
-32.0,35.0,2.598784476504079e-07
-32.0,36.0,4.451241011338425e-07
-32.0,37.0,2.0521576971077593e-06
-32.0,38.0,2.72054307970393e-07
-32.0,39.0,2.4685089101694757e-06
-32.0,40.0,5.359134775062557e-06
-32.0,41.0,4.243737748765852e-06
-32.0,42.0,7.079196961967682e-07
-32.0,43.0,4.9593709263717756e-06
-32.0,44.0,2.099861603710451e-06
-32.0,45.0,7.708413249929436e-06
-32.0,46.0,2.04859534278512e-05
-32.0,47.0,2.6947600417770445e-06
-32.0,48.0,2.3848770069889724e-05
-32.0,49.0,0.00012733775656670332
-32.0,50.0,1.1817664017144125e-05
-32.0,51.0,2.9279130103532225e-05
-32.0,52.0,4.917774276691489e-06
-32.0,53.0,5.684830466634594e-05
-32.0,54.0,1.69304694281891e-05
-32.0,55.0,2.9272021606630005e-07
-32.0,56.0,1.5626120557499235e-06
-32.0,57.0,1.3103205674269702e-05
-32.0,58.0,6.495688012364553e-06
-32.0,59.0,3.208913403796032e-05
-32.0,60.0,1.2647034054680262e-05
-32.0,61.0,2.3749610136292176e-06
-32.0,62.0,3.370999365870375e-06
-32.0,63.0,4.744556918012677e-06
-32.0,64.0,9.085879923986795e-07
-32.0,65.0,5.278536264086142e-06
-32.0,66.0,3.004392965522129e-05
-32.0,67.0,1.5109178093553055e-05
-32.0,68.0,1.2061585039191414e-05
-32.0,69.0,8.659613740746863e-06
-32.0,70.0,5.593670721282251e-06
-32.0,71.0,9.700378541310783e-06
-32.0,72.0,5.7065471992245875e-06
-32.0,73.0,1.7778640994947637e-06
-32.0,74.0,8.504020115651656e-06
-32.0,75.0,3.0195185445336392e-06
-32.0,76.0,1.7704937818052713e-06
-32.0,77.0,2.4649798433529213e-06
-32.0,78.0,3.124297109025065e-06
-32.0,79.0,2.1408998236438492e-06
-32.0,80.0,5.032188141740335e-07
-32.0,81.0,1.0355234962844406e-06
-32.0,82.0,5.092053470434621e-06
-32.0,83.0,9.682638619779027e-07
-32.0,84.0,2.1321861254364194e-07
-32.0,85.0,1.325873540736211e-06
-32.0,86.0,3.7016002352174837e-07
-32.0,87.0,9.75221723820141e-07
-32.0,88.0,9.144844739239488e-07
-32.0,89.0,1.672755161052919e-06
-32.0,90.0,4.4896673898620065e-06
-32.0,91.0,3.9639376154809725e-06
-32.0,92.0,1.6516627283635898e-06
-32.0,93.0,7.4113509072049055e-06
-32.0,94.0,1.9133514797431417e-05
-32.0,95.0,1.2347401934675872e-05
-32.0,96.0,2.1858311811229214e-05
-32.0,97.0,5.29749013367109e-05
-32.0,98.0,4.600824831868522e-05
-32.0,99.0,5.553212031372823e-05
-32.0,100.0,0.00013453567225951701
-32.0,101.0,0.0003150503907818347
-32.0,102.0,0.0002351174334762618
-32.0,103.0,0.0007602032274007797
-32.0,104.0,0.0030887725297361612
-32.0,105.0,0.0012683504028245807
-32.0,106.0,0.0003677495406009257
-32.0,107.0,0.0003521491016726941
-32.0,108.0,0.00040340828127227724
-32.0,109.0,0.000815989391412586
-32.0,110.0,0.0001793356641428545
-32.0,111.0,0.00019612057076301426
-32.0,112.0,0.00043562575592659414
-32.0,113.0,0.0009186279494315386
-32.0,114.0,0.0002704126527532935
-32.0,115.0,5.082401912659407e-05
-32.0,116.0,0.0007025596569292247
-32.0,117.0,5.810861330246553e-05
-32.0,118.0,1.6630092432023957e-05
-32.0,119.0,5.193621836951934e-05
-32.0,120.0,8.409348083660007e-06
-32.0,121.0,3.0804415018792497e-06
-32.0,122.0,1.097709082387155e-05
-32.0,123.0,5.9336371123208664e-06
-32.0,124.0,3.5333762298250804e-06
-32.0,125.0,9.724273013489437e-07
-32.0,126.0,1.4732789850313566e-06
-32.0,127.0,9.059663170774002e-06
-32.0,128.0,3.578132634629583e-08
-32.0,129.0,7.465066573786316e-07
-32.0,130.0,1.0465105333423708e-06
-32.0,131.0,1.1782562481243986e-08
-32.0,132.0,8.568377438677999e-07
-32.0,133.0,6.5686769801232e-08
-32.0,134.0,8.918716076777855e-08
-32.0,135.0,2.430571441891516e-07
-32.0,136.0,5.460789793687582e-07
-32.0,137.0,1.657747588978964e-06
-32.0,138.0,9.932458624462015e-07
-32.0,139.0,1.1541064850462135e-06
-32.0,140.0,1.4909049241396133e-05
-32.0,141.0,7.31178715795977e-06
-32.0,142.0,0.0014585950411856174
-32.0,143.0,0.00014395246398635209
-32.0,144.0,0.00013284759188536555
-32.0,145.0,0.0007943968521431088
-32.0,146.0,0.00012967879592906684
-32.0,147.0,0.00017748195386957377
-32.0,148.0,9.161343768937513e-05
-32.0,149.0,5.2994608267908916e-05
-32.0,150.0,4.074171738466248e-05
-32.0,151.0,3.0107892598607577e-05
-32.0,152.0,9.764011338120326e-06
-32.0,153.0,9.709448931971565e-06
-32.0,154.0,6.989678695390467e-06
-32.0,155.0,3.3189460282301297e-06
-32.0,156.0,5.1598453865153715e-06
-32.0,157.0,1.2501826859079301e-05
-32.0,158.0,4.1107882680080365e-06
-32.0,159.0,1.904270675368025e-06
-32.0,160.0,5.526173026737524e-06
-32.0,161.0,1.573810891386529e-06
-32.0,162.0,7.5762582127936184e-06
-32.0,163.0,2.441700644340017e-06
-32.0,164.0,4.570010059978813e-05
-32.0,165.0,1.9722236174857244e-05
-32.0,166.0,2.396678064542357e-05
-32.0,167.0,2.8661048418143764e-05
-32.0,168.0,2.5312412617495283e-05
-32.0,169.0,1.3710612620343454e-05
-32.0,170.0,1.7213880028066342e-06
-32.0,171.0,5.024941401643446e-06
-32.0,172.0,2.5442963647037686e-07
-32.0,173.0,4.0201753108704e-06
-32.0,174.0,8.869196790328715e-06
-32.0,175.0,4.5151762151363073e-07
-32.0,176.0,2.602187123557087e-05
-32.0,177.0,8.913955389289185e-05
-32.0,178.0,7.692741746723186e-06
-32.0,179.0,0.00010891850979533046
-32.0,180.0,5.467138180392794e-06
-32.0,-179.0,7.00243836035952e-05
-32.0,-178.0,1.2500647244451102e-05
-32.0,-177.0,1.5669367030568537e-06
-32.0,-176.0,2.389222800047719e-06
-32.0,-175.0,4.4804401966302976e-08
-32.0,-174.0,4.7511937736999243e-05
-32.0,-173.0,0.0006230399594642222
-32.0,-172.0,2.6141186026507057e-05
-32.0,-171.0,8.77947750268504e-05
-32.0,-170.0,1.8921176888397895e-05
-32.0,-169.0,3.5579489576775813e-06
-32.0,-168.0,3.497817033348838e-06
-32.0,-167.0,8.965992606135842e-07
-32.0,-166.0,1.9862186206864862e-07
-32.0,-165.0,5.681773131982482e-07
-32.0,-164.0,7.362562826074281e-08
-32.0,-163.0,3.583254937211677e-08
-32.0,-162.0,4.887230602435011e-07
-32.0,-161.0,2.0810310275010124e-07
-32.0,-160.0,8.62534292878081e-08
-32.0,-159.0,8.49443750894352e-08
-32.0,-158.0,1.0600128064197634e-07
-32.0,-157.0,3.6113178225605225e-07
-32.0,-156.0,5.4081745304301876e-08
-32.0,-155.0,1.141643490853994e-08
-32.0,-154.0,5.514757361879674e-08
-32.0,-153.0,2.5903954536943274e-08
-32.0,-152.0,2.7613038966478598e-08
-32.0,-151.0,1.3397998266384548e-08
-32.0,-150.0,3.059902553559368e-08
-32.0,-149.0,8.769548287546058e-08
-32.0,-148.0,1.4127920167084085e-07
-32.0,-147.0,3.474328025276918e-08
-32.0,-146.0,2.730482151491742e-08
-32.0,-145.0,7.207376029327861e-08
-32.0,-144.0,7.205397167808769e-08
-32.0,-143.0,1.433181466836686e-07
-32.0,-142.0,9.784724142036794e-08
-32.0,-141.0,7.386447720136857e-08
-32.0,-140.0,3.27953955547855e-07
-32.0,-139.0,2.3171692475898453e-07
-32.0,-138.0,1.1868830540606723e-07
-32.0,-137.0,1.65085486969474e-06
-32.0,-136.0,9.740477935338276e-07
-32.0,-135.0,2.950694977243984e-07
-32.0,-134.0,2.4676849079696694e-06
-32.0,-133.0,7.559446544291859e-07
-32.0,-132.0,1.130779537561466e-06
-32.0,-131.0,8.344482580469048e-07
-32.0,-130.0,2.569081289038877e-06
-32.0,-129.0,1.8958741065944196e-07
-32.0,-128.0,6.911218974892108e-07
-32.0,-127.0,9.223035135619284e-08
-32.0,-126.0,6.258819951199257e-08
-32.0,-125.0,5.849794959544852e-08
-32.0,-124.0,2.7881092989900935e-08
-32.0,-123.0,8.123494126266451e-07
-32.0,-122.0,4.773662567458814e-07
-32.0,-121.0,3.69402464173163e-08
-32.0,-120.0,6.944134156583459e-07
-32.0,-119.0,1.8712168525780726e-07
-32.0,-118.0,2.720016709645279e-07
-32.0,-117.0,6.758509698556736e-07
-32.0,-116.0,3.24929487760528e-07
-32.0,-115.0,6.51253174055455e-07
-32.0,-114.0,9.433868797259493e-08
-32.0,-113.0,9.98446907374273e-08
-32.0,-112.0,6.934796914492836e-08
-32.0,-111.0,6.003971009249653e-08
-32.0,-110.0,8.737424650462344e-08
-32.0,-109.0,9.064212491693979e-08
-32.0,-108.0,2.5305152462351543e-07
-32.0,-107.0,1.0122143834223607e-07
-32.0,-106.0,3.99765781367023e-07
-32.0,-105.0,7.645974875458705e-08
-32.0,-104.0,1.5400431720991037e-06
-32.0,-103.0,4.4191750703248545e-07
-32.0,-102.0,2.8153635867056437e-07
-32.0,-101.0,7.099006893440674e-08
-32.0,-100.0,1.5814916309864202e-07
-32.0,-99.0,6.196234636490772e-08
-32.0,-98.0,1.624197807359451e-07
-32.0,-97.0,1.82300951223624e-07
-32.0,-96.0,2.1492840573955618e-07
-32.0,-95.0,1.005331682790711e-06
-32.0,-94.0,1.3619030596601078e-06
-32.0,-93.0,1.7711438431433635e-06
-32.0,-92.0,1.7418236666344455e-06
-32.0,-91.0,1.3298878229761613e-06
-32.0,-90.0,1.2586108368850546e-06
-32.0,-89.0,5.906733804295072e-06
-32.0,-88.0,4.290724064048845e-06
-32.0,-87.0,8.490564482599439e-07
-32.0,-86.0,5.668367975886213e-06
-32.0,-85.0,0.0003623196389526129
-32.0,-84.0,1.0588399163680151e-05
-32.0,-83.0,7.200884283520281e-05
-32.0,-82.0,0.00013041241618338972
-32.0,-81.0,1.279028538192506e-06
-32.0,-80.0,5.383507868828019e-06
-32.0,-79.0,0.0020404583774507046
-32.0,-78.0,0.15712444484233856
-32.0,-77.0,2.51974597631488e-07
-32.0,-76.0,0.0016629716847091913
-32.0,-75.0,0.00039709953125566244
-32.0,-74.0,6.56410534816132e-08
-32.0,-73.0,4.833702405449003e-05
-32.0,-72.0,0.00011568579793674871
-32.0,-71.0,1.4989548446919798e-07
-32.0,-70.0,0.00027558556757867336
-32.0,-69.0,0.0016643062699586153
-32.0,-68.0,0.00016528530977666378
-32.0,-67.0,0.00026514154160395265
-32.0,-66.0,0.00013580020458903164
-32.0,-65.0,0.00014274471323005855
-32.0,-64.0,5.50414327449289e-08
-32.0,-63.0,0.00015526622883044183
-32.0,-62.0,0.0007267991313710809
-32.0,-61.0,2.091028818540508e-06
-32.0,-60.0,4.98904955748003e-05
-32.0,-59.0,2.583870809758082e-05
-32.0,-58.0,1.4422336107600131e-06
-32.0,-57.0,0.0009091924293898046
-32.0,-56.0,4.800590613740496e-05
-32.0,-55.0,0.00028118377667851746
-32.0,-54.0,3.5463297535898164e-05
-32.0,-53.0,0.009941964410245419
-32.0,-52.0,0.0006554623832926154
-32.0,-51.0,8.274775609606877e-06
-32.0,-50.0,0.009531920775771141
-32.0,-49.0,0.0006739643285982311
-32.0,-48.0,5.2603390940930694e-05
-32.0,-47.0,7.652981003047898e-05
-32.0,-46.0,2.721386044868268e-05
-32.0,-45.0,3.2143929274752736e-05
-32.0,-44.0,7.429044489981607e-05
-32.0,-43.0,3.94396056435653e-06
-32.0,-42.0,8.80928746482823e-06
-32.0,-41.0,2.412984031252563e-05
-32.0,-40.0,4.48206665168982e-05
-32.0,-39.0,1.6706582755432464e-05
-32.0,-38.0,9.007817425299436e-06
-32.0,-37.0,1.2695188161160331e-05
-32.0,-36.0,5.2515428251354024e-05
-32.0,-35.0,8.814156171865761e-05
-32.0,-34.0,2.853849309758516e-06
-32.0,-33.0,9.947400030796416e-06
-32.0,-32.0,3.7872098346269922e-06
-32.0,-31.0,1.18453147024411e-06
-32.0,-30.0,3.827316561455518e-07
-32.0,-29.0,3.9054654621395457e-07
-32.0,-28.0,9.218662171406322e-07
-32.0,-27.0,4.6403062015087926e-07
-32.0,-26.0,5.256580948298506e-07
-32.0,-25.0,3.805761821240594e-07
-32.0,-24.0,9.393859841111407e-07
-32.0,-23.0,1.7916216847879696e-06
-32.0,-22.0,1.8614289274410112e-06
-32.0,-21.0,7.059907716211455e-07
-32.0,-20.0,1.800930590434291e-06
-32.0,-19.0,2.1392588678281754e-06
-32.0,-18.0,1.1306155101920012e-05
-32.0,-17.0,3.8243683775363024e-06
-32.0,-16.0,1.8867014659917913e-05
-32.0,-15.0,6.873628080938943e-06
-32.0,-14.0,7.862156053306535e-06
-32.0,-13.0,3.03237702610204e-05
-32.0,-12.0,2.1903446395299397e-05
-32.0,-11.0,0.00010132270836038515
-32.0,-10.0,7.412838749587536e-05
-32.0,-9.0,1.362948660244001e-05
-32.0,-8.0,4.377092045615427e-05
-32.0,-7.0,0.00013429421233013272
-32.0,-6.0,3.199077764293179e-05
-32.0,-5.0,0.00017979263793677092
-32.0,-4.0,0.00028680541436187923
-32.0,-3.0,0.00011439465743023902
-32.0,-2.0,8.15182356745936e-05
-32.0,-1.0,3.419014683458954e-05
-31.0,0.0,3.826398096862249e-05
-31.0,1.0,7.963363714225125e-06
-31.0,2.0,7.726076546532568e-06
-31.0,3.0,6.773672066628933e-05
-31.0,4.0,5.0522961828392e-05
-31.0,5.0,5.990705903968774e-05
-31.0,6.0,2.0530565961962566e-05
-31.0,7.0,0.00020032819884363562
-31.0,8.0,5.37318044280255e-07
-31.0,9.0,5.7588126765040215e-06
-31.0,10.0,4.128612999920733e-06
-31.0,11.0,7.168063120843726e-07
-31.0,12.0,2.48402398028702e-06
-31.0,13.0,5.486929239850724e-06
-31.0,14.0,2.1219614154688315e-06
-31.0,15.0,8.248843369074166e-05
-31.0,16.0,7.378725422313437e-05
-31.0,17.0,4.934795288136229e-05
-31.0,18.0,3.496738645480946e-05
-31.0,19.0,5.499206599779427e-05
-31.0,20.0,6.513031985377893e-05
-31.0,21.0,0.0030493319500237703
-31.0,22.0,1.2916941159346607e-05
-31.0,23.0,5.89371302339714e-05
-31.0,24.0,0.00036744188400916755
-31.0,25.0,5.862071338924579e-05
-31.0,26.0,1.9037232050322928e-05
-31.0,27.0,0.00012144388165324926
-31.0,28.0,5.7095014199148864e-05
-31.0,29.0,2.2727639588993043e-05
-31.0,30.0,5.248568777460605e-05
-31.0,31.0,5.9514204622246325e-06
-31.0,32.0,1.8789091882354114e-06
-31.0,33.0,1.657320808590157e-06
-31.0,34.0,1.3689988236365025e-06
-31.0,35.0,1.7515100125820027e-07
-31.0,36.0,2.6034010716102784e-06
-31.0,37.0,2.2887046725372784e-05
-31.0,38.0,7.916990512057964e-07
-31.0,39.0,1.894919137157558e-06
-31.0,40.0,4.381714461487718e-06
-31.0,41.0,8.968147540144855e-07
-31.0,42.0,1.3839938901583082e-06
-31.0,43.0,3.1596302960679168e-06
-31.0,44.0,1.3285542763696867e-06
-31.0,45.0,4.538286248134682e-06
-31.0,46.0,1.3797424571748707e-06
-31.0,47.0,1.968955757547519e-06
-31.0,48.0,5.244281055638567e-06
-31.0,49.0,3.6183819247526117e-06
-31.0,50.0,3.9995324186747894e-05
-31.0,51.0,9.96468952507712e-06
-31.0,52.0,2.201618144681561e-06
-31.0,53.0,6.281336936808657e-06
-31.0,54.0,3.6544759041134967e-07
-31.0,55.0,3.8207704733395076e-07
-31.0,56.0,1.1140221545247186e-07
-31.0,57.0,1.237751348526217e-05
-31.0,58.0,2.8572012524819e-06
-31.0,59.0,3.140492310649279e-07
-31.0,60.0,1.6801798210508423e-06
-31.0,61.0,3.1533400601801986e-07
-31.0,62.0,9.06086427221453e-07
-31.0,63.0,1.8819650904333685e-06
-31.0,64.0,2.257801497762557e-06
-31.0,65.0,4.4877916138830187e-07
-31.0,66.0,3.7048073409096105e-06
-31.0,67.0,2.650406167958863e-05
-31.0,68.0,1.3300895034262794e-06
-31.0,69.0,6.054799541743705e-06
-31.0,70.0,9.188842341245618e-06
-31.0,71.0,4.785340934176929e-06
-31.0,72.0,1.0146573004021775e-05
-31.0,73.0,1.447530394216301e-05
-31.0,74.0,3.4844867968786275e-06
-31.0,75.0,3.529166406224249e-06
-31.0,76.0,1.2151247574365698e-05
-31.0,77.0,1.944909172379994e-06
-31.0,78.0,9.269511451748258e-07
-31.0,79.0,7.315909442695556e-06
-31.0,80.0,1.5819334748812253e-06
-31.0,81.0,4.6400714381888974e-07
-31.0,82.0,3.174148105244967e-06
-31.0,83.0,9.8276086646365e-07
-31.0,84.0,3.091423081968969e-07
-31.0,85.0,6.61479873542703e-07
-31.0,86.0,4.932880983687937e-07
-31.0,87.0,2.582882530077768e-07
-31.0,88.0,7.065983709253487e-07
-31.0,89.0,6.541426955664065e-07
-31.0,90.0,1.1657367622319725e-06
-31.0,91.0,2.4222483716584975e-06
-31.0,92.0,2.163825683965115e-06
-31.0,93.0,6.635037607338745e-06
-31.0,94.0,1.820084435166791e-05
-31.0,95.0,9.301706995756831e-06
-31.0,96.0,2.9109105526003987e-05
-31.0,97.0,5.996073014102876e-05
-31.0,98.0,0.00015919262659735978
-31.0,99.0,0.0002471305779181421
-31.0,100.0,0.00017835562175605446
-31.0,101.0,0.00034031138056889176
-31.0,102.0,0.0006219284841790795
-31.0,103.0,0.00024702269001863897
-31.0,104.0,0.0015375196235254407
-31.0,105.0,0.017619198188185692
-31.0,106.0,0.00022448270465247333
-31.0,107.0,0.00010479740012669936
-31.0,108.0,0.042811281979084015
-31.0,109.0,0.00021715459297411144
-31.0,110.0,7.175146311055869e-05
-31.0,111.0,0.0028238357044756413
-31.0,112.0,0.00016756562399677932
-31.0,113.0,0.00010234873479930684
-31.0,114.0,0.0002672577102202922
-31.0,115.0,4.486882244236767e-05
-31.0,116.0,3.310850661364384e-05
-31.0,117.0,2.531065183575265e-05
-31.0,118.0,2.37505191762466e-05
-31.0,119.0,4.349901246314403e-06
-31.0,120.0,7.170036951720249e-06
-31.0,121.0,5.376617536967387e-06
-31.0,122.0,4.429222826729529e-06
-31.0,123.0,3.0716735182068078e-06
-31.0,124.0,2.0162586224614643e-05
-31.0,125.0,1.9335026081535034e-05
-31.0,126.0,7.3119549597322475e-06
-31.0,127.0,0.00025691333576105535
-31.0,128.0,3.7971044548612554e-06
-31.0,129.0,1.2446652362996247e-05
-31.0,130.0,2.6049904136016266e-06
-31.0,131.0,4.457629643184191e-08
-31.0,132.0,2.2523676307173446e-05
-31.0,133.0,1.556143047309888e-06
-31.0,134.0,1.178455295303138e-05
-31.0,135.0,8.652564247313421e-06
-31.0,136.0,2.1031505639257375e-06
-31.0,137.0,2.2412812541006133e-05
-31.0,138.0,9.6237852176273e-07
-31.0,139.0,2.3256404801941244e-06
-31.0,140.0,1.5188014913292136e-05
-31.0,141.0,7.2657858254387975e-06
-31.0,142.0,2.85398982668994e-05
-31.0,143.0,0.0002359184145461768
-31.0,144.0,5.007997606298886e-05
-31.0,145.0,2.817855420289561e-05
-31.0,146.0,3.268907676101662e-05
-31.0,147.0,1.2313711522438098e-05
-31.0,148.0,1.1384694516891614e-05
-31.0,149.0,1.9940882339142263e-05
-31.0,150.0,1.413872087141499e-05
-31.0,151.0,7.399478818115313e-06
-31.0,152.0,2.2480779080069624e-05
-31.0,153.0,3.0542076274286956e-05
-31.0,154.0,1.3416238289210014e-05
-31.0,155.0,3.655564069049433e-05
-31.0,156.0,9.635383321437985e-05
-31.0,157.0,4.570666533254553e-06
-31.0,158.0,1.2855519344157074e-05
-31.0,159.0,1.3011073860980105e-05
-31.0,160.0,6.272321115829982e-06
-31.0,161.0,9.554544703860302e-06
-31.0,162.0,9.193497135129292e-06
-31.0,163.0,2.3249254809343256e-05
-31.0,164.0,4.045865352964029e-05
-31.0,165.0,4.5002005208516493e-05
-31.0,166.0,2.956963908218313e-05
-31.0,167.0,2.8188796932226978e-05
-31.0,168.0,2.519572626624722e-05
-31.0,169.0,9.492684512224514e-06
-31.0,170.0,4.27037084591575e-05
-31.0,171.0,3.3770927984733135e-05
-31.0,172.0,5.4978801927063614e-05
-31.0,173.0,1.4176470358506776e-05
-31.0,174.0,2.0401670553837903e-05
-31.0,175.0,6.883576133986935e-05
-31.0,176.0,3.246648475396796e-06
-31.0,177.0,1.013360474644287e-06
-31.0,178.0,0.0032087271101772785
-31.0,179.0,7.528459536843002e-05
-31.0,180.0,1.1068933645219659e-06
-31.0,-179.0,0.0003273080219514668
-31.0,-178.0,1.7495249267085455e-05
-31.0,-177.0,1.408616572007304e-05
-31.0,-176.0,0.00029252516105771065
-31.0,-175.0,0.0010706230532377958
-31.0,-174.0,0.0031004175543785095
-31.0,-173.0,0.0005262856720946729
-31.0,-172.0,1.6485468222526833e-05
-31.0,-171.0,7.89347632235149e-06
-31.0,-170.0,1.2780617453245213e-06
-31.0,-169.0,5.827209315611981e-05
-31.0,-168.0,2.0806153770536184e-05
-31.0,-167.0,1.7756781289790524e-06
-31.0,-166.0,1.1508125226100674e-06
-31.0,-165.0,9.479498430664535e-07
-31.0,-164.0,3.7336329228310206e-07
-31.0,-163.0,3.717378262990678e-07
-31.0,-162.0,2.2115310116532783e-07
-31.0,-161.0,2.4222617867053486e-07
-31.0,-160.0,4.2542509959275776e-07
-31.0,-159.0,3.9889522440716974e-07
-31.0,-158.0,3.150760363723748e-08
-31.0,-157.0,2.4444213408969517e-07
-31.0,-156.0,6.145963737935745e-08
-31.0,-155.0,1.5228459915306303e-07
-31.0,-154.0,1.0817860385259337e-07
-31.0,-153.0,1.1809959943320791e-07
-31.0,-152.0,6.716015121810415e-08
-31.0,-151.0,5.754644405442377e-08
-31.0,-150.0,2.460887316146909e-08
-31.0,-149.0,1.5457833058007964e-07
-31.0,-148.0,5.1805162826212836e-08
-31.0,-147.0,2.264059340006952e-08
-31.0,-146.0,1.6969386251730612e-07
-31.0,-145.0,4.909157169663558e-08
-31.0,-144.0,7.111962929684523e-08
-31.0,-143.0,1.4888337318552658e-07
-31.0,-142.0,1.3864455183920654e-07
-31.0,-141.0,2.3324385267642356e-07
-31.0,-140.0,2.5292797545262147e-07
-31.0,-139.0,4.1358498492627405e-07
-31.0,-138.0,4.2660818166950776e-07
-31.0,-137.0,2.5629876176935795e-07
-31.0,-136.0,2.8731153633998474e-07
-31.0,-135.0,5.145998898115067e-07
-31.0,-134.0,1.9738362055932157e-08
-31.0,-133.0,1.7081043779398897e-06
-31.0,-132.0,1.580341290718934e-06
-31.0,-131.0,1.080643556861105e-07
-31.0,-130.0,5.535866307582182e-07
-31.0,-129.0,6.777822392223243e-08
-31.0,-128.0,3.639000878408183e-09
-31.0,-127.0,9.409559424966574e-07
-31.0,-126.0,3.825750383157356e-08
-31.0,-125.0,1.5152548371588637e-07
-31.0,-124.0,7.97658140072599e-06
-31.0,-123.0,1.9658548922052432e-07
-31.0,-122.0,3.9929142303662957e-07
-31.0,-121.0,2.1946209471934708e-06
-31.0,-120.0,4.18438219185191e-07
-31.0,-119.0,2.496487070402509e-07
-31.0,-118.0,6.367806690832367e-07
-31.0,-117.0,1.5419860233123472e-07
-31.0,-116.0,1.3235474227712984e-07
-31.0,-115.0,5.6002555481882155e-08
-31.0,-114.0,1.225692045636606e-07
-31.0,-113.0,9.534663547583477e-08
-31.0,-112.0,6.151323361791583e-08
-31.0,-111.0,1.0791296745082946e-07
-31.0,-110.0,1.3477124127803108e-07
-31.0,-109.0,9.408099543861681e-08
-31.0,-108.0,8.638679105388292e-08
-31.0,-107.0,2.7735424623642757e-07
-31.0,-106.0,1.89280285667337e-07
-31.0,-105.0,9.595760275260545e-07
-31.0,-104.0,5.132798378326697e-06
-31.0,-103.0,1.6817220966913737e-06
-31.0,-102.0,4.32816432294203e-06
-31.0,-101.0,3.9662944573137793e-07
-31.0,-100.0,2.0891940266665188e-07
-31.0,-99.0,3.30852230945311e-07
-31.0,-98.0,2.0656695198795205e-07
-31.0,-97.0,2.3741540644550696e-07
-31.0,-96.0,1.3631414503834094e-06
-31.0,-95.0,2.721607188505004e-06
-31.0,-94.0,3.084376203332795e-07
-31.0,-93.0,7.38944345357595e-06
-31.0,-92.0,7.881990313762799e-06
-31.0,-91.0,7.44580574973952e-07
-31.0,-90.0,5.042362317908555e-06
-31.0,-89.0,9.27837027120404e-06
-31.0,-88.0,1.8728964050751529e-06
-31.0,-87.0,6.877555279061198e-06
-31.0,-86.0,3.134739745291881e-05
-31.0,-85.0,5.980688797535549e-07
-31.0,-84.0,1.3124054021318443e-05
-31.0,-83.0,1.8015154637396336e-05
-31.0,-82.0,5.717861768061994e-06
-31.0,-81.0,6.436428066081135e-06
-31.0,-80.0,3.5369164379517315e-06
-31.0,-79.0,0.001794643234461546
-31.0,-78.0,4.5665578909392934e-06
-31.0,-77.0,1.550024353491608e-05
-31.0,-76.0,0.0001692350924713537
-31.0,-75.0,3.7251113553793402e-06
-31.0,-74.0,0.00013187236618250608
-31.0,-73.0,1.932067061716225e-05
-31.0,-72.0,7.40685427444987e-05
-31.0,-71.0,0.014767427928745747
-31.0,-70.0,2.4544391635572538e-05
-31.0,-69.0,0.0018252661684527993
-31.0,-68.0,0.0004997483920305967
-31.0,-67.0,0.0001520302757853642
-31.0,-66.0,6.12211661064066e-05
-31.0,-65.0,4.317934508435428e-05
-31.0,-64.0,1.7758284229785204e-05
-31.0,-63.0,0.0003456095000728965
-31.0,-62.0,0.0004439739277586341
-31.0,-61.0,0.0004336941346991807
-31.0,-60.0,0.0013453663559630513
-31.0,-59.0,0.005595671944320202
-31.0,-58.0,0.00034004804911091924
-31.0,-57.0,0.014179529622197151
-31.0,-56.0,0.016571972519159317
-31.0,-55.0,0.0003019715950358659
-31.0,-54.0,0.0044212425127625465
-31.0,-53.0,0.05817975848913193
-31.0,-52.0,0.002964587416499853
-31.0,-51.0,0.032562945038080215
-31.0,-50.0,0.007687113247811794
-31.0,-49.0,0.0023869595024734735
-31.0,-48.0,0.0014669031370431185
-31.0,-47.0,0.0001863124198280275
-31.0,-46.0,0.0001715327671263367
-31.0,-45.0,7.332277891691774e-05
-31.0,-44.0,3.193731390638277e-05
-31.0,-43.0,1.3211579243943561e-05
-31.0,-42.0,6.735757779097185e-05
-31.0,-41.0,1.1731156519090291e-05
-31.0,-40.0,3.306121288915165e-05
-31.0,-39.0,1.5482633898500353e-05
-31.0,-38.0,2.4980970920296386e-05
-31.0,-37.0,5.364713433664292e-05
-31.0,-36.0,4.732712113764137e-05
-31.0,-35.0,6.05922423346783e-06
-31.0,-34.0,1.183407221105881e-05
-31.0,-33.0,1.549290004732029e-06
-31.0,-32.0,9.40042127695051e-07
-31.0,-31.0,1.050838022820244e-06
-31.0,-30.0,4.890652576250432e-07
-31.0,-29.0,3.878792824707489e-07
-31.0,-28.0,4.680296683545748e-07
-31.0,-27.0,5.396536266744079e-07
-31.0,-26.0,1.3291597156239732e-07
-31.0,-25.0,5.161737135495059e-07
-31.0,-24.0,1.318966155849921e-06
-31.0,-23.0,2.5800017056099023e-07
-31.0,-22.0,3.699793467148993e-07
-31.0,-21.0,6.561363647961116e-07
-31.0,-20.0,6.960377731957124e-07
-31.0,-19.0,1.858507403085241e-06
-31.0,-18.0,4.508602614805568e-06
-31.0,-17.0,1.512422613814124e-06
-31.0,-16.0,2.8909280445077457e-06
-31.0,-15.0,6.7763357947114855e-06
-31.0,-14.0,2.5701592676341534e-06
-31.0,-13.0,7.64954984333599e-06
-31.0,-12.0,1.5029392670840025e-05
-31.0,-11.0,2.460767063894309e-05
-31.0,-10.0,3.0351024179253727e-05
-31.0,-9.0,8.67979324539192e-05
-31.0,-8.0,1.8628281395649537e-05
-31.0,-7.0,3.468674185569398e-05
-31.0,-6.0,9.758131636772305e-05
-31.0,-5.0,0.00015294543118216097
-31.0,-4.0,3.048954749829136e-05
-31.0,-3.0,0.0002081246639136225
-31.0,-2.0,5.316179885994643e-05
-31.0,-1.0,3.069462536586798e-06
-30.0,0.0,6.647096597589552e-06
-30.0,1.0,9.01296516531147e-06
-30.0,2.0,2.008448745982605e-06
-30.0,3.0,5.2924158808309585e-05
-30.0,4.0,3.470298906904645e-05
-30.0,5.0,2.48539367930789e-06
-30.0,6.0,1.372046767755819e-06
-30.0,7.0,2.1357497814733506e-07
-30.0,8.0,2.1332743926905096e-07
-30.0,9.0,5.346972784536774e-07
-30.0,10.0,3.715181264851708e-06
-30.0,11.0,1.249958501148285e-07
-30.0,12.0,4.917501883028308e-06
-30.0,13.0,8.923571840568911e-06
-30.0,14.0,7.051590273476904e-06
-30.0,15.0,1.6792902897577733e-05
-30.0,16.0,0.0001766243512975052
-30.0,17.0,1.750359297147952e-05
-30.0,18.0,3.839219061774202e-06
-30.0,19.0,8.42182053020224e-05
-30.0,20.0,0.0008552676881663501
-30.0,21.0,2.5408207875443622e-05
-30.0,22.0,1.4953532627259847e-05
-30.0,23.0,0.00028425658820196986
-30.0,24.0,0.0001125637863879092
-30.0,25.0,0.00036330611328594387
-30.0,26.0,0.0007040603086352348
-30.0,27.0,0.0008598193526268005
-30.0,28.0,8.947919559432194e-05
-30.0,29.0,0.0001482943625887856
-30.0,30.0,4.121255551581271e-05
-30.0,31.0,4.9917462092707865e-06
-30.0,32.0,1.9346034605405293e-06
-30.0,33.0,3.3251237709919224e-06
-30.0,34.0,8.131501090247184e-07
-30.0,35.0,7.577513656542578e-07
-30.0,36.0,6.526746005874884e-07
-30.0,37.0,1.2823689985452802e-06
-30.0,38.0,4.064579286477965e-07
-30.0,39.0,7.189517418737523e-06
-30.0,40.0,4.0676499338587746e-05
-30.0,41.0,5.171461907593766e-06
-30.0,42.0,2.7052628865931183e-05
-30.0,43.0,2.2895081201568246e-05
-30.0,44.0,3.6509088658931432e-06
-30.0,45.0,4.2341084736108314e-06
-30.0,46.0,1.8437105609336868e-05
-30.0,47.0,1.1064787486247951e-06
-30.0,48.0,3.5454568205750547e-06
-30.0,49.0,8.237967108470912e-07
-30.0,50.0,3.1439637950825272e-06
-30.0,51.0,9.786486771190539e-06
-30.0,52.0,1.8365715277468553e-06
-30.0,53.0,2.632818222991773e-06
-30.0,54.0,6.6288080233789515e-06
-30.0,55.0,6.62782611016155e-07
-30.0,56.0,2.5793356144276913e-06
-30.0,57.0,1.1766148418246303e-05
-30.0,58.0,2.2621543394052424e-07
-30.0,59.0,4.382657081691832e-08
-30.0,60.0,1.0622488844092004e-06
-30.0,61.0,6.613316827497329e-07
-30.0,62.0,3.0191509381438664e-07
-30.0,63.0,2.9195152819738723e-06
-30.0,64.0,4.752287168230396e-07
-30.0,65.0,1.423825437996129e-06
-30.0,66.0,2.0041105017298833e-05
-30.0,67.0,3.3533640362293227e-06
-30.0,68.0,2.058194468190777e-06
-30.0,69.0,1.719089959806297e-05
-30.0,70.0,1.1636691851890646e-05
-30.0,71.0,4.8411393436254e-06
-30.0,72.0,1.0270701977788121e-06
-30.0,73.0,1.9562639863579534e-06
-30.0,74.0,1.0798756875374238e-06
-30.0,75.0,4.083125531906262e-06
-30.0,76.0,3.71971191270859e-06
-30.0,77.0,1.5167775018198881e-06
-30.0,78.0,2.8559236397995846e-06
-30.0,79.0,1.076219746209972e-06
-30.0,80.0,1.8555427914179745e-06
-30.0,81.0,9.865452739177272e-06
-30.0,82.0,5.338104529073462e-06
-30.0,83.0,4.649050424632151e-06
-30.0,84.0,7.90986632637214e-06
-30.0,85.0,1.1949783583986573e-05
-30.0,86.0,2.3631109797861427e-06
-30.0,87.0,1.6116704273372306e-06
-30.0,88.0,2.6972152227244806e-06
-30.0,89.0,3.3233925478270976e-06
-30.0,90.0,9.018493074108846e-06
-30.0,91.0,7.9165147326421e-06
-30.0,92.0,6.187771305121714e-06
-30.0,93.0,1.7324142390862107e-05
-30.0,94.0,1.1108432772743981e-05
-30.0,95.0,1.3090703760099132e-05
-30.0,96.0,6.185553502291441e-05
-30.0,97.0,0.00010629538883222267
-30.0,98.0,0.00022061898198444396
-30.0,99.0,0.0002352158771827817
-30.0,100.0,0.0002855996135622263
-30.0,101.0,0.0007947977865114808
-30.0,102.0,0.0005675923894159496
-30.0,103.0,0.0002168448845623061
-30.0,104.0,0.00045402106479741633
-30.0,105.0,0.051671650260686874
-30.0,106.0,2.948148176074028e-05
-30.0,107.0,0.006191886495798826
-30.0,108.0,0.006529315374791622
-30.0,109.0,0.0005333945737220347
-30.0,110.0,0.0005445842980407178
-30.0,111.0,0.009233024902641773
-30.0,112.0,0.00026338669704273343
-30.0,113.0,0.00027641208725981414
-30.0,114.0,0.0003342706186231226
-30.0,115.0,0.00032318339799530804
-30.0,116.0,0.0001390070392517373
-30.0,117.0,0.00016280128329526633
-30.0,118.0,2.6176134269917384e-05
-30.0,119.0,1.2551379768410698e-05
-30.0,120.0,1.3006855624553282e-05
-30.0,121.0,5.636870355374413e-06
-30.0,122.0,3.0387285733013414e-05
-30.0,123.0,2.6686257115215994e-06
-30.0,124.0,3.4418459108565e-05
-30.0,125.0,7.406587883451721e-06
-30.0,126.0,0.00019902783969882876
-30.0,127.0,0.0005226187058724463
-30.0,128.0,1.0424810170661658e-05
-30.0,129.0,0.034495893865823746
-30.0,130.0,0.0002750054991338402
-30.0,131.0,3.3130405086012615e-07
-30.0,132.0,0.005583099089562893
-30.0,133.0,2.263221176690422e-06
-30.0,134.0,4.276550953363767e-07
-30.0,135.0,5.6450862757628784e-05
-30.0,136.0,8.624970746495819e-07
-30.0,137.0,1.3056751413387246e-06
-30.0,138.0,8.943840839492623e-06
-30.0,139.0,9.101576324610505e-06
-30.0,140.0,1.1413251741032582e-05
-30.0,141.0,5.2426963520701975e-05
-30.0,142.0,0.00014942906273063272
-30.0,143.0,2.704558937693946e-05
-30.0,144.0,9.654707537265494e-05
-30.0,145.0,0.00030204790527932346
-30.0,146.0,1.2131274161220063e-05
-30.0,147.0,2.2193757104105316e-05
-30.0,148.0,6.795999797759578e-05
-30.0,149.0,1.1873752555402461e-05
-30.0,150.0,1.3539397514250595e-05
-30.0,151.0,2.8169984943815507e-05
-30.0,152.0,1.920874638017267e-05
-30.0,153.0,1.9632161638583057e-05
-30.0,154.0,1.8509193978388794e-05
-30.0,155.0,1.5767878721817397e-05
-30.0,156.0,1.2581172086356673e-05
-30.0,157.0,5.54630569240544e-05
-30.0,158.0,1.4185571671987418e-05
-30.0,159.0,3.1430343369720504e-05
-30.0,160.0,7.591069879708812e-05
-30.0,161.0,1.2636702194868121e-05
-30.0,162.0,1.5375706425402313e-05
-30.0,163.0,5.9162826801184565e-05
-30.0,164.0,7.064183591865003e-06
-30.0,165.0,2.04364496312337e-05
-30.0,166.0,5.722749847336672e-06
-30.0,167.0,9.133200364885852e-06
-30.0,168.0,8.95467928785365e-06
-30.0,169.0,8.854525367496535e-05
-30.0,170.0,6.678330100839958e-05
-30.0,171.0,0.00012609116674866527
-30.0,172.0,8.905735739972442e-06
-30.0,173.0,0.0002475657092873007
-30.0,174.0,2.9284074116731063e-05
-30.0,175.0,0.0006345108267851174
-30.0,176.0,2.538743501645513e-06
-30.0,177.0,2.4135271814884618e-05
-30.0,178.0,4.381785402074456e-06
-30.0,179.0,1.8442873397361836e-06
-30.0,180.0,7.186530979197414e-07
-30.0,-179.0,3.5061380913248286e-05
-30.0,-178.0,7.090398412401555e-06
-30.0,-177.0,2.620628038130235e-05
-30.0,-176.0,2.9441023798426613e-05
-30.0,-175.0,4.011107193946373e-06
-30.0,-174.0,4.777233698405325e-06
-30.0,-173.0,1.1903865924978163e-05
-30.0,-172.0,1.0243352335237432e-06
-30.0,-171.0,6.184586709423456e-07
-30.0,-170.0,4.364007509138901e-06
-30.0,-169.0,3.522696374602674e-07
-30.0,-168.0,9.71167764873826e-07
-30.0,-167.0,1.082097242033342e-06
-30.0,-166.0,1.139917458203854e-07
-30.0,-165.0,7.369874879259442e-07
-30.0,-164.0,4.183387318335008e-06
-30.0,-163.0,4.5598329734275467e-07
-30.0,-162.0,4.590222943079425e-06
-30.0,-161.0,4.75266318744616e-07
-30.0,-160.0,1.395871720433206e-07
-30.0,-159.0,4.023044311907142e-06
-30.0,-158.0,1.6190865608223248e-06
-30.0,-157.0,6.301270332187414e-07
-30.0,-156.0,2.2127596821519546e-06
-30.0,-155.0,2.35476327361539e-05
-30.0,-154.0,2.7260412025498226e-06
-30.0,-153.0,2.9445914151438046e-06
-30.0,-152.0,9.202402679875377e-07
-30.0,-151.0,8.537194275959337e-07
-30.0,-150.0,2.9938021839370776e-07
-30.0,-149.0,7.355769326977679e-08
-30.0,-148.0,1.4460140107530606e-07
-30.0,-147.0,1.2330184517850284e-07
-30.0,-146.0,4.642004824972901e-08
-30.0,-145.0,9.409625789658094e-08
-30.0,-144.0,1.370219706586795e-07
-30.0,-143.0,2.8316543421169627e-07
-30.0,-142.0,8.659382189080134e-08
-30.0,-141.0,1.0093187086113176e-07
-30.0,-140.0,1.8848085403533332e-07
-30.0,-139.0,8.980663324109628e-08
-30.0,-138.0,7.516903366422412e-08
-30.0,-137.0,7.954742642368728e-08
-30.0,-136.0,3.6622520127593816e-08
-30.0,-135.0,4.27627537646913e-06
-30.0,-134.0,4.3936842075709137e-07
-30.0,-133.0,1.085399389921804e-06
-30.0,-132.0,1.0176172082765333e-07
-30.0,-131.0,1.4847149714114494e-06
-30.0,-130.0,1.4884983912111238e-08
-30.0,-129.0,3.4034462714771507e-07
-30.0,-128.0,3.2017198918765644e-06
-30.0,-127.0,4.96035966079944e-07
-30.0,-126.0,1.2129873994126683e-06
-30.0,-125.0,4.7087305574677885e-06
-30.0,-124.0,8.42102053866256e-07
-30.0,-123.0,2.763090151347569e-06
-30.0,-122.0,9.239511769010278e-07
-30.0,-121.0,3.685291858346318e-07
-30.0,-120.0,7.253602234413847e-07
-30.0,-119.0,6.637440606027667e-07
-30.0,-118.0,2.7744155772779777e-07
-30.0,-117.0,5.408030574471923e-07
-30.0,-116.0,6.660687290604983e-07
-30.0,-115.0,2.8230260795680806e-07
-30.0,-114.0,1.091327021640609e-06
-30.0,-113.0,6.117404041106056e-07
-30.0,-112.0,4.426920270361734e-07
-30.0,-111.0,4.7354387788800523e-07
-30.0,-110.0,6.453851142396161e-07
-30.0,-109.0,3.5865784298039216e-07
-30.0,-108.0,1.2820009942515753e-06
-30.0,-107.0,1.3091740584059153e-05
-30.0,-106.0,6.528608992084628e-06
-30.0,-105.0,8.737841199035756e-06
-30.0,-104.0,2.507566023268737e-05
-30.0,-103.0,6.508065325760981e-06
-30.0,-102.0,3.0917080948711373e-06
-30.0,-101.0,2.0583495370374294e-06
-30.0,-100.0,1.2400128071021754e-06
-30.0,-99.0,4.862335458710731e-07
-30.0,-98.0,8.508470727974782e-07
-30.0,-97.0,6.423106810871104e-07
-30.0,-96.0,1.3794530104860314e-06
-30.0,-95.0,4.596850885718595e-06
-30.0,-94.0,1.8642074337549275e-06
-30.0,-93.0,4.658388206735253e-06
-30.0,-92.0,2.7917525585507974e-05
-30.0,-91.0,7.754828402539715e-06
-30.0,-90.0,0.00013489832053892314
-30.0,-89.0,2.2095053282100707e-05
-30.0,-88.0,1.1524331057444215e-05
-30.0,-87.0,7.308313070097938e-05
-30.0,-86.0,5.824145318911178e-06
-30.0,-85.0,8.955225325735228e-07
-30.0,-84.0,4.9918955483008176e-05
-30.0,-83.0,3.7113811686140252e-06
-30.0,-82.0,3.348181053297594e-06
-30.0,-81.0,3.938765530620003e-06
-30.0,-80.0,1.761466592142824e-06
-30.0,-79.0,0.00031546124955639243
-30.0,-78.0,3.464343194536923e-07
-30.0,-77.0,5.091225466458127e-05
-30.0,-76.0,2.508862166905601e-07
-30.0,-75.0,4.227924321753562e-08
-30.0,-74.0,2.8854421543655917e-05
-30.0,-73.0,1.879829869722016e-05
-30.0,-72.0,8.958591934060678e-06
-30.0,-71.0,0.0014169208006933331
-30.0,-70.0,0.029085593298077583
-30.0,-69.0,0.0003430592187214643
-30.0,-68.0,0.007976021617650986
-30.0,-67.0,0.013279209844768047
-30.0,-66.0,0.00014287407975643873
-30.0,-65.0,0.0004462425713427365
-30.0,-64.0,0.055587463080883026
-30.0,-63.0,9.637359471525997e-05
-30.0,-62.0,0.00022089260164648294
-30.0,-61.0,0.001470376504585147
-30.0,-60.0,0.0028096118476241827
-30.0,-59.0,0.0002907068992499262
-30.0,-58.0,0.016705887392163277
-30.0,-57.0,0.0032125026918947697
-30.0,-56.0,0.0009298135992139578
-30.0,-55.0,0.0027964902110397816
-30.0,-54.0,0.04690070077776909
-30.0,-53.0,9.721500828163698e-05
-30.0,-52.0,0.026926718652248383
-30.0,-51.0,0.009685635566711426
-30.0,-50.0,0.0281425379216671
-30.0,-49.0,0.0004276185645721853
-30.0,-48.0,0.0023083635605871677
-30.0,-47.0,0.00015869020717218518
-30.0,-46.0,8.023094414966181e-05
-30.0,-45.0,0.0003048448415938765
-30.0,-44.0,1.3043934814049862e-05
-30.0,-43.0,8.989795787783805e-06
-30.0,-42.0,2.2251635527936742e-05
-30.0,-41.0,1.194992091768654e-05
-30.0,-40.0,2.603266875667032e-05
-30.0,-39.0,1.881282514659688e-05
-30.0,-38.0,2.6242720196023583e-05
-30.0,-37.0,9.110913197218906e-06
-30.0,-36.0,2.6722648271970684e-06
-30.0,-35.0,1.2299029549467377e-05
-30.0,-34.0,1.052549578162143e-05
-30.0,-33.0,2.8242777716513956e-06
-30.0,-32.0,2.9186521715018898e-05
-30.0,-31.0,2.2101120578099653e-07
-30.0,-30.0,2.35647817703466e-07
-30.0,-29.0,8.198708769668883e-07
-30.0,-28.0,5.437512982098269e-07
-30.0,-27.0,5.465358299261425e-07
-30.0,-26.0,1.4014889302416123e-06
-30.0,-25.0,1.544862357150123e-06
-30.0,-24.0,3.2238520475402765e-07
-30.0,-23.0,2.76831792689336e-06
-30.0,-22.0,2.2712276859238045e-06
-30.0,-21.0,9.962720923795132e-07
-30.0,-20.0,1.5475961845368147e-06
-30.0,-19.0,3.2639029541314812e-06
-30.0,-18.0,1.405602233717218e-06
-30.0,-17.0,3.6518908927973825e-06
-30.0,-16.0,7.835800715838559e-06
-30.0,-15.0,4.1474172576272395e-06
-30.0,-14.0,4.966086180502316e-06
-30.0,-13.0,1.7340224076178856e-05
-30.0,-12.0,2.5736379029694945e-05
-30.0,-11.0,1.8749849914456718e-05
-30.0,-10.0,0.000827842450235039
-30.0,-9.0,0.0009739960078150034
-30.0,-8.0,0.0003412753576412797
-30.0,-7.0,0.00014071230543777347
-30.0,-6.0,0.0007757753483019769
-30.0,-5.0,0.0001321641611866653
-30.0,-4.0,5.165925540495664e-05
-30.0,-3.0,4.1476203477941453e-05
-30.0,-2.0,2.2527819965034723e-05
-30.0,-1.0,1.8318263755645603e-05
-29.0,0.0,1.2479159522627015e-05
-29.0,1.0,1.7663987819105387e-05
-29.0,2.0,9.005600986711215e-06
-29.0,3.0,6.6050806708517484e-06
-29.0,4.0,1.9393896764086094e-06
-29.0,5.0,1.1861735060847423e-07
-29.0,6.0,1.9602461520662473e-07
-29.0,7.0,5.412633186097082e-07
-29.0,8.0,1.0127788527825032e-06
-29.0,9.0,1.595092044226476e-06
-29.0,10.0,5.461398586703581e-07
-29.0,11.0,5.7087463574134745e-06
-29.0,12.0,1.4452986079049879e-06
-29.0,13.0,2.756434014372644e-06
-29.0,14.0,7.516906407545321e-06
-29.0,15.0,2.640454567881534e-06
-29.0,16.0,4.2684332584030926e-05
-29.0,17.0,1.1779958185798023e-05
-29.0,18.0,6.447640771511942e-06
-29.0,19.0,0.00013019719335716218
-29.0,20.0,0.00019589162548072636
-29.0,21.0,8.89537204784574e-06
-29.0,22.0,0.00016303850861731917
-29.0,23.0,2.011489777942188e-05
-29.0,24.0,1.0416425766379689e-06
-29.0,25.0,9.377441165270284e-05
-29.0,26.0,0.0003187480033375323
-29.0,27.0,2.9128574169590138e-05
-29.0,28.0,0.0006269567529670894
-29.0,29.0,0.000387547624995932
-29.0,30.0,1.6597612557234243e-05
-29.0,31.0,2.386442429269664e-05
-29.0,32.0,8.539933332940564e-06
-29.0,33.0,1.912498646561289e-06
-29.0,34.0,1.049016645993106e-06
-29.0,35.0,3.372840922111209e-07
-29.0,36.0,1.9544278018202021e-07
-29.0,37.0,4.889776050731598e-07
-29.0,38.0,8.32982095744228e-07
-29.0,39.0,7.172417099354789e-06
-29.0,40.0,9.927147038979456e-05
-29.0,41.0,6.901267170178471e-06
-29.0,42.0,3.234663381590508e-05
-29.0,43.0,1.8966540665132925e-05
-29.0,44.0,5.29330427525565e-05
-29.0,45.0,5.139465065440163e-05
-29.0,46.0,1.1031146641471423e-05
-29.0,47.0,5.407176558946958e-06
-29.0,48.0,9.285798114433419e-06
-29.0,49.0,2.567447268120304e-07
-29.0,50.0,7.425659305226873e-07
-29.0,51.0,4.4520902520162053e-07
-29.0,52.0,6.276399062699056e-07
-29.0,53.0,2.0464879568748984e-08
-29.0,54.0,1.724710614325886e-07
-29.0,55.0,2.0852139641647227e-06
-29.0,56.0,4.310424372988564e-08
-29.0,57.0,3.165301336593984e-07
-29.0,58.0,7.843462412893132e-07
-29.0,59.0,1.712251787466812e-06
-29.0,60.0,8.607443646724278e-07
-29.0,61.0,1.4520861441269517e-05
-29.0,62.0,1.172029328699864e-06
-29.0,63.0,1.1425549928389955e-06
-29.0,64.0,2.9065642593195662e-05
-29.0,65.0,1.912667357828468e-05
-29.0,66.0,2.9419782094919356e-06
-29.0,67.0,4.420453115017153e-05
-29.0,68.0,4.431621709954925e-05
-29.0,69.0,1.19446676762891e-05
-29.0,70.0,1.5590854673064314e-05
-29.0,71.0,2.1004066184104886e-06
-29.0,72.0,8.198708769668883e-07
-29.0,73.0,4.007722964161076e-06
-29.0,74.0,2.506892087694723e-06
-29.0,75.0,1.5246916973410407e-06
-29.0,76.0,2.9399673167063156e-06
-29.0,77.0,1.072321720130276e-05
-29.0,78.0,4.883782366960077e-06
-29.0,79.0,4.700057615991682e-06
-29.0,80.0,3.7677532418456394e-06
-29.0,81.0,1.5183480172709096e-05
-29.0,82.0,8.715636795386672e-06
-29.0,83.0,2.4618188035674393e-05
-29.0,84.0,1.8542037651059218e-05
-29.0,85.0,3.8104863051557913e-06
-29.0,86.0,2.2768858798372094e-06
-29.0,87.0,3.956999080401147e-06
-29.0,88.0,3.8125915580167202e-06
-29.0,89.0,6.590087195945671e-06
-29.0,90.0,6.334237241389928e-06
-29.0,91.0,2.008034243772272e-05
-29.0,92.0,1.986643655982334e-05
-29.0,93.0,2.2214235286810435e-05
-29.0,94.0,5.7524346630088985e-05
-29.0,95.0,3.241923695895821e-05
-29.0,96.0,0.00015789992175996304
-29.0,97.0,0.0002422450779704377
-29.0,98.0,0.00029316090513020754
-29.0,99.0,0.0006134426803328097
-29.0,100.0,0.0007361169555224478
-29.0,101.0,0.00022423351765610278
-29.0,102.0,0.0013396217254921794
-29.0,103.0,0.00023850644356571138
-29.0,104.0,9.013286762638018e-05
-29.0,105.0,0.0014276874717324972
-29.0,106.0,0.009130450896918774
-29.0,107.0,0.015515239909291267
-29.0,108.0,0.004468314349651337
-29.0,109.0,0.000212158658541739
-29.0,110.0,0.0016154414042830467
-29.0,111.0,0.003862253623083234
-29.0,112.0,0.0005518310936167836
-29.0,113.0,0.002488323487341404
-29.0,114.0,0.0006817465182393789
-29.0,115.0,0.0005669011152349412
-29.0,116.0,0.0002755755849648267
-29.0,117.0,2.1969512090436183e-05
-29.0,118.0,6.855917308712378e-05
-29.0,119.0,0.00010745146573754027
-29.0,120.0,5.456970484374324e-06
-29.0,121.0,4.340775831224164e-06
-29.0,122.0,2.110235800500959e-05
-29.0,123.0,2.4263836166937836e-05
-29.0,124.0,2.69054339696595e-06
-29.0,125.0,3.0176620384736452e-06
-29.0,126.0,2.7260795832262374e-05
-29.0,127.0,4.490790524869226e-05
-29.0,128.0,0.0007961519295349717
-29.0,129.0,0.0006004759925417602
-29.0,130.0,7.495527825085446e-07
-29.0,131.0,0.000987164443358779
-29.0,132.0,4.472638829611242e-05
-29.0,133.0,2.0731404148932597e-08
-29.0,134.0,2.3078386220731772e-05
-29.0,135.0,6.0080012190155685e-05
-29.0,136.0,2.8930185180797707e-06
-29.0,137.0,6.928061338840052e-05
-29.0,138.0,8.258405432570726e-05
-29.0,139.0,5.929889448452741e-05
-29.0,140.0,0.00010595224011922255
-29.0,141.0,0.0007692222716286778
-29.0,142.0,0.0001105736373574473
-29.0,143.0,0.00012977801088709384
-29.0,144.0,0.00015345159044954926
-29.0,145.0,6.0584286984521896e-05
-29.0,146.0,3.9116814150474966e-05
-29.0,147.0,5.425406925496645e-05
-29.0,148.0,4.294969403417781e-05
-29.0,149.0,1.4999522136349697e-05
-29.0,150.0,2.0986817617085762e-05
-29.0,151.0,5.6322616728721187e-05
-29.0,152.0,9.784713256522082e-06
-29.0,153.0,6.41474161966471e-06
-29.0,154.0,0.0001648075267439708
-29.0,155.0,2.947945540654473e-05
-29.0,156.0,6.319520707620541e-06
-29.0,157.0,3.984057912020944e-05
-29.0,158.0,2.7308700737194158e-05
-29.0,159.0,2.8742917493218556e-05
-29.0,160.0,8.005784184206277e-05
-29.0,161.0,3.119828397757374e-05
-29.0,162.0,0.00010170545283472165
-29.0,163.0,4.184441058896482e-05
-29.0,164.0,0.00011767589603550732
-29.0,165.0,5.8718120271805674e-05
-29.0,166.0,1.6326679542544298e-05
-29.0,167.0,2.0228915673214942e-05
-29.0,168.0,5.488356691785157e-05
-29.0,169.0,7.155923958634958e-05
-29.0,170.0,1.0114160431839991e-05
-29.0,171.0,0.0002813400933519006
-29.0,172.0,2.4221899366239086e-05
-29.0,173.0,4.173751949565485e-05
-29.0,174.0,0.026721011847257614
-29.0,175.0,0.00011152347724419087
-29.0,176.0,6.056301913304196e-07
-29.0,177.0,0.0003474872501101345
-29.0,178.0,0.00011793134763138369
-29.0,179.0,2.9624553121720965e-07
-29.0,180.0,2.120721319442964e-06
-29.0,-179.0,4.296713029816601e-07
-29.0,-178.0,1.1922248631890398e-05
-29.0,-177.0,3.73920954643836e-07
-29.0,-176.0,1.0492167348274961e-06
-29.0,-175.0,1.8296717826160602e-05
-29.0,-174.0,5.88064324347215e-07
-29.0,-173.0,2.8253126060917566e-07
-29.0,-172.0,8.993087590170035e-07
-29.0,-171.0,5.721941533920472e-07
-29.0,-170.0,6.349171712827228e-07
-29.0,-169.0,6.803012979617051e-07
-29.0,-168.0,4.983156713933568e-07
-29.0,-167.0,5.456666372083419e-07
-29.0,-166.0,1.0356061466154642e-05
-29.0,-165.0,1.4478328012046404e-05
-29.0,-164.0,1.923861236718949e-05
-29.0,-163.0,1.8967264622915536e-05
-29.0,-162.0,1.0062813089461997e-06
-29.0,-161.0,8.599135071563069e-06
-29.0,-160.0,7.277484201040352e-06
-29.0,-159.0,5.532196882995777e-05
-29.0,-158.0,1.5411320418934338e-05
-29.0,-157.0,1.5208478544082027e-05
-29.0,-156.0,3.4241766115883365e-05
-29.0,-155.0,1.7149863197118975e-05
-29.0,-154.0,1.900713687064126e-05
-29.0,-153.0,3.878788265865296e-05
-29.0,-152.0,1.951331796590239e-06
-29.0,-151.0,3.494593556752079e-06
-29.0,-150.0,7.337899660342373e-06
-29.0,-149.0,7.819757001925609e-07
-29.0,-148.0,9.0313261580377e-07
-29.0,-147.0,2.5282265596615616e-06
-29.0,-146.0,5.311204063218611e-07
-29.0,-145.0,3.0551816507795593e-06
-29.0,-144.0,1.8832415662473068e-06
-29.0,-143.0,5.15789395194588e-07
-29.0,-142.0,3.1785434657649603e-06
-29.0,-141.0,7.246916311487439e-07
-29.0,-140.0,2.0978089310119685e-07
-29.0,-139.0,1.08832011846971e-06
-29.0,-138.0,1.5977792600097018e-06
-29.0,-137.0,1.219362388837908e-07
-29.0,-136.0,2.383917490078602e-06
-29.0,-135.0,2.657524476035178e-07
-29.0,-134.0,1.454672542422486e-07
-29.0,-133.0,4.709857876150636e-06
-29.0,-132.0,2.240241883555427e-06
-29.0,-131.0,2.1524851945287082e-06
-29.0,-130.0,2.895428224292118e-06
-29.0,-129.0,5.373457838686591e-07
-29.0,-128.0,3.5679693155543646e-06
-29.0,-127.0,2.1807709060794878e-07
-29.0,-126.0,4.7387501922457886e-07
-29.0,-125.0,9.607040283299284e-07
-29.0,-124.0,5.037201162849669e-07
-29.0,-123.0,8.93822198122507e-06
-29.0,-122.0,3.057883986912202e-06
-29.0,-121.0,1.9869264633598505e-06
-29.0,-120.0,3.767361704376526e-06
-29.0,-119.0,1.3055807357886806e-05
-29.0,-118.0,2.0102863800275372e-06
-29.0,-117.0,8.580987014283892e-07
-29.0,-116.0,1.695794821898744e-06
-29.0,-115.0,9.788566330826143e-07
-29.0,-114.0,5.624888785860094e-07
-29.0,-113.0,1.789002567420539e-06
-29.0,-112.0,1.0352994195272913e-06
-29.0,-111.0,1.2545172012323746e-06
-29.0,-110.0,2.0059544567629928e-06
-29.0,-109.0,6.039194886398036e-06
-29.0,-108.0,1.0184914572164416e-05
-29.0,-107.0,1.4437638128583785e-05
-29.0,-106.0,3.0045650419197045e-05
-29.0,-105.0,5.464751211547991e-06
-29.0,-104.0,1.7547748939250596e-05
-29.0,-103.0,0.00019949805573560297
-29.0,-102.0,2.5443148842896335e-05
-29.0,-101.0,1.7673744423518656e-06
-29.0,-100.0,7.2245911724166945e-06
-29.0,-99.0,2.948142991954228e-06
-29.0,-98.0,2.8023688969369687e-07
-29.0,-97.0,1.150570938079909e-06
-29.0,-96.0,7.567215334347566e-07
-29.0,-95.0,1.5516129678871948e-06
-29.0,-94.0,1.2559437891468406e-05
-29.0,-93.0,3.898469458363252e-06
-29.0,-92.0,7.417339475068729e-06
-29.0,-91.0,5.7908360759029165e-05
-29.0,-90.0,0.00010131429735338315
-29.0,-89.0,4.785538840224035e-05
-29.0,-88.0,1.6831287211971357e-05
-29.0,-87.0,1.713088568067178e-05
-29.0,-86.0,2.126816616510041e-05
-29.0,-85.0,1.6612337276455946e-05
-29.0,-84.0,1.2920956578454934e-05
-29.0,-83.0,4.90009188069962e-06
-29.0,-82.0,2.6061234166263603e-05
-29.0,-81.0,0.0007821088074706495
-29.0,-80.0,2.3216573026729748e-05
-29.0,-79.0,1.1242783557463554e-06
-29.0,-78.0,6.747992529199109e-07
-29.0,-77.0,0.001907610334455967
-29.0,-76.0,8.827526265520191e-09
-29.0,-75.0,9.341108670923859e-05
-29.0,-74.0,0.00011106978490715846
-29.0,-73.0,1.4146719877317082e-05
-29.0,-72.0,0.033416859805583954
-29.0,-71.0,0.0005363238742575049
-29.0,-70.0,0.005459425039589405
-29.0,-69.0,0.05593828484416008
-29.0,-68.0,0.0006243900279514492
-29.0,-67.0,0.0005531985079869628
-29.0,-66.0,0.00011943571007577702
-29.0,-65.0,0.007459746673703194
-29.0,-64.0,0.001219957135617733
-29.0,-63.0,0.00031933721038512886
-29.0,-62.0,0.015772899612784386
-29.0,-61.0,0.0018921917071565986
-29.0,-60.0,0.0009548540110699832
-29.0,-59.0,0.060079172253608704
-29.0,-58.0,0.004015021026134491
-29.0,-57.0,0.0045358408242464066
-29.0,-56.0,0.0006385022425092757
-29.0,-55.0,0.001761093270033598
-29.0,-54.0,0.017573440447449684
-29.0,-53.0,0.0018180893966928124
-29.0,-52.0,5.0566537538543344e-05
-29.0,-51.0,0.15153644979000092
-29.0,-50.0,0.00940778385847807
-29.0,-49.0,0.00042754135210998356
-29.0,-48.0,0.0015996447764337063
-29.0,-47.0,0.000860099564306438
-29.0,-46.0,0.00014234088303055614
-29.0,-45.0,2.6773901481647044e-05
-29.0,-44.0,1.5572115444228984e-05
-29.0,-43.0,9.038623829837888e-06
-29.0,-42.0,2.095729905704502e-05
-29.0,-41.0,6.088307145546423e-06
-29.0,-40.0,1.2506310667959042e-05
-29.0,-39.0,5.562142177950591e-06
-29.0,-38.0,4.376623564894544e-06
-29.0,-37.0,6.5347512645530514e-06
-29.0,-36.0,6.637891601712909e-06
-29.0,-35.0,1.916786004585447e-06
-29.0,-34.0,4.17014280174044e-06
-29.0,-33.0,1.3855469660484232e-06
-29.0,-32.0,3.913003752131772e-07
-29.0,-31.0,3.6880840070807608e-06
-29.0,-30.0,3.358477158599271e-07
-29.0,-29.0,2.521709916436521e-07
-29.0,-28.0,3.143478352285456e-06
-29.0,-27.0,1.7662978279986419e-06
-29.0,-26.0,1.4642189682945173e-07
-29.0,-25.0,3.586048933357233e-06
-29.0,-24.0,7.144511187107128e-07
-29.0,-23.0,8.874746413312096e-07
-29.0,-22.0,2.421689487164258e-06
-29.0,-21.0,2.300069809280103e-06
-29.0,-20.0,2.3811840037524235e-06
-29.0,-19.0,1.989596285056905e-06
-29.0,-18.0,1.256246150660445e-06
-29.0,-17.0,5.540706297324505e-06
-29.0,-16.0,1.0250170817016624e-05
-29.0,-15.0,2.34966159951e-06
-29.0,-14.0,3.0756684736843454e-06
-29.0,-13.0,8.685177817824297e-06
-29.0,-12.0,7.860634468670469e-06
-29.0,-11.0,9.718385990709066e-05
-29.0,-10.0,0.0002456866786815226
-29.0,-9.0,0.00013837371079716831
-29.0,-8.0,0.00028925022343173623
-29.0,-7.0,0.0007889080443419516
-29.0,-6.0,0.000594697892665863
-29.0,-5.0,0.0005399585934355855
-29.0,-4.0,0.00023043638793751597
-29.0,-3.0,0.000302339467452839
-29.0,-2.0,8.756142779020593e-05
-29.0,-1.0,1.852853165473789e-05
-28.0,0.0,7.890857887105085e-06
-28.0,1.0,5.106750450067921e-06
-28.0,2.0,2.5670335617178353e-06
-28.0,3.0,1.1212396202608943e-06
-28.0,4.0,2.1977196240641206e-07
-28.0,5.0,2.2455797932252608e-07
-28.0,6.0,2.8139996288700786e-07
-28.0,7.0,4.271540987588196e-08
-28.0,8.0,7.009813174363444e-08
-28.0,9.0,7.524989541707328e-06
-28.0,10.0,1.2878865618404234e-06
-28.0,11.0,1.3488353260981967e-06
-28.0,12.0,2.7146779757458717e-06
-28.0,13.0,3.586622767670633e-07
-28.0,14.0,9.260993465431966e-07
-28.0,15.0,2.2025333237252198e-05
-28.0,16.0,5.555902589549078e-06
-28.0,17.0,5.410947323980508e-06
-28.0,18.0,5.20495575528912e-07
-28.0,19.0,1.4730172551935539e-05
-28.0,20.0,8.022392989914806e-07
-28.0,21.0,1.870548840088304e-05
-28.0,22.0,3.929571539629251e-05
-28.0,23.0,6.254828122109757e-07
-28.0,24.0,2.3281314497580752e-05
-28.0,25.0,4.859158434555866e-05
-28.0,26.0,8.164476639649365e-06
-28.0,27.0,0.0006242379313334823
-28.0,28.0,0.00041584428981877863
-28.0,29.0,0.00043998402543365955
-28.0,30.0,0.0005543396109715104
-28.0,31.0,0.00011017147335223854
-28.0,32.0,0.00027224907535128295
-28.0,33.0,4.708578126155771e-05
-28.0,34.0,1.024834273266606e-05
-28.0,35.0,4.4657158468908165e-06
-28.0,36.0,1.5692246506660013e-06
-28.0,37.0,1.0411099538032431e-05
-28.0,38.0,1.127293216995895e-06
-28.0,39.0,4.781522420671536e-06
-28.0,40.0,2.1747157006757334e-05
-28.0,41.0,4.119224104215391e-05
-28.0,42.0,5.803391104564071e-05
-28.0,43.0,0.0005463106208480895
-28.0,44.0,6.481407763203606e-05
-28.0,45.0,8.184100443031639e-05
-28.0,46.0,3.076943539781496e-05
-28.0,47.0,2.6116592835023766e-06
-28.0,48.0,1.9034998331335373e-05
-28.0,49.0,1.2110015177313471e-06
-28.0,50.0,3.6138294490228873e-07
-28.0,51.0,2.9068856747471727e-05
-28.0,52.0,1.8945365809486248e-07
-28.0,53.0,1.90933008070715e-07
-28.0,54.0,5.888657028663147e-07
-28.0,55.0,5.491492061082681e-07
-28.0,56.0,6.035522659431081e-08
-28.0,57.0,3.532560128860496e-07
-28.0,58.0,3.293075678811874e-07
-28.0,59.0,6.658523034275277e-06
-28.0,60.0,1.1348360203555785e-05
-28.0,61.0,1.8066572238240042e-06
-28.0,62.0,3.4128313473047456e-06
-28.0,63.0,2.8776379622286186e-05
-28.0,64.0,1.3170670172257815e-05
-28.0,65.0,5.784720997326076e-06
-28.0,66.0,9.540290193399414e-05
-28.0,67.0,8.41504424897721e-06
-28.0,68.0,9.748249794938602e-06
-28.0,69.0,5.1367700507398695e-05
-28.0,70.0,2.5187614483002108e-06
-28.0,71.0,1.2535269888758194e-06
-28.0,72.0,5.025545306125423e-06
-28.0,73.0,2.051318233498023e-06
-28.0,74.0,1.223435106112447e-06
-28.0,75.0,1.2002161383861676e-05
-28.0,76.0,3.87958016290213e-06
-28.0,77.0,3.1190245408652117e-06
-28.0,78.0,5.258408691588556e-06
-28.0,79.0,3.782438398047816e-06
-28.0,80.0,3.477438667687238e-06
-28.0,81.0,6.3511311054753605e-06
-28.0,82.0,5.630369741993491e-06
-28.0,83.0,3.359388301760191e-06
-28.0,84.0,2.1988360003888374e-06
-28.0,85.0,1.9941915070376126e-06
-28.0,86.0,3.902914613718167e-06
-28.0,87.0,1.508445984654827e-05
-28.0,88.0,1.0261771421937738e-05
-28.0,89.0,5.4759889280830976e-06
-28.0,90.0,2.9900129447923973e-05
-28.0,91.0,1.2576890185300726e-05
-28.0,92.0,9.392602078150958e-05
-28.0,93.0,0.00021135428687557578
-28.0,94.0,3.931565515813418e-05
-28.0,95.0,0.00017448110156692564
-28.0,96.0,0.00015097123105078936
-28.0,97.0,0.0007786586065776646
-28.0,98.0,0.00012575628352351487
-28.0,99.0,0.0001791630347725004
-28.0,100.0,0.00014141769497655332
-28.0,101.0,5.6214441428892314e-05
-28.0,102.0,0.0001424501824658364
-28.0,103.0,7.037301838863641e-05
-28.0,104.0,0.0012121853651478887
-28.0,105.0,0.0027974278200417757
-28.0,106.0,0.0015742635587230325
-28.0,107.0,0.0057947831228375435
-28.0,108.0,0.03273993358016014
-28.0,109.0,0.0010468295076861978
-28.0,110.0,0.0028085154481232166
-28.0,111.0,0.0035600485280156136
-28.0,112.0,0.010521264746785164
-28.0,113.0,0.007971453480422497
-28.0,114.0,0.0005628078361041844
-28.0,115.0,0.0004912707372568548
-28.0,116.0,0.00022641495161224157
-28.0,117.0,0.00011342879588482901
-28.0,118.0,1.8276748960488476e-05
-28.0,119.0,3.853970338241197e-05
-28.0,120.0,3.5329288948560134e-05
-28.0,121.0,1.7823402231442742e-05
-28.0,122.0,1.9778085516009014e-06
-28.0,123.0,0.00010084739187732339
-28.0,124.0,0.00018637088942341506
-28.0,125.0,3.930326784029603e-06
-28.0,126.0,0.0016448682872578502
-28.0,127.0,0.00011445793643360958
-28.0,128.0,0.012236738577485085
-28.0,129.0,5.125232200953178e-05
-28.0,130.0,6.652899173786864e-06
-28.0,131.0,0.07649097591638565
-28.0,132.0,0.00027123992913402617
-28.0,133.0,1.719493229757063e-05
-28.0,134.0,0.0011101316194981337
-28.0,135.0,4.9872898671310395e-05
-28.0,136.0,4.0190025174524635e-06
-28.0,137.0,0.0007958296919241548
-28.0,138.0,0.0007939325296320021
-28.0,139.0,0.0007834193529561162
-28.0,140.0,0.0002859202795661986
-28.0,141.0,0.00013474238221533597
-28.0,142.0,6.986324297031388e-05
-28.0,143.0,4.455882663023658e-05
-28.0,144.0,3.4027249057544395e-05
-28.0,145.0,2.5268784156651236e-05
-28.0,146.0,3.9092683437047526e-05
-28.0,147.0,4.573188562062569e-05
-28.0,148.0,2.5026207367773168e-05
-28.0,149.0,1.862575845734682e-05
-28.0,150.0,2.9047991120023653e-05
-28.0,151.0,1.6009553291951306e-05
-28.0,152.0,5.347551450540777e-06
-28.0,153.0,1.4799913515162189e-05
-28.0,154.0,9.928188774210867e-06
-28.0,155.0,1.1422747775213793e-05
-28.0,156.0,4.63566611870192e-05
-28.0,157.0,3.040644332941156e-05
-28.0,158.0,3.539676617947407e-05
-28.0,159.0,6.006786861689761e-05
-28.0,160.0,7.298416312551126e-05
-28.0,161.0,2.6091025574714877e-05
-28.0,162.0,2.850834425771609e-05
-28.0,163.0,5.0622893468244e-05
-28.0,164.0,7.1170561568578705e-06
-28.0,165.0,4.488712875172496e-06
-28.0,166.0,4.531453214440262e-06
-28.0,167.0,3.556608817234519e-06
-28.0,168.0,2.4204789951909333e-05
-28.0,169.0,3.7718869862146676e-05
-28.0,170.0,0.00011237632133997977
-28.0,171.0,0.0008562689763493836
-28.0,172.0,3.619287599576637e-05
-28.0,173.0,0.0005875751376152039
-28.0,174.0,0.002192381303757429
-28.0,175.0,0.00021672251750715077
-28.0,176.0,0.0004618490347638726
-28.0,177.0,1.134196554630762e-05
-28.0,178.0,6.366009301927988e-07
-28.0,179.0,1.6094247712317156e-06
-28.0,180.0,3.387091283002519e-07
-28.0,-179.0,9.90731223282637e-07
-28.0,-178.0,1.2041826948916423e-06
-28.0,-177.0,1.2670047908613924e-06
-28.0,-176.0,3.538042108175432e-07
-28.0,-175.0,8.365661301468208e-07
-28.0,-174.0,5.529445274987665e-07
-28.0,-173.0,1.066694267137791e-06
-28.0,-172.0,3.459791287241387e-06
-28.0,-171.0,1.9100107238045894e-06
-28.0,-170.0,4.2780845888046315e-07
-28.0,-169.0,2.0055335880897474e-06
-28.0,-168.0,6.9842881202930585e-06
-28.0,-167.0,4.687591626861831e-06
-28.0,-166.0,2.0043666154379025e-05
-28.0,-165.0,2.5809622457018122e-05
-28.0,-164.0,1.3086360013403464e-05
-28.0,-163.0,9.903629688778892e-06
-28.0,-162.0,2.819858127622865e-05
-28.0,-161.0,2.8311671485425904e-05
-28.0,-160.0,0.00013758469140157104
-28.0,-159.0,9.579033212503418e-05
-28.0,-158.0,4.187310696579516e-05
-28.0,-157.0,3.423951784498058e-05
-28.0,-156.0,8.109706686809659e-05
-28.0,-155.0,0.00020229892106726766
-28.0,-154.0,0.00011291370901744813
-28.0,-153.0,4.0550661651650444e-05
-28.0,-152.0,1.3865930668544024e-05
-28.0,-151.0,2.5523684598738328e-05
-28.0,-150.0,2.4629873678350123e-06
-28.0,-149.0,2.6400633942103013e-05
-28.0,-148.0,1.4258106602937914e-05
-28.0,-147.0,8.652949077259109e-07
-28.0,-146.0,2.1318091967259534e-06
-28.0,-145.0,1.320029582529969e-06
-28.0,-144.0,1.2641696685022907e-06
-28.0,-143.0,9.272137049265439e-07
-28.0,-142.0,7.4962035796488635e-06
-28.0,-141.0,1.0094049684994388e-06
-28.0,-140.0,5.183405392017448e-06
-28.0,-139.0,5.288038664730266e-06
-28.0,-138.0,1.6368818478440517e-06
-28.0,-137.0,7.74608452047687e-06
-28.0,-136.0,1.527605672890786e-05
-28.0,-135.0,3.2494979222974507e-06
-28.0,-134.0,0.0001038252012222074
-28.0,-133.0,8.769280611886643e-06
-28.0,-132.0,2.2358344722306356e-06
-28.0,-131.0,7.283419836312532e-05
-28.0,-130.0,4.068269845447503e-06
-28.0,-129.0,1.6912856608541915e-06
-28.0,-128.0,1.6535412214579992e-05
-28.0,-127.0,2.7788719307864085e-06
-28.0,-126.0,2.7205273909203243e-06
-28.0,-125.0,1.1003104191331659e-05
-28.0,-124.0,8.300905392388813e-06
-28.0,-123.0,1.166934089269489e-05
-28.0,-122.0,3.6979911328671733e-06
-28.0,-121.0,3.404776725801639e-05
-28.0,-120.0,1.3455922271532472e-05
-28.0,-119.0,3.632693051258684e-06
-28.0,-118.0,2.2063048163545318e-05
-28.0,-117.0,1.2559593415062409e-05
-28.0,-116.0,2.8771460165444296e-06
-28.0,-115.0,4.4087037167628296e-06
-28.0,-114.0,4.504034222918563e-06
-28.0,-113.0,1.445805764888064e-06
-28.0,-112.0,9.248292940355896e-07
-28.0,-111.0,3.6451410778681748e-06
-28.0,-110.0,4.0198074202635325e-06
-28.0,-109.0,2.793299972836394e-05
-28.0,-108.0,2.2827824068372138e-05
-28.0,-107.0,0.00017391485744155943
-28.0,-106.0,0.0002500968403182924
-28.0,-105.0,0.0001784144842531532
-28.0,-104.0,0.0005128940101712942
-28.0,-103.0,0.00010434428986627609
-28.0,-102.0,0.00023995600349735469
-28.0,-101.0,0.00028103982913307846
-28.0,-100.0,9.180031338473782e-05
-28.0,-99.0,9.982602932723239e-05
-28.0,-98.0,4.965166226611473e-05
-28.0,-97.0,2.64865011558868e-05
-28.0,-96.0,3.460048174019903e-05
-28.0,-95.0,3.4690914617385715e-05
-28.0,-94.0,1.6375674022128806e-05
-28.0,-93.0,0.00011776244355132803
-28.0,-92.0,8.137416443787515e-05
-28.0,-91.0,1.2038912245770916e-05
-28.0,-90.0,9.706160926725715e-05
-28.0,-89.0,1.8815804651239887e-05
-28.0,-88.0,7.520570306951413e-06
-28.0,-87.0,4.895848178421147e-05
-28.0,-86.0,7.596913201268762e-05
-28.0,-85.0,3.036020279978402e-05
-28.0,-84.0,0.00020260857127141207
-28.0,-83.0,5.4486819863086566e-05
-28.0,-82.0,2.3679232981521636e-05
-28.0,-81.0,0.0006122625200077891
-28.0,-80.0,3.0409433747990988e-05
-28.0,-79.0,5.480814380121046e-08
-28.0,-78.0,0.0008330242708325386
-28.0,-77.0,7.328670471906662e-05
-28.0,-76.0,1.5792278418302885e-06
-28.0,-75.0,0.0002798065252136439
-28.0,-74.0,0.0012068443465977907
-28.0,-73.0,7.358228322118521e-05
-28.0,-72.0,0.0017277473816648126
-28.0,-71.0,0.13958454132080078
-28.0,-70.0,0.00119678711052984
-28.0,-69.0,0.0013223811984062195
-28.0,-68.0,0.0005821515806019306
-28.0,-67.0,2.3451066226698458e-05
-28.0,-66.0,0.005502404645085335
-28.0,-65.0,0.0012638234766200185
-28.0,-64.0,4.240333169036603e-07
-28.0,-63.0,0.001988620962947607
-28.0,-62.0,0.0006563668721355498
-28.0,-61.0,8.164446626324207e-06
-28.0,-60.0,0.005463721230626106
-28.0,-59.0,0.01300197746604681
-28.0,-58.0,2.12449740502052e-05
-28.0,-57.0,0.0016800337471067905
-28.0,-56.0,0.0005304933874867857
-28.0,-55.0,0.00016711981152184308
-28.0,-54.0,0.013711120001971722
-28.0,-53.0,0.0004175688955001533
-28.0,-52.0,1.709338539512828e-05
-28.0,-51.0,0.00015768053708598018
-28.0,-50.0,0.0244625061750412
-28.0,-49.0,0.0002482847776263952
-28.0,-48.0,0.0007154777995310724
-28.0,-47.0,0.0003599894989747554
-28.0,-46.0,0.0001239922275999561
-28.0,-45.0,0.00019468017853796482
-28.0,-44.0,2.327592119399924e-05
-28.0,-43.0,2.0341445633675903e-05
-28.0,-42.0,6.549105455633253e-05
-28.0,-41.0,1.4450724847847596e-05
-28.0,-40.0,2.0655268599512056e-05
-28.0,-39.0,6.926038167875959e-06
-28.0,-38.0,4.6379923333006445e-06
-28.0,-37.0,1.2663133020396344e-05
-28.0,-36.0,1.0184409802604932e-05
-28.0,-35.0,6.880560249555856e-06
-28.0,-34.0,2.670095273060724e-05
-28.0,-33.0,1.2113112461520359e-05
-28.0,-32.0,1.0830783139681444e-05
-28.0,-31.0,9.611745554138906e-06
-28.0,-30.0,5.12488441017922e-06
-28.0,-29.0,8.965933375293389e-06
-28.0,-28.0,1.0403946362202987e-06
-28.0,-27.0,2.7130579383083386e-06
-28.0,-26.0,2.1527171156776603e-06
-28.0,-25.0,5.857437486156414e-07
-28.0,-24.0,4.474485194805311e-06
-28.0,-23.0,2.810344085446559e-06
-28.0,-22.0,2.9531715881603304e-06
-28.0,-21.0,7.212056061689509e-06
-28.0,-20.0,8.570946192776319e-06
-28.0,-19.0,8.27587973617483e-06
-28.0,-18.0,3.443336390773766e-05
-28.0,-17.0,8.310520570375957e-06
-28.0,-16.0,1.0546064004302025e-05
-28.0,-15.0,8.601402078056708e-05
-28.0,-14.0,7.6259279921941925e-06
-28.0,-13.0,4.2844025301747024e-05
-28.0,-12.0,7.79428009991534e-05
-28.0,-11.0,7.937665213830769e-05
-28.0,-10.0,0.00014316577289719135
-28.0,-9.0,0.00046412477968260646
-28.0,-8.0,0.0009564569336362183
-28.0,-7.0,0.0009562475024722517
-28.0,-6.0,0.0005554725066758692
-28.0,-5.0,0.0006983551429584622
-28.0,-4.0,0.00020202001906000078
-28.0,-3.0,3.9597372960997745e-05
-28.0,-2.0,6.606587703572586e-05
-28.0,-1.0,2.4211900381487794e-05
-27.0,0.0,4.82653967992519e-06
-27.0,1.0,1.3527436522053904e-06
-27.0,2.0,1.793322439880285e-06
-27.0,3.0,2.2019225980329793e-06
-27.0,4.0,5.363365858102043e-07
-27.0,5.0,3.629645277669624e-07
-27.0,6.0,3.6766493849427206e-07
-27.0,7.0,1.5124412584555103e-06
-27.0,8.0,1.0483425967322546e-06
-27.0,9.0,6.002630357215821e-07
-27.0,10.0,1.1982714340774692e-06
-27.0,11.0,8.277563097180973e-07
-27.0,12.0,7.512760475947289e-07
-27.0,13.0,3.004591064836859e-07
-27.0,14.0,1.7250412156499806e-06
-27.0,15.0,1.817673364712391e-05
-27.0,16.0,2.0370839592942502e-07
-27.0,17.0,1.298142365158128e-06
-27.0,18.0,1.0278940862917807e-05
-27.0,19.0,1.5552766399196116e-06
-27.0,20.0,6.492654938483611e-05
-27.0,21.0,2.051005367320613e-06
-27.0,22.0,2.1100424419273622e-05
-27.0,23.0,3.540939724189229e-05
-27.0,24.0,1.5846402675379068e-05
-27.0,25.0,2.1403064238256775e-05
-27.0,26.0,4.0105664083966985e-05
-27.0,27.0,2.5535688109812327e-05
-27.0,28.0,0.0005117110558785498
-27.0,29.0,0.00020231379312463105
-27.0,30.0,0.00012561079347506166
-27.0,31.0,0.0002402756072115153
-27.0,32.0,0.0005181303131394088
-27.0,33.0,0.000530483725015074
-27.0,34.0,0.00027604392380453646
-27.0,35.0,1.3739224414166529e-05
-27.0,36.0,9.291563037550077e-05
-27.0,37.0,2.58166382991476e-05
-27.0,38.0,1.6130439689732157e-05
-27.0,39.0,6.003013186273165e-05
-27.0,40.0,0.00037068311939947307
-27.0,41.0,5.663511183229275e-05
-27.0,42.0,0.00010797045251820236
-27.0,43.0,0.0009722599643282592
-27.0,44.0,2.656920150911901e-05
-27.0,45.0,2.14584288187325e-05
-27.0,46.0,0.0002293387078680098
-27.0,47.0,2.2913454813533463e-06
-27.0,48.0,7.273841674759751e-06
-27.0,49.0,9.914876500261016e-06
-27.0,50.0,2.4287853648274904e-06
-27.0,51.0,5.645365035888972e-06
-27.0,52.0,1.1629164191617747e-06
-27.0,53.0,3.3699582218105206e-06
-27.0,54.0,9.699358543002745e-07
-27.0,55.0,1.2663730331041734e-06
-27.0,56.0,8.051370969042182e-06
-27.0,57.0,9.018029231810942e-06
-27.0,58.0,3.824519080808386e-05
-27.0,59.0,0.00011490751057863235
-27.0,60.0,4.4194421207066625e-05
-27.0,61.0,2.5778654162422754e-05
-27.0,62.0,3.71388960047625e-05
-27.0,63.0,1.9512037397362292e-05
-27.0,64.0,5.6906828831415623e-05
-27.0,65.0,0.00017061879043467343
-27.0,66.0,4.476936373976059e-05
-27.0,67.0,3.704187474795617e-05
-27.0,68.0,4.868657561019063e-05
-27.0,69.0,1.7125674276030622e-05
-27.0,70.0,3.6738733797392342e-06
-27.0,71.0,7.88802844908787e-06
-27.0,72.0,3.356490424266667e-06
-27.0,73.0,7.476658652194601e-07
-27.0,74.0,3.91967023460893e-06
-27.0,75.0,7.3060509748756886e-06
-27.0,76.0,1.3019871403230354e-06
-27.0,77.0,4.8774663810036145e-06
-27.0,78.0,9.321661309513729e-06
-27.0,79.0,9.431351827515755e-06
-27.0,80.0,5.866388164577074e-06
-27.0,81.0,6.587473762920126e-06
-27.0,82.0,2.9180034744058503e-06
-27.0,83.0,2.1712755824410124e-06
-27.0,84.0,1.3844692148268223e-06
-27.0,85.0,1.7442555417801486e-06
-27.0,86.0,3.1225333714246517e-06
-27.0,87.0,4.718813670478994e-06
-27.0,88.0,1.7214683794009034e-06
-27.0,89.0,7.713199920544866e-06
-27.0,90.0,1.062833962350851e-05
-27.0,91.0,1.6759178834035993e-05
-27.0,92.0,2.092564682243392e-05
-27.0,93.0,0.00018643451039679348
-27.0,94.0,0.00011268482194282115
-27.0,95.0,2.1407513486337848e-05
-27.0,96.0,0.0002662010956555605
-27.0,97.0,8.594687096774578e-05
-27.0,98.0,1.8872160580940545e-05
-27.0,99.0,4.845337389269844e-05
-27.0,100.0,3.107502561761066e-05
-27.0,101.0,1.3311503607837949e-05
-27.0,102.0,5.25965697306674e-05
-27.0,103.0,0.00020684961054939777
-27.0,104.0,0.00014513972564600408
-27.0,105.0,0.0002520823909435421
-27.0,106.0,8.746395178604871e-05
-27.0,107.0,0.0010155370691791177
-27.0,108.0,0.0001833438582252711
-27.0,109.0,0.0004141826066188514
-27.0,110.0,0.004132711794227362
-27.0,111.0,0.01753898896276951
-27.0,112.0,0.04176447167992592
-27.0,113.0,0.0022911198902875185
-27.0,114.0,0.0008870671153999865
-27.0,115.0,0.00265883794054389
-27.0,116.0,0.00019092582806479186
-27.0,117.0,0.0001288262865273282
-27.0,118.0,6.114053394412622e-05
-27.0,119.0,2.360708276682999e-05
-27.0,120.0,4.439264739630744e-05
-27.0,121.0,2.7090760340797715e-05
-27.0,122.0,1.1301648555672728e-05
-27.0,123.0,0.0022421330213546753
-27.0,124.0,4.521179562289035e-06
-27.0,125.0,0.000533904240000993
-27.0,126.0,0.0004133086185902357
-27.0,127.0,0.004312875214964151
-27.0,128.0,3.681831367430277e-05
-27.0,129.0,8.70156436576508e-05
-27.0,130.0,0.012020588852465153
-27.0,131.0,7.866485248086974e-05
-27.0,132.0,0.0002622883184812963
-27.0,133.0,9.165528899757192e-05
-27.0,134.0,8.010328019736335e-05
-27.0,135.0,3.21881307172589e-05
-27.0,136.0,0.00013696188398171216
-27.0,137.0,0.002776202978566289
-27.0,138.0,4.5699795009568334e-05
-27.0,139.0,0.00022686786542180926
-27.0,140.0,0.000506279175169766
-27.0,141.0,5.2336796215968207e-05
-27.0,142.0,0.00011503446876304224
-27.0,143.0,3.414042657823302e-05
-27.0,144.0,1.019417595671257e-05
-27.0,145.0,0.00014029939484316856
-27.0,146.0,8.844626427162439e-05
-27.0,147.0,1.847136991273146e-05
-27.0,148.0,0.00023611444339621812
-27.0,149.0,5.3385178034659475e-05
-27.0,150.0,4.918239210383035e-05
-27.0,151.0,8.542083378415555e-05
-27.0,152.0,4.383925988804549e-05
-27.0,153.0,3.078695954172872e-05
-27.0,154.0,7.98851833678782e-05
-27.0,155.0,4.2558694985928014e-05
-27.0,156.0,4.928572889184579e-05
-27.0,157.0,9.16565113584511e-05
-27.0,158.0,2.675202995305881e-05
-27.0,159.0,6.722199032083154e-05
-27.0,160.0,6.124323408585042e-05
-27.0,161.0,4.519635331234895e-05
-27.0,162.0,1.3231629054644145e-05
-27.0,163.0,1.7942413705895888e-06
-27.0,164.0,1.7117559764301404e-05
-27.0,165.0,8.448595281151938e-07
-27.0,166.0,9.408008168065862e-07
-27.0,167.0,4.758363502332941e-06
-27.0,168.0,0.000617029785644263
-27.0,169.0,6.7663913796423e-06
-27.0,170.0,0.0003248920838814229
-27.0,171.0,0.0005509468028321862
-27.0,172.0,0.0012887985212728381
-27.0,173.0,0.007656746543943882
-27.0,174.0,0.00013595321797765791
-27.0,175.0,4.3361029611332924e-07
-27.0,176.0,4.021828317490872e-06
-27.0,177.0,7.837378035446818e-08
-27.0,178.0,6.140597008652549e-08
-27.0,179.0,4.5570033080366557e-07
-27.0,180.0,2.4203154680435546e-07
-27.0,-179.0,2.10029128311362e-07
-27.0,-178.0,2.2835988602309953e-06
-27.0,-177.0,3.90690729545895e-07
-27.0,-176.0,2.056146058748709e-06
-27.0,-175.0,1.7945955050890916e-06
-27.0,-174.0,1.3565366998591344e-06
-27.0,-173.0,1.2690115909208544e-05
-27.0,-172.0,1.6804588085506111e-06
-27.0,-171.0,6.368990739247238e-07
-27.0,-170.0,2.214515916421078e-06
-27.0,-169.0,1.5873481515882304e-06
-27.0,-168.0,2.569233174654073e-06
-27.0,-167.0,2.479633803886827e-05
-27.0,-166.0,7.254084266605787e-06
-27.0,-165.0,1.9982521735073533e-06
-27.0,-164.0,4.165739028394455e-06
-27.0,-163.0,4.414976956468308e-06
-27.0,-162.0,3.3238050036743516e-06
-27.0,-161.0,1.1803043889813125e-05
-27.0,-160.0,3.574033689801581e-05
-27.0,-159.0,6.730704626534134e-06
-27.0,-158.0,5.796080131403869e-06
-27.0,-157.0,0.00018120234017260373
-27.0,-156.0,0.00021006226597819477
-27.0,-155.0,1.420812895958079e-05
-27.0,-154.0,0.00016827591753099114
-27.0,-153.0,2.7155376301379874e-05
-27.0,-152.0,5.54918879061006e-05
-27.0,-151.0,6.713653419865295e-05
-27.0,-150.0,9.104850505536888e-06
-27.0,-149.0,5.767858965555206e-06
-27.0,-148.0,9.4437891675625e-06
-27.0,-147.0,8.966156201495323e-06
-27.0,-146.0,3.4832293749786913e-05
-27.0,-145.0,5.759010036854306e-06
-27.0,-144.0,5.689229055860778e-06
-27.0,-143.0,1.3391427273745649e-05
-27.0,-142.0,1.915118446049746e-05
-27.0,-141.0,3.992082929471508e-05
-27.0,-140.0,1.1899095397893689e-06
-27.0,-139.0,4.09034737458569e-06
-27.0,-138.0,2.6468092983122915e-05
-27.0,-137.0,7.57878806325607e-05
-27.0,-136.0,8.091283234534785e-05
-27.0,-135.0,2.009380841627717e-05
-27.0,-134.0,7.670230843359604e-05
-27.0,-133.0,1.8640561393112876e-05
-27.0,-132.0,2.2192996766534634e-05
-27.0,-131.0,6.0108894103905186e-05
-27.0,-130.0,6.609114643651992e-05
-27.0,-129.0,1.8692773664952256e-05
-27.0,-128.0,0.00011948527389904484
-27.0,-127.0,0.00013165926793590188
-27.0,-126.0,8.480796532239765e-05
-27.0,-125.0,0.00023415524628944695
-27.0,-124.0,7.269826164701954e-05
-27.0,-123.0,0.0005657948204316199
-27.0,-122.0,0.0005740082124248147
-27.0,-121.0,0.0001761267049005255
-27.0,-120.0,0.002216775668784976
-27.0,-119.0,0.0009078908478841186
-27.0,-118.0,1.849405452958308e-05
-27.0,-117.0,0.0002031744079431519
-27.0,-116.0,0.0003644969256129116
-27.0,-115.0,6.505626060970826e-06
-27.0,-114.0,3.837492840830237e-05
-27.0,-113.0,3.7812798836966977e-05
-27.0,-112.0,5.991608759359224e-06
-27.0,-111.0,7.487164111807942e-05
-27.0,-110.0,7.700939750066027e-05
-27.0,-109.0,3.5111806937493384e-05
-27.0,-108.0,0.0003690235025715083
-27.0,-107.0,0.0005701904301531613
-27.0,-106.0,0.0012309954036027193
-27.0,-105.0,0.006255557294934988
-27.0,-104.0,0.012706390582025051
-27.0,-103.0,0.0021718607749789953
-27.0,-102.0,0.0007351727108471096
-27.0,-101.0,0.0028473075944930315
-27.0,-100.0,0.0010348851792514324
-27.0,-99.0,0.0012747159926220775
-27.0,-98.0,0.0005011511384509504
-27.0,-97.0,0.0008575340616516769
-27.0,-96.0,7.232906500576064e-05
-27.0,-95.0,6.0843500250484794e-05
-27.0,-94.0,9.80956683633849e-05
-27.0,-93.0,8.446093124803156e-05
-27.0,-92.0,2.022924309130758e-05
-27.0,-91.0,1.694169441179838e-05
-27.0,-90.0,1.4880526578053832e-05
-27.0,-89.0,1.3303305422596168e-05
-27.0,-88.0,2.506583223294001e-05
-27.0,-87.0,4.7215773520292714e-05
-27.0,-86.0,3.254617695347406e-05
-27.0,-85.0,3.419275890337303e-05
-27.0,-84.0,0.0005025122663937509
-27.0,-83.0,0.0001861634518718347
-27.0,-82.0,0.00012191994028398767
-27.0,-81.0,0.000692138506565243
-27.0,-80.0,9.215438331011683e-05
-27.0,-79.0,1.8129653653886635e-06
-27.0,-78.0,4.3223386455792934e-05
-27.0,-77.0,1.0807329999806825e-05
-27.0,-76.0,5.2384733862709254e-05
-27.0,-75.0,0.00025137412012554705
-27.0,-74.0,0.00024814371136017144
-27.0,-73.0,0.00010890428529819474
-27.0,-72.0,0.04831115901470184
-27.0,-71.0,0.0010604342678561807
-27.0,-70.0,0.0007635378860868514
-27.0,-69.0,0.0009065644117072225
-27.0,-68.0,2.828574224622571e-06
-27.0,-67.0,0.016063576564192772
-27.0,-66.0,0.0005379381473176181
-27.0,-65.0,0.0018831599736586213
-27.0,-64.0,0.02066558413207531
-27.0,-63.0,0.0009641438955441117
-27.0,-62.0,0.003618756076321006
-27.0,-61.0,0.803327739238739
-27.0,-60.0,0.0013458174653351307
-27.0,-59.0,0.0005065263248980045
-27.0,-58.0,0.013590316288173199
-27.0,-57.0,0.0012697882484644651
-27.0,-56.0,0.000858752871863544
-27.0,-55.0,0.016600564122200012
-27.0,-54.0,0.0052084787748754025
-27.0,-53.0,0.02723562903702259
-27.0,-52.0,0.0019760457798838615
-27.0,-51.0,0.003943265415728092
-27.0,-50.0,0.01361418142914772
-27.0,-49.0,0.03702662140130997
-27.0,-48.0,0.0012068351497873664
-27.0,-47.0,0.005053889937698841
-27.0,-46.0,0.001011987216770649
-27.0,-45.0,8.25602764962241e-05
-27.0,-44.0,0.00018424777954351157
-27.0,-43.0,0.00044407634413801134
-27.0,-42.0,0.00013394800771493465
-27.0,-41.0,0.00011805320536950603
-27.0,-40.0,0.00027686019893735647
-27.0,-39.0,7.642450509592891e-05
-27.0,-38.0,6.297934305621311e-05
-27.0,-37.0,0.0003489702066872269
-27.0,-36.0,0.0001159984094556421
-27.0,-35.0,5.666487413691357e-05
-27.0,-34.0,9.414023952558637e-05
-27.0,-33.0,9.152540587820113e-05
-27.0,-32.0,2.394985358478152e-06
-27.0,-31.0,2.9442004233715124e-05
-27.0,-30.0,3.650797953014262e-05
-27.0,-29.0,9.739707138578524e-07
-27.0,-28.0,1.8910317521658726e-05
-27.0,-27.0,9.143178431259003e-06
-27.0,-26.0,7.295818704733392e-07
-27.0,-25.0,1.7483989722677507e-05
-27.0,-24.0,1.0117864803760312e-05
-27.0,-23.0,2.8073814064555336e-06
-27.0,-22.0,3.146213202853687e-05
-27.0,-21.0,1.7105026927310973e-05
-27.0,-20.0,7.139265107980464e-06
-27.0,-19.0,1.5549128875136375e-05
-27.0,-18.0,3.390875644981861e-05
-27.0,-17.0,9.554019197821617e-05
-27.0,-16.0,4.15230642829556e-05
-27.0,-15.0,2.6989189791493118e-05
-27.0,-14.0,3.476714846328832e-05
-27.0,-13.0,6.1950277085998096e-06
-27.0,-12.0,7.971412560436875e-05
-27.0,-11.0,3.3724871173035353e-05
-27.0,-10.0,4.321019514463842e-05
-27.0,-9.0,0.00011161284783156589
-27.0,-8.0,5.302690988173708e-05
-27.0,-7.0,0.0006968898233026266
-27.0,-6.0,0.0005006717401556671
-27.0,-5.0,0.0003445099573582411
-27.0,-4.0,7.380442548310384e-05
-27.0,-3.0,9.70571709331125e-05
-27.0,-2.0,1.6051397324190475e-05
-27.0,-1.0,6.187003691593418e-06
-26.0,0.0,1.6605292785243364e-06
-26.0,1.0,3.158921026624739e-05
-26.0,2.0,6.034657417330891e-06
-26.0,3.0,1.6835981853091653e-07
-26.0,4.0,3.927588636543078e-07
-26.0,5.0,7.498509262404696e-07
-26.0,6.0,4.811075768884621e-07
-26.0,7.0,1.3904764273320325e-06
-26.0,8.0,5.758202092920328e-08
-26.0,9.0,2.283779849676648e-06
-26.0,10.0,1.7834731806942727e-06
-26.0,11.0,6.812258845911856e-08
-26.0,12.0,6.188740826473804e-07
-26.0,13.0,1.80956249096198e-06
-26.0,14.0,2.3792772481101565e-06
-26.0,15.0,6.562659109476954e-07
-26.0,16.0,1.6571468222537078e-05
-26.0,17.0,2.402923746558372e-05
-26.0,18.0,1.649551631999202e-05
-26.0,19.0,1.6597311969235307e-06
-26.0,20.0,8.854542102199048e-05
-26.0,21.0,1.8381137124379165e-05
-26.0,22.0,2.1512973034987226e-05
-26.0,23.0,0.0012875139946117997
-26.0,24.0,0.0002847119467332959
-26.0,25.0,8.468992746202275e-06
-26.0,26.0,0.0002977298863697797
-26.0,27.0,0.00010224982543149963
-26.0,28.0,8.641694876132533e-05
-26.0,29.0,0.00010734720126492903
-26.0,30.0,9.084474731935188e-05
-26.0,31.0,0.00034135099849663675
-26.0,32.0,0.0014842383097857237
-26.0,33.0,0.0002928413450717926
-26.0,34.0,0.0004972537863068283
-26.0,35.0,0.00023894483456388116
-26.0,36.0,6.552734703291208e-05
-26.0,37.0,0.0006376957753673196
-26.0,38.0,0.0002120609860867262
-26.0,39.0,0.0012190459528937936
-26.0,40.0,0.004537589382380247
-26.0,41.0,0.0003606739337556064
-26.0,42.0,0.0005649043014273047
-26.0,43.0,0.0006891441298648715
-26.0,44.0,1.5463434465345927e-05
-26.0,45.0,0.0001264079037355259
-26.0,46.0,5.934234650339931e-05
-26.0,47.0,3.675268089864403e-05
-26.0,48.0,5.099471673020162e-05
-26.0,49.0,4.207212259643711e-05
-26.0,50.0,4.201586853014305e-05
-26.0,51.0,1.8097179008691455e-06
-26.0,52.0,2.1996575014782138e-05
-26.0,53.0,0.0003286810533609241
-26.0,54.0,9.133802905125776e-07
-26.0,55.0,1.1726470802386757e-05
-26.0,56.0,0.0001075654654414393
-26.0,57.0,6.258533539948985e-05
-26.0,58.0,0.0001856490271165967
-26.0,59.0,0.00032901277882047
-26.0,60.0,6.526181095978245e-05
-26.0,61.0,0.00018134803394787014
-26.0,62.0,0.0005850340239703655
-26.0,63.0,0.0002107296750182286
-26.0,64.0,0.0004587641451507807
-26.0,65.0,0.000575254496652633
-26.0,66.0,6.749820749973878e-05
-26.0,67.0,5.8294437621952966e-05
-26.0,68.0,0.00015145860379561782
-26.0,69.0,6.944782944628969e-05
-26.0,70.0,8.918747880670708e-06
-26.0,71.0,1.2362555025902111e-05
-26.0,72.0,6.739909167663427e-06
-26.0,73.0,4.067618192493683e-06
-26.0,74.0,1.2273487300262786e-05
-26.0,75.0,9.244975444744341e-06
-26.0,76.0,6.2323533711605705e-06
-26.0,77.0,5.327953658706974e-06
-26.0,78.0,8.570652425987646e-06
-26.0,79.0,1.1484265087347012e-05
-26.0,80.0,5.022248842578847e-06
-26.0,81.0,5.724763923353748e-06
-26.0,82.0,2.3318498278968036e-06
-26.0,83.0,8.589108233536535e-07
-26.0,84.0,4.7003089775898843e-07
-26.0,85.0,6.521773912027129e-07
-26.0,86.0,2.5415806703676935e-06
-26.0,87.0,5.3512753765971866e-06
-26.0,88.0,2.758256641754997e-06
-26.0,89.0,7.851262125768699e-06
-26.0,90.0,5.235900971456431e-05
-26.0,91.0,4.4729080400429666e-05
-26.0,92.0,2.259619941469282e-05
-26.0,93.0,5.5450364015996456e-05
-26.0,94.0,3.908053622581065e-05
-26.0,95.0,5.893449269933626e-05
-26.0,96.0,4.2608440708136186e-05
-26.0,97.0,8.803765376796946e-05
-26.0,98.0,2.355744618398603e-05
-26.0,99.0,1.7203510651597753e-05
-26.0,100.0,2.9054472179268487e-05
-26.0,101.0,3.47957102349028e-05
-26.0,102.0,5.657309156958945e-05
-26.0,103.0,1.0601352187222801e-05
-26.0,104.0,0.00015669985441491008
-26.0,105.0,2.425594902888406e-05
-26.0,106.0,5.256633085082285e-05
-26.0,107.0,5.762367436545901e-05
-26.0,108.0,0.00010842514166142792
-26.0,109.0,0.0007513106684200466
-26.0,110.0,0.0009824412409216166
-26.0,111.0,0.004391100257635117
-26.0,112.0,0.015222694724798203
-26.0,113.0,0.0020294866990298033
-26.0,114.0,0.0010888359975069761
-26.0,115.0,0.004100448917597532
-26.0,116.0,0.0002757706097327173
-26.0,117.0,0.00012086542119504884
-26.0,118.0,4.151335815549828e-05
-26.0,119.0,9.83739664661698e-05
-26.0,120.0,2.8137230401625857e-05
-26.0,121.0,6.672817107755691e-05
-26.0,122.0,0.00020582952129188925
-26.0,123.0,0.0003383706498425454
-26.0,124.0,8.288701792480424e-05
-26.0,125.0,0.0006505136261694133
-26.0,126.0,0.000325200759107247
-26.0,127.0,0.008778756484389305
-26.0,128.0,0.0011676930589601398
-26.0,129.0,0.000575798680074513
-26.0,130.0,0.008723799139261246
-26.0,131.0,0.00014071808254811913
-26.0,132.0,0.0070119681768119335
-26.0,133.0,1.2676875940087484e-06
-26.0,134.0,0.0003288462175987661
-26.0,135.0,0.008040417917072773
-26.0,136.0,0.00013590305752586573
-26.0,137.0,0.00034691294422373176
-26.0,138.0,0.013172049075365067
-26.0,139.0,5.452112600323744e-05
-26.0,140.0,9.330292959930375e-05
-26.0,141.0,0.00017368451517540962
-26.0,142.0,5.828309076605365e-05
-26.0,143.0,5.302549834595993e-05
-26.0,144.0,0.00015066118794493377
-26.0,145.0,0.0002449627500027418
-26.0,146.0,4.3288229790050536e-05
-26.0,147.0,6.162127101561055e-05
-26.0,148.0,0.0002923297288361937
-26.0,149.0,3.776660014409572e-05
-26.0,150.0,4.176706715952605e-05
-26.0,151.0,0.00014169399219099432
-26.0,152.0,3.935200584237464e-05
-26.0,153.0,2.39126766246045e-05
-26.0,154.0,5.457230508909561e-05
-26.0,155.0,4.374634227133356e-05
-26.0,156.0,2.0546744053717703e-05
-26.0,157.0,4.259426350472495e-05
-26.0,158.0,2.4443039364996366e-05
-26.0,159.0,1.9113636881229468e-05
-26.0,160.0,2.0472576579777524e-05
-26.0,161.0,5.790682280348847e-06
-26.0,162.0,4.7405769691977184e-06
-26.0,163.0,3.7025183701189235e-06
-26.0,164.0,1.913075038828538e-06
-26.0,165.0,6.110562935646158e-06
-26.0,166.0,7.20500858975015e-09
-26.0,167.0,2.9310201625776244e-06
-26.0,168.0,0.00015338459343183786
-26.0,169.0,8.606010851508472e-06
-26.0,170.0,0.0036925633903592825
-26.0,171.0,3.154321530018933e-05
-26.0,172.0,5.699629127775552e-06
-26.0,173.0,1.566997707413975e-05
-26.0,174.0,7.974139748512243e-07
-26.0,175.0,4.587727744365111e-07
-26.0,176.0,1.2045268249494256e-07
-26.0,177.0,1.5846966050503397e-07
-26.0,178.0,3.909549306513327e-08
-26.0,179.0,4.646390294738012e-08
-26.0,180.0,1.0503571274966816e-06
-26.0,-179.0,1.4864063757613621e-07
-26.0,-178.0,1.691290322014538e-06
-26.0,-177.0,3.5019129427382722e-06
-26.0,-176.0,1.1423545629440923e-06
-26.0,-175.0,7.236692454171134e-06
-26.0,-174.0,3.599359843065031e-06
-26.0,-173.0,2.6191346478299238e-06
-26.0,-172.0,2.7581302219914505e-06
-26.0,-171.0,1.7200668480654713e-06
-26.0,-170.0,1.3945932550996076e-06
-26.0,-169.0,2.4273265353258466e-06
-26.0,-168.0,1.0724690582719631e-05
-26.0,-167.0,1.2578536825458286e-06
-26.0,-166.0,3.575964001356624e-06
-26.0,-165.0,2.7956235499004833e-05
-26.0,-164.0,1.4297252164396923e-05
-26.0,-163.0,1.3536403457692359e-05
-26.0,-162.0,4.152488327235915e-05
-26.0,-161.0,6.8208069023967255e-06
-26.0,-160.0,2.4441011191811413e-05
-26.0,-159.0,2.314406810910441e-05
-26.0,-158.0,2.5987523258663714e-05
-26.0,-157.0,9.456010047870222e-06
-26.0,-156.0,2.8193770049256273e-05
-26.0,-155.0,5.434043850982562e-05
-26.0,-154.0,1.209749279951211e-05
-26.0,-153.0,3.738468876690604e-05
-26.0,-152.0,4.141792942391476e-06
-26.0,-151.0,9.721150490804575e-06
-26.0,-150.0,4.909339622827247e-06
-26.0,-149.0,4.831964815821266e-06
-26.0,-148.0,2.0038894490426173e-06
-26.0,-147.0,4.0512433770345524e-05
-26.0,-146.0,0.00010986796405632049
-26.0,-145.0,3.33951975335367e-05
-26.0,-144.0,0.0013706737663596869
-26.0,-143.0,0.0021257682237774134
-26.0,-142.0,3.364427902852185e-05
-26.0,-141.0,5.3089301218278706e-05
-26.0,-140.0,0.0001285816979361698
-26.0,-139.0,6.984818173805252e-05
-26.0,-138.0,0.0002683750935830176
-26.0,-137.0,0.00018549049855209887
-26.0,-136.0,0.00013011516421101987
-26.0,-135.0,0.00019500362395774573
-26.0,-134.0,0.00028301047859713435
-26.0,-133.0,0.0003588428080547601
-26.0,-132.0,0.0005537014221772552
-26.0,-131.0,0.0013736763503402472
-26.0,-130.0,0.0009247199050150812
-26.0,-129.0,0.0014664452755823731
-26.0,-128.0,0.0020511476323008537
-26.0,-127.0,0.0008237470756284893
-26.0,-126.0,0.0022687700111418962
-26.0,-125.0,0.003394154831767082
-26.0,-124.0,0.00017954543000087142
-26.0,-123.0,0.002017892897129059
-26.0,-122.0,0.0007856618030928075
-26.0,-121.0,0.000377767370082438
-26.0,-120.0,0.00036860612453892827
-26.0,-119.0,0.0009715264895930886
-26.0,-118.0,0.0010910122655332088
-26.0,-117.0,0.0007898464682511985
-26.0,-116.0,0.00018897646805271506
-26.0,-115.0,0.0008910647011362016
-26.0,-114.0,0.0020571367349475622
-26.0,-113.0,0.0002228368684882298
-26.0,-112.0,0.00040122546488419175
-26.0,-111.0,0.0007428170647472143
-26.0,-110.0,0.0004857978783547878
-26.0,-109.0,0.0031416560523211956
-26.0,-108.0,0.002805904718115926
-26.0,-107.0,0.004639321472495794
-26.0,-106.0,0.008614892140030861
-26.0,-105.0,0.007419714238494635
-26.0,-104.0,0.0017193428939208388
-26.0,-103.0,0.0013129940489307046
-26.0,-102.0,0.004447959363460541
-26.0,-101.0,0.0009262688108719885
-26.0,-100.0,0.00121887749992311
-26.0,-99.0,0.003501278581097722
-26.0,-98.0,0.0010299279820173979
-26.0,-97.0,0.0007035371963866055
-26.0,-96.0,0.0004981053061783314
-26.0,-95.0,9.48759843595326e-05
-26.0,-94.0,4.3008018110413104e-05
-26.0,-93.0,7.334207475651056e-05
-26.0,-92.0,9.815817611524835e-05
-26.0,-91.0,7.555956108262762e-05
-26.0,-90.0,6.0704747738782316e-05
-26.0,-89.0,0.00010130695591215044
-26.0,-88.0,0.00016349182988051325
-26.0,-87.0,0.00022962380899116397
-26.0,-86.0,0.0003891938249580562
-26.0,-85.0,0.00039786609704606235
-26.0,-84.0,0.0008508060127496719
-26.0,-83.0,0.0011219483567401767
-26.0,-82.0,4.0365815948462114e-05
-26.0,-81.0,5.794344178866595e-05
-26.0,-80.0,1.0034034858108498e-05
-26.0,-79.0,1.1337837335645418e-08
-26.0,-78.0,9.925556696543936e-06
-26.0,-77.0,2.921024315583054e-05
-26.0,-76.0,1.0683907930797432e-05
-26.0,-75.0,0.0005850063753314316
-26.0,-74.0,0.00011327974061714485
-26.0,-73.0,0.0004458495241124183
-26.0,-72.0,0.0015851922798901796
-26.0,-71.0,0.025618819519877434
-26.0,-70.0,0.0070756347849965096
-26.0,-69.0,0.4630514681339264
-26.0,-68.0,0.055010244250297546
-26.0,-67.0,0.07214397192001343
-26.0,-66.0,0.002924226922914386
-26.0,-65.0,0.0013082026271149516
-26.0,-64.0,0.055468201637268066
-26.0,-63.0,8.82683161762543e-05
-26.0,-62.0,0.11856099963188171
-26.0,-61.0,0.08606646955013275
-26.0,-60.0,0.00015301952953450382
-26.0,-59.0,0.07486116886138916
-26.0,-58.0,0.003500834107398987
-26.0,-57.0,0.00021968153305351734
-26.0,-56.0,0.010593848302960396
-26.0,-55.0,0.057335320860147476
-26.0,-54.0,0.001009888481348753
-26.0,-53.0,0.003150306874886155
-26.0,-52.0,0.29163363575935364
-26.0,-51.0,0.0033059006091207266
-26.0,-50.0,0.003701517591252923
-26.0,-49.0,0.007958007045090199
-26.0,-48.0,0.007742642425000668
-26.0,-47.0,0.0008779428899288177
-26.0,-46.0,0.0003240197547711432
-26.0,-45.0,0.0003285438579041511
-26.0,-44.0,0.00012025980686303228
-26.0,-43.0,7.507962436648086e-05
-26.0,-42.0,0.00023026375856716186
-26.0,-41.0,0.00017934506468009204
-26.0,-40.0,0.0037693078629672527
-26.0,-39.0,0.0004566908173728734
-26.0,-38.0,0.0005489318864420056
-26.0,-37.0,0.0013529086718335748
-26.0,-36.0,0.001022266922518611
-26.0,-35.0,0.00022463149798568338
-26.0,-34.0,0.0042803422547876835
-26.0,-33.0,0.000581566768232733
-26.0,-32.0,4.7411776904482394e-05
-26.0,-31.0,0.0004885044181719422
-26.0,-30.0,8.407216955674812e-05
-26.0,-29.0,4.785954297403805e-05
-26.0,-28.0,3.732042750925757e-05
-26.0,-27.0,6.180775926623028e-06
-26.0,-26.0,2.114167727995664e-05
-26.0,-25.0,2.1820636902702972e-05
-26.0,-24.0,5.280810728436336e-05
-26.0,-23.0,2.2786738554714248e-05
-26.0,-22.0,1.6613654224784113e-05
-26.0,-21.0,3.3421099942643195e-05
-26.0,-20.0,8.87087207956938e-06
-26.0,-19.0,1.261398119822843e-05
-26.0,-18.0,2.149052124877926e-05
-26.0,-17.0,2.703604695852846e-05
-26.0,-16.0,5.433712067315355e-05
-26.0,-15.0,5.219918239163235e-05
-26.0,-14.0,8.442269063380081e-06
-26.0,-13.0,1.490050635766238e-05
-26.0,-12.0,1.6939869965426624e-05
-26.0,-11.0,1.7783620933187194e-05
-26.0,-10.0,3.2612581435387256e-06
-26.0,-9.0,0.00028022725018672645
-26.0,-8.0,0.00013637635856866837
-26.0,-7.0,1.4591350918635726e-05
-26.0,-6.0,0.00017159656272269785
-26.0,-5.0,7.62854324420914e-05
-26.0,-4.0,1.1616611118370201e-05
-26.0,-3.0,2.197104367951397e-05
-26.0,-2.0,3.3870073821162805e-05
-26.0,-1.0,2.7561686692934018e-06
-25.0,0.0,3.7982956655469025e-06
-25.0,1.0,2.0580906493705697e-05
-25.0,2.0,2.500027767382562e-05
-25.0,3.0,6.517505426018033e-06
-25.0,4.0,7.847376764402725e-06
-25.0,5.0,2.3204311219160445e-05
-25.0,6.0,8.60129659940867e-07
-25.0,7.0,1.2542002423288068e-06
-25.0,8.0,6.672798349427467e-07
-25.0,9.0,1.4231534805730917e-05
-25.0,10.0,1.0168600965698715e-06
-25.0,11.0,7.714331218267034e-07
-25.0,12.0,1.506500211689854e-06
-25.0,13.0,1.7385210639986326e-06
-25.0,14.0,9.945292731572408e-07
-25.0,15.0,4.027566319564357e-06
-25.0,16.0,2.0072213828825625e-06
-25.0,17.0,4.169710905443935e-07
-25.0,18.0,8.872799526216113e-07
-25.0,19.0,4.534508377673774e-07
-25.0,20.0,3.3336236811010167e-06
-25.0,21.0,3.5790687888948014e-06
-25.0,22.0,1.8472919691703282e-05
-25.0,23.0,0.00011890538735315204
-25.0,24.0,0.00017726006626617163
-25.0,25.0,0.00030267226975411177
-25.0,26.0,3.796694363700226e-05
-25.0,27.0,0.00024271971778944135
-25.0,28.0,0.0012158683966845274
-25.0,29.0,0.0008600651635788381
-25.0,30.0,0.0011882602702826262
-25.0,31.0,0.0005985946045257151
-25.0,32.0,0.003681230591610074
-25.0,33.0,0.003640807466581464
-25.0,34.0,0.00205558561719954
-25.0,35.0,0.0020954590290784836
-25.0,36.0,0.019163141027092934
-25.0,37.0,0.0006596240564249456
-25.0,38.0,0.038111619651317596
-25.0,39.0,0.007177285850048065
-25.0,40.0,0.002694609807804227
-25.0,41.0,0.0045292675495147705
-25.0,42.0,0.02298528328537941
-25.0,43.0,0.0008594736573286355
-25.0,44.0,0.0027021949645131826
-25.0,45.0,0.002166234189644456
-25.0,46.0,5.827903805766255e-05
-25.0,47.0,0.0002535496314521879
-25.0,48.0,0.0003589180705603212
-25.0,49.0,0.0008211146923713386
-25.0,50.0,0.00036994670517742634
-25.0,51.0,0.00012436426186468452
-25.0,52.0,0.00011435539636295289
-25.0,53.0,2.4299566575791687e-05
-25.0,54.0,0.00028397783171385527
-25.0,55.0,0.00013991916785016656
-25.0,56.0,8.321108180098236e-05
-25.0,57.0,0.0015835199737921357
-25.0,58.0,0.0008543171570636332
-25.0,59.0,5.601094744633883e-05
-25.0,60.0,0.002513620536774397
-25.0,61.0,0.0013142031384631991
-25.0,62.0,0.0007306348998099566
-25.0,63.0,0.007206020876765251
-25.0,64.0,0.0019010475371032953
-25.0,65.0,0.00035077048232778907
-25.0,66.0,0.0017667791107669473
-25.0,67.0,0.000708867737557739
-25.0,68.0,0.00010611350444378331
-25.0,69.0,0.00010263196600135416
-25.0,70.0,3.751879921765067e-05
-25.0,71.0,1.886356039904058e-05
-25.0,72.0,1.5696989066782407e-05
-25.0,73.0,4.8669003263057675e-06
-25.0,74.0,6.385871074598981e-06
-25.0,75.0,9.797646271181293e-06
-25.0,76.0,5.036671609559562e-06
-25.0,77.0,4.234794687363319e-06
-25.0,78.0,6.8332951741467696e-06
-25.0,79.0,5.6498242884117644e-06
-25.0,80.0,7.612790795974433e-06
-25.0,81.0,5.586292900261469e-06
-25.0,82.0,3.909471161023248e-06
-25.0,83.0,1.6564928273510304e-06
-25.0,84.0,1.4131721854937496e-06
-25.0,85.0,1.5582636478939094e-06
-25.0,86.0,3.6752508094650693e-06
-25.0,87.0,1.0721110811573453e-05
-25.0,88.0,1.866359707491938e-05
-25.0,89.0,1.3376353308558464e-05
-25.0,90.0,1.3966100596007891e-05
-25.0,91.0,3.703403490362689e-05
-25.0,92.0,4.843138231080957e-05
-25.0,93.0,1.8515425836085342e-05
-25.0,94.0,9.427184704691172e-05
-25.0,95.0,1.7949645553017035e-05
-25.0,96.0,1.4460760212386958e-05
-25.0,97.0,6.0945061704842374e-05
-25.0,98.0,2.534441591706127e-05
-25.0,99.0,0.00014626870688516647
-25.0,100.0,0.0002019029197981581
-25.0,101.0,0.00011722097406163812
-25.0,102.0,0.00025016290601342916
-25.0,103.0,0.0002605871413834393
-25.0,104.0,8.151473593898118e-05
-25.0,105.0,0.00047028998960740864
-25.0,106.0,8.09473276603967e-05
-25.0,107.0,0.00022657624504063278
-25.0,108.0,0.0024408416356891394
-25.0,109.0,0.000868286588229239
-25.0,110.0,0.0005988781922496855
-25.0,111.0,0.008046253584325314
-25.0,112.0,0.0024602694902569056
-25.0,113.0,0.0013381768949329853
-25.0,114.0,0.027044624090194702
-25.0,115.0,0.0017157912952825427
-25.0,116.0,0.0005375163163989782
-25.0,117.0,0.0010496961185708642
-25.0,118.0,0.00022989106946624815
-25.0,119.0,5.999888526275754e-05
-25.0,120.0,0.003613509237766266
-25.0,121.0,1.9578428691602312e-05
-25.0,122.0,4.996839561499655e-05
-25.0,123.0,0.00021787425794173032
-25.0,124.0,1.2525180864031427e-05
-25.0,125.0,0.00028121352079324424
-25.0,126.0,0.00012272722960915416
-25.0,127.0,0.0003645847027655691
-25.0,128.0,0.0002018288359977305
-25.0,129.0,0.18173588812351227
-25.0,130.0,0.00022791416267864406
-25.0,131.0,0.005320725496858358
-25.0,132.0,0.02682666853070259
-25.0,133.0,2.6887041713052895e-06
-25.0,134.0,0.00010644551366567612
-25.0,135.0,0.012970960699021816
-25.0,136.0,0.00020131008932366967
-25.0,137.0,0.00022959907073527575
-25.0,138.0,0.00014266087964642793
-25.0,139.0,0.00019622307445388287
-25.0,140.0,0.0009030009969137609
-25.0,141.0,0.00034272787161171436
-25.0,142.0,5.362294177757576e-05
-25.0,143.0,5.7903445849660784e-05
-25.0,144.0,0.0002370889560552314
-25.0,145.0,0.00016129753203131258
-25.0,146.0,8.336619794135913e-05
-25.0,147.0,0.00015637939213775098
-25.0,148.0,0.000159243936650455
-25.0,149.0,4.85390228277538e-05
-25.0,150.0,0.00010848109377548099
-25.0,151.0,3.518038283800706e-05
-25.0,152.0,4.975361662218347e-05
-25.0,153.0,5.191264790482819e-05
-25.0,154.0,2.6583951694192365e-05
-25.0,155.0,2.974033668579068e-05
-25.0,156.0,2.4587168809375726e-05
-25.0,157.0,2.7149650122737512e-05
-25.0,158.0,1.498468282079557e-05
-25.0,159.0,5.8455254475120455e-05
-25.0,160.0,7.088417078193743e-06
-25.0,161.0,1.1460195310064591e-05
-25.0,162.0,9.754276106832549e-06
-25.0,163.0,3.7377191119958297e-07
-25.0,164.0,4.8686740683479e-07
-25.0,165.0,7.640652484042221e-07
-25.0,166.0,1.7812375574521866e-08
-25.0,167.0,4.7203698727571464e-07
-25.0,168.0,3.180333507657451e-08
-25.0,169.0,1.2312483477217029e-08
-25.0,170.0,1.0636421876597524e-07
-25.0,171.0,7.937676826941242e-08
-25.0,172.0,4.720340562869296e-09
-25.0,173.0,4.2799288735295704e-07
-25.0,174.0,2.0207627926538407e-07
-25.0,175.0,2.381531416517646e-09
-25.0,176.0,1.2810012322006514e-06
-25.0,177.0,2.592599912532023e-08
-25.0,178.0,4.5567727369189015e-08
-25.0,179.0,4.673160276524868e-07
-25.0,180.0,2.234272187706665e-06
-25.0,-179.0,6.500636686723738e-07
-25.0,-178.0,4.791843934981443e-07
-25.0,-177.0,1.1931833796552382e-06
-25.0,-176.0,9.53481958276825e-06
-25.0,-175.0,7.261317023221636e-06
-25.0,-174.0,2.5533706775604514e-06
-25.0,-173.0,1.9230221823818283e-06
-25.0,-172.0,1.700280449767888e-06
-25.0,-171.0,2.1164339614188066e-06
-25.0,-170.0,4.45782279712148e-06
-25.0,-169.0,7.40924497222295e-06
-25.0,-168.0,4.884024747298099e-06
-25.0,-167.0,2.6284426439815434e-06
-25.0,-166.0,2.8310491870797705e-06
-25.0,-165.0,2.7623602818493964e-06
-25.0,-164.0,7.040657692414243e-06
-25.0,-163.0,1.4577790352632292e-05
-25.0,-162.0,3.886949798470596e-06
-25.0,-161.0,3.061405550397467e-06
-25.0,-160.0,1.062026512954617e-05
-25.0,-159.0,4.979617187927943e-06
-25.0,-158.0,3.286120409029536e-05
-25.0,-157.0,2.8953571018064395e-05
-25.0,-156.0,6.925767593202181e-06
-25.0,-155.0,2.3087257432052866e-05
-25.0,-154.0,3.971096521127038e-05
-25.0,-153.0,6.443435722758295e-06
-25.0,-152.0,3.3127289498224854e-06
-25.0,-151.0,1.8526448002376128e-06
-25.0,-150.0,1.2189293556730263e-06
-25.0,-149.0,1.4356345445776242e-06
-25.0,-148.0,6.689346037092037e-07
-25.0,-147.0,4.1584129917282553e-07
-25.0,-146.0,2.683923867152771e-06
-25.0,-145.0,6.535785360028967e-06
-25.0,-144.0,5.985503776173573e-06
-25.0,-143.0,7.639950490556657e-05
-25.0,-142.0,3.050574923690874e-05
-25.0,-141.0,1.3015194781473838e-05
-25.0,-140.0,0.0002301649801665917
-25.0,-139.0,8.326315582962707e-05
-25.0,-138.0,2.8914993890793994e-05
-25.0,-137.0,0.00024572067195549607
-25.0,-136.0,0.0005663378397002816
-25.0,-135.0,9.575516742188483e-05
-25.0,-134.0,0.0007641543634235859
-25.0,-133.0,0.004451799672096968
-25.0,-132.0,0.0005341449868865311
-25.0,-131.0,0.0018264089012518525
-25.0,-130.0,0.0023100851103663445
-25.0,-129.0,0.0005091970087960362
-25.0,-128.0,0.002428168198093772
-25.0,-127.0,0.000784598698373884
-25.0,-126.0,9.82387937256135e-05
-25.0,-125.0,0.0014438480138778687
-25.0,-124.0,0.006267460994422436
-25.0,-123.0,0.0003990466648247093
-25.0,-122.0,0.0015358984237536788
-25.0,-121.0,0.004398318938910961
-25.0,-120.0,0.001339518348686397
-25.0,-119.0,0.007954929023981094
-25.0,-118.0,0.032758548855781555
-25.0,-117.0,0.004707022570073605
-25.0,-116.0,0.001897115958854556
-25.0,-115.0,0.004593687132000923
-25.0,-114.0,0.006523484829813242
-25.0,-113.0,0.008621451444923878
-25.0,-112.0,0.00496651092544198
-25.0,-111.0,0.0031391032971441746
-25.0,-110.0,0.005845724605023861
-25.0,-109.0,0.009422281756997108
-25.0,-108.0,0.019941501319408417
-25.0,-107.0,0.019595133140683174
-25.0,-106.0,0.04931582137942314
-25.0,-105.0,0.05372326821088791
-25.0,-104.0,0.07338490337133408
-25.0,-103.0,0.04603888466954231
-25.0,-102.0,0.030172865837812424
-25.0,-101.0,0.018143968656659126
-25.0,-100.0,0.01688021793961525
-25.0,-99.0,0.010543572716414928
-25.0,-98.0,0.006807334721088409
-25.0,-97.0,0.005653064232319593
-25.0,-96.0,0.00745204696431756
-25.0,-95.0,0.0026906621642410755
-25.0,-94.0,0.0012999578611925244
-25.0,-93.0,0.0007383715128526092
-25.0,-92.0,0.0002862669643945992
-25.0,-91.0,0.0009689414873719215
-25.0,-90.0,0.0008150319918058813
-25.0,-89.0,0.0003193487646058202
-25.0,-88.0,0.0007970663718879223
-25.0,-87.0,0.00032326046493835747
-25.0,-86.0,0.0003001724253408611
-25.0,-85.0,0.0013223649002611637
-25.0,-84.0,0.0006114719435572624
-25.0,-83.0,0.0005725212395191193
-25.0,-82.0,0.00011964819714194164
-25.0,-81.0,8.45256010961748e-07
-25.0,-80.0,4.4648459152085707e-07
-25.0,-79.0,8.5556494013872e-05
-25.0,-78.0,0.010940552689135075
-25.0,-77.0,6.24812237219885e-05
-25.0,-76.0,0.0014354411978274584
-25.0,-75.0,0.02806868776679039
-25.0,-74.0,0.009893080219626427
-25.0,-73.0,0.002358335303142667
-25.0,-72.0,0.023310523480176926
-25.0,-71.0,0.0007162774563767016
-25.0,-70.0,0.0010758372955024242
-25.0,-69.0,0.02200043760240078
-25.0,-68.0,0.0026444268878549337
-25.0,-67.0,0.008864176459610462
-25.0,-66.0,0.32597190141677856
-25.0,-65.0,0.00029361710767261684
-25.0,-64.0,0.07376519590616226
-25.0,-63.0,0.3254076838493347
-25.0,-62.0,0.20437473058700562
-25.0,-61.0,0.1387931853532791
-25.0,-60.0,0.017706500366330147
-25.0,-59.0,0.08489307761192322
-25.0,-58.0,0.05746029317378998
-25.0,-57.0,0.0001653511862969026
-25.0,-56.0,0.02099958248436451
-25.0,-55.0,0.04678487032651901
-25.0,-54.0,0.00021115445997565985
-25.0,-53.0,0.22777532041072845
-25.0,-52.0,0.0023177347611635923
-25.0,-51.0,6.3817817135714e-05
-25.0,-50.0,0.10785622894763947
-25.0,-49.0,0.0007676076493225992
-25.0,-48.0,0.00011307263048365712
-25.0,-47.0,0.00021481560543179512
-25.0,-46.0,0.00012922393216285855
-25.0,-45.0,1.294905632676091e-05
-25.0,-44.0,0.00012091742974007502
-25.0,-43.0,3.309300882392563e-05
-25.0,-42.0,3.9798203943064436e-05
-25.0,-41.0,8.996716132969595e-06
-25.0,-40.0,0.00010999784717569128
-25.0,-39.0,0.0016411952674388885
-25.0,-38.0,6.001313158776611e-05
-25.0,-37.0,0.00031101942295208573
-25.0,-36.0,0.00014679574815090746
-25.0,-35.0,0.00015147621161304414
-25.0,-34.0,0.00041960307862609625
-25.0,-33.0,0.0022137591149657965
-25.0,-32.0,7.713403465459123e-05
-25.0,-31.0,0.00019760265422519296
-25.0,-30.0,0.004877414554357529
-25.0,-29.0,0.00013778384891338646
-25.0,-28.0,3.971142359660007e-05
-25.0,-27.0,0.00014401768567040563
-25.0,-26.0,6.742184632457793e-05
-25.0,-25.0,9.882998710963875e-05
-25.0,-24.0,0.0001933434687089175
-25.0,-23.0,3.8174650399014354e-05
-25.0,-22.0,1.6248333849944174e-05
-25.0,-21.0,9.361797128804028e-05
-25.0,-20.0,0.0001913309533847496
-25.0,-19.0,2.0578372641466558e-05
-25.0,-18.0,0.00010378204751759768
-25.0,-17.0,0.00012906186748296022
-25.0,-16.0,3.631904110079631e-05
-25.0,-15.0,9.588785178493708e-05
-25.0,-14.0,0.00020403732196427882
-25.0,-13.0,3.4394637623336166e-05
-25.0,-12.0,0.00017324421787634492
-25.0,-11.0,0.00017975630180444568
-25.0,-10.0,0.000125961028970778
-25.0,-9.0,0.00048081669956445694
-25.0,-8.0,0.0006090448587201536
-25.0,-7.0,5.6924360251287e-05
-25.0,-6.0,7.800161256454885e-05
-25.0,-5.0,8.874848390405532e-06
-25.0,-4.0,1.720272484817542e-05
-25.0,-3.0,8.335657912539318e-05
-25.0,-2.0,2.3903805413283408e-05
-25.0,-1.0,7.567470674985088e-06
-24.0,0.0,8.81600226421142e-06
-24.0,1.0,6.839136040071025e-05
-24.0,2.0,6.88357886247104e-06
-24.0,3.0,7.37463869882049e-06
-24.0,4.0,1.4545920748787466e-05
-24.0,5.0,8.796073416306172e-06
-24.0,6.0,2.6806953883351525e-06
-24.0,7.0,4.3548525354708545e-06
-24.0,8.0,1.5048289014885086e-06
-24.0,9.0,3.0351695841090987e-06
-24.0,10.0,1.7792090147850104e-06
-24.0,11.0,1.2471178933992633e-06
-24.0,12.0,1.4278856497185188e-06
-24.0,13.0,1.7404869367965148e-07
-24.0,14.0,6.8141303017910104e-06
-24.0,15.0,2.2859862269797304e-07
-24.0,16.0,1.0850267244677525e-06
-24.0,17.0,3.2968429763968743e-07
-24.0,18.0,2.730420192165184e-07
-24.0,19.0,1.122622961702291e-06
-24.0,20.0,3.9002583207548014e-07
-24.0,21.0,9.560505532135721e-06
-24.0,22.0,2.0619980205083266e-05
-24.0,23.0,1.073220028047217e-05
-24.0,24.0,2.0104906070628203e-05
-24.0,25.0,0.0003327431913930923
-24.0,26.0,0.002257167361676693
-24.0,27.0,7.109271246008575e-05
-24.0,28.0,0.0008666137582622468
-24.0,29.0,0.0007025764207355678
-24.0,30.0,0.0002138730778824538
-24.0,31.0,0.004476734437048435
-24.0,32.0,0.0032317901495844126
-24.0,33.0,0.0016228342428803444
-24.0,34.0,0.009085643105208874
-24.0,35.0,0.0040131076239049435
-24.0,36.0,0.009245574474334717
-24.0,37.0,0.015510928817093372
-24.0,38.0,0.013611914590001106
-24.0,39.0,0.0013371634995564818
-24.0,40.0,0.00561598502099514
-24.0,41.0,0.010357961058616638
-24.0,42.0,0.002224815310910344
-24.0,43.0,0.006013041827827692
-24.0,44.0,0.00436108373105526
-24.0,45.0,0.011570767499506474
-24.0,46.0,0.006156556308269501
-24.0,47.0,0.0011810935102403164
-24.0,48.0,0.0013444435317069292
-24.0,49.0,0.006568741053342819
-24.0,50.0,0.001439003273844719
-24.0,51.0,0.0002709605323616415
-24.0,52.0,0.0014099993277341127
-24.0,53.0,0.00021347316214814782
-24.0,54.0,0.00027983373729512095
-24.0,55.0,0.0008659182931296527
-24.0,56.0,0.0024587404914200306
-24.0,57.0,0.0002280341723235324
-24.0,58.0,0.0005915770307183266
-24.0,59.0,0.0015498003922402859
-24.0,60.0,0.001287244725972414
-24.0,61.0,0.0007971578743308783
-24.0,62.0,0.001888937084004283
-24.0,63.0,0.0049066743813455105
-24.0,64.0,0.001508820103481412
-24.0,65.0,0.0013647518353536725
-24.0,66.0,0.0008325430098921061
-24.0,67.0,0.00040073812124319375
-24.0,68.0,0.00028778682462871075
-24.0,69.0,0.00020791917631868273
-24.0,70.0,0.00010752341768238693
-24.0,71.0,8.666304347570986e-05
-24.0,72.0,7.132570317480713e-05
-24.0,73.0,7.489664767490467e-06
-24.0,74.0,7.316279152291827e-06
-24.0,75.0,5.867394975211937e-06
-24.0,76.0,2.833820190062397e-06
-24.0,77.0,6.680020305793732e-06
-24.0,78.0,4.7960543270164635e-06
-24.0,79.0,9.839434824243654e-06
-24.0,80.0,4.531167633103905e-06
-24.0,81.0,4.581660050462233e-06
-24.0,82.0,6.2560607148043346e-06
-24.0,83.0,5.2043483265151735e-06
-24.0,84.0,2.564281203376595e-06
-24.0,85.0,4.8859537855605595e-06
-24.0,86.0,7.995979103725404e-06
-24.0,87.0,8.73665794642875e-06
-24.0,88.0,1.8153225028072484e-05
-24.0,89.0,9.924278856487945e-06
-24.0,90.0,1.0639556421665475e-05
-24.0,91.0,1.3678160030394793e-05
-24.0,92.0,1.8082557289744727e-05
-24.0,93.0,1.1009401532646734e-05
-24.0,94.0,2.958298136945814e-05
-24.0,95.0,3.1488096283283085e-05
-24.0,96.0,2.957722608698532e-05
-24.0,97.0,5.488294118549675e-05
-24.0,98.0,0.00020283451885916293
-24.0,99.0,0.0001940991060109809
-24.0,100.0,0.0004724854079540819
-24.0,101.0,0.0010588690638542175
-24.0,102.0,0.0012030887883156538
-24.0,103.0,0.0005822020466439426
-24.0,104.0,0.0008933336357586086
-24.0,105.0,0.00028625986305996776
-24.0,106.0,0.0008692643023096025
-24.0,107.0,0.001511689042672515
-24.0,108.0,0.0018980317981913686
-24.0,109.0,0.00227064685896039
-24.0,110.0,0.005700915120542049
-24.0,111.0,0.0003367137105669826
-24.0,112.0,0.0006703357794322073
-24.0,113.0,0.007261062040925026
-24.0,114.0,0.019114091992378235
-24.0,115.0,0.028886934742331505
-24.0,116.0,0.003985973075032234
-24.0,117.0,0.007817060686647892
-24.0,118.0,0.0012505423510447145
-24.0,119.0,0.0007954820175655186
-24.0,120.0,0.021579351276159286
-24.0,121.0,0.00041648236219771206
-24.0,122.0,0.000781468057539314
-24.0,123.0,0.0001576673093950376
-24.0,124.0,9.758531814441085e-05
-24.0,125.0,0.0032453727908432484
-24.0,126.0,0.0005791073199361563
-24.0,127.0,0.0017849697032943368
-24.0,128.0,0.0010222620330750942
-24.0,129.0,3.784591899602674e-05
-24.0,130.0,0.005148141644895077
-24.0,131.0,0.0055587561801075935
-24.0,132.0,5.664282525685849e-06
-24.0,133.0,0.0005020490498282015
-24.0,134.0,0.03987405076622963
-24.0,135.0,8.717368473298848e-05
-24.0,136.0,5.668773519573733e-05
-24.0,137.0,0.0008579080458730459
-24.0,138.0,0.00019858861924149096
-24.0,139.0,0.00043707870645448565
-24.0,140.0,0.0001441557687940076
-24.0,141.0,9.971956023946404e-05
-24.0,142.0,0.0002735893940553069
-24.0,143.0,0.0003299331001471728
-24.0,144.0,5.811276787426323e-05
-24.0,145.0,1.5061403246363625e-05
-24.0,146.0,2.3311129552894272e-05
-24.0,147.0,1.4924484275979921e-05
-24.0,148.0,2.3521912225987762e-05
-24.0,149.0,7.835643373255152e-06
-24.0,150.0,1.0277813089487609e-05
-24.0,151.0,1.4561894204234704e-05
-24.0,152.0,5.099002464703517e-06
-24.0,153.0,1.5699772120569833e-05
-24.0,154.0,1.2838759175792802e-05
-24.0,155.0,1.6016900190152228e-05
-24.0,156.0,3.7984798836987466e-05
-24.0,157.0,1.196337598230457e-05
-24.0,158.0,1.841331504692789e-05
-24.0,159.0,0.00011611294030444697
-24.0,160.0,4.548059223452583e-05
-24.0,161.0,6.373009455273859e-06
-24.0,162.0,1.1469203855085652e-05
-24.0,163.0,1.4015557781021926e-06
-24.0,164.0,3.889515937771648e-06
-24.0,165.0,1.213385303344694e-06
-24.0,166.0,1.0723765626607928e-06
-24.0,167.0,2.9236080223427052e-08
-24.0,168.0,8.590023803378699e-09
-24.0,169.0,1.0831920604914558e-07
-24.0,170.0,2.9962221592683136e-09
-24.0,171.0,8.283463870384367e-08
-24.0,172.0,1.855379672122126e-08
-24.0,173.0,3.178554752736318e-09
-24.0,174.0,5.898667865267271e-08
-24.0,175.0,3.5971073231166883e-08
-24.0,176.0,2.3165700469007788e-08
-24.0,177.0,6.870154578564325e-08
-24.0,178.0,1.1364141982994624e-06
-24.0,179.0,1.4983274354563036e-07
-24.0,180.0,2.487010135610035e-07
-24.0,-179.0,2.861883785953978e-06
-24.0,-178.0,3.7094702065587626e-07
-24.0,-177.0,5.143622729519848e-06
-24.0,-176.0,3.90502464142628e-05
-24.0,-175.0,1.6510751947862445e-06
-24.0,-174.0,5.919873728998937e-06
-24.0,-173.0,1.0906509487540461e-05
-24.0,-172.0,2.8030370913256775e-07
-24.0,-171.0,4.937615358358016e-06
-24.0,-170.0,1.3349323126021773e-05
-24.0,-169.0,1.0447733984619845e-06
-24.0,-168.0,2.73470163847378e-06
-24.0,-167.0,1.1532691814863938e-06
-24.0,-166.0,1.9723761397472117e-06
-24.0,-165.0,6.690528152830666e-06
-24.0,-164.0,4.241180704411818e-06
-24.0,-163.0,2.727578248595819e-06
-24.0,-162.0,1.8785096926876577e-06
-24.0,-161.0,2.6534853532211855e-06
-24.0,-160.0,3.939723683288321e-06
-24.0,-159.0,2.966059128084453e-06
-24.0,-158.0,1.317392275268503e-06
-24.0,-157.0,2.1080300030007493e-06
-24.0,-156.0,2.2611607164435554e-06
-24.0,-155.0,1.8913178223556315e-07
-24.0,-154.0,3.958925276492664e-07
-24.0,-153.0,1.040291834897289e-07
-24.0,-152.0,1.0393874561032135e-07
-24.0,-151.0,1.563066547305425e-07
-24.0,-150.0,1.5551918863820902e-07
-24.0,-149.0,1.3368368456667667e-07
-24.0,-148.0,1.268850837732316e-07
-24.0,-147.0,3.0419107588386396e-07
-24.0,-146.0,8.968527254182845e-08
-24.0,-145.0,2.472119717822352e-07
-24.0,-144.0,2.2796963605742349e-07
-24.0,-143.0,3.87553143355035e-07
-24.0,-142.0,1.2421905921655707e-06
-24.0,-141.0,2.1122330508660525e-05
-24.0,-140.0,1.086535667127464e-05
-24.0,-139.0,3.735756763489917e-05
-24.0,-138.0,0.000533533631823957
-24.0,-137.0,4.978949800715782e-05
-24.0,-136.0,0.00019879302999470383
-24.0,-135.0,0.0021865135058760643
-24.0,-134.0,0.0011609802022576332
-24.0,-133.0,0.0015766910510137677
-24.0,-132.0,0.005126157775521278
-24.0,-131.0,0.00902050081640482
-24.0,-130.0,0.0018108597723767161
-24.0,-129.0,0.009120920673012733
-24.0,-128.0,0.0029384312219917774
-24.0,-127.0,0.0015544292982667685
-24.0,-126.0,0.0014942410634830594
-24.0,-125.0,0.0014973512152209878
-24.0,-124.0,0.0003891090746037662
-24.0,-123.0,0.005002256017178297
-24.0,-122.0,0.0028780633583664894
-24.0,-121.0,0.0005210586241446435
-24.0,-120.0,0.01180011872202158
-24.0,-119.0,0.010722853243350983
-24.0,-118.0,0.001654057763516903
-24.0,-117.0,0.008004042319953442
-24.0,-116.0,0.005549911875277758
-24.0,-115.0,0.003182177897542715
-24.0,-114.0,0.006201254203915596
-24.0,-113.0,0.009295325726270676
-24.0,-112.0,0.00591795751824975
-24.0,-111.0,0.00886430125683546
-24.0,-110.0,0.00821030605584383
-24.0,-109.0,0.0636049434542656
-24.0,-108.0,0.047033507376909256
-24.0,-107.0,0.07673434168100357
-24.0,-106.0,0.0986233577132225
-24.0,-105.0,0.04303747043013573
-24.0,-104.0,0.015728507190942764
-24.0,-103.0,0.023920813575387
-24.0,-102.0,0.009101595729589462
-24.0,-101.0,0.007667481899261475
-24.0,-100.0,0.005612960550934076
-24.0,-99.0,0.0026201047003269196
-24.0,-98.0,0.004174523986876011
-24.0,-97.0,0.0020455196499824524
-24.0,-96.0,0.0020472118631005287
-24.0,-95.0,0.002885200083255768
-24.0,-94.0,0.002624951535835862
-24.0,-93.0,0.0030722280498594046
-24.0,-92.0,0.0010286620818078518
-24.0,-91.0,0.0006414714152924716
-24.0,-90.0,0.001318529131822288
-24.0,-89.0,0.0010701979044824839
-24.0,-88.0,0.00033635084400884807
-24.0,-87.0,0.00042344635585322976
-24.0,-86.0,0.0006354954675771296
-24.0,-85.0,7.368627848336473e-05
-24.0,-84.0,3.4141696232836694e-05
-24.0,-83.0,1.1613764399953652e-05
-24.0,-82.0,4.18815147895657e-07
-24.0,-81.0,2.068166793378623e-07
-24.0,-80.0,1.9110675566480495e-06
-24.0,-79.0,2.3307284209295176e-05
-24.0,-78.0,7.118437497410923e-05
-24.0,-77.0,0.0004505551478359848
-24.0,-76.0,0.07181340456008911
-24.0,-75.0,0.0024487879127264023
-24.0,-74.0,0.0001475936733186245
-24.0,-73.0,0.010699005797505379
-24.0,-72.0,0.0048974258825182915
-24.0,-71.0,0.0015162416966632009
-24.0,-70.0,0.0008893546764738858
-24.0,-69.0,0.0030784134287387133
-24.0,-68.0,5.093634172226302e-05
-24.0,-67.0,0.0003068852238357067
-24.0,-66.0,0.006210017949342728
-24.0,-65.0,0.40692517161369324
-24.0,-64.0,0.030825762078166008
-24.0,-63.0,0.1505080908536911
-24.0,-62.0,0.07730937004089355
-24.0,-61.0,0.0028352958615869284
-24.0,-60.0,0.01150986272841692
-24.0,-59.0,0.04921559616923332
-24.0,-58.0,0.0031589786522090435
-24.0,-57.0,0.06308364123106003
-24.0,-56.0,0.24625177681446075
-24.0,-55.0,0.001359581365250051
-24.0,-54.0,0.10734204202890396
-24.0,-53.0,0.4903537929058075
-24.0,-52.0,0.003897707909345627
-24.0,-51.0,0.0734434574842453
-24.0,-50.0,0.007947894744575024
-24.0,-49.0,0.00029985065339133143
-24.0,-48.0,0.0004891774733550847
-24.0,-47.0,3.0430406695813872e-05
-24.0,-46.0,3.202049583705957e-06
-24.0,-45.0,1.9322400476085022e-05
-24.0,-44.0,3.079881935263984e-05
-24.0,-43.0,2.7054024030803703e-05
-24.0,-42.0,3.341348565299995e-05
-24.0,-41.0,2.2169779185787775e-06
-24.0,-40.0,3.8489786675199866e-05
-24.0,-39.0,0.0001582909608259797
-24.0,-38.0,6.725513958372176e-05
-24.0,-37.0,0.00013825316273141652
-24.0,-36.0,0.00033453680225647986
-24.0,-35.0,0.0002774274908006191
-24.0,-34.0,0.0018418834079056978
-24.0,-33.0,0.00022075975721236318
-24.0,-32.0,0.0002966262982226908
-24.0,-31.0,0.001571695669554174
-24.0,-30.0,0.0005976528627797961
-24.0,-29.0,0.00010911644494626671
-24.0,-28.0,0.0002967592445202172
-24.0,-27.0,0.0007462102803401649
-24.0,-26.0,0.00021893171651754528
-24.0,-25.0,0.0006530274986289442
-24.0,-24.0,0.0001409239339409396
-24.0,-23.0,5.609272193396464e-05
-24.0,-22.0,0.00017339443729724735
-24.0,-21.0,0.00015554021229036152
-24.0,-20.0,7.813271076884121e-05
-24.0,-19.0,3.888933133566752e-05
-24.0,-18.0,0.00013088405830785632
-24.0,-17.0,3.8875979953445494e-05
-24.0,-16.0,9.99865515041165e-05
-24.0,-15.0,0.00021373791969381273
-24.0,-14.0,0.00014500637189485133
-24.0,-13.0,0.0005971762584522367
-24.0,-12.0,0.0011886241845786572
-24.0,-11.0,0.0004361289320513606
-24.0,-10.0,0.00025144557002931833
-24.0,-9.0,0.0003249016881454736
-24.0,-8.0,9.067502833204344e-05
-24.0,-7.0,0.00014716335863340646
-24.0,-6.0,4.6085846406640485e-05
-24.0,-5.0,1.110824268835131e-05
-24.0,-4.0,1.3516214494302403e-05
-24.0,-3.0,1.2237396731507033e-05
-24.0,-2.0,0.00010442392522236332
-24.0,-1.0,2.78247898677364e-05
-23.0,0.0,4.729206193587743e-05
-23.0,1.0,0.0001643710711505264
-23.0,2.0,0.0002616426791064441
-23.0,3.0,0.0002709450200200081
-23.0,4.0,6.726224341946363e-07
-23.0,5.0,1.4394704521691892e-06
-23.0,6.0,0.00036010207259096205
-23.0,7.0,6.5579815782257356e-06
-23.0,8.0,4.181504664302338e-06
-23.0,9.0,0.0006265404517762363
-23.0,10.0,1.4345339877763763e-05
-23.0,11.0,6.082910658733454e-06
-23.0,12.0,3.959721198043553e-06
-23.0,13.0,5.0227231440658215e-06
-23.0,14.0,1.0581479727989063e-06
-23.0,15.0,5.799668088002363e-07
-23.0,16.0,3.5689151900442084e-06
-23.0,17.0,3.584455043892376e-07
-23.0,18.0,2.1935986183052592e-07
-23.0,19.0,4.961570994055364e-07
-23.0,20.0,7.617392157044378e-07
-23.0,21.0,2.8622147851820046e-07
-23.0,22.0,3.292040901214932e-06
-23.0,23.0,2.286972630827222e-06
-23.0,24.0,2.5691153950901935e-06
-23.0,25.0,1.533185127300385e-06
-23.0,26.0,0.00030141789466142654
-23.0,27.0,3.5713699162442936e-06
-23.0,28.0,0.00010994406329700723
-23.0,29.0,0.0010018263710662723
-23.0,30.0,3.804504740401171e-05
-23.0,31.0,0.004110348876565695
-23.0,32.0,0.004333717282861471
-23.0,33.0,0.006263690069317818
-23.0,34.0,0.008605961687862873
-23.0,35.0,0.013342178426682949
-23.0,36.0,0.0030589986126869917
-23.0,37.0,0.0013717387337237597
-23.0,38.0,0.0017975866794586182
-23.0,39.0,0.006536932196468115
-23.0,40.0,0.008818332105875015
-23.0,41.0,0.0017128909239545465
-23.0,42.0,0.029957061633467674
-23.0,43.0,0.012271796353161335
-23.0,44.0,0.004354845266789198
-23.0,45.0,0.009255167096853256
-23.0,46.0,0.004775797948241234
-23.0,47.0,0.0022632903419435024
-23.0,48.0,0.0013507831608876586
-23.0,49.0,0.0074075739830732346
-23.0,50.0,0.0025028595700860023
-23.0,51.0,0.0005895005888305604
-23.0,52.0,0.0006506434874609113
-23.0,53.0,0.00042844624840654433
-23.0,54.0,0.0020973384380340576
-23.0,55.0,0.00020240561570972204
-23.0,56.0,0.0005811796872876585
-23.0,57.0,0.0029072517063468695
-23.0,58.0,0.0006429177010431886
-23.0,59.0,0.0016543136443942785
-23.0,60.0,0.0009811213240027428
-23.0,61.0,0.0017633085371926427
-23.0,62.0,0.007322036661207676
-23.0,63.0,0.006575216539204121
-23.0,64.0,0.00532247219234705
-23.0,65.0,0.002047135028988123
-23.0,66.0,0.0010419134050607681
-23.0,67.0,0.001320531708188355
-23.0,68.0,0.0007669565384276211
-23.0,69.0,0.00017339376790914685
-23.0,70.0,0.00017336502787657082
-23.0,71.0,0.00019853864796459675
-23.0,72.0,2.6970870749210007e-05
-23.0,73.0,1.9496375898597762e-05
-23.0,74.0,7.692125109315384e-06
-23.0,75.0,3.3074068142013857e-06
-23.0,76.0,6.013395704940194e-06
-23.0,77.0,3.905077392118983e-06
-23.0,78.0,5.743153906223597e-06
-23.0,79.0,6.628333721891977e-06
-23.0,80.0,5.507768946699798e-06
-23.0,81.0,3.330064600959304e-06
-23.0,82.0,3.5588411719800206e-06
-23.0,83.0,6.280371962930076e-06
-23.0,84.0,2.4355306322831893e-06
-23.0,85.0,3.984571321780095e-06
-23.0,86.0,3.491165671221097e-06
-23.0,87.0,2.2691233425575774e-06
-23.0,88.0,5.197741757001495e-06
-23.0,89.0,6.164270416775253e-06
-23.0,90.0,9.441097972739954e-06
-23.0,91.0,9.708096513350029e-06
-23.0,92.0,6.852069418528117e-06
-23.0,93.0,1.23212539619999e-05
-23.0,94.0,1.3697923350264318e-05
-23.0,95.0,2.2303218429442495e-05
-23.0,96.0,9.24255364225246e-05
-23.0,97.0,7.875364826759323e-05
-23.0,98.0,5.938451795373112e-05
-23.0,99.0,0.0002287857059855014
-23.0,100.0,0.0006589809199795127
-23.0,101.0,0.0006870973738841712
-23.0,102.0,0.0015844369772821665
-23.0,103.0,0.0008209773222915828
-23.0,104.0,0.0007212231284938753
-23.0,105.0,0.0011018924415111542
-23.0,106.0,0.0011886468855664134
-23.0,107.0,0.0018036667024716735
-23.0,108.0,0.0014493431663140655
-23.0,109.0,0.0024464628659188747
-23.0,110.0,0.0015946462517604232
-23.0,111.0,0.0006406017928384244
-23.0,112.0,0.003892118576914072
-23.0,113.0,0.0027676064055413008
-23.0,114.0,0.010102535597980022
-23.0,115.0,0.06454931199550629
-23.0,116.0,0.0014342962531372905
-23.0,117.0,0.029033947736024857
-23.0,118.0,0.006892283912748098
-23.0,119.0,0.28044393658638
-23.0,120.0,0.0037346994504332542
-23.0,121.0,0.002742507727816701
-23.0,122.0,0.003583861282095313
-23.0,123.0,0.000247274583671242
-23.0,124.0,2.5405747692275327e-06
-23.0,125.0,5.697002779925242e-05
-23.0,126.0,0.003102077404037118
-23.0,127.0,0.00014266237849369645
-23.0,128.0,0.007943805307149887
-23.0,129.0,0.01716289483010769
-23.0,130.0,0.004594696685671806
-23.0,131.0,0.01856408827006817
-23.0,132.0,0.0012424830347299576
-23.0,133.0,2.1220989765424747e-06
-23.0,134.0,0.022056814283132553
-23.0,135.0,0.0013336272677406669
-23.0,136.0,0.00014499905228149146
-23.0,137.0,0.00025799116701819
-23.0,138.0,7.690495840506628e-05
-23.0,139.0,9.19723097467795e-05
-23.0,140.0,3.460942389210686e-05
-23.0,141.0,9.504215995548293e-06
-23.0,142.0,4.3899548472836614e-05
-23.0,143.0,1.723096465866547e-05
-23.0,144.0,8.245532080763951e-05
-23.0,145.0,4.067285408382304e-05
-23.0,146.0,0.00016785235493443906
-23.0,147.0,2.0495215721894056e-05
-23.0,148.0,1.6706599126337096e-05
-23.0,149.0,1.4514132089971099e-05
-23.0,150.0,9.817203135753516e-06
-23.0,151.0,2.3256061467691325e-05
-23.0,152.0,0.00018150841060560197
-23.0,153.0,2.7228243197896518e-05
-23.0,154.0,1.5800256733200513e-05
-23.0,155.0,5.867988875252195e-05
-23.0,156.0,2.608167051221244e-05
-23.0,157.0,9.72007546806708e-06
-23.0,158.0,6.582169589819387e-05
-23.0,159.0,2.654038144100923e-05
-23.0,160.0,1.4969599760661367e-05
-23.0,161.0,2.2715874365530908e-05
-23.0,162.0,3.8337202568072826e-06
-23.0,163.0,2.5884357455652207e-05
-23.0,164.0,6.1027356423437595e-05
-23.0,165.0,1.642625647946261e-05
-23.0,166.0,2.4758103336353088e-06
-23.0,167.0,2.639596319298221e-09
-23.0,168.0,2.7939444180447026e-07
-23.0,169.0,5.547234422920155e-07
-23.0,170.0,2.148808064816876e-08
-23.0,171.0,2.9500702680707036e-07
-23.0,172.0,3.720136731999446e-08
-23.0,173.0,9.19549165701028e-08
-23.0,174.0,3.350511406097212e-07
-23.0,175.0,1.2469760690692056e-07
-23.0,176.0,3.77069369505989e-07
-23.0,177.0,1.0576545719231945e-06
-23.0,178.0,6.104210115154274e-07
-23.0,179.0,2.8885165193059947e-06
-23.0,180.0,1.9992853594885673e-06
-23.0,-179.0,2.1108423879923066e-06
-23.0,-178.0,1.5278808859875426e-05
-23.0,-177.0,1.623465504962951e-05
-23.0,-176.0,1.3594284382634214e-06
-23.0,-175.0,5.333392437023576e-06
-23.0,-174.0,6.8394037953112274e-06
-23.0,-173.0,1.309212393607595e-06
-23.0,-172.0,9.883872735372279e-06
-23.0,-171.0,1.9445682482910343e-05
-23.0,-170.0,5.225474978942657e-06
-23.0,-169.0,6.4651890170353e-06
-23.0,-168.0,7.51092966311262e-06
-23.0,-167.0,3.470818910500384e-06
-23.0,-166.0,1.7499804016551934e-05
-23.0,-165.0,1.2634556696866639e-05
-23.0,-164.0,4.547180196823319e-06
-23.0,-163.0,3.116633706667926e-06
-23.0,-162.0,7.84912845119834e-06
-23.0,-161.0,3.762923142858199e-06
-23.0,-160.0,2.849701786544756e-06
-23.0,-159.0,9.287837769988982e-07
-23.0,-158.0,4.1788712223933544e-07
-23.0,-157.0,6.551402975674137e-07
-23.0,-156.0,4.367440737951256e-07
-23.0,-155.0,2.163310881542202e-07
-23.0,-154.0,3.2960102203105635e-07
-23.0,-153.0,1.928017638874735e-07
-23.0,-152.0,1.660199870912038e-07
-23.0,-151.0,1.3386270438786596e-06
-23.0,-150.0,7.909489454505092e-07
-23.0,-149.0,3.267934971518116e-07
-23.0,-148.0,7.693692509747052e-07
-23.0,-147.0,9.93184357866994e-07
-23.0,-146.0,9.075436651073687e-07
-23.0,-145.0,7.184431524365209e-06
-23.0,-144.0,3.832199581665918e-06
-23.0,-143.0,6.902372660988476e-06
-23.0,-142.0,2.9061982786515728e-05
-23.0,-141.0,7.539832586189732e-05
-23.0,-140.0,0.00016458217578474432
-23.0,-139.0,0.00022781772713642567
-23.0,-138.0,0.0008696317090652883
-23.0,-137.0,0.0007455524173565209
-23.0,-136.0,0.0011036547366529703
-23.0,-135.0,0.0018578325398266315
-23.0,-134.0,0.002127759624272585
-23.0,-133.0,0.0009185698581859469
-23.0,-132.0,0.0033340377267450094
-23.0,-131.0,0.005503281485289335
-23.0,-130.0,0.0010530926520004869
-23.0,-129.0,0.002534416737034917
-23.0,-128.0,0.005890641361474991
-23.0,-127.0,0.0010870503028854728
-23.0,-126.0,0.0005894494825042784
-23.0,-125.0,0.004027153365314007
-23.0,-124.0,0.0015546068316325545
-23.0,-123.0,0.0010515362955629826
-23.0,-122.0,0.0026648470666259527
-23.0,-121.0,0.0012817545793950558
-23.0,-120.0,0.003717886283993721
-23.0,-119.0,0.011276324279606342
-23.0,-118.0,0.0009463108144700527
-23.0,-117.0,0.0019425821956247091
-23.0,-116.0,0.02362804301083088
-23.0,-115.0,0.0015883877640590072
-23.0,-114.0,0.0034197354689240456
-23.0,-113.0,0.0030581511091440916
-23.0,-112.0,0.005326166749000549
-23.0,-111.0,0.012776684947311878
-23.0,-110.0,0.05193133279681206
-23.0,-109.0,0.041377775371074677
-23.0,-108.0,0.0320434644818306
-23.0,-107.0,0.04300358518958092
-23.0,-106.0,0.04719420149922371
-23.0,-105.0,0.009730769321322441
-23.0,-104.0,0.02116972766816616
-23.0,-103.0,0.03285795822739601
-23.0,-102.0,0.01119206938892603
-23.0,-101.0,0.010044295340776443
-23.0,-100.0,0.014370166696608067
-23.0,-99.0,0.00428198603913188
-23.0,-98.0,0.0035486523993313313
-23.0,-97.0,0.011761902831494808
-23.0,-96.0,0.005329982377588749
-23.0,-95.0,0.004903730005025864
-23.0,-94.0,0.004695966839790344
-23.0,-93.0,0.004922477528452873
-23.0,-92.0,0.002733613597229123
-23.0,-91.0,0.007717371918261051
-23.0,-90.0,0.004952074959874153
-23.0,-89.0,0.0013187992153689265
-23.0,-88.0,0.00032417612965218723
-23.0,-87.0,0.00040565268136560917
-23.0,-86.0,0.00034541107015684247
-23.0,-85.0,9.921230912368628e-07
-23.0,-84.0,1.7739228042046307e-06
-23.0,-83.0,6.604377267649397e-05
-23.0,-82.0,2.4312398636539e-06
-23.0,-81.0,3.931081096197886e-07
-23.0,-80.0,1.35450427478645e-05
-23.0,-79.0,1.3083165868010838e-05
-23.0,-78.0,2.4966971068351995e-06
-23.0,-77.0,0.006420919205993414
-23.0,-76.0,0.00555277056992054
-23.0,-75.0,0.00047747319331392646
-23.0,-74.0,0.0035251681692898273
-23.0,-73.0,0.0045564682222902775
-23.0,-72.0,0.050278112292289734
-23.0,-71.0,0.027730947360396385
-23.0,-70.0,0.007747207768261433
-23.0,-69.0,0.007974188774824142
-23.0,-68.0,0.05138513818383217
-23.0,-67.0,0.06195435672998428
-23.0,-66.0,0.022563738748431206
-23.0,-65.0,0.020793341100215912
-23.0,-64.0,0.12996350228786469
-23.0,-63.0,0.0252512376755476
-23.0,-62.0,0.26376205682754517
-23.0,-61.0,0.035620976239442825
-23.0,-60.0,0.006617145147174597
-23.0,-59.0,0.00580262579023838
-23.0,-58.0,0.023355934768915176
-23.0,-57.0,0.12564925849437714
-23.0,-56.0,0.01235311757773161
-23.0,-55.0,0.042788296937942505
-23.0,-54.0,0.01735273003578186
-23.0,-53.0,0.27021920680999756
-23.0,-52.0,0.03520091623067856
-23.0,-51.0,0.06590772420167923
-23.0,-50.0,0.012401222251355648
-23.0,-49.0,0.0002817249915096909
-23.0,-48.0,0.00055083999177441
-23.0,-47.0,1.5814139260328375e-05
-23.0,-46.0,3.2528834708500654e-05
-23.0,-45.0,0.0001101459565688856
-23.0,-44.0,7.062148506520316e-05
-23.0,-43.0,0.00014747113164048642
-23.0,-42.0,3.406825999263674e-05
-23.0,-41.0,3.302664481452666e-05
-23.0,-40.0,0.00010443547944305465
-23.0,-39.0,0.0005024631973356009
-23.0,-38.0,0.00031647220021113753
-23.0,-37.0,0.002828282071277499
-23.0,-36.0,0.00381926610134542
-23.0,-35.0,0.00023787941609043628
-23.0,-34.0,0.0011443060357123613
-23.0,-33.0,0.0004868251853622496
-23.0,-32.0,5.582111043622717e-05
-23.0,-31.0,0.00020638584101106972
-23.0,-30.0,0.0005665686330758035
-23.0,-29.0,9.198538464261219e-05
-23.0,-28.0,6.945186760276556e-05
-23.0,-27.0,0.0022804834879934788
-23.0,-26.0,0.0005836379714310169
-23.0,-25.0,0.0001933689200086519
-23.0,-24.0,0.0003662545350380242
-23.0,-23.0,0.0003705070121213794
-23.0,-22.0,0.00027736296760849655
-23.0,-21.0,0.00014321219350676984
-23.0,-20.0,5.216250792727806e-05
-23.0,-19.0,0.000254462385782972
-23.0,-18.0,0.00026194745441898704
-23.0,-17.0,8.781898213783279e-05
-23.0,-16.0,0.00020938758098054677
-23.0,-15.0,0.0007274581003002822
-23.0,-14.0,0.0006486341007985175
-23.0,-13.0,0.00026061918470077217
-23.0,-12.0,0.001860403805039823
-23.0,-11.0,0.0021665350068360567
-23.0,-10.0,0.00013359670992940664
-23.0,-9.0,0.0005902748089283705
-23.0,-8.0,3.0496121325995773e-05
-23.0,-7.0,8.332144352607429e-05
-23.0,-6.0,3.439043939579278e-05
-23.0,-5.0,2.921077248174697e-05
-23.0,-4.0,1.748442264215555e-05
-23.0,-3.0,5.948985744907986e-06
-23.0,-2.0,5.428165241028182e-05
-23.0,-1.0,6.835439126007259e-05
-22.0,0.0,4.3247589928796515e-05
-22.0,1.0,0.000766741344705224
-22.0,2.0,0.0033231843262910843
-22.0,3.0,3.261789242969826e-05
-22.0,4.0,6.484955065388931e-06
-22.0,5.0,2.3561958641948877e-06
-22.0,6.0,0.0004343258624430746
-22.0,7.0,9.137428423855454e-05
-22.0,8.0,8.241389878094196e-05
-22.0,9.0,0.001837285584770143
-22.0,10.0,0.0007373174885287881
-22.0,11.0,1.7621687220525928e-05
-22.0,12.0,5.2488343499135226e-05
-22.0,13.0,2.2323753000819124e-05
-22.0,14.0,2.0257402866263874e-06
-22.0,15.0,4.724843165604398e-06
-22.0,16.0,3.9446044297619665e-07
-22.0,17.0,8.598223644185055e-08
-22.0,18.0,9.891480203805258e-07
-22.0,19.0,1.228869109581865e-06
-22.0,20.0,7.908833481451438e-07
-22.0,21.0,3.0111189062154153e-06
-22.0,22.0,2.042010009972728e-06
-22.0,23.0,2.444384563204949e-06
-22.0,24.0,6.172064331622096e-06
-22.0,25.0,8.156146941473708e-05
-22.0,26.0,0.0003040796727873385
-22.0,27.0,4.263246228219941e-05
-22.0,28.0,0.0016205374849960208
-22.0,29.0,0.0006427287007682025
-22.0,30.0,0.00038399288314394653
-22.0,31.0,0.004332997370511293
-22.0,32.0,0.01488066092133522
-22.0,33.0,0.004830706864595413
-22.0,34.0,0.012166529893875122
-22.0,35.0,0.026580002158880234
-22.0,36.0,0.00724041648209095
-22.0,37.0,0.017033498734235764
-22.0,38.0,0.007512579206377268
-22.0,39.0,0.025692135095596313
-22.0,40.0,0.019930722191929817
-22.0,41.0,0.012466161511838436
-22.0,42.0,0.1509750485420227
-22.0,43.0,0.015260490588843822
-22.0,44.0,0.006683486979454756
-22.0,45.0,0.022975614294409752
-22.0,46.0,0.007032912690192461
-22.0,47.0,0.0027198740281164646
-22.0,48.0,0.009805635549128056
-22.0,49.0,0.0014393293531611562
-22.0,50.0,0.0025458000600337982
-22.0,51.0,0.0013796344865113497
-22.0,52.0,0.0009535098797641695
-22.0,53.0,0.0016642443370074034
-22.0,54.0,0.0005890035536140203
-22.0,55.0,0.0007601018296554685
-22.0,56.0,0.0013062055222690105
-22.0,57.0,0.0048576779663562775
-22.0,58.0,0.0008000801899470389
-22.0,59.0,0.002099502133205533
-22.0,60.0,0.004284477327018976
-22.0,61.0,0.004890860989689827
-22.0,62.0,0.009015310555696487
-22.0,63.0,0.009845416061580181
-22.0,64.0,0.0014192672679200768
-22.0,65.0,0.002006597351282835
-22.0,66.0,0.001330915023572743
-22.0,67.0,0.000396579533116892
-22.0,68.0,0.0003159759799018502
-22.0,69.0,0.0002831591700669378
-22.0,70.0,0.0002895584038924426
-22.0,71.0,0.00012223797966726124
-22.0,72.0,8.433609764324501e-05
-22.0,73.0,1.712910489004571e-05
-22.0,74.0,5.205301022215281e-06
-22.0,75.0,8.485686521453317e-06
-22.0,76.0,3.408644943192485e-06
-22.0,77.0,2.4431726615148364e-06
-22.0,78.0,2.4800499431876233e-06
-22.0,79.0,9.602131285646465e-07
-22.0,80.0,1.3156684417481301e-06
-22.0,81.0,1.9819340195681434e-06
-22.0,82.0,1.0638476624080795e-06
-22.0,83.0,7.77315221967001e-07
-22.0,84.0,1.2955031252204208e-06
-22.0,85.0,1.0223374147244613e-06
-22.0,86.0,1.1599124718486564e-06
-22.0,87.0,3.171176786054275e-06
-22.0,88.0,2.2836118205304956e-06
-22.0,89.0,2.3783379674569005e-06
-22.0,90.0,2.304179361090064e-05
-22.0,91.0,3.90509649150772e-06
-22.0,92.0,4.445409103936981e-06
-22.0,93.0,5.033958586864173e-06
-22.0,94.0,1.93486539501464e-06
-22.0,95.0,1.3414216482487973e-05
-22.0,96.0,1.5208928743959405e-05
-22.0,97.0,2.411316381767392e-05
-22.0,98.0,0.00012210774002596736
-22.0,99.0,0.0005472351331263781
-22.0,100.0,0.0002565718605183065
-22.0,101.0,0.0006024359026923776
-22.0,102.0,0.000345278880558908
-22.0,103.0,0.0012057354906573892
-22.0,104.0,0.0007315280963666737
-22.0,105.0,0.000730103172827512
-22.0,106.0,0.0005077752284705639
-22.0,107.0,0.0034838449209928513
-22.0,108.0,0.002252060454338789
-22.0,109.0,0.0015473077073693275
-22.0,110.0,0.0006705930572934449
-22.0,111.0,0.004292747005820274
-22.0,112.0,0.0015605785883963108
-22.0,113.0,0.008935162797570229
-22.0,114.0,0.017467418685555458
-22.0,115.0,0.004254628904163837
-22.0,116.0,0.00897942204028368
-22.0,117.0,0.0010898088803514838
-22.0,118.0,0.011542247608304024
-22.0,119.0,0.0385025292634964
-22.0,120.0,0.017962146550416946
-22.0,121.0,0.028243476524949074
-22.0,122.0,0.004587085451930761
-22.0,123.0,0.00018794232164509594
-22.0,124.0,0.0004208946193102747
-22.0,125.0,0.03984147682785988
-22.0,126.0,1.660326461205841e-06
-22.0,127.0,0.000512497965246439
-22.0,128.0,0.009822975844144821
-22.0,129.0,0.0004494368622545153
-22.0,130.0,0.0010207316372543573
-22.0,131.0,0.005350382067263126
-22.0,132.0,1.0954533536278177e-05
-22.0,133.0,0.000351712602423504
-22.0,134.0,0.0053545827977359295
-22.0,135.0,4.9541937187314034e-05
-22.0,136.0,9.814515942707658e-05
-22.0,137.0,0.0001449328410672024
-22.0,138.0,5.0610728067113087e-05
-22.0,139.0,3.673711762530729e-05
-22.0,140.0,0.0001577883813297376
-22.0,141.0,5.9688205510610715e-05
-22.0,142.0,4.976497621100862e-06
-22.0,143.0,6.34738098597154e-05
-22.0,144.0,0.001387445954605937
-22.0,145.0,0.00010604754788801074
-22.0,146.0,0.00016504718223586679
-22.0,147.0,0.00023362583306152374
-22.0,148.0,2.2620863092015497e-05
-22.0,149.0,0.00020048487931489944
-22.0,150.0,3.7546535168075934e-05
-22.0,151.0,7.084968819981441e-05
-22.0,152.0,0.00018880087009165436
-22.0,153.0,4.539687142823823e-05
-22.0,154.0,0.00013223740097600967
-22.0,155.0,9.004721505334601e-05
-22.0,156.0,2.237891749246046e-05
-22.0,157.0,1.083711686078459e-05
-22.0,158.0,5.061131014372222e-05
-22.0,159.0,4.0619238461658824e-06
-22.0,160.0,2.6290317691746168e-06
-22.0,161.0,2.0365741875139065e-06
-22.0,162.0,3.7261950183165027e-06
-22.0,163.0,1.0187629584379465e-07
-22.0,164.0,3.2849047215677274e-07
-22.0,165.0,5.105708169139689e-06
-22.0,166.0,5.930384516794618e-10
-22.0,167.0,3.3597984838706907e-06
-22.0,168.0,1.7765383830692372e-08
-22.0,169.0,4.297839595324149e-08
-22.0,170.0,1.2605612198512972e-07
-22.0,171.0,2.7593227702737977e-09
-22.0,172.0,7.133179824592162e-09
-22.0,173.0,4.587548403378605e-07
-22.0,174.0,3.5738629833304e-08
-22.0,175.0,1.3428294209916203e-07
-22.0,176.0,7.129523282856098e-07
-22.0,177.0,2.386707933510479e-07
-22.0,178.0,2.241539050373831e-06
-22.0,179.0,5.160077307664324e-06
-22.0,180.0,1.718104977044277e-05
-22.0,-179.0,2.5186935090459883e-05
-22.0,-178.0,5.9072299336548895e-06
-22.0,-177.0,1.2887330740340985e-06
-22.0,-176.0,1.5140941286517773e-05
-22.0,-175.0,1.075574618880637e-05
-22.0,-174.0,1.4605359410779784e-06
-22.0,-173.0,6.929156825208338e-06
-22.0,-172.0,7.241202547447756e-05
-22.0,-171.0,2.332189069420565e-05
-22.0,-170.0,2.4583699996583164e-05
-22.0,-169.0,3.9187827496789396e-05
-22.0,-168.0,2.54674978350522e-05
-22.0,-167.0,7.225702574942261e-05
-22.0,-166.0,5.881333345314488e-05
-22.0,-165.0,2.213603147538379e-05
-22.0,-164.0,7.310754881473258e-06
-22.0,-163.0,9.352264896733686e-06
-22.0,-162.0,4.172080480202567e-06
-22.0,-161.0,9.484951988270041e-07
-22.0,-160.0,3.0930973480280954e-06
-22.0,-159.0,7.316868391171738e-07
-22.0,-158.0,3.917432138678123e-07
-22.0,-157.0,6.093031856835296e-07
-22.0,-156.0,3.2037462460721144e-07
-22.0,-155.0,4.177137782335194e-07
-22.0,-154.0,1.3902338196203345e-06
-22.0,-153.0,5.321293201632216e-07
-22.0,-152.0,8.401727882301202e-07
-22.0,-151.0,4.353914391685976e-06
-22.0,-150.0,1.574133534631983e-06
-22.0,-149.0,2.0964539544365834e-06
-22.0,-148.0,1.685059214651119e-05
-22.0,-147.0,9.261336344934534e-06
-22.0,-146.0,6.364330602082191e-06
-22.0,-145.0,1.3638028576679062e-05
-22.0,-144.0,1.3170971215004101e-05
-22.0,-143.0,1.1096414709754754e-05
-22.0,-142.0,7.993419421836734e-05
-22.0,-141.0,6.093924821470864e-05
-22.0,-140.0,0.00040137258474715054
-22.0,-139.0,0.0009278458310291171
-22.0,-138.0,0.0006150980480015278
-22.0,-137.0,0.0028394944965839386
-22.0,-136.0,0.0034962028730660677
-22.0,-135.0,0.00142354192212224
-22.0,-134.0,0.0018969083903357387
-22.0,-133.0,0.0016481919446960092
-22.0,-132.0,0.005738826934248209
-22.0,-131.0,0.001986979739740491
-22.0,-130.0,0.0075903041288256645
-22.0,-129.0,0.004316183738410473
-22.0,-128.0,0.005950298625975847
-22.0,-127.0,0.002170438412576914
-22.0,-126.0,0.0033180725295096636
-22.0,-125.0,0.0029265317134559155
-22.0,-124.0,0.0065423171035945415
-22.0,-123.0,0.0006234144675545394
-22.0,-122.0,0.0033467141911387444
-22.0,-121.0,0.018930111080408096
-22.0,-120.0,0.00218510115519166
-22.0,-119.0,0.0014206107007339597
-22.0,-118.0,0.004159280098974705
-22.0,-117.0,0.011928760446608067
-22.0,-116.0,0.00607232516631484
-22.0,-115.0,0.015611042268574238
-22.0,-114.0,0.018666785210371017
-22.0,-113.0,0.01151004247367382
-22.0,-112.0,0.025680869817733765
-22.0,-111.0,0.005810140166431665
-22.0,-110.0,0.00572483753785491
-22.0,-109.0,0.017255233600735664
-22.0,-108.0,0.013051399029791355
-22.0,-107.0,0.00914997048676014
-22.0,-106.0,0.03445643559098244
-22.0,-105.0,0.03372408077120781
-22.0,-104.0,0.03110715001821518
-22.0,-103.0,0.04455532506108284
-22.0,-102.0,0.04568730294704437
-22.0,-101.0,0.03272915631532669
-22.0,-100.0,0.008608256466686726
-22.0,-99.0,0.011120418086647987
-22.0,-98.0,0.00923497136682272
-22.0,-97.0,0.007339855656027794
-22.0,-96.0,0.007496763952076435
-22.0,-95.0,0.01208188571035862
-22.0,-94.0,0.006654634140431881
-22.0,-93.0,0.0034555227030068636
-22.0,-92.0,0.003360057482495904
-22.0,-91.0,0.005564054008573294
-22.0,-90.0,0.003601240925490856
-22.0,-89.0,0.0012765075080096722
-22.0,-88.0,0.0003027409838978201
-22.0,-87.0,0.0005951271159574389
-22.0,-86.0,4.001539127784781e-05
-22.0,-85.0,1.034156321111368e-05
-22.0,-84.0,9.219552157446742e-05
-22.0,-83.0,1.6312036677845754e-05
-22.0,-82.0,3.645717697509099e-06
-22.0,-81.0,9.170459088636562e-05
-22.0,-80.0,4.8544203309575096e-05
-22.0,-79.0,0.0002627684152685106
-22.0,-78.0,0.0006693695904687047
-22.0,-77.0,0.00010805812053149566
-22.0,-76.0,0.0016270524356514215
-22.0,-75.0,0.000338285492034629
-22.0,-74.0,0.0010859398171305656
-22.0,-73.0,0.012797337025403976
-22.0,-72.0,0.012114016339182854
-22.0,-71.0,0.0031144709791988134
-22.0,-70.0,0.06630448997020721
-22.0,-69.0,0.024667976424098015
-22.0,-68.0,0.01113251131027937
-22.0,-67.0,0.00206928513944149
-22.0,-66.0,0.0437694750726223
-22.0,-65.0,0.0203799270093441
-22.0,-64.0,0.04041748866438866
-22.0,-63.0,0.1296243965625763
-22.0,-62.0,0.07423189282417297
-22.0,-61.0,0.056854248046875
-22.0,-60.0,0.02883964776992798
-22.0,-59.0,0.002820383058860898
-22.0,-58.0,0.017472656443715096
-22.0,-57.0,0.004167455248534679
-22.0,-56.0,0.003952824976295233
-22.0,-55.0,0.011981312185525894
-22.0,-54.0,0.08273099362850189
-22.0,-53.0,0.02216450124979019
-22.0,-52.0,0.0011609807843342423
-22.0,-51.0,0.008264778181910515
-22.0,-50.0,0.02643042430281639
-22.0,-49.0,0.0003758557722903788
-22.0,-48.0,0.00028700343682430685
-22.0,-47.0,0.00016386374772991985
-22.0,-46.0,6.149406544864178e-05
-22.0,-45.0,7.424313662340865e-05
-22.0,-44.0,5.531790520763025e-05
-22.0,-43.0,0.00021898724662605673
-22.0,-42.0,0.00027779408264905214
-22.0,-41.0,0.0002048808673862368
-22.0,-40.0,0.0006198584451340139
-22.0,-39.0,0.0017054681666195393
-22.0,-38.0,0.0017760543851181865
-22.0,-37.0,0.0017542403656989336
-22.0,-36.0,0.002421936485916376
-22.0,-35.0,0.0009274791227653623
-22.0,-34.0,0.00011820425424957648
-22.0,-33.0,0.0001912318984977901
-22.0,-32.0,0.00011344642553012818
-22.0,-31.0,0.0004661614657379687
-22.0,-30.0,0.00037201528903096914
-22.0,-29.0,0.0003804288571700454
-22.0,-28.0,0.01806635409593582
-22.0,-27.0,0.0002483669377397746
-22.0,-26.0,0.00020247434440534562
-22.0,-25.0,0.0017968991305679083
-22.0,-24.0,0.0006575628067366779
-22.0,-23.0,0.000356974866008386
-22.0,-22.0,0.0007965697441250086
-22.0,-21.0,0.0004806968499906361
-22.0,-20.0,8.91751769813709e-05
-22.0,-19.0,0.00028168526478111744
-22.0,-18.0,0.0005018645897507668
-22.0,-17.0,0.0006184941157698631
-22.0,-16.0,0.0009221112122759223
-22.0,-15.0,0.0004279613494873047
-22.0,-14.0,0.003630887484177947
-22.0,-13.0,0.002055562101304531
-22.0,-12.0,0.0006948201335035264
-22.0,-11.0,0.0013790158554911613
-22.0,-10.0,0.0012520928867161274
-22.0,-9.0,0.000516567612066865
-22.0,-8.0,0.0007775938138365746
-22.0,-7.0,3.0208695534383878e-05
-22.0,-6.0,3.69443696399685e-05
-22.0,-5.0,9.718592082208488e-06
-22.0,-4.0,2.315736537639168e-06
-22.0,-3.0,7.520548933825921e-06
-22.0,-2.0,0.00022199071827344596
-22.0,-1.0,0.0001056450346368365
-21.0,0.0,0.00040561225614510477
-21.0,1.0,0.10098139196634293
-21.0,2.0,0.020459521561861038
-21.0,3.0,7.174420170485973e-05
-21.0,4.0,0.0005191489472053945
-21.0,5.0,0.02164309099316597
-21.0,6.0,0.024816352874040604
-21.0,7.0,0.0534389466047287
-21.0,8.0,0.004749216604977846
-21.0,9.0,0.00012967409566044807
-21.0,10.0,0.005615313537418842
-21.0,11.0,0.00029096752405166626
-21.0,12.0,1.8910823200712912e-05
-21.0,13.0,1.041761424858123e-05
-21.0,14.0,4.662988885684172e-06
-21.0,15.0,9.777407967703766e-07
-21.0,16.0,9.835362106969114e-07
-21.0,17.0,7.652058116036642e-07
-21.0,18.0,4.1283743712483556e-07
-21.0,19.0,1.149489344243193e-05
-21.0,20.0,5.597078711616632e-07
-21.0,21.0,4.9144699005410075e-05
-21.0,22.0,6.502612086478621e-05
-21.0,23.0,5.632550255540991e-06
-21.0,24.0,3.437043778831139e-05
-21.0,25.0,3.4774311643559486e-05
-21.0,26.0,2.7019757908419706e-05
-21.0,27.0,0.0033442112617194653
-21.0,28.0,0.0005233515403233469
-21.0,29.0,0.0006847231998108327
-21.0,30.0,0.005787381436675787
-21.0,31.0,0.008940467610955238
-21.0,32.0,0.001982067944481969
-21.0,33.0,0.006297542713582516
-21.0,34.0,0.02071349509060383
-21.0,35.0,0.011172834783792496
-21.0,36.0,0.004744742531329393
-21.0,37.0,0.04596811160445213
-21.0,38.0,0.035021524876356125
-21.0,39.0,0.011133567430078983
-21.0,40.0,0.013410338200628757
-21.0,41.0,0.07792747765779495
-21.0,42.0,0.0509650781750679
-21.0,43.0,0.001937124296091497
-21.0,44.0,0.02454899437725544
-21.0,45.0,0.0018142428016290069
-21.0,46.0,0.0008983295410871506
-21.0,47.0,0.005572725087404251
-21.0,48.0,0.001585530349984765
-21.0,49.0,0.0024699855130165815
-21.0,50.0,0.005076507572084665
-21.0,51.0,0.001990590477362275
-21.0,52.0,0.0018482228042557836
-21.0,53.0,0.007475477177649736
-21.0,54.0,0.0008820506045594811
-21.0,55.0,0.0016641810070723295
-21.0,56.0,0.0080923056229949
-21.0,57.0,0.00513264536857605
-21.0,58.0,0.0033360873349010944
-21.0,59.0,0.0037133870646357536
-21.0,60.0,0.007300659082829952
-21.0,61.0,0.003101387294009328
-21.0,62.0,0.0019460836192592978
-21.0,63.0,0.002587344264611602
-21.0,64.0,0.0012930766679346561
-21.0,65.0,0.00038554042112082243
-21.0,66.0,0.0006822810973972082
-21.0,67.0,0.0006358920363709331
-21.0,68.0,0.00021120780729688704
-21.0,69.0,0.0007061773794703186
-21.0,70.0,0.00042086379835382104
-21.0,71.0,5.9334361139917746e-05
-21.0,72.0,8.224957127822563e-05
-21.0,73.0,2.0998670152039267e-05
-21.0,74.0,1.1726582670235075e-05
-21.0,75.0,4.530070327746216e-06
-21.0,76.0,3.6536432617140235e-06
-21.0,77.0,1.6835275573612307e-06
-21.0,78.0,7.882321142460569e-07
-21.0,79.0,1.402445036546851e-06
-21.0,80.0,1.2040874253216316e-06
-21.0,81.0,6.529758707074507e-07
-21.0,82.0,1.2074427786501474e-06
-21.0,83.0,7.53856170376821e-07
-21.0,84.0,6.760669180039258e-07
-21.0,85.0,3.7292235788299877e-07
-21.0,86.0,4.87461591092142e-07
-21.0,87.0,7.820958103366138e-07
-21.0,88.0,3.361732865414524e-07
-21.0,89.0,1.2243222045071889e-06
-21.0,90.0,9.168143151327968e-07
-21.0,91.0,8.301247476083518e-07
-21.0,92.0,1.8073826595355058e-06
-21.0,93.0,3.3586707104404923e-06
-21.0,94.0,1.7231419633390033e-06
-21.0,95.0,1.2215546121296939e-05
-21.0,96.0,4.601536056725308e-05
-21.0,97.0,0.00024989829398691654
-21.0,98.0,0.00030256033642217517
-21.0,99.0,0.0003403545415494591
-21.0,100.0,0.001225507352501154
-21.0,101.0,0.004238689783960581
-21.0,102.0,0.0013244181172922254
-21.0,103.0,0.0011321374913677573
-21.0,104.0,0.0014065612340345979
-21.0,105.0,0.005636921618133783
-21.0,106.0,0.004373710602521896
-21.0,107.0,0.0004209309699945152
-21.0,108.0,0.005329611245542765
-21.0,109.0,0.006711335387080908
-21.0,110.0,0.0007722316076979041
-21.0,111.0,0.0037746012676507235
-21.0,112.0,0.01998613215982914
-21.0,113.0,0.004904536996036768
-21.0,114.0,0.003323080250993371
-21.0,115.0,0.0211297869682312
-21.0,116.0,0.0028599370270967484
-21.0,117.0,0.0010071481810882688
-21.0,118.0,0.021730318665504456
-21.0,119.0,0.012184894643723965
-21.0,120.0,0.013883441686630249
-21.0,121.0,0.04008932411670685
-21.0,122.0,0.019862042739987373
-21.0,123.0,0.0023105896543711424
-21.0,124.0,0.00032646284671500325
-21.0,125.0,0.04427596554160118
-21.0,126.0,0.004130965564399958
-21.0,127.0,0.0017160141142085195
-21.0,128.0,0.005884096957743168
-21.0,129.0,0.0015117272268980742
-21.0,130.0,0.0014827492414042354
-21.0,131.0,0.004910771735012531
-21.0,132.0,0.0002521251735743135
-21.0,133.0,1.3578154494098271e-06
-21.0,134.0,0.002274294849485159
-21.0,135.0,0.000549318443518132
-21.0,136.0,3.7076119042467326e-05
-21.0,137.0,0.0016094108577817678
-21.0,138.0,0.00034365037572570145
-21.0,139.0,9.163334470940754e-05
-21.0,140.0,0.00029410290881060064
-21.0,141.0,0.0004685908497776836
-21.0,142.0,0.0017316112061962485
-21.0,143.0,0.0008050512406043708
-21.0,144.0,0.003965913318097591
-21.0,145.0,0.031059447675943375
-21.0,146.0,0.0009338163654319942
-21.0,147.0,0.0017352632712572813
-21.0,148.0,0.003134399186819792
-21.0,149.0,0.002358729252591729
-21.0,150.0,0.0030008514877408743
-21.0,151.0,0.000550727650988847
-21.0,152.0,0.0006605772068724036
-21.0,153.0,0.00016864856297615916
-21.0,154.0,0.0024142656475305557
-21.0,155.0,9.560945181874558e-05
-21.0,156.0,0.00013519964704755694
-21.0,157.0,9.168325777864084e-05
-21.0,158.0,1.1408802492951509e-05
-21.0,159.0,7.133393228286877e-05
-21.0,160.0,1.2566135410452262e-05
-21.0,161.0,1.3346498235478066e-06
-21.0,162.0,2.2709070890414296e-06
-21.0,163.0,2.403196731393109e-06
-21.0,164.0,1.2149926078564022e-06
-21.0,165.0,6.858515178009839e-08
-21.0,166.0,1.0802684613508973e-07
-21.0,167.0,1.37397776711623e-07
-21.0,168.0,1.1636257823965934e-07
-21.0,169.0,2.683857189822447e-07
-21.0,170.0,1.829449480794665e-08
-21.0,171.0,3.9748439206732655e-08
-21.0,172.0,2.8500165782929798e-08
-21.0,173.0,5.176249118221676e-08
-21.0,174.0,1.1639893955361913e-06
-21.0,175.0,2.901540483435383e-07
-21.0,176.0,5.272053726912418e-07
-21.0,177.0,4.9737504923541564e-06
-21.0,178.0,1.5856712707318366e-05
-21.0,179.0,1.4369424206961412e-05
-21.0,180.0,1.3011855116928928e-05
-21.0,-179.0,1.1321249075990636e-05
-21.0,-178.0,1.6115787730086595e-05
-21.0,-177.0,5.70949805478449e-06
-21.0,-176.0,6.71606676405645e-06
-21.0,-175.0,1.4561200259777252e-05
-21.0,-174.0,2.0352363208075985e-06
-21.0,-173.0,2.9292175440787105e-06
-21.0,-172.0,7.828697562217712e-06
-21.0,-171.0,1.920777685882058e-05
-21.0,-170.0,1.194472406496061e-05
-21.0,-169.0,6.272291557252174e-06
-21.0,-168.0,4.107397035113536e-05
-21.0,-167.0,4.2322459194110706e-05
-21.0,-166.0,3.571648630895652e-05
-21.0,-165.0,1.9049635739065707e-05
-21.0,-164.0,1.859670373960398e-05
-21.0,-163.0,8.676188372191973e-06
-21.0,-162.0,1.2307197039262974e-06
-21.0,-161.0,2.3647837679163786e-06
-21.0,-160.0,1.3386919590629986e-06
-21.0,-159.0,2.327841457372415e-06
-21.0,-158.0,3.6931942304363474e-06
-21.0,-157.0,7.4463778219069354e-06
-21.0,-156.0,1.781146124812949e-06
-21.0,-155.0,2.3418094770022435e-06
-21.0,-154.0,4.458056537259836e-06
-21.0,-153.0,2.937240424216725e-06
-21.0,-152.0,9.334408787253778e-06
-21.0,-151.0,9.701479029899929e-06
-21.0,-150.0,3.141269871775876e-06
-21.0,-149.0,8.470107786706649e-06
-21.0,-148.0,9.566333574184682e-06
-21.0,-147.0,3.769737304537557e-06
-21.0,-146.0,1.6032119674491696e-05
-21.0,-145.0,5.093454456073232e-05
-21.0,-144.0,1.5633300790796056e-05
-21.0,-143.0,0.00036939833080396056
-21.0,-142.0,3.928672231268138e-05
-21.0,-141.0,5.522587161976844e-05
-21.0,-140.0,0.0034260808024555445
-21.0,-139.0,0.0003880986769217998
-21.0,-138.0,0.0004417003074195236
-21.0,-137.0,0.0030750201549381018
-21.0,-136.0,0.0036435923539102077
-21.0,-135.0,0.003859291784465313
-21.0,-134.0,0.006356037221848965
-21.0,-133.0,0.011868171393871307
-21.0,-132.0,0.01285426877439022
-21.0,-131.0,0.005504840053617954
-21.0,-130.0,0.0062791733071208
-21.0,-129.0,0.023236636072397232
-21.0,-128.0,0.005229749251157045
-21.0,-127.0,0.00990934669971466
-21.0,-126.0,0.0062385983765125275
-21.0,-125.0,0.0008472019690088928
-21.0,-124.0,0.002172960666939616
-21.0,-123.0,0.01847158372402191
-21.0,-122.0,0.002437349408864975
-21.0,-121.0,0.0010024408111348748
-21.0,-120.0,0.0020012769382447004
-21.0,-119.0,0.0012040483998134732
-21.0,-118.0,0.0067421975545585155
-21.0,-117.0,0.00171741156373173
-21.0,-116.0,0.0009697088971734047
-21.0,-115.0,0.002404178027063608
-21.0,-114.0,0.006814027205109596
-21.0,-113.0,0.005124910734593868
-21.0,-112.0,0.007047405932098627
-21.0,-111.0,0.004603227134793997
-21.0,-110.0,0.0049500311724841595
-21.0,-109.0,0.01605888083577156
-21.0,-108.0,0.030500557273626328
-21.0,-107.0,0.032281871885061264
-21.0,-106.0,0.03984764218330383
-21.0,-105.0,0.03989185020327568
-21.0,-104.0,0.03797232359647751
-21.0,-103.0,0.029420072212815285
-21.0,-102.0,0.018900565803050995
-21.0,-101.0,0.013585439883172512
-21.0,-100.0,0.019733520224690437
-21.0,-99.0,0.00666529918089509
-21.0,-98.0,0.011167189106345177
-21.0,-97.0,0.008685870096087456
-21.0,-96.0,0.003572009038180113
-21.0,-95.0,0.005676928907632828
-21.0,-94.0,0.004141432698816061
-21.0,-93.0,0.0033994512632489204
-21.0,-92.0,0.0056594363413751125
-21.0,-91.0,0.003353941021487117
-21.0,-90.0,0.002298243110999465
-21.0,-89.0,0.0029117974918335676
-21.0,-88.0,0.0015386875020340085
-21.0,-87.0,0.0041788555681705475
-21.0,-86.0,0.0006591583951376379
-21.0,-85.0,0.0001937890046974644
-21.0,-84.0,0.0001880638737929985
-21.0,-83.0,7.739088323432952e-05
-21.0,-82.0,9.247384878108278e-05
-21.0,-81.0,0.010690130293369293
-21.0,-80.0,0.003075749846175313
-21.0,-79.0,0.00039806714630685747
-21.0,-78.0,0.0010244400473311543
-21.0,-77.0,0.0913112610578537
-21.0,-76.0,0.009363454766571522
-21.0,-75.0,0.027967555448412895
-21.0,-74.0,0.45354607701301575
-21.0,-73.0,0.027484528720378876
-21.0,-72.0,0.022822897881269455
-21.0,-71.0,0.04450554400682449
-21.0,-70.0,0.013322858139872551
-21.0,-69.0,0.005561980418860912
-21.0,-68.0,0.0034164267126470804
-21.0,-67.0,0.04625258222222328
-21.0,-66.0,0.19148150086402893
-21.0,-65.0,0.010200919583439827
-21.0,-64.0,0.015899116173386574
-21.0,-63.0,0.04540063440799713
-21.0,-62.0,0.05953873693943024
-21.0,-61.0,0.16536547243595123
-21.0,-60.0,0.15950047969818115
-21.0,-59.0,0.006460728123784065
-21.0,-58.0,0.11531057208776474
-21.0,-57.0,0.01619715616106987
-21.0,-56.0,0.007732698228210211
-21.0,-55.0,0.020392240956425667
-21.0,-54.0,0.031206468120217323
-21.0,-53.0,0.5483353137969971
-21.0,-52.0,0.018699603155255318
-21.0,-51.0,0.011900014244019985
-21.0,-50.0,0.06953270733356476
-21.0,-49.0,0.00039543324965052307
-21.0,-48.0,0.0022365895565599203
-21.0,-47.0,0.00020778954785782844
-21.0,-46.0,1.2340069588390179e-05
-21.0,-45.0,0.00012140890612499788
-21.0,-44.0,6.489347924798494e-06
-21.0,-43.0,8.681791769049596e-06
-21.0,-42.0,0.0001303096069023013
-21.0,-41.0,0.0002100386336678639
-21.0,-40.0,4.914432793157175e-05
-21.0,-39.0,0.00018464999448042363
-21.0,-38.0,0.0003135342267341912
-21.0,-37.0,0.0003265911072958261
-21.0,-36.0,0.0007475451566278934
-21.0,-35.0,0.002631393726915121
-21.0,-34.0,0.0007763655157759786
-21.0,-33.0,0.00046790551277808845
-21.0,-32.0,0.00048485762090422213
-21.0,-31.0,0.00032903251121751964
-21.0,-30.0,0.00013168588338885456
-21.0,-29.0,0.01208637747913599
-21.0,-28.0,0.0043596490286290646
-21.0,-27.0,9.98509640339762e-05
-21.0,-26.0,0.0015584276989102364
-21.0,-25.0,0.00023302162298932672
-21.0,-24.0,0.0006390957860276103
-21.0,-23.0,0.003921648021787405
-21.0,-22.0,0.0004500171053223312
-21.0,-21.0,0.001277908799238503
-21.0,-20.0,0.0011304094223305583
-21.0,-19.0,0.0012235856847837567
-21.0,-18.0,0.0005935036460869014
-21.0,-17.0,0.0009455046965740621
-21.0,-16.0,0.0016175906639546156
-21.0,-15.0,0.0005988357588648796
-21.0,-14.0,0.000625627813860774
-21.0,-13.0,0.002789603779092431
-21.0,-12.0,0.00037278461968526244
-21.0,-11.0,0.0002969536872114986
-21.0,-10.0,0.0013798263389617205
-21.0,-9.0,0.0002873377234209329
-21.0,-8.0,4.644662112696096e-05
-21.0,-7.0,0.00016242402489297092
-21.0,-6.0,0.00015736211207695305
-21.0,-5.0,1.4699243365612347e-05
-21.0,-4.0,5.743391011492349e-05
-21.0,-3.0,5.929483086219989e-05
-21.0,-2.0,0.0001982085668714717
-21.0,-1.0,5.1927203458035365e-05
-20.0,0.0,0.0003834407252725214
-20.0,1.0,0.00013470358680933714
-20.0,2.0,0.006088304333388805
-20.0,3.0,3.5482611565385014e-05
-20.0,4.0,0.0005409156437963247
-20.0,5.0,0.05222285911440849
-20.0,6.0,0.039810359477996826
-20.0,7.0,0.008260910399258137
-20.0,8.0,0.0011469692690297961
-20.0,9.0,0.001695554587058723
-20.0,10.0,0.0002738952753134072
-20.0,11.0,2.776298060780391e-05
-20.0,12.0,3.3713684388203546e-05
-20.0,13.0,1.5668749256292358e-05
-20.0,14.0,1.9650315152830444e-06
-20.0,15.0,1.6322754845532472e-06
-20.0,16.0,3.984179784310982e-06
-20.0,17.0,2.6134757717954926e-06
-20.0,18.0,1.7383866861564456e-06
-20.0,19.0,7.290514622582123e-05
-20.0,20.0,1.9402814359636977e-06
-20.0,21.0,1.3257546925160568e-05
-20.0,22.0,4.833029834117042e-06
-20.0,23.0,4.508766141952947e-05
-20.0,24.0,5.866020001121797e-05
-20.0,25.0,0.00025527935940772295
-20.0,26.0,0.00016536633484065533
-20.0,27.0,1.751987474563066e-05
-20.0,28.0,0.00014455604832619429
-20.0,29.0,0.0008229895611293614
-20.0,30.0,0.0015929199289530516
-20.0,31.0,0.012319518253207207
-20.0,32.0,0.007891752757132053
-20.0,33.0,0.01623726449906826
-20.0,34.0,0.03356969729065895
-20.0,35.0,0.027736248448491096
-20.0,36.0,0.003704485483467579
-20.0,37.0,0.08199697732925415
-20.0,38.0,0.032281458377838135
-20.0,39.0,0.014013782143592834
-20.0,40.0,0.016208460554480553
-20.0,41.0,0.03142349794507027
-20.0,42.0,0.008054638281464577
-20.0,43.0,0.003709532553330064
-20.0,44.0,0.005481330212205648
-20.0,45.0,0.0018096037674695253
-20.0,46.0,0.005639463663101196
-20.0,47.0,0.0019528870470821857
-20.0,48.0,0.002147840103134513
-20.0,49.0,0.01002319436520338
-20.0,50.0,0.0003698104410432279
-20.0,51.0,0.0008561676950193942
-20.0,52.0,0.003985370974987745
-20.0,53.0,0.0012232483131811023
-20.0,54.0,0.0010877081658691168
-20.0,55.0,0.008816453628242016
-20.0,56.0,0.0012809827458113432
-20.0,57.0,0.003260845085605979
-20.0,58.0,0.0016994576435536146
-20.0,59.0,0.0005522307474166155
-20.0,60.0,0.0006668557762168348
-20.0,61.0,0.0008466201834380627
-20.0,62.0,0.000353746727341786
-20.0,63.0,0.0014557905960828066
-20.0,64.0,0.002148999599739909
-20.0,65.0,0.00012369026080705225
-20.0,66.0,0.0005603816243819892
-20.0,67.0,0.0008741915225982666
-20.0,68.0,0.00023853966558817774
-20.0,69.0,0.0003242561942897737
-20.0,70.0,0.0003510339302010834
-20.0,71.0,2.9219801945146173e-05
-20.0,72.0,3.528968954924494e-05
-20.0,73.0,2.832547397702001e-05
-20.0,74.0,5.90826630286756e-06
-20.0,75.0,4.0481490941601805e-06
-20.0,76.0,2.315787241968792e-06
-20.0,77.0,4.3567825969148544e-07
-20.0,78.0,2.410307047284732e-07
-20.0,79.0,1.2741248838210595e-06
-20.0,80.0,5.798202664664132e-07
-20.0,81.0,2.388889583926357e-07
-20.0,82.0,8.505492701260664e-07
-20.0,83.0,1.0867240689549362e-06
-20.0,84.0,3.803838808380533e-07
-20.0,85.0,4.239662132476951e-07
-20.0,86.0,2.433301062865212e-07
-20.0,87.0,2.2754979056571756e-07
-20.0,88.0,1.0256586620016606e-06
-20.0,89.0,8.733799177207402e-07
-20.0,90.0,1.8358394981987658e-06
-20.0,91.0,3.118884706054814e-06
-20.0,92.0,4.100850219401764e-06
-20.0,93.0,5.433586011349689e-06
-20.0,94.0,2.0578570911311544e-05
-20.0,95.0,2.6283318220521323e-05
-20.0,96.0,0.00022006098879501224
-20.0,97.0,0.0003447054186835885
-20.0,98.0,0.0005989927449263632
-20.0,99.0,0.0010581531096249819
-20.0,100.0,0.00028969647246412933
-20.0,101.0,0.0018938954453915358
-20.0,102.0,0.0031413768883794546
-20.0,103.0,0.0025386549532413483
-20.0,104.0,0.0005721938796341419
-20.0,105.0,0.0009600120829418302
-20.0,106.0,0.00021587694936897606
-20.0,107.0,0.00015594948490615934
-20.0,108.0,0.002577968407422304
-20.0,109.0,0.0018580183386802673
-20.0,110.0,0.0003293743066024035
-20.0,111.0,0.0018842099234461784
-20.0,112.0,0.001204062718898058
-20.0,113.0,0.00029046530835330486
-20.0,114.0,0.0058555398136377335
-20.0,115.0,0.0008671485702507198
-20.0,116.0,0.004876206628978252
-20.0,117.0,0.0012384522706270218
-20.0,118.0,0.011491453275084496
-20.0,119.0,0.017986159771680832
-20.0,120.0,0.0006440234137699008
-20.0,121.0,0.12446756660938263
-20.0,122.0,0.07244443893432617
-20.0,123.0,3.6765508411917835e-05
-20.0,124.0,0.5584485530853271
-20.0,125.0,0.004019191954284906
-20.0,126.0,0.0019593671895563602
-20.0,127.0,0.04597974941134453
-20.0,128.0,0.0051922244019806385
-20.0,129.0,0.0006760357646271586
-20.0,130.0,0.002275309758260846
-20.0,131.0,0.0005598216084763408
-20.0,132.0,0.00042346795089542866
-20.0,133.0,0.017285501584410667
-20.0,134.0,8.818914648145437e-05
-20.0,135.0,6.250059232115746e-05
-20.0,136.0,0.0018988901283591986
-20.0,137.0,0.0005893121706321836
-20.0,138.0,6.05682835157495e-05
-20.0,139.0,5.464094283524901e-05
-20.0,140.0,0.0006548860110342503
-20.0,141.0,0.0060999407432973385
-20.0,142.0,0.0006142840138636529
-20.0,143.0,0.0002651380200404674
-20.0,144.0,0.01048487052321434
-20.0,145.0,0.000989195192232728
-20.0,146.0,7.684800948482007e-05
-20.0,147.0,0.013058734126389027
-20.0,148.0,0.0014930882025510073
-20.0,149.0,0.0011273161508142948
-20.0,150.0,0.009881568141281605
-20.0,151.0,0.005450318567454815
-20.0,152.0,0.0013262407155707479
-20.0,153.0,0.00018251169240102172
-20.0,154.0,7.815655408194289e-05
-20.0,155.0,5.8354446082375944e-05
-20.0,156.0,1.1926876140933018e-05
-20.0,157.0,4.4424286897992715e-05
-20.0,158.0,3.2524243579246104e-05
-20.0,159.0,7.857119271648116e-06
-20.0,160.0,1.622999661776703e-05
-20.0,161.0,2.9622387955896556e-05
-20.0,162.0,1.0058255611511413e-05
-20.0,163.0,3.3611658523113874e-07
-20.0,164.0,1.264992874894233e-07
-20.0,165.0,1.438375107909451e-07
-20.0,166.0,2.5275383563894138e-08
-20.0,167.0,3.445423502057565e-08
-20.0,168.0,6.450288196901965e-07
-20.0,169.0,3.00212207093864e-07
-20.0,170.0,7.206493179978679e-09
-20.0,171.0,3.6180324514134554e-08
-20.0,172.0,2.1544391870520485e-07
-20.0,173.0,1.861329792518518e-07
-20.0,174.0,3.7604371527777403e-07
-20.0,175.0,3.5776390632236144e-06
-20.0,176.0,1.337837034043332e-06
-20.0,177.0,4.3487684706633445e-06
-20.0,178.0,2.0514340576482937e-05
-20.0,179.0,5.8757441365742125e-06
-20.0,180.0,4.418544267537072e-05
-20.0,-179.0,7.296393505384913e-06
-20.0,-178.0,3.90678405892686e-06
-20.0,-177.0,1.2647286894207355e-05
-20.0,-176.0,4.440841621544678e-06
-20.0,-175.0,1.1349561646056827e-05
-20.0,-174.0,1.4164726053422783e-05
-20.0,-173.0,3.5625052987597883e-06
-20.0,-172.0,6.253656465560198e-06
-20.0,-171.0,4.643090505851433e-06
-20.0,-170.0,4.1811777009570505e-06
-20.0,-169.0,2.1560275854426436e-05
-20.0,-168.0,1.3632085938297678e-05
-20.0,-167.0,8.78056016517803e-06
-20.0,-166.0,2.1330564777599648e-05
-20.0,-165.0,4.749944309878629e-06
-20.0,-164.0,1.917149802466156e-06
-20.0,-163.0,1.4418004639082938e-06
-20.0,-162.0,9.573128636475303e-07
-20.0,-161.0,1.5749503745610127e-06
-20.0,-160.0,3.228866034987732e-06
-20.0,-159.0,1.9283536403236212e-06
-20.0,-158.0,1.493989884693292e-06
-20.0,-157.0,2.4474516067130025e-06
-20.0,-156.0,1.0290457339579007e-06
-20.0,-155.0,2.341034587516333e-06
-20.0,-154.0,1.6555294450881775e-06
-20.0,-153.0,1.6115982361952774e-06
-20.0,-152.0,3.7345444070524536e-06
-20.0,-151.0,6.6432307903596666e-06
-20.0,-150.0,9.381010386277921e-06
-20.0,-149.0,4.94197274747421e-06
-20.0,-148.0,2.164172428820166e-06
-20.0,-147.0,4.166728103882633e-06
-20.0,-146.0,1.016553596855374e-05
-20.0,-145.0,1.3422855772660114e-05
-20.0,-144.0,7.948958227643743e-05
-20.0,-143.0,2.7839812901220284e-05
-20.0,-142.0,1.90591745194979e-05
-20.0,-141.0,0.00034979108022525907
-20.0,-140.0,0.00029125006403774023
-20.0,-139.0,0.00019073548901360482
-20.0,-138.0,0.00403116038069129
-20.0,-137.0,0.002775375498458743
-20.0,-136.0,0.0007052479195408523
-20.0,-135.0,0.009829276241362095
-20.0,-134.0,0.006257122382521629
-20.0,-133.0,0.003095033811405301
-20.0,-132.0,0.0018270515138283372
-20.0,-131.0,0.01614725962281227
-20.0,-130.0,0.009790484793484211
-20.0,-129.0,0.005996380932629108
-20.0,-128.0,0.013899927958846092
-20.0,-127.0,0.006836391985416412
-20.0,-126.0,0.0028376334812492132
-20.0,-125.0,0.0009346530423499644
-20.0,-124.0,0.0005291469860821962
-20.0,-123.0,0.002179464092478156
-20.0,-122.0,0.0006162963109090924
-20.0,-121.0,0.0004197524976916611
-20.0,-120.0,0.0014372954610735178
-20.0,-119.0,0.0012600907357409596
-20.0,-118.0,0.0006453951355069876
-20.0,-117.0,0.0011723963543772697
-20.0,-116.0,0.0006462922901846468
-20.0,-115.0,0.0016606766730546951
-20.0,-114.0,0.001554307178594172
-20.0,-113.0,0.006868700962513685
-20.0,-112.0,0.008793490007519722
-20.0,-111.0,0.009272156283259392
-20.0,-110.0,0.022686131298542023
-20.0,-109.0,0.018988240510225296
-20.0,-108.0,0.01885741576552391
-20.0,-107.0,0.02330375276505947
-20.0,-106.0,0.04796752706170082
-20.0,-105.0,0.0262858048081398
-20.0,-104.0,0.0056992159225046635
-20.0,-103.0,0.014679517596960068
-20.0,-102.0,0.02557941898703575
-20.0,-101.0,0.009054926224052906
-20.0,-100.0,0.007397308014333248
-20.0,-99.0,0.012014145962893963
-20.0,-98.0,0.007870392873883247
-20.0,-97.0,0.008200612850487232
-20.0,-96.0,0.007166529539972544
-20.0,-95.0,0.0035398819018155336
-20.0,-94.0,0.005102884490042925
-20.0,-93.0,0.007749128621071577
-20.0,-92.0,0.0049996813759207726
-20.0,-91.0,0.0028949689585715532
-20.0,-90.0,0.00594673166051507
-20.0,-89.0,0.0028419476002454758
-20.0,-88.0,0.0020503902342170477
-20.0,-87.0,0.00029790704138576984
-20.0,-86.0,1.8362459741183557e-05
-20.0,-85.0,9.997854067478329e-05
-20.0,-84.0,0.00019670184701681137
-20.0,-83.0,0.0010722236474975944
-20.0,-82.0,0.00027653545839712024
-20.0,-81.0,0.002640825230628252
-20.0,-80.0,0.018402164801955223
-20.0,-79.0,0.008081206120550632
-20.0,-78.0,0.0008717194432392716
-20.0,-77.0,0.06808847934007645
-20.0,-76.0,0.0023940838873386383
-20.0,-75.0,0.006612012628465891
-20.0,-74.0,0.00977467279881239
-20.0,-73.0,0.011523418128490448
-20.0,-72.0,0.014711842872202396
-20.0,-71.0,0.15157915651798248
-20.0,-70.0,0.027582155540585518
-20.0,-69.0,0.015224318020045757
-20.0,-68.0,0.002116237999871373
-20.0,-67.0,0.02772195264697075
-20.0,-66.0,0.001746123656630516
-20.0,-65.0,0.24774377048015594
-20.0,-64.0,0.12146984040737152
-20.0,-63.0,0.08863642811775208
-20.0,-62.0,0.027539417147636414
-20.0,-61.0,0.44362667202949524
-20.0,-60.0,0.03110668808221817
-20.0,-59.0,0.009359457530081272
-20.0,-58.0,0.26803454756736755
-20.0,-57.0,0.0025935894809663296
-20.0,-56.0,0.026994071900844574
-20.0,-55.0,0.04397938773036003
-20.0,-54.0,0.014767303131520748
-20.0,-53.0,0.026554465293884277
-20.0,-52.0,0.08731625229120255
-20.0,-51.0,0.0034705717116594315
-20.0,-50.0,0.014384214766323566
-20.0,-49.0,0.007559823803603649
-20.0,-48.0,0.00024029461201280355
-20.0,-47.0,0.015860723331570625
-20.0,-46.0,0.00021472574735525995
-20.0,-45.0,5.542425424209796e-05
-20.0,-44.0,4.011913188151084e-05
-20.0,-43.0,1.1894606359419413e-05
-20.0,-42.0,4.8555222747381777e-05
-20.0,-41.0,3.13750933855772e-05
-20.0,-40.0,1.708073978079483e-05
-20.0,-39.0,2.617186510178726e-05
-20.0,-38.0,6.47187844151631e-05
-20.0,-37.0,4.807577352039516e-05
-20.0,-36.0,0.0002572282974142581
-20.0,-35.0,0.00020223278261255473
-20.0,-34.0,5.398335360951023e-06
-20.0,-33.0,0.000163395976414904
-20.0,-32.0,0.00011497644300106913
-20.0,-31.0,8.634116966277361e-06
-20.0,-30.0,0.00024027834297157824
-20.0,-29.0,0.006532564293593168
-20.0,-28.0,0.0005313387373462319
-20.0,-27.0,0.003319550771266222
-20.0,-26.0,0.0014617270790040493
-20.0,-25.0,0.0017242629546672106
-20.0,-24.0,0.009463056921958923
-20.0,-23.0,0.0012626679381355643
-20.0,-22.0,0.014626936055719852
-20.0,-21.0,0.0033930370118469
-20.0,-20.0,0.003856680355966091
-20.0,-19.0,0.0038085496053099632
-20.0,-18.0,0.013308405876159668
-20.0,-17.0,0.002148359315469861
-20.0,-16.0,0.0008337870240211487
-20.0,-15.0,0.0028987578116357327
-20.0,-14.0,0.003243916667997837
-20.0,-13.0,0.0011728777317330241
-20.0,-12.0,0.002465511905029416
-20.0,-11.0,0.001343990908935666
-20.0,-10.0,0.0005554709350690246
-20.0,-9.0,0.0028853099793195724
-20.0,-8.0,0.01151573471724987
-20.0,-7.0,0.00017197855049744248
-20.0,-6.0,0.0034116844180971384
-20.0,-5.0,0.0004728084313683212
-20.0,-4.0,0.000358401273842901
-20.0,-3.0,0.00029373751021921635
-20.0,-2.0,0.00013620947720482945
-20.0,-1.0,0.0001884537487057969
-19.0,0.0,0.0005408597062341869
-19.0,1.0,0.0007327703642658889
-19.0,2.0,0.000488526071421802
-19.0,3.0,0.00026994021027348936
-19.0,4.0,0.001256893971003592
-19.0,5.0,0.002624731743708253
-19.0,6.0,0.008330300450325012
-19.0,7.0,0.00041572636109776795
-19.0,8.0,0.004590609110891819
-19.0,9.0,0.0001686665927991271
-19.0,10.0,2.918793870776426e-05
-19.0,11.0,7.583110709674656e-05
-19.0,12.0,1.2543410775833763e-05
-19.0,13.0,1.4642749874838046e-06
-19.0,14.0,1.0726929758675396e-05
-19.0,15.0,2.2395783162210137e-05
-19.0,16.0,4.834952051169239e-06
-19.0,17.0,5.806426088383887e-06
-19.0,18.0,1.9137894923915155e-05
-19.0,19.0,3.686788841150701e-05
-19.0,20.0,6.330084261207958e-07
-19.0,21.0,2.304427653143648e-05
-19.0,22.0,2.9830907806172036e-06
-19.0,23.0,5.873048962712346e-07
-19.0,24.0,6.23309688307927e-06
-19.0,25.0,9.169376085083059e-07
-19.0,26.0,0.00014130229828879237
-19.0,27.0,0.00016187144501600415
-19.0,28.0,6.122661034169141e-06
-19.0,29.0,0.0021779017988592386
-19.0,30.0,0.0048194145783782005
-19.0,31.0,0.0035157138481736183
-19.0,32.0,0.010148751549422741
-19.0,33.0,0.03653567284345627
-19.0,34.0,0.005504581145942211
-19.0,35.0,0.012431509792804718
-19.0,36.0,0.006574335508048534
-19.0,37.0,0.006521177478134632
-19.0,38.0,0.01264395471662283
-19.0,39.0,0.010352927260100842
-19.0,40.0,0.007356188725680113
-19.0,41.0,0.014578461647033691
-19.0,42.0,0.0025108186528086662
-19.0,43.0,0.001416983432136476
-19.0,44.0,0.004181540571153164
-19.0,45.0,0.0005976585671305656
-19.0,46.0,0.0013879138277843595
-19.0,47.0,0.001649593818001449
-19.0,48.0,0.002228962257504463
-19.0,49.0,0.00028595791081897914
-19.0,50.0,0.00046090633259154856
-19.0,51.0,0.0019071255810558796
-19.0,52.0,0.0005323642399162054
-19.0,53.0,0.0026959404349327087
-19.0,54.0,0.001309682265855372
-19.0,55.0,0.0022368640638887882
-19.0,56.0,0.0015855974052101374
-19.0,57.0,0.0007308776839636266
-19.0,58.0,0.0008234087727032602
-19.0,59.0,0.00024926650803536177
-19.0,60.0,0.00012495314877014607
-19.0,61.0,0.00013461369962897152
-19.0,62.0,8.44441819936037e-05
-19.0,63.0,0.0006297433283179998
-19.0,64.0,0.00025697899400256574
-19.0,65.0,0.0004907278344035149
-19.0,66.0,0.0003181493084412068
-19.0,67.0,0.0011459150118753314
-19.0,68.0,0.000676673895213753
-19.0,69.0,0.0002057055098703131
-19.0,70.0,0.0002884361892938614
-19.0,71.0,0.00012192367285024375
-19.0,72.0,2.7998552468488924e-05
-19.0,73.0,2.9742692277068272e-05
-19.0,74.0,7.222145995910978e-06
-19.0,75.0,4.127116881136317e-06
-19.0,76.0,2.81584129879775e-06
-19.0,77.0,3.660112270154059e-06
-19.0,78.0,4.888307216788235e-07
-19.0,79.0,1.19986214031087e-06
-19.0,80.0,1.297029939451022e-06
-19.0,81.0,1.2087805316696176e-06
-19.0,82.0,2.2647132027486805e-06
-19.0,83.0,1.892055138341675e-06
-19.0,84.0,8.77792160736135e-07
-19.0,85.0,1.6242597666860092e-06
-19.0,86.0,1.1023930710507557e-06
-19.0,87.0,5.470708401844604e-07
-19.0,88.0,1.6989012010526494e-06
-19.0,89.0,1.114556198444916e-06
-19.0,90.0,2.9006157546973554e-06
-19.0,91.0,3.757701961148996e-06
-19.0,92.0,4.613452347257407e-06
-19.0,93.0,8.33523790788604e-06
-19.0,94.0,1.633270767342765e-05
-19.0,95.0,2.9662842280231416e-05
-19.0,96.0,0.00014516188821289688
-19.0,97.0,0.000508822500705719
-19.0,98.0,0.00018036201072391123
-19.0,99.0,0.00042618473526090384
-19.0,100.0,0.0004770540108438581
-19.0,101.0,0.00011937411909457296
-19.0,102.0,0.00018322691903449595
-19.0,103.0,0.007908525876700878
-19.0,104.0,0.0006471968372352421
-19.0,105.0,0.0011437088251113892
-19.0,106.0,0.00040264660492539406
-19.0,107.0,3.4420099837007e-05
-19.0,108.0,0.00032855512108653784
-19.0,109.0,0.002428186358883977
-19.0,110.0,0.00021173410641495138
-19.0,111.0,0.0009544247295707464
-19.0,112.0,0.0015445505268871784
-19.0,113.0,0.005294599570333958
-19.0,114.0,0.0014961773995310068
-19.0,115.0,8.018283551791683e-05
-19.0,116.0,0.00047513339086435735
-19.0,117.0,0.00043957779416814446
-19.0,118.0,0.0022319238632917404
-19.0,119.0,0.00030900785350240767
-19.0,120.0,0.0009735292987897992
-19.0,121.0,0.005215188022702932
-19.0,122.0,0.003943666350096464
-19.0,123.0,0.005126656033098698
-19.0,124.0,0.028873387724161148
-19.0,125.0,0.0022909510880708694
-19.0,126.0,0.010448068380355835
-19.0,127.0,0.0017914745258167386
-19.0,128.0,0.001026861951686442
-19.0,129.0,0.0002958721888717264
-19.0,130.0,0.0006447892519645393
-19.0,131.0,0.00024851568741723895
-19.0,132.0,0.001011570799164474
-19.0,133.0,0.0004229088081046939
-19.0,134.0,0.00012476384290494025
-19.0,135.0,0.00011311630805721506
-19.0,136.0,4.1553881601430476e-05
-19.0,137.0,7.63738717068918e-05
-19.0,138.0,3.078334702877328e-05
-19.0,139.0,1.526107189420145e-05
-19.0,140.0,2.129594940925017e-05
-19.0,141.0,0.0018030661158263683
-19.0,142.0,0.000928902009036392
-19.0,143.0,0.0004949571448378265
-19.0,144.0,0.00571325933560729
-19.0,145.0,0.0004283202870283276
-19.0,146.0,0.0007306154584512115
-19.0,147.0,0.0110896285623312
-19.0,148.0,0.0008850771700963378
-19.0,149.0,0.0011531388154253364
-19.0,150.0,0.0005862055695615709
-19.0,151.0,0.0016089956043288112
-19.0,152.0,0.0005816235789097846
-19.0,153.0,0.010726222768425941
-19.0,154.0,0.0009298672084696591
-19.0,155.0,0.00017649724031798542
-19.0,156.0,2.2249831090448424e-05
-19.0,157.0,6.476107955677435e-05
-19.0,158.0,7.207981252577156e-05
-19.0,159.0,0.00012878183042630553
-19.0,160.0,0.00015540129970759153
-19.0,161.0,0.0006252939929254353
-19.0,162.0,0.0003083304036408663
-19.0,163.0,2.9270393497426994e-05
-19.0,164.0,1.1268350135651417e-05
-19.0,165.0,3.656013404906844e-06
-19.0,166.0,7.907083272584714e-07
-19.0,167.0,2.9210466436779825e-06
-19.0,168.0,1.4189726243785117e-05
-19.0,169.0,4.30491581937531e-07
-19.0,170.0,1.6141238745603914e-07
-19.0,171.0,1.024498260449036e-06
-19.0,172.0,2.5008478132804157e-07
-19.0,173.0,3.6698605754281743e-07
-19.0,174.0,1.1507147519296268e-06
-19.0,175.0,3.2010373729463026e-07
-19.0,176.0,8.386342642552336e-07
-19.0,177.0,2.4962091629276983e-06
-19.0,178.0,5.664206241817737e-07
-19.0,179.0,4.664224888983881e-06
-19.0,180.0,1.3499842680175789e-05
-19.0,-179.0,3.644393700596993e-06
-19.0,-178.0,7.135407145142381e-07
-19.0,-177.0,1.1446575626905542e-05
-19.0,-176.0,3.2698721952328924e-06
-19.0,-175.0,8.867868928064127e-06
-19.0,-174.0,2.3851023797760718e-05
-19.0,-173.0,1.081400114344433e-05
-19.0,-172.0,9.47575335885631e-06
-19.0,-171.0,4.550680841930443e-06
-19.0,-170.0,8.01674832473509e-06
-19.0,-169.0,4.085637556272559e-06
-19.0,-168.0,3.9613337321497966e-06
-19.0,-167.0,2.494421778465039e-06
-19.0,-166.0,2.824124067046796e-06
-19.0,-165.0,2.7957830752711743e-06
-19.0,-164.0,2.743164941421128e-06
-19.0,-163.0,1.012275788525585e-06
-19.0,-162.0,1.4178860965330387e-06
-19.0,-161.0,2.5502677090116777e-06
-19.0,-160.0,2.1013361219957005e-06
-19.0,-159.0,1.6617585743006202e-06
-19.0,-158.0,1.2328378033998888e-06
-19.0,-157.0,8.216288165385777e-07
-19.0,-156.0,5.383597567742981e-07
-19.0,-155.0,9.238675602318835e-07
-19.0,-154.0,6.990699148445856e-07
-19.0,-153.0,1.5632261920472956e-06
-19.0,-152.0,1.2021998827549396e-06
-19.0,-151.0,2.0326410776760895e-06
-19.0,-150.0,1.9991632598248543e-06
-19.0,-149.0,2.9453526622091886e-06
-19.0,-148.0,2.4645594294270268e-06
-19.0,-147.0,6.304231192189036e-06
-19.0,-146.0,6.231497991393553e-06
-19.0,-145.0,2.059201869997196e-05
-19.0,-144.0,0.00015552894910797477
-19.0,-143.0,1.7417603885405697e-05
-19.0,-142.0,0.0001269876811420545
-19.0,-141.0,0.0004019953776150942
-19.0,-140.0,8.588165655964985e-05
-19.0,-139.0,0.0011146494653075933
-19.0,-138.0,0.0026386091485619545
-19.0,-137.0,0.00010117132478626445
-19.0,-136.0,0.002371162874624133
-19.0,-135.0,0.0021702100057154894
-19.0,-134.0,0.0005961276474408805
-19.0,-133.0,0.0022953758016228676
-19.0,-132.0,0.007528334856033325
-19.0,-131.0,0.0027908841148018837
-19.0,-130.0,0.006417999975383282
-19.0,-129.0,0.005102615803480148
-19.0,-128.0,0.0008996186079457402
-19.0,-127.0,0.0024121247697621584
-19.0,-126.0,0.0023631700314581394
-19.0,-125.0,0.003765741130337119
-19.0,-124.0,0.0058781448751688
-19.0,-123.0,0.000512028462253511
-19.0,-122.0,0.000613499665632844
-19.0,-121.0,0.00044806077494286
-19.0,-120.0,0.0006027182098478079
-19.0,-119.0,0.00028965502860955894
-19.0,-118.0,0.0010353841353207827
-19.0,-117.0,0.0010109217837452888
-19.0,-116.0,0.0009180080378428102
-19.0,-115.0,0.0024061494041234255
-19.0,-114.0,0.005181150510907173
-19.0,-113.0,0.002677035052329302
-19.0,-112.0,0.007026053033769131
-19.0,-111.0,0.00563519261777401
-19.0,-110.0,0.005773372016847134
-19.0,-109.0,0.005247986409813166
-19.0,-108.0,0.007908481173217297
-19.0,-107.0,0.003766958136111498
-19.0,-106.0,0.019060231745243073
-19.0,-105.0,0.0078910356387496
-19.0,-104.0,0.0026313811540603638
-19.0,-103.0,0.007263530977070332
-19.0,-102.0,0.000907010689843446
-19.0,-101.0,0.003917050082236528
-19.0,-100.0,0.007346000522375107
-19.0,-99.0,0.0017496461514383554
-19.0,-98.0,0.003682686248794198
-19.0,-97.0,0.00334169645793736
-19.0,-96.0,0.0006686742999590933
-19.0,-95.0,0.0020356664899736643
-19.0,-94.0,0.0012676825281232595
-19.0,-93.0,0.0011170655488967896
-19.0,-92.0,0.003095104591920972
-19.0,-91.0,0.0039026630111038685
-19.0,-90.0,0.0018981293542310596
-19.0,-89.0,0.0007344426703639328
-19.0,-88.0,0.004916028585284948
-19.0,-87.0,3.417782500036992e-05
-19.0,-86.0,6.968035108911863e-07
-19.0,-85.0,0.0005368975689634681
-19.0,-84.0,1.637173738799902e-07
-19.0,-83.0,2.401008600827481e-07
-19.0,-82.0,0.013797939755022526
-19.0,-81.0,8.757061004871503e-05
-19.0,-80.0,0.00859588198363781
-19.0,-79.0,0.00764807453379035
-19.0,-78.0,0.028130868449807167
-19.0,-77.0,0.010365046560764313
-19.0,-76.0,0.007647169753909111
-19.0,-75.0,0.04538422077894211
-19.0,-74.0,0.3737320899963379
-19.0,-73.0,0.007698476780205965
-19.0,-72.0,0.05329161882400513
-19.0,-71.0,0.19062823057174683
-19.0,-70.0,0.033213552087545395
-19.0,-69.0,0.3027630150318146
-19.0,-68.0,0.04701244831085205
-19.0,-67.0,0.18238914012908936
-19.0,-66.0,0.2562130391597748
-19.0,-65.0,0.2928621768951416
-19.0,-64.0,0.2513139545917511
-19.0,-63.0,0.1773436814546585
-19.0,-62.0,0.11266481876373291
-19.0,-61.0,0.04793371260166168
-19.0,-60.0,0.018419990316033363
-19.0,-59.0,0.002642331412062049
-19.0,-58.0,0.028741318732500076
-19.0,-57.0,0.005349049810320139
-19.0,-56.0,0.007721331901848316
-19.0,-55.0,0.007124703377485275
-19.0,-54.0,0.1369687169790268
-19.0,-53.0,0.001842097262851894
-19.0,-52.0,0.005658644717186689
-19.0,-51.0,0.00032976738293655217
-19.0,-50.0,0.000678784679621458
-19.0,-49.0,0.0002857703948393464
-19.0,-48.0,2.0781801140401512e-05
-19.0,-47.0,0.0007338011055253446
-19.0,-46.0,0.0001509418652858585
-19.0,-45.0,2.2097223336459137e-05
-19.0,-44.0,0.00011776907922467217
-19.0,-43.0,8.509570761816576e-05
-19.0,-42.0,1.7079159079003148e-05
-19.0,-41.0,3.7499914469663054e-05
-19.0,-40.0,4.4514228648040444e-05
-19.0,-39.0,9.662959928391501e-05
-19.0,-38.0,4.063703090650961e-05
-19.0,-37.0,9.192750439979136e-05
-19.0,-36.0,2.172244967368897e-05
-19.0,-35.0,1.798048469936475e-05
-19.0,-34.0,5.338680784916505e-05
-19.0,-33.0,3.7218636862235144e-05
-19.0,-32.0,2.867047987820115e-05
-19.0,-31.0,5.868644075235352e-05
-19.0,-30.0,0.00011820255895145237
-19.0,-29.0,0.00017265122733078897
-19.0,-28.0,0.0007926928228698671
-19.0,-27.0,0.0032474214676767588
-19.0,-26.0,0.0009005418978631496
-19.0,-25.0,0.0019029893446713686
-19.0,-24.0,0.0026632521767169237
-19.0,-23.0,0.0012494535185396671
-19.0,-22.0,0.005296036135405302
-19.0,-21.0,0.0043789236806333065
-19.0,-20.0,0.018191292881965637
-19.0,-19.0,0.02504328079521656
-19.0,-18.0,0.002760911826044321
-19.0,-17.0,0.005200141575187445
-19.0,-16.0,0.007488303352147341
-19.0,-15.0,0.00551949068903923
-19.0,-14.0,0.0011437039356678724
-19.0,-13.0,0.001071510254405439
-19.0,-12.0,0.0048736571334302425
-19.0,-11.0,0.0028463450726121664
-19.0,-10.0,0.0024952911771833897
-19.0,-9.0,0.002804812043905258
-19.0,-8.0,0.0052351574413478374
-19.0,-7.0,0.0040883589535951614
-19.0,-6.0,0.0012243452947586775
-19.0,-5.0,0.0008432009490206838
-19.0,-4.0,0.0010852932464331388
-19.0,-3.0,0.0002952646464109421
-19.0,-2.0,0.00015211508434731513
-19.0,-1.0,0.00021222644136287272
-18.0,0.0,0.0006838600384071469
-18.0,1.0,0.0006690931040793657
-18.0,2.0,0.0004878071486018598
-18.0,3.0,0.0009880460565909743
-18.0,4.0,0.0006172254215925932
-18.0,5.0,0.0020330273546278477
-18.0,6.0,0.000207959019462578
-18.0,7.0,0.0001793780829757452
-18.0,8.0,0.03747335448861122
-18.0,9.0,1.7010823285090737e-05
-18.0,10.0,5.996542313368991e-05
-18.0,11.0,0.0006360872066579759
-18.0,12.0,8.055380931182299e-06
-18.0,13.0,1.554748450871557e-05
-18.0,14.0,7.967908459249884e-05
-18.0,15.0,4.6211180233513005e-06
-18.0,16.0,1.1512797755131032e-05
-18.0,17.0,3.054966100535239e-06
-18.0,18.0,2.5345238100271672e-05
-18.0,19.0,1.8418564650346525e-05
-18.0,20.0,1.5320874808821827e-06
-18.0,21.0,5.474395948112942e-06
-18.0,22.0,2.4638236482132925e-06
-18.0,23.0,8.64637695485726e-05
-18.0,24.0,7.054557613628276e-07
-18.0,25.0,2.8771951292583253e-06
-18.0,26.0,0.0015244103269651532
-18.0,27.0,2.4605040380265564e-05
-18.0,28.0,0.0002492726780474186
-18.0,29.0,7.134883344406262e-05
-18.0,30.0,0.00018085971532855183
-18.0,31.0,0.003135357517749071
-18.0,32.0,0.0033723339438438416
-18.0,33.0,0.003229359397664666
-18.0,34.0,0.009428024291992188
-18.0,35.0,0.005865313578397036
-18.0,36.0,0.0028163064271211624
-18.0,37.0,0.0005934713990427554
-18.0,38.0,0.0036881188862025738
-18.0,39.0,0.0008497657254338264
-18.0,40.0,0.002968990709632635
-18.0,41.0,0.0020826745312660933
-18.0,42.0,0.0016348323551937938
-18.0,43.0,0.00045640746247954667
-18.0,44.0,0.004585010465234518
-18.0,45.0,0.0014190300134941936
-18.0,46.0,0.002897373167797923
-18.0,47.0,0.0032619580160826445
-18.0,48.0,0.0004271050856914371
-18.0,49.0,0.0004101857775822282
-18.0,50.0,0.006582645699381828
-18.0,51.0,0.0009572191047482193
-18.0,52.0,0.0006604226073250175
-18.0,53.0,0.0029296332504600286
-18.0,54.0,0.0010677282698452473
-18.0,55.0,0.002274836879223585
-18.0,56.0,0.0005837390199303627
-18.0,57.0,0.001654969877563417
-18.0,58.0,0.0007142307586036623
-18.0,59.0,0.00010089817806147039
-18.0,60.0,7.881082274252549e-05
-18.0,61.0,6.278786895563826e-05
-18.0,62.0,0.0001935423060785979
-18.0,63.0,0.00017109025793615729
-18.0,64.0,0.0001256331888725981
-18.0,65.0,5.377149864216335e-05
-18.0,66.0,0.00019895138393621892
-18.0,67.0,0.0002251536352559924
-18.0,68.0,5.226577923167497e-05
-18.0,69.0,0.00026066889404319227
-18.0,70.0,0.000167739563039504
-18.0,71.0,3.9120430301409215e-05
-18.0,72.0,8.09098273748532e-05
-18.0,73.0,2.8765267416019924e-05
-18.0,74.0,8.769665328145493e-06
-18.0,75.0,5.203693490329897e-06
-18.0,76.0,4.594344318320509e-06
-18.0,77.0,1.1608067325141747e-06
-18.0,78.0,1.547544570712489e-06
-18.0,79.0,1.8030718820227776e-06
-18.0,80.0,9.247137313650455e-07
-18.0,81.0,6.538445518344815e-07
-18.0,82.0,6.967171657379367e-07
-18.0,83.0,3.638069472344796e-07
-18.0,84.0,4.378784694836213e-07
-18.0,85.0,1.0295728998244158e-06
-18.0,86.0,1.389264980389271e-06
-18.0,87.0,2.6040663669846253e-06
-18.0,88.0,2.51104574999772e-06
-18.0,89.0,1.7616212062421255e-06
-18.0,90.0,3.1141858016781043e-06
-18.0,91.0,5.736924322263803e-06
-18.0,92.0,6.898194442328531e-06
-18.0,93.0,7.992007340362761e-06
-18.0,94.0,2.7569247322389856e-05
-18.0,95.0,2.4098426365526393e-05
-18.0,96.0,5.4998363339109346e-05
-18.0,97.0,0.000325704924762249
-18.0,98.0,7.994913175934926e-05
-18.0,99.0,7.207308226497844e-05
-18.0,100.0,0.0006191192078404129
-18.0,101.0,0.0002510993799660355
-18.0,102.0,3.8790505641372874e-05
-18.0,103.0,6.808908801758662e-05
-18.0,104.0,1.059347482623707e-06
-18.0,105.0,1.9987528503406793e-05
-18.0,106.0,2.9721331884502433e-06
-18.0,107.0,0.00032619654666632414
-18.0,108.0,2.4167977244360372e-05
-18.0,109.0,0.0012698366772383451
-18.0,110.0,0.0014265779173001647
-18.0,111.0,0.0003324780846014619
-18.0,112.0,3.767519228858873e-05
-18.0,113.0,0.00585725624114275
-18.0,114.0,0.0011754786828532815
-18.0,115.0,0.00045764580136165023
-18.0,116.0,0.0002675549767445773
-18.0,117.0,0.00010220234980806708
-18.0,118.0,0.028694329783320427
-18.0,119.0,0.0006003320449963212
-18.0,120.0,0.0007344051846303046
-18.0,121.0,0.008618321269750595
-18.0,122.0,0.0005263486527837813
-18.0,123.0,0.0010077835759148002
-18.0,124.0,0.010233420878648758
-18.0,125.0,0.0018692403100430965
-18.0,126.0,0.0008223890326917171
-18.0,127.0,0.002564762718975544
-18.0,128.0,0.0008379043429158628
-18.0,129.0,0.0004110906447749585
-18.0,130.0,0.006521291099488735
-18.0,131.0,0.00015574738790746778
-18.0,132.0,0.0003476946731097996
-18.0,133.0,0.0014096394879743457
-18.0,134.0,0.001479431288316846
-18.0,135.0,0.0001462427608203143
-18.0,136.0,0.001961265690624714
-18.0,137.0,3.793140422203578e-05
-18.0,138.0,2.887369009840768e-05
-18.0,139.0,2.1284106423991034e-06
-18.0,140.0,4.275028550182469e-05
-18.0,141.0,4.3225449189776555e-05
-18.0,142.0,6.407827459042892e-05
-18.0,143.0,0.00022152173914946616
-18.0,144.0,4.442051431396976e-05
-18.0,145.0,7.175570499384776e-05
-18.0,146.0,0.0005302620702423155
-18.0,147.0,0.00010785211634356529
-18.0,148.0,0.000497708038892597
-18.0,149.0,0.006744245067238808
-18.0,150.0,0.0005333707085810602
-18.0,151.0,0.0009008203633129597
-18.0,152.0,0.0016548517160117626
-18.0,153.0,0.002551253419369459
-18.0,154.0,0.0001401261251885444
-18.0,155.0,0.00019390470697544515
-18.0,156.0,0.00023993838112801313
-18.0,157.0,3.2823620131239295e-05
-18.0,158.0,2.7826834411825985e-05
-18.0,159.0,7.326286868192255e-05
-18.0,160.0,4.4114538468420506e-05
-18.0,161.0,0.00013189449964556843
-18.0,162.0,1.2423492080415599e-05
-18.0,163.0,6.458721327362582e-05
-18.0,164.0,1.8500564692658372e-05
-18.0,165.0,2.1993828340782784e-05
-18.0,166.0,0.00027639864129014313
-18.0,167.0,1.1629193068074528e-05
-18.0,168.0,4.313724730309332e-06
-18.0,169.0,1.0741350706666708e-06
-18.0,170.0,2.0388342818478122e-06
-18.0,171.0,7.621490567544242e-07
-18.0,172.0,2.613891751934716e-07
-18.0,173.0,2.7276510081719607e-06
-18.0,174.0,6.092543003433093e-07
-18.0,175.0,4.1990489307863754e-08
-18.0,176.0,1.0460705652803881e-06
-18.0,177.0,4.6121226660034154e-07
-18.0,178.0,3.378075064119912e-07
-18.0,179.0,1.0374321846029488e-06
-18.0,180.0,2.3328664155997103e-06
-18.0,-179.0,2.8321562695055036e-06
-18.0,-178.0,2.6286083993909415e-06
-18.0,-177.0,1.2097872968297452e-05
-18.0,-176.0,9.079340088646859e-06
-18.0,-175.0,2.190752093156334e-05
-18.0,-174.0,5.352658718038583e-06
-18.0,-173.0,3.7594188597722678e-06
-18.0,-172.0,5.495418463397073e-06
-18.0,-171.0,1.9063620584347518e-06
-18.0,-170.0,1.343611188531213e-06
-18.0,-169.0,2.8948979888809845e-06
-18.0,-168.0,3.3360629458911717e-06
-18.0,-167.0,3.169837327732239e-06
-18.0,-166.0,1.7256251112485188e-06
-18.0,-165.0,1.4668077028545667e-06
-18.0,-164.0,1.542506765872531e-06
-18.0,-163.0,2.6113605144928442e-06
-18.0,-162.0,8.728030479687732e-06
-18.0,-161.0,4.72383362648543e-06
-18.0,-160.0,1.4595487982660416e-06
-18.0,-159.0,1.4186340422384092e-06
-18.0,-158.0,2.0533755105134333e-06
-18.0,-157.0,2.961189466077485e-06
-18.0,-156.0,6.986953735577117e-07
-18.0,-155.0,8.450247150904033e-07
-18.0,-154.0,1.5459233964065788e-06
-18.0,-153.0,1.3405035588220926e-06
-18.0,-152.0,5.997892458253773e-07
-18.0,-151.0,2.7992514333163854e-06
-18.0,-150.0,1.939430603670189e-06
-18.0,-149.0,3.6965241179132136e-06
-18.0,-148.0,3.425257318667718e-06
-18.0,-147.0,2.405420491413679e-05
-18.0,-146.0,2.0954481442458928e-05
-18.0,-145.0,2.4931303414632566e-05
-18.0,-144.0,9.611863788450137e-05
-18.0,-143.0,6.14518576185219e-05
-18.0,-142.0,0.00012173268623882905
-18.0,-141.0,0.00014069500321056694
-18.0,-140.0,8.07484975666739e-05
-18.0,-139.0,0.0010407323716208339
-18.0,-138.0,0.0003972998238168657
-18.0,-137.0,0.00042084252345375717
-18.0,-136.0,0.002721351571381092
-18.0,-135.0,0.0010769135551527143
-18.0,-134.0,0.0011275471188127995
-18.0,-133.0,0.001769664348103106
-18.0,-132.0,0.0033975515980273485
-18.0,-131.0,0.0017036596545949578
-18.0,-130.0,0.003952609375119209
-18.0,-129.0,0.0019748227205127478
-18.0,-128.0,0.0009054422844201326
-18.0,-127.0,0.0009103766060434282
-18.0,-126.0,0.0023542616982012987
-18.0,-125.0,0.005235470365732908
-18.0,-124.0,0.0001924569223774597
-18.0,-123.0,0.00013735699758399278
-18.0,-122.0,0.00013232456694822758
-18.0,-121.0,5.4942112910794094e-05
-18.0,-120.0,2.848994336090982e-05
-18.0,-119.0,2.8590618967427872e-05
-18.0,-118.0,0.00012072501704096794
-18.0,-117.0,0.00014741615450475365
-18.0,-116.0,0.00037843597237952054
-18.0,-115.0,0.00041799701284617186
-18.0,-114.0,0.0011627271305769682
-18.0,-113.0,0.0045546176843345165
-18.0,-112.0,0.0019002407789230347
-18.0,-111.0,0.0013592169852927327
-18.0,-110.0,0.002132599474862218
-18.0,-109.0,0.0019962929654866457
-18.0,-108.0,0.0029873347375541925
-18.0,-107.0,0.0026236684061586857
-18.0,-106.0,0.004660123493522406
-18.0,-105.0,0.005735252983868122
-18.0,-104.0,0.0019023537170141935
-18.0,-103.0,0.0034988252446055412
-18.0,-102.0,0.0028755124658346176
-18.0,-101.0,0.0021306085400283337
-18.0,-100.0,0.0014261301839724183
-18.0,-99.0,0.0044827950187027454
-18.0,-98.0,0.0047968425787985325
-18.0,-97.0,0.0016445935470983386
-18.0,-96.0,0.001561504672281444
-18.0,-95.0,0.004678213503211737
-18.0,-94.0,0.0015441019786521792
-18.0,-93.0,0.0014640926383435726
-18.0,-92.0,0.0002690968685783446
-18.0,-91.0,0.00041107728611677885
-18.0,-90.0,0.0011291297851130366
-18.0,-89.0,0.00020176245016045868
-18.0,-88.0,4.6549266699003056e-05
-18.0,-87.0,1.0373467375757173e-05
-18.0,-86.0,0.0001140161111834459
-18.0,-85.0,8.501984666509088e-06
-18.0,-84.0,6.832161034253659e-06
-18.0,-83.0,9.628752195567358e-07
-18.0,-82.0,5.640484232571907e-06
-18.0,-81.0,0.0014372240984812379
-18.0,-80.0,0.00011568568152142689
-18.0,-79.0,0.0002748791594058275
-18.0,-78.0,0.0007496207254007459
-18.0,-77.0,0.0016417853767052293
-18.0,-76.0,0.000140868840389885
-18.0,-75.0,0.03886370360851288
-18.0,-74.0,0.00033794992486946285
-18.0,-73.0,0.0013796016573905945
-18.0,-72.0,0.04508068040013313
-18.0,-71.0,0.0030256854370236397
-18.0,-70.0,0.009372738189995289
-18.0,-69.0,0.016564903780817986
-18.0,-68.0,0.008319498971104622
-18.0,-67.0,0.07200625538825989
-18.0,-66.0,0.1211508959531784
-18.0,-65.0,0.01544260699301958
-18.0,-64.0,0.002749270061030984
-18.0,-63.0,0.008442441001534462
-18.0,-62.0,0.04388944432139397
-18.0,-61.0,0.009412841871380806
-18.0,-60.0,0.0065332516096532345
-18.0,-59.0,0.22521929442882538
-18.0,-58.0,0.005624074954539537
-18.0,-57.0,0.029461393132805824
-18.0,-56.0,0.014245984144508839
-18.0,-55.0,0.016003867611289024
-18.0,-54.0,0.00614567706361413
-18.0,-53.0,0.011465688236057758
-18.0,-52.0,0.1340324431657791
-18.0,-51.0,0.006050610449165106
-18.0,-50.0,0.001774163218215108
-18.0,-49.0,6.427159678423777e-05
-18.0,-48.0,8.229390004999004e-06
-18.0,-47.0,2.0418035546754254e-06
-18.0,-46.0,5.555255938816117e-06
-18.0,-45.0,1.2191037058073562e-05
-18.0,-44.0,6.502208998426795e-05
-18.0,-43.0,6.0356687754392624e-05
-18.0,-42.0,1.9288267139927484e-05
-18.0,-41.0,3.360560367582366e-05
-18.0,-40.0,1.260328008356737e-05
-18.0,-39.0,1.0091344847751316e-05
-18.0,-38.0,3.486399873509072e-05
-18.0,-37.0,3.1354513339465484e-05
-18.0,-36.0,1.3283301086630672e-05
-18.0,-35.0,0.00021400810510385782
-18.0,-34.0,6.625571404583752e-05
-18.0,-33.0,3.2959218515316024e-05
-18.0,-32.0,5.2214550123608205e-06
-18.0,-31.0,4.792485560756177e-05
-18.0,-30.0,0.00033411418553441763
-18.0,-29.0,1.8999109670403413e-05
-18.0,-28.0,0.000106124731246382
-18.0,-27.0,0.0001298656570725143
-18.0,-26.0,8.768685802351683e-05
-18.0,-25.0,0.0014130311319604516
-18.0,-24.0,8.974478259915486e-05
-18.0,-23.0,0.00044446252286434174
-18.0,-22.0,0.002364329295232892
-18.0,-21.0,0.003623728407546878
-18.0,-20.0,0.003565817838534713
-18.0,-19.0,0.00348091428168118
-18.0,-18.0,0.0011417217319831252
-18.0,-17.0,0.0035321968607604504
-18.0,-16.0,0.0013588020810857415
-18.0,-15.0,0.0005629493971355259
-18.0,-14.0,0.01203236822038889
-18.0,-13.0,0.004793640226125717
-18.0,-12.0,0.0024065524339675903
-18.0,-11.0,0.009214814752340317
-18.0,-10.0,0.005792746786028147
-18.0,-9.0,0.007577890530228615
-18.0,-8.0,0.013477305881679058
-18.0,-7.0,0.0017308078240603209
-18.0,-6.0,0.0012001564027741551
-18.0,-5.0,0.002577154664322734
-18.0,-4.0,0.0016598033253103495
-18.0,-3.0,0.00029258819995447993
-18.0,-2.0,0.0008295022416859865
-18.0,-1.0,0.0017949634930118918
-17.0,0.0,0.0003215051838196814
-17.0,1.0,5.5937493016244844e-05
-17.0,2.0,0.00015532753604929894
-17.0,3.0,3.0537623388227075e-05
-17.0,4.0,7.279892997757997e-06
-17.0,5.0,7.725170689809602e-06
-17.0,6.0,0.0005655812565237284
-17.0,7.0,0.00014220956654753536
-17.0,8.0,7.727646334387828e-06
-17.0,9.0,0.00012750312453135848
-17.0,10.0,0.00038138008676469326
-17.0,11.0,5.388926638261182e-06
-17.0,12.0,8.711283044249285e-06
-17.0,13.0,1.0570027370704338e-05
-17.0,14.0,1.4461353202932514e-05
-17.0,15.0,6.033552836015588e-06
-17.0,16.0,1.009053630696144e-05
-17.0,17.0,4.0313139493264316e-07
-17.0,18.0,6.026434107297973e-07
-17.0,19.0,3.9993842619878706e-06
-17.0,20.0,5.789091801489121e-07
-17.0,21.0,1.8238808479509316e-05
-17.0,22.0,2.4137118543876568e-06
-17.0,23.0,0.00021226570243015885
-17.0,24.0,2.6444135983183514e-06
-17.0,25.0,4.2138653952861205e-05
-17.0,26.0,0.00029935623751953244
-17.0,27.0,0.00015325784625019878
-17.0,28.0,0.00023279200831893831
-17.0,29.0,0.0021480026189237833
-17.0,30.0,0.000305370194837451
-17.0,31.0,0.00037513073766604066
-17.0,32.0,0.0021412991918623447
-17.0,33.0,0.01257135160267353
-17.0,34.0,0.003425424452871084
-17.0,35.0,0.0024707724805921316
-17.0,36.0,0.0042977225966751575
-17.0,37.0,0.008309395052492619
-17.0,38.0,0.0010663215070962906
-17.0,39.0,0.003911929205060005
-17.0,40.0,0.0035139487590640783
-17.0,41.0,0.0011637742863968015
-17.0,42.0,0.0005420810775831342
-17.0,43.0,0.004354731645435095
-17.0,44.0,0.00043898378498852253
-17.0,45.0,0.0013510191347450018
-17.0,46.0,0.0009413352236151695
-17.0,47.0,0.0006629554554820061
-17.0,48.0,0.0010425896616652608
-17.0,49.0,5.7750421547098085e-05
-17.0,50.0,0.0015491998055949807
-17.0,51.0,0.0004085705731995404
-17.0,52.0,0.0004840386682190001
-17.0,53.0,0.0007876013405621052
-17.0,54.0,0.0003527739318087697
-17.0,55.0,0.0003586990060284734
-17.0,56.0,0.00031969480914995074
-17.0,57.0,0.00022230016475077718
-17.0,58.0,0.0009554678690619767
-17.0,59.0,0.0001422974601155147
-17.0,60.0,1.3266602763906121e-05
-17.0,61.0,0.00015803171845618635
-17.0,62.0,2.9472486858139746e-05
-17.0,63.0,9.368941391585395e-05
-17.0,64.0,2.808176759572234e-05
-17.0,65.0,2.264322574774269e-05
-17.0,66.0,6.184986705193296e-05
-17.0,67.0,6.858939013909549e-05
-17.0,68.0,4.596510189003311e-05
-17.0,69.0,4.59576076536905e-05
-17.0,70.0,2.4858585675247014e-05
-17.0,71.0,2.4930994186433963e-05
-17.0,72.0,3.0687180696986616e-05
-17.0,73.0,1.7811184079619125e-05
-17.0,74.0,1.3557822967413813e-05
-17.0,75.0,6.113495146564674e-06
-17.0,76.0,4.805884145753225e-06
-17.0,77.0,2.327073616470443e-06
-17.0,78.0,4.148343123233644e-06
-17.0,79.0,1.6626494243610068e-06
-17.0,80.0,7.53449398871453e-07
-17.0,81.0,1.5430084658873966e-06
-17.0,82.0,5.73478985188558e-07
-17.0,83.0,3.3891623729687126e-07
-17.0,84.0,1.541525875836669e-06
-17.0,85.0,1.826188167797227e-06
-17.0,86.0,1.535103251626424e-06
-17.0,87.0,6.383611889759777e-06
-17.0,88.0,4.693442406278336e-06
-17.0,89.0,4.435309620021144e-06
-17.0,90.0,8.171253284672275e-06
-17.0,91.0,6.835093245172175e-06
-17.0,92.0,5.376099124987377e-06
-17.0,93.0,1.2352537851256784e-05
-17.0,94.0,2.5995208488893695e-05
-17.0,95.0,2.6954259737976827e-05
-17.0,96.0,6.570204277522862e-05
-17.0,97.0,0.00014806263789068907
-17.0,98.0,0.0010582110844552517
-17.0,99.0,6.0206704802112654e-05
-17.0,100.0,0.00015423051081597805
-17.0,101.0,0.0002410130255157128
-17.0,102.0,0.00019146653357893229
-17.0,103.0,1.8645805539563298e-05
-17.0,104.0,1.527841595816426e-05
-17.0,105.0,1.7734613493303186e-06
-17.0,106.0,4.473763965506805e-06
-17.0,107.0,0.0001285401376662776
-17.0,108.0,0.00010807502258103341
-17.0,109.0,0.0009754708153195679
-17.0,110.0,0.0028937014285475016
-17.0,111.0,5.8355559303890914e-05
-17.0,112.0,5.088085526949726e-05
-17.0,113.0,0.0010698690311983228
-17.0,114.0,1.0446555279486347e-05
-17.0,115.0,1.2667989722103812e-05
-17.0,116.0,0.11783864349126816
-17.0,117.0,0.00015002425061538815
-17.0,118.0,0.003536812262609601
-17.0,119.0,0.005250220187008381
-17.0,120.0,0.0002323979279026389
-17.0,121.0,0.00028634091722778976
-17.0,122.0,0.0005515411030501127
-17.0,123.0,0.0023339774925261736
-17.0,124.0,0.0013205279828980565
-17.0,125.0,0.0007846371736377478
-17.0,126.0,0.0006813619984313846
-17.0,127.0,0.0010492497822269797
-17.0,128.0,0.0008335268939845264
-17.0,129.0,4.939272548654117e-05
-17.0,130.0,0.0009236838668584824
-17.0,131.0,0.003068554447963834
-17.0,132.0,0.00043925654608756304
-17.0,133.0,0.0008771927678026259
-17.0,134.0,0.0008725824882276356
-17.0,135.0,0.0001015997986542061
-17.0,136.0,2.754917659331113e-06
-17.0,137.0,0.00012906224583275616
-17.0,138.0,2.5632596589275636e-05
-17.0,139.0,0.0007238562102429569
-17.0,140.0,2.125935679941904e-06
-17.0,141.0,2.829693585226778e-05
-17.0,142.0,8.680968312546611e-05
-17.0,143.0,0.0001157027727458626
-17.0,144.0,5.6128952564904466e-05
-17.0,145.0,5.0238686526427045e-05
-17.0,146.0,4.5050739572616294e-05
-17.0,147.0,8.219131996156648e-05
-17.0,148.0,0.00018207469838671386
-17.0,149.0,0.00020888965809717774
-17.0,150.0,0.001022222568280995
-17.0,151.0,2.679282806639094e-05
-17.0,152.0,0.0021091948729008436
-17.0,153.0,5.912036067456938e-05
-17.0,154.0,0.0004471097490750253
-17.0,155.0,3.658790228655562e-05
-17.0,156.0,3.608994347814587e-06
-17.0,157.0,3.398748958716169e-05
-17.0,158.0,7.765011105220765e-06
-17.0,159.0,5.714737199014053e-07
-17.0,160.0,3.836609721474815e-06
-17.0,161.0,9.126400073000696e-06
-17.0,162.0,2.298383606103016e-06
-17.0,163.0,3.766531517612748e-05
-17.0,164.0,1.276467719435459e-05
-17.0,165.0,3.3767901186365634e-05
-17.0,166.0,4.220275513944216e-05
-17.0,167.0,2.128398136846954e-06
-17.0,168.0,1.2623585462279152e-05
-17.0,169.0,1.5664223610656336e-05
-17.0,170.0,7.926184366624511e-07
-17.0,171.0,4.852079655393027e-06
-17.0,172.0,1.3280614439281635e-06
-17.0,173.0,2.4456085156998597e-06
-17.0,174.0,1.1405758186811e-06
-17.0,175.0,1.8187499506439053e-07
-17.0,176.0,1.8460098090145038e-06
-17.0,177.0,3.6925500808138167e-06
-17.0,178.0,4.817489980268874e-07
-17.0,179.0,6.4457531152584124e-06
-17.0,180.0,4.540697318589082e-06
-17.0,-179.0,4.555830855679233e-06
-17.0,-178.0,3.101537004113197e-05
-17.0,-177.0,2.7005977244698443e-05
-17.0,-176.0,1.1125395758426748e-05
-17.0,-175.0,1.823560887714848e-05
-17.0,-174.0,6.882187335577328e-06
-17.0,-173.0,2.294566456839675e-06
-17.0,-172.0,1.6098914557005628e-06
-17.0,-171.0,9.285790270041616e-07
-17.0,-170.0,8.123695351969218e-07
-17.0,-169.0,3.201527761120815e-06
-17.0,-168.0,2.0244424376869574e-06
-17.0,-167.0,1.1403757298467099e-06
-17.0,-166.0,7.8415928328468e-07
-17.0,-165.0,5.286407827043149e-07
-17.0,-164.0,1.267409629690519e-06
-17.0,-163.0,8.867868359629938e-07
-17.0,-162.0,1.2879959285783116e-06
-17.0,-161.0,3.2923703656706493e-06
-17.0,-160.0,2.3550410332973115e-06
-17.0,-159.0,1.6298209857268375e-06
-17.0,-158.0,1.1832072459583287e-06
-17.0,-157.0,4.513963176577818e-06
-17.0,-156.0,1.2973217735634535e-06
-17.0,-155.0,1.269279664484202e-06
-17.0,-154.0,1.46128832057002e-06
-17.0,-153.0,1.9354229152668267e-06
-17.0,-152.0,1.5603709471179172e-06
-17.0,-151.0,1.1663532859529369e-05
-17.0,-150.0,6.121960723248776e-06
-17.0,-149.0,1.1012950380973052e-05
-17.0,-148.0,3.071490573347546e-05
-17.0,-147.0,4.565327617456205e-05
-17.0,-146.0,3.714392732945271e-05
-17.0,-145.0,0.0002668803499545902
-17.0,-144.0,0.0001286723418161273
-17.0,-143.0,0.00019490621343720704
-17.0,-142.0,0.00020300921460147947
-17.0,-141.0,5.670055543305352e-05
-17.0,-140.0,0.00023593238438479602
-17.0,-139.0,0.0013918722979724407
-17.0,-138.0,0.0004714113601949066
-17.0,-137.0,0.001587742124684155
-17.0,-136.0,0.0028528678230941296
-17.0,-135.0,0.0006957547157071531
-17.0,-134.0,0.000761412491556257
-17.0,-133.0,0.003493763040751219
-17.0,-132.0,0.002239396097138524
-17.0,-131.0,0.0006420282879844308
-17.0,-130.0,0.0010882734786719084
-17.0,-129.0,0.0008335976745001972
-17.0,-128.0,0.0003011654189322144
-17.0,-127.0,0.00012200182391097769
-17.0,-126.0,0.0007023045909591019
-17.0,-125.0,0.00011779311171267182
-17.0,-124.0,4.0428611100651324e-05
-17.0,-123.0,9.387749014422297e-05
-17.0,-122.0,5.76305428694468e-05
-17.0,-121.0,2.256790321553126e-05
-17.0,-120.0,8.261997572844848e-05
-17.0,-119.0,6.836344982730225e-05
-17.0,-118.0,0.00012218962365295738
-17.0,-117.0,0.00012268709542695433
-17.0,-116.0,0.00021807252778671682
-17.0,-115.0,0.0005706364754587412
-17.0,-114.0,0.00041611387860029936
-17.0,-113.0,0.000575813464820385
-17.0,-112.0,0.0010424252832308412
-17.0,-111.0,0.00026563898427411914
-17.0,-110.0,0.0015823736321181059
-17.0,-109.0,0.0030329765286296606
-17.0,-108.0,0.000964940118137747
-17.0,-107.0,0.0004118214128538966
-17.0,-106.0,0.00206033606082201
-17.0,-105.0,0.0016125630354508758
-17.0,-104.0,0.0008997069671750069
-17.0,-103.0,0.003611563006415963
-17.0,-102.0,0.0027304578106850386
-17.0,-101.0,0.0007298889104276896
-17.0,-100.0,0.0017540206899866462
-17.0,-99.0,0.0014935133513063192
-17.0,-98.0,0.0012934524565935135
-17.0,-97.0,0.002423100406304002
-17.0,-96.0,0.004992693196982145
-17.0,-95.0,0.0004971566377207637
-17.0,-94.0,0.001959508052095771
-17.0,-93.0,0.0009556490113027394
-17.0,-92.0,0.0026923862751573324
-17.0,-91.0,0.0025888176169246435
-17.0,-90.0,0.0022456792648881674
-17.0,-89.0,0.0018139888998121023
-17.0,-88.0,1.199385314976098e-05
-17.0,-87.0,2.3781705749570392e-05
-17.0,-86.0,0.00023279756715055555
-17.0,-85.0,4.803621777682565e-05
-17.0,-84.0,9.040787517733406e-06
-17.0,-83.0,0.0004965404514223337
-17.0,-82.0,6.874903192510828e-05
-17.0,-81.0,0.0003014586982317269
-17.0,-80.0,0.004510447848588228
-17.0,-79.0,0.0045792884193360806
-17.0,-78.0,4.1917894122889265e-05
-17.0,-77.0,7.356124115176499e-05
-17.0,-76.0,0.0005479031824506819
-17.0,-75.0,0.00021240174828562886
-17.0,-74.0,0.00041543913539499044
-17.0,-73.0,0.006482610013335943
-17.0,-72.0,0.0028896289877593517
-17.0,-71.0,0.0020128367468714714
-17.0,-70.0,0.030489709228277206
-17.0,-69.0,0.06322786957025528
-17.0,-68.0,0.010045267641544342
-17.0,-67.0,0.04115653038024902
-17.0,-66.0,0.3255314528942108
-17.0,-65.0,0.0021609694231301546
-17.0,-64.0,0.003677713917568326
-17.0,-63.0,0.1669386476278305
-17.0,-62.0,0.006264695897698402
-17.0,-61.0,0.019417986273765564
-17.0,-60.0,0.009406335651874542
-17.0,-59.0,0.0015242339577525854
-17.0,-58.0,0.0005628896178677678
-17.0,-57.0,0.021935362368822098
-17.0,-56.0,0.07181601226329803
-17.0,-55.0,0.0005839763325639069
-17.0,-54.0,0.005007377825677395
-17.0,-53.0,0.0017018262296915054
-17.0,-52.0,0.0028377831913530827
-17.0,-51.0,0.0009910204680636525
-17.0,-50.0,0.0006267957505770028
-17.0,-49.0,0.00012353749480098486
-17.0,-48.0,1.288396833842853e-05
-17.0,-47.0,4.635829463950358e-05
-17.0,-46.0,7.117133645806462e-05
-17.0,-45.0,2.6177785912295803e-06
-17.0,-44.0,4.5530672650784254e-05
-17.0,-43.0,9.660740033723414e-05
-17.0,-42.0,7.640745025128126e-05
-17.0,-41.0,5.924146535107866e-05
-17.0,-40.0,0.0002219653397332877
-17.0,-39.0,5.9027413954027e-05
-17.0,-38.0,0.00023722914920654148
-17.0,-37.0,0.00020601290452759713
-17.0,-36.0,2.6188317860942334e-05
-17.0,-35.0,6.519506860058755e-05
-17.0,-34.0,0.00024339895753655583
-17.0,-33.0,2.1631323761539534e-05
-17.0,-32.0,4.394570169097278e-06
-17.0,-31.0,0.00018945168994832784
-17.0,-30.0,0.00013972823217045516
-17.0,-29.0,0.00011749783880077302
-17.0,-28.0,3.100297544733621e-05
-17.0,-27.0,0.0002518740948289633
-17.0,-26.0,0.00013085748651064932
-17.0,-25.0,8.381440420635045e-05
-17.0,-24.0,0.0015460780123248696
-17.0,-23.0,0.0024537164717912674
-17.0,-22.0,0.003095845924690366
-17.0,-21.0,0.005128702148795128
-17.0,-20.0,0.00349616096355021
-17.0,-19.0,0.007832882925868034
-17.0,-18.0,0.0022106184624135494
-17.0,-17.0,0.007128735538572073
-17.0,-16.0,0.038448937237262726
-17.0,-15.0,0.006556765642017126
-17.0,-14.0,0.005481455009430647
-17.0,-13.0,0.01641450822353363
-17.0,-12.0,0.007331261411309242
-17.0,-11.0,0.010485351085662842
-17.0,-10.0,0.008101033046841621
-17.0,-9.0,0.0043986826203763485
-17.0,-8.0,0.0021795001812279224
-17.0,-7.0,0.0024394707288593054
-17.0,-6.0,0.00048143675667233765
-17.0,-5.0,0.0005892374902032316
-17.0,-4.0,0.0005317485774867237
-17.0,-3.0,0.0008855019696056843
-17.0,-2.0,0.00037892983527854085
-17.0,-1.0,0.003927653655409813
-16.0,0.0,0.00020788922847714275
-16.0,1.0,7.777485734550282e-05
-16.0,2.0,2.2143483874970116e-05
-16.0,3.0,2.113625487254467e-05
-16.0,4.0,3.5894872780772857e-06
-16.0,5.0,1.1082011042162776e-05
-16.0,6.0,3.0534709367202595e-05
-16.0,7.0,5.2400220738491043e-05
-16.0,8.0,2.6143974537262693e-05
-16.0,9.0,0.000389780878322199
-16.0,10.0,1.4704992281622253e-05
-16.0,11.0,7.465197995770723e-06
-16.0,12.0,9.101203431782778e-06
-16.0,13.0,4.231872026139172e-06
-16.0,14.0,9.43279064813396e-06
-16.0,15.0,1.6715810488676652e-05
-16.0,16.0,2.627722642500885e-05
-16.0,17.0,1.0701229484766372e-06
-16.0,18.0,4.5201437615105533e-07
-16.0,19.0,1.1233480108785443e-05
-16.0,20.0,2.1498413843801245e-05
-16.0,21.0,2.2791911760577932e-05
-16.0,22.0,2.7541689178178785e-06
-16.0,23.0,7.058433311613044e-06
-16.0,24.0,9.606834282749332e-06
-16.0,25.0,0.0001400383625878021
-16.0,26.0,8.6012136307545e-05
-16.0,27.0,0.00021654569718521088
-16.0,28.0,0.0004125398409087211
-16.0,29.0,0.00020248204236850142
-16.0,30.0,0.001012875116430223
-16.0,31.0,0.004001250956207514
-16.0,32.0,0.0004617334925569594
-16.0,33.0,0.0017091254703700542
-16.0,34.0,0.0019911930430680513
-16.0,35.0,0.00010403054329799488
-16.0,36.0,0.005364611279219389
-16.0,37.0,0.0018341068644076586
-16.0,38.0,0.00028184911934658885
-16.0,39.0,0.005094058346003294
-16.0,40.0,0.0025017738807946444
-16.0,41.0,0.0006057941936887801
-16.0,42.0,0.006485359743237495
-16.0,43.0,0.000721683376468718
-16.0,44.0,0.0001726312912069261
-16.0,45.0,0.0005904602003283799
-16.0,46.0,0.001192571478895843
-16.0,47.0,0.0006854247767478228
-16.0,48.0,0.00016502939979545772
-16.0,49.0,0.00019183823314961046
-16.0,50.0,0.0006990143447183073
-16.0,51.0,0.0005060601397417486
-16.0,52.0,0.0004528784193098545
-16.0,53.0,0.0019228049786761403
-16.0,54.0,0.0003644616808742285
-16.0,55.0,0.0003257245116401464
-16.0,56.0,0.0008144702296704054
-16.0,57.0,0.00015470744983758777
-16.0,58.0,8.86468988028355e-05
-16.0,59.0,5.626458369079046e-05
-16.0,60.0,7.393151463475078e-06
-16.0,61.0,3.598452531150542e-05
-16.0,62.0,4.8791946028359234e-05
-16.0,63.0,2.4687282348168083e-05
-16.0,64.0,2.018619306909386e-05
-16.0,65.0,4.56035413662903e-05
-16.0,66.0,2.2142112356959842e-05
-16.0,67.0,4.525254917098209e-05
-16.0,68.0,4.707855623564683e-05
-16.0,69.0,1.7536925952299498e-05
-16.0,70.0,1.135078400693601e-05
-16.0,71.0,2.204710472142324e-05
-16.0,72.0,5.210004474065499e-06
-16.0,73.0,6.691478120046668e-06
-16.0,74.0,8.663389053253923e-06
-16.0,75.0,4.086569333594525e-06
-16.0,76.0,1.2157529454270843e-05
-16.0,77.0,3.975942945544375e-06
-16.0,78.0,2.615450512166717e-06
-16.0,79.0,2.4986597964016255e-06
-16.0,80.0,2.0858344669250073e-06
-16.0,81.0,1.1602819540712517e-06
-16.0,82.0,1.1988749974989332e-06
-16.0,83.0,1.8467653717380017e-06
-16.0,84.0,1.6698637637091451e-06
-16.0,85.0,1.7770470321920584e-06
-16.0,86.0,4.1351622712682e-06
-16.0,87.0,4.607814844348468e-06
-16.0,88.0,5.872573183296481e-06
-16.0,89.0,6.06350249654497e-06
-16.0,90.0,6.836645752628101e-06
-16.0,91.0,1.5651366993552074e-05
-16.0,92.0,1.0186285180679988e-05
-16.0,93.0,5.847637112310622e-06
-16.0,94.0,7.250440103234723e-05
-16.0,95.0,2.4806651708786376e-05
-16.0,96.0,0.00013538141502067447
-16.0,97.0,7.080591603880748e-05
-16.0,98.0,6.528976518893614e-05
-16.0,99.0,5.770406642113812e-05
-16.0,100.0,3.588569234125316e-05
-16.0,101.0,8.941027044784278e-05
-16.0,102.0,0.00013988288992550224
-16.0,103.0,4.1761970351217315e-05
-16.0,104.0,1.953979881363921e-05
-16.0,105.0,0.027282968163490295
-16.0,106.0,1.0357295650464948e-05
-16.0,107.0,0.001261529396288097
-16.0,108.0,0.0010615841019898653
-16.0,109.0,9.92149580270052e-05
-16.0,110.0,0.004869362339377403
-16.0,111.0,0.00012018048437312245
-16.0,112.0,0.0004044724628329277
-16.0,113.0,0.00034854476689361036
-16.0,114.0,0.00011722197814378887
-16.0,115.0,0.0002030932519119233
-16.0,116.0,0.00013834955461788923
-16.0,117.0,0.002132126595824957
-16.0,118.0,0.00015148041711654514
-16.0,119.0,0.0005942830466665328
-16.0,120.0,0.0012251980369910598
-16.0,121.0,0.0010399933671578765
-16.0,122.0,1.935943691933062e-05
-16.0,123.0,0.00030810179305262864
-16.0,124.0,0.0005628555663861334
-16.0,125.0,0.00021493136591743678
-16.0,126.0,0.00042514369124546647
-16.0,127.0,0.00024976799613796175
-16.0,128.0,6.727380969095975e-05
-16.0,129.0,0.007925053127110004
-16.0,130.0,0.003438384737819433
-16.0,131.0,4.710221674031345e-06
-16.0,132.0,0.008097490295767784
-16.0,133.0,0.0010001170448958874
-16.0,134.0,4.072147930855863e-06
-16.0,135.0,9.539480379316956e-05
-16.0,136.0,0.0005334822926670313
-16.0,137.0,2.5911958800861612e-08
-16.0,138.0,0.00013788335490971804
-16.0,139.0,0.00017923394625540823
-16.0,140.0,6.166506523186399e-07
-16.0,141.0,0.000567470386158675
-16.0,142.0,3.328147795400582e-05
-16.0,143.0,8.632890967419371e-05
-16.0,144.0,5.5990116379689425e-05
-16.0,145.0,5.816138946102001e-05
-16.0,146.0,0.00016065975069068372
-16.0,147.0,0.0014022085815668106
-16.0,148.0,0.0006531326798722148
-16.0,149.0,0.0003151411365251988
-16.0,150.0,5.2806997700827196e-05
-16.0,151.0,5.535093805519864e-05
-16.0,152.0,8.157080446835607e-05
-16.0,153.0,9.507904906058684e-05
-16.0,154.0,1.8939779238280607e-06
-16.0,155.0,5.066420953880879e-07
-16.0,156.0,3.4652157410164364e-07
-16.0,157.0,4.561607624964381e-08
-16.0,158.0,3.6124381264102112e-09
-16.0,159.0,6.539983665732052e-09
-16.0,160.0,7.797681611521057e-09
-16.0,161.0,5.523006940677533e-09
-16.0,162.0,4.234853463458421e-07
-16.0,163.0,2.468663637955615e-07
-16.0,164.0,9.699269298835134e-08
-16.0,165.0,1.3664916878042277e-06
-16.0,166.0,1.2904821460324456e-06
-16.0,167.0,5.149406092641584e-07
-16.0,168.0,1.3445738886730396e-06
-16.0,169.0,9.363190542899247e-07
-16.0,170.0,1.9352756908119773e-07
-16.0,171.0,2.179881903430214e-06
-16.0,172.0,4.394291863718536e-07
-16.0,173.0,6.140122650322155e-07
-16.0,174.0,7.525136993535853e-07
-16.0,175.0,2.5395934244443197e-07
-16.0,176.0,1.105945898416394e-06
-16.0,177.0,2.9627769890794298e-06
-16.0,178.0,5.88624880037969e-06
-16.0,179.0,2.0376796783239115e-06
-16.0,180.0,2.731834683800116e-06
-16.0,-179.0,8.472530680592172e-06
-16.0,-178.0,1.5687784980400465e-05
-16.0,-177.0,5.382722520153038e-06
-16.0,-176.0,2.5120828013314167e-06
-16.0,-175.0,8.803540367807727e-07
-16.0,-174.0,1.10754183424433e-06
-16.0,-173.0,4.228142529427714e-07
-16.0,-172.0,3.382704392151936e-07
-16.0,-171.0,5.237660616330686e-07
-16.0,-170.0,8.493211680615786e-07
-16.0,-169.0,4.881566155745531e-07
-16.0,-168.0,7.923932798803435e-07
-16.0,-167.0,7.17454668119899e-07
-16.0,-166.0,5.976224315418222e-07
-16.0,-165.0,2.384506387898e-06
-16.0,-164.0,8.131437994052249e-07
-16.0,-163.0,1.1178688055224484e-06
-16.0,-162.0,5.621082436846336e-06
-16.0,-161.0,2.5486995127721457e-06
-16.0,-160.0,1.751055719978467e-06
-16.0,-159.0,1.6529359072592342e-06
-16.0,-158.0,5.819936177431373e-06
-16.0,-157.0,2.397563093836652e-06
-16.0,-156.0,4.472680302569643e-06
-16.0,-155.0,3.6186270335747395e-06
-16.0,-154.0,3.6335381992103066e-06
-16.0,-153.0,1.3935788274466177e-06
-16.0,-152.0,4.086218268639641e-06
-16.0,-151.0,6.5826507125166245e-06
-16.0,-150.0,7.4438780757191125e-06
-16.0,-149.0,2.3784743461874314e-05
-16.0,-148.0,8.634190453449264e-05
-16.0,-147.0,5.352597509045154e-05
-16.0,-146.0,0.0001234667288372293
-16.0,-145.0,0.00014683438348583877
-16.0,-144.0,4.168091982137412e-05
-16.0,-143.0,7.921822543721646e-05
-16.0,-142.0,0.0001318157883360982
-16.0,-141.0,4.711452857009135e-05
-16.0,-140.0,0.00012941789464093745
-16.0,-139.0,0.0003073091502301395
-16.0,-138.0,9.379176481161267e-05
-16.0,-137.0,0.0006906369235366583
-16.0,-136.0,0.0007319179130718112
-16.0,-135.0,0.00048428119043819606
-16.0,-134.0,0.0009147431119345129
-16.0,-133.0,0.0016242485726252198
-16.0,-132.0,0.0001413839781889692
-16.0,-131.0,0.0005130156059749424
-16.0,-130.0,0.0002904949360527098
-16.0,-129.0,7.161583926063031e-05
-16.0,-128.0,0.0002785249671433121
-16.0,-127.0,0.00011083395656896755
-16.0,-126.0,5.1974813686683774e-05
-16.0,-125.0,0.00011483673733891919
-16.0,-124.0,5.484024586621672e-05
-16.0,-123.0,0.00018140942847821862
-16.0,-122.0,3.534030474838801e-05
-16.0,-121.0,0.00011602207086980343
-16.0,-120.0,7.675551023567095e-05
-16.0,-119.0,2.8373242457746528e-05
-16.0,-118.0,4.240321140969172e-05
-16.0,-117.0,3.907341670128517e-05
-16.0,-116.0,5.1332735893083736e-05
-16.0,-115.0,0.00018486827320884913
-16.0,-114.0,0.0001694819948170334
-16.0,-113.0,0.00018037112022284418
-16.0,-112.0,0.00024299664073623717
-16.0,-111.0,0.00025103281950578094
-16.0,-110.0,0.001119043561629951
-16.0,-109.0,0.00016591754683759063
-16.0,-108.0,0.00045076117385178804
-16.0,-107.0,0.0006072318064980209
-16.0,-106.0,0.0004482387157622725
-16.0,-105.0,0.0009686590638011694
-16.0,-104.0,0.0012454891111701727
-16.0,-103.0,0.0007992899045348167
-16.0,-102.0,0.0005152421654202044
-16.0,-101.0,0.0018095615087077022
-16.0,-100.0,0.002619307255372405
-16.0,-99.0,0.0005169510841369629
-16.0,-98.0,0.0015972773544490337
-16.0,-97.0,0.0002710199332796037
-16.0,-96.0,0.00017963311984203756
-16.0,-95.0,0.000412999652326107
-16.0,-94.0,0.00033882673596963286
-16.0,-93.0,0.0003017223789356649
-16.0,-92.0,8.882815018296242e-05
-16.0,-91.0,0.00025904038920998573
-16.0,-90.0,9.205233072862029e-05
-16.0,-89.0,9.540121936879586e-06
-16.0,-88.0,8.099435035546776e-06
-16.0,-87.0,1.4358479347720277e-05
-16.0,-86.0,1.1687891401379602e-06
-16.0,-85.0,4.220969003654318e-06
-16.0,-84.0,0.00038868162664584816
-16.0,-83.0,4.0967656786961015e-06
-16.0,-82.0,5.1353008529986255e-06
-16.0,-81.0,0.00024298550852108747
-16.0,-80.0,1.3651718290930148e-05
-16.0,-79.0,6.558655150001869e-05
-16.0,-78.0,0.0006658901111222804
-16.0,-77.0,6.493381192740344e-07
-16.0,-76.0,1.7181933799292892e-05
-16.0,-75.0,0.0017932516057044268
-16.0,-74.0,0.0003741130931302905
-16.0,-73.0,0.00030348595464602113
-16.0,-72.0,0.002318868413567543
-16.0,-71.0,0.00019343972962815315
-16.0,-70.0,0.0003785925800912082
-16.0,-69.0,0.018494904041290283
-16.0,-68.0,0.00047501089284196496
-16.0,-67.0,0.001517073716968298
-16.0,-66.0,0.0005726260133087635
-16.0,-65.0,0.00034320689155720174
-16.0,-64.0,0.0033575338311493397
-16.0,-63.0,0.0011314247967675328
-16.0,-62.0,0.05491701886057854
-16.0,-61.0,0.002267344854772091
-16.0,-60.0,0.23820702731609344
-16.0,-59.0,0.0613744892179966
-16.0,-58.0,0.010836179368197918
-16.0,-57.0,0.07503365725278854
-16.0,-56.0,0.016790181398391724
-16.0,-55.0,0.013546024449169636
-16.0,-54.0,0.010753322392702103
-16.0,-53.0,0.1787962019443512
-16.0,-52.0,0.005399608984589577
-16.0,-51.0,0.0005203079781495035
-16.0,-50.0,0.0005051805637776852
-16.0,-49.0,0.00037765788147225976
-16.0,-48.0,0.00012427062029018998
-16.0,-47.0,0.0005080097471363842
-16.0,-46.0,0.00013443654461298138
-16.0,-45.0,9.77186718955636e-05
-16.0,-44.0,7.61840128689073e-05
-16.0,-43.0,0.0001157719743787311
-16.0,-42.0,0.00010011879203375429
-16.0,-41.0,6.182192009873688e-05
-16.0,-40.0,0.00018946558702737093
-16.0,-39.0,0.0001897244801511988
-16.0,-38.0,0.00010990654118359089
-16.0,-37.0,0.00011755679588532075
-16.0,-36.0,3.2420441129943356e-05
-16.0,-35.0,7.595899660373107e-05
-16.0,-34.0,3.1237279472406954e-05
-16.0,-33.0,9.14994889171794e-05
-16.0,-32.0,0.0002868335577659309
-16.0,-31.0,4.721752702607773e-05
-16.0,-30.0,0.0002786152472253889
-16.0,-29.0,9.367727034259588e-05
-16.0,-28.0,8.475977665511891e-05
-16.0,-27.0,7.052478031255305e-05
-16.0,-26.0,0.0005539466510526836
-16.0,-25.0,0.0007306178449653089
-16.0,-24.0,0.0008703951607458293
-16.0,-23.0,0.010138452053070068
-16.0,-22.0,0.0008321615168824792
-16.0,-21.0,0.0006677451892755926
-16.0,-20.0,0.0025185104459524155
-16.0,-19.0,0.0005027046427130699
-16.0,-18.0,0.0008751557907089591
-16.0,-17.0,0.006096848286688328
-16.0,-16.0,0.001866743783466518
-16.0,-15.0,0.004011514130979776
-16.0,-14.0,0.009637701325118542
-16.0,-13.0,0.003748355433344841
-16.0,-12.0,0.005717971827834845
-16.0,-11.0,0.00510766776278615
-16.0,-10.0,0.0014511115150526166
-16.0,-9.0,0.0013404167257249355
-16.0,-8.0,0.000706252409145236
-16.0,-7.0,0.00046335780643858016
-16.0,-6.0,0.0005130727658979595
-16.0,-5.0,0.003137225518003106
-16.0,-4.0,0.0009758203523233533
-16.0,-3.0,0.0015716059133410454
-16.0,-2.0,0.0004958470817655325
-16.0,-1.0,0.0002319932245882228
-15.0,0.0,6.082023537601344e-05
-15.0,1.0,8.515527952113189e-06
-15.0,2.0,1.5512281606788747e-05
-15.0,3.0,7.332729637710145e-06
-15.0,4.0,2.1154028218006715e-06
-15.0,5.0,3.646768527687527e-05
-15.0,6.0,0.0002768293197732419
-15.0,7.0,4.960561636835337e-05
-15.0,8.0,0.00021344993729144335
-15.0,9.0,4.217664900352247e-05
-15.0,10.0,0.0001100852750823833
-15.0,11.0,2.3457934730686247e-05
-15.0,12.0,0.00010310811921954155
-15.0,13.0,9.395486995344982e-05
-15.0,14.0,1.3193876839068253e-05
-15.0,15.0,7.681789429625496e-05
-15.0,16.0,0.000532670586835593
-15.0,17.0,0.0001240932324435562
-15.0,18.0,0.0003083054325543344
-15.0,19.0,0.000218501067138277
-15.0,20.0,2.643799780344125e-05
-15.0,21.0,0.0005544378655031323
-15.0,22.0,0.0005476645892485976
-15.0,23.0,0.003571287961676717
-15.0,24.0,0.00016732596850488335
-15.0,25.0,0.0001254994422197342
-15.0,26.0,0.004389474168419838
-15.0,27.0,0.0003004241152666509
-15.0,28.0,0.0003037621208932251
-15.0,29.0,0.00018546980572864413
-15.0,30.0,0.0010568046709522605
-15.0,31.0,0.00023626844631507993
-15.0,32.0,8.235991117544472e-05
-15.0,33.0,0.0004429892869666219
-15.0,34.0,0.0008141653379425406
-15.0,35.0,0.0003871727967634797
-15.0,36.0,0.0007156152278184891
-15.0,37.0,0.00016542641969863325
-15.0,38.0,0.0005657777655869722
-15.0,39.0,0.0005146683542989194
-15.0,40.0,0.000839143234770745
-15.0,41.0,0.00047304941108450294
-15.0,42.0,0.00046289386227726936
-15.0,43.0,0.00041259254794567823
-15.0,44.0,0.0006181469652801752
-15.0,45.0,0.00018123516929335892
-15.0,46.0,0.0002814662002492696
-15.0,47.0,0.00032582637504674494
-15.0,48.0,0.00018818890384864062
-15.0,49.0,0.0009623747901059687
-15.0,50.0,0.0004454410809557885
-15.0,51.0,0.0009176500025205314
-15.0,52.0,0.0038719812873750925
-15.0,53.0,0.0031176614575088024
-15.0,54.0,0.0011685013305395842
-15.0,55.0,0.0015895806718617678
-15.0,56.0,0.00011016317876055837
-15.0,57.0,0.0001252469519386068
-15.0,58.0,0.0003452323144301772
-15.0,59.0,6.14501623203978e-05
-15.0,60.0,3.8778784073656425e-05
-15.0,61.0,0.00021385432046372443
-15.0,62.0,2.633864278323017e-05
-15.0,63.0,4.6768898755544797e-05
-15.0,64.0,2.9185852326918393e-05
-15.0,65.0,0.00012626804527826607
-15.0,66.0,2.2344156604958698e-05
-15.0,67.0,2.9428196285152808e-05
-15.0,68.0,2.5749366614036262e-05
-15.0,69.0,8.316989806189667e-06
-15.0,70.0,7.358452421613038e-06
-15.0,71.0,7.118536359485006e-06
-15.0,72.0,4.8228221203316934e-06
-15.0,73.0,3.2783248116174946e-06
-15.0,74.0,7.409971658489667e-06
-15.0,75.0,2.2338501821650425e-06
-15.0,76.0,5.361303010431584e-06
-15.0,77.0,5.263440925773466e-06
-15.0,78.0,3.2771895348560065e-06
-15.0,79.0,4.416981937538367e-06
-15.0,80.0,3.592552502595936e-06
-15.0,81.0,1.1186388064743369e-06
-15.0,82.0,2.194214857809129e-06
-15.0,83.0,3.856079729303019e-06
-15.0,84.0,2.1794307940581348e-06
-15.0,85.0,4.9048749133362435e-06
-15.0,86.0,6.4731971178844105e-06
-15.0,87.0,3.4702134144026786e-06
-15.0,88.0,4.035848178318702e-06
-15.0,89.0,7.463703241228359e-06
-15.0,90.0,4.4539856389747e-06
-15.0,91.0,7.397749868687242e-06
-15.0,92.0,8.111895112961065e-06
-15.0,93.0,1.6081796275102533e-05
-15.0,94.0,8.025100214581471e-06
-15.0,95.0,5.832017632201314e-05
-15.0,96.0,0.0002797910419758409
-15.0,97.0,2.0363455405458808e-05
-15.0,98.0,0.0002687619999051094
-15.0,99.0,0.00025302727590315044
-15.0,100.0,0.0004055643221363425
-15.0,101.0,1.7010499504976906e-05
-15.0,102.0,0.0003160184423904866
-15.0,103.0,0.0019812616519629955
-15.0,104.0,5.691583646694198e-05
-15.0,105.0,1.5791249097674154e-05
-15.0,106.0,0.00044824465294368565
-15.0,107.0,0.0001248310727532953
-15.0,108.0,0.00022133259335532784
-15.0,109.0,0.00016165674605872482
-15.0,110.0,7.137959619285539e-05
-15.0,111.0,3.931980245397426e-06
-15.0,112.0,0.0024030564818531275
-15.0,113.0,9.036755363922566e-05
-15.0,114.0,1.2523842997325119e-05
-15.0,115.0,0.00011509996693348512
-15.0,116.0,3.508552981656976e-05
-15.0,117.0,1.1768627700803336e-05
-15.0,118.0,5.2091370889684185e-05
-15.0,119.0,2.710515764192678e-05
-15.0,120.0,3.117273445241153e-05
-15.0,121.0,1.3122889868100174e-05
-15.0,122.0,2.8386613848851994e-05
-15.0,123.0,0.00042174168629571795
-15.0,124.0,1.5898076526355e-05
-15.0,125.0,6.802676125516882e-06
-15.0,126.0,0.00034563240478746593
-15.0,127.0,0.00020261183090042323
-15.0,128.0,1.3865243090549484e-05
-15.0,129.0,4.328601335146232e-06
-15.0,130.0,1.5810897821211256e-05
-15.0,131.0,3.423248926992528e-06
-15.0,132.0,9.097429369830934e-07
-15.0,133.0,2.645350650709588e-05
-15.0,134.0,1.4407555681827944e-07
-15.0,135.0,5.027873228868884e-09
-15.0,136.0,3.852411367688546e-08
-15.0,137.0,6.496125024568755e-07
-15.0,138.0,3.64629593185839e-09
-15.0,139.0,1.1452157195890322e-06
-15.0,140.0,2.3248885554494336e-06
-15.0,141.0,6.138172921055229e-07
-15.0,142.0,3.4298523132747505e-07
-15.0,143.0,3.2633863611408742e-06
-15.0,144.0,0.00011894018825842068
-15.0,145.0,5.320473974279594e-06
-15.0,146.0,3.647161292974488e-06
-15.0,147.0,0.00012263048847671598
-15.0,148.0,0.0038072331808507442
-15.0,149.0,2.4285762265208177e-05
-15.0,150.0,0.00014794140588492155
-15.0,151.0,0.0002164437173632905
-15.0,152.0,1.091773810912855e-05
-15.0,153.0,2.595156547613442e-05
-15.0,154.0,2.4964374460978433e-05
-15.0,155.0,9.51154618178407e-07
-15.0,156.0,5.263001412458834e-07
-15.0,157.0,4.072304093938328e-08
-15.0,158.0,5.304299222075315e-08
-15.0,159.0,1.4925637614737752e-08
-15.0,160.0,2.3012049155113345e-08
-15.0,161.0,4.9727503892427194e-08
-15.0,162.0,2.6769961891659477e-07
-15.0,163.0,8.129329671646701e-07
-15.0,164.0,1.3286670537127065e-06
-15.0,165.0,6.814363587182015e-06
-15.0,166.0,8.574851335652056e-07
-15.0,167.0,7.330396556426422e-07
-15.0,168.0,4.113452405363205e-07
-15.0,169.0,3.8084741049715376e-07
-15.0,170.0,6.813856430198939e-07
-15.0,171.0,9.87534463092743e-07
-15.0,172.0,1.2210385875732754e-06
-15.0,173.0,2.2549438654095866e-06
-15.0,174.0,1.4732072486367542e-06
-15.0,175.0,6.147065505501814e-07
-15.0,176.0,1.9860569864249555e-06
-15.0,177.0,2.5230888240912464e-06
-15.0,178.0,6.454531103372574e-06
-15.0,179.0,2.7754288112191716e-06
-15.0,180.0,2.509501655367785e-06
-15.0,-179.0,7.617321898578666e-06
-15.0,-178.0,5.0051121434080414e-06
-15.0,-177.0,1.7650937707003322e-06
-15.0,-176.0,4.3363385771044705e-07
-15.0,-175.0,3.0025341857253807e-07
-15.0,-174.0,2.2372839225681673e-07
-15.0,-173.0,4.763367300597565e-08
-15.0,-172.0,6.529803187049765e-08
-15.0,-171.0,2.876649318750424e-07
-15.0,-170.0,8.136061637742387e-07
-15.0,-169.0,2.022679268520733e-07
-15.0,-168.0,4.435325422491587e-07
-15.0,-167.0,3.307131066776492e-07
-15.0,-166.0,9.13267854230071e-07
-15.0,-165.0,1.8461349782228353e-06
-15.0,-164.0,1.2739826615870697e-06
-15.0,-163.0,1.2296991371840704e-06
-15.0,-162.0,6.7577311710920185e-06
-15.0,-161.0,1.99634723685449e-06
-15.0,-160.0,2.69046904577408e-06
-15.0,-159.0,9.427593795408029e-06
-15.0,-158.0,1.1421439921832643e-05
-15.0,-157.0,9.595855772204231e-06
-15.0,-156.0,1.3862149899068754e-05
-15.0,-155.0,4.19834714193712e-06
-15.0,-154.0,1.0683511391107459e-05
-15.0,-153.0,7.221877240226604e-06
-15.0,-152.0,1.3486304851539899e-05
-15.0,-151.0,1.883743971120566e-05
-15.0,-150.0,2.4730381483095698e-05
-15.0,-149.0,2.478307760611642e-05
-15.0,-148.0,6.353866774588823e-05
-15.0,-147.0,9.734831110108644e-05
-15.0,-146.0,0.0001522070961073041
-15.0,-145.0,0.00021094940893817693
-15.0,-144.0,0.00013795593986287713
-15.0,-143.0,6.628959818044677e-05
-15.0,-142.0,9.332569607067853e-05
-15.0,-141.0,0.00019330382929183543
-15.0,-140.0,4.621801417670213e-05
-15.0,-139.0,0.0004929784336127341
-15.0,-138.0,0.0002855661150533706
-15.0,-137.0,0.00030623780912719667
-15.0,-136.0,0.005647606682032347
-15.0,-135.0,0.0005656179273501039
-15.0,-134.0,5.586962652159855e-05
-15.0,-133.0,0.00032914389157667756
-15.0,-132.0,0.00014312934945337474
-15.0,-131.0,5.590490764006972e-05
-15.0,-130.0,1.7648915672907606e-05
-15.0,-129.0,5.9069810959044844e-05
-15.0,-128.0,3.4884553315350786e-05
-15.0,-127.0,0.00015816150698810816
-15.0,-126.0,0.00014648589421994984
-15.0,-125.0,3.5444296372588724e-05
-15.0,-124.0,8.847663411870599e-05
-15.0,-123.0,4.5962908188812435e-05
-15.0,-122.0,1.8726495909504592e-05
-15.0,-121.0,3.0264662200352177e-05
-15.0,-120.0,1.2545480785774998e-05
-15.0,-119.0,2.430019412713591e-05
-15.0,-118.0,1.2627232536033262e-05
-15.0,-117.0,2.0140427295700647e-05
-15.0,-116.0,4.184296994935721e-05
-15.0,-115.0,8.175762195605785e-05
-15.0,-114.0,7.338404975598678e-05
-15.0,-113.0,6.731186294928193e-05
-15.0,-112.0,0.0002322929067304358
-15.0,-111.0,0.0002656493743415922
-15.0,-110.0,0.0001826253574108705
-15.0,-109.0,0.0004433287540450692
-15.0,-108.0,0.0004833357816096395
-15.0,-107.0,0.0016496730968356133
-15.0,-106.0,0.0019470747793093324
-15.0,-105.0,0.001533533912152052
-15.0,-104.0,0.001009643659926951
-15.0,-103.0,0.0011373671004548669
-15.0,-102.0,0.0009433793020434678
-15.0,-101.0,0.00038595451042056084
-15.0,-100.0,0.00022139928478281945
-15.0,-99.0,0.00041220293496735394
-15.0,-98.0,0.00010812583786901087
-15.0,-97.0,0.00020969226898159832
-15.0,-96.0,0.00017178713460452855
-15.0,-95.0,7.7693686762359e-05
-15.0,-94.0,0.0002477808156982064
-15.0,-93.0,0.00018115673447027802
-15.0,-92.0,0.0001485322427470237
-15.0,-91.0,4.5152974053053185e-05
-15.0,-90.0,0.00012277756468392909
-15.0,-89.0,2.006585054914467e-05
-15.0,-88.0,4.003979938715929e-07
-15.0,-87.0,1.961260750249494e-05
-15.0,-86.0,1.2172693004686153e-06
-15.0,-85.0,1.5817450957911205e-06
-15.0,-84.0,0.0002543328737374395
-15.0,-83.0,8.31050044780568e-07
-15.0,-82.0,4.2988890669448665e-08
-15.0,-81.0,2.9472259484464303e-05
-15.0,-80.0,2.3073920601746067e-05
-15.0,-79.0,7.54226812205161e-06
-15.0,-78.0,0.0001136808714363724
-15.0,-77.0,1.8052121504297247e-06
-15.0,-76.0,3.55733777723799e-06
-15.0,-75.0,3.643400123110041e-05
-15.0,-74.0,0.002703471342101693
-15.0,-73.0,0.00016282642900478095
-15.0,-72.0,0.001363735762424767
-15.0,-71.0,0.0004728323547169566
-15.0,-70.0,0.0001008113322313875
-15.0,-69.0,0.00019538238120730966
-15.0,-68.0,0.0012352318735793233
-15.0,-67.0,0.00024755459162406623
-15.0,-66.0,0.0024252014700323343
-15.0,-65.0,0.00900314748287201
-15.0,-64.0,0.0006466872291639447
-15.0,-63.0,0.03965659439563751
-15.0,-62.0,0.03776078298687935
-15.0,-61.0,0.01530979573726654
-15.0,-60.0,0.00285892141982913
-15.0,-59.0,0.00981746707111597
-15.0,-58.0,0.0020764817018061876
-15.0,-57.0,0.00771371042355895
-15.0,-56.0,0.0028187017887830734
-15.0,-55.0,0.0027316901832818985
-15.0,-54.0,0.014938234351575375
-15.0,-53.0,0.010889962315559387
-15.0,-52.0,0.010257829912006855
-15.0,-51.0,0.008262223564088345
-15.0,-50.0,0.004510098602622747
-15.0,-49.0,0.0012979523744434118
-15.0,-48.0,7.037187606329098e-05
-15.0,-47.0,0.00729012256488204
-15.0,-46.0,3.565247607184574e-05
-15.0,-45.0,1.578369119670242e-05
-15.0,-44.0,3.5802389902528375e-05
-15.0,-43.0,2.784520256682299e-05
-15.0,-42.0,2.4508979549864307e-05
-15.0,-41.0,4.739694486488588e-05
-15.0,-40.0,4.165215068496764e-05
-15.0,-39.0,0.00019791153317783028
-15.0,-38.0,0.0002421981916995719
-15.0,-37.0,4.478593109524809e-05
-15.0,-36.0,3.0036939278943464e-05
-15.0,-35.0,0.00011650533269857988
-15.0,-34.0,3.973430284531787e-05
-15.0,-33.0,0.00016287922335322946
-15.0,-32.0,7.306668703677133e-05
-15.0,-31.0,5.699420944438316e-05
-15.0,-30.0,0.0001462774962419644
-15.0,-29.0,8.223419717978686e-05
-15.0,-28.0,5.931614578003064e-05
-15.0,-27.0,0.0008778307819738984
-15.0,-26.0,0.0006892124656587839
-15.0,-25.0,0.0002631981624290347
-15.0,-24.0,0.000882609689142555
-15.0,-23.0,0.0024082998279482126
-15.0,-22.0,0.0005974512314423919
-15.0,-21.0,0.0014604261377826333
-15.0,-20.0,0.003410541219636798
-15.0,-19.0,0.0016531297005712986
-15.0,-18.0,0.0016465011285617948
-15.0,-17.0,0.0032935505732893944
-15.0,-16.0,0.0011252894764766097
-15.0,-15.0,0.001630038837902248
-15.0,-14.0,0.001490820082835853
-15.0,-13.0,0.0016982556553557515
-15.0,-12.0,0.0033840674441307783
-15.0,-11.0,0.0008518670802004635
-15.0,-10.0,0.00045134633546695113
-15.0,-9.0,0.0009098788141272962
-15.0,-8.0,0.0007649981416761875
-15.0,-7.0,0.00035008465056307614
-15.0,-6.0,0.001057733315974474
-15.0,-5.0,0.0007299368735402822
-15.0,-4.0,9.23391999094747e-05
-15.0,-3.0,0.00012550063547678292
-15.0,-2.0,0.0002829276490956545
-15.0,-1.0,2.4939388822531328e-05
-14.0,0.0,1.1851002454932313e-05
-14.0,1.0,2.0085704818484373e-05
-14.0,2.0,6.757788924005581e-06
-14.0,3.0,2.864562475224375e-06
-14.0,4.0,9.912238965625875e-06
-14.0,5.0,3.948619450966362e-06
-14.0,6.0,0.00011991879000561312
-14.0,7.0,5.807786510558799e-05
-14.0,8.0,5.123692608322017e-05
-14.0,9.0,1.2033253369736485e-05
-14.0,10.0,5.083240466774441e-05
-14.0,11.0,2.8313077564234845e-05
-14.0,12.0,4.293736856197938e-05
-14.0,13.0,4.93302613904234e-05
-14.0,14.0,1.8884691598941572e-05
-14.0,15.0,2.039822720689699e-05
-14.0,16.0,3.246409323764965e-05
-14.0,17.0,7.045634993119165e-05
-14.0,18.0,0.00011022917897207662
-14.0,19.0,2.2743230147170834e-05
-14.0,20.0,0.004044199828058481
-14.0,21.0,0.002363500650972128
-14.0,22.0,0.001578431692905724
-14.0,23.0,0.002058950252830982
-14.0,24.0,0.002436201786622405
-14.0,25.0,0.00021258165361359715
-14.0,26.0,0.002336757257580757
-14.0,27.0,0.0003051617823075503
-14.0,28.0,0.00011321678903186694
-14.0,29.0,0.01300049852579832
-14.0,30.0,0.0001969760487554595
-14.0,31.0,0.0017608837224543095
-14.0,32.0,0.0009631844004616141
-14.0,33.0,0.0001628571772016585
-14.0,34.0,0.0015488252975046635
-14.0,35.0,0.0007464446243830025
-14.0,36.0,0.0002833368780557066
-14.0,37.0,0.0005213074618950486
-14.0,38.0,0.00040667987195774913
-14.0,39.0,0.0005218307487666607
-14.0,40.0,9.382110874867067e-05
-14.0,41.0,0.0002844593545887619
-14.0,42.0,0.00015506145427934825
-14.0,43.0,9.283407416660339e-05
-14.0,44.0,0.0003337299276608974
-14.0,45.0,0.0003277729556430131
-14.0,46.0,0.0003261303063482046
-14.0,47.0,0.0004924277891404927
-14.0,48.0,0.0006151364068500698
-14.0,49.0,0.0009663923992775381
-14.0,50.0,0.000506351818330586
-14.0,51.0,5.497701567946933e-05
-14.0,52.0,2.222610237367917e-05
-14.0,53.0,0.0005214349366724491
-14.0,54.0,5.7665722124511376e-05
-14.0,55.0,0.0001340457529295236
-14.0,56.0,1.1730765436368529e-05
-14.0,57.0,9.847865840129089e-06
-14.0,58.0,0.00010270255006616935
-14.0,59.0,5.0480484787840396e-05
-14.0,60.0,2.1702900994569063e-05
-14.0,61.0,4.615665602614172e-05
-14.0,62.0,1.0812566870299634e-05
-14.0,63.0,1.1164167517563328e-05
-14.0,64.0,2.2841955797048286e-05
-14.0,65.0,1.2583008356159553e-05
-14.0,66.0,5.535076070373179e-06
-14.0,67.0,3.6426079077500617e-06
-14.0,68.0,4.587277999235084e-06
-14.0,69.0,3.0395549401873723e-06
-14.0,70.0,1.9331132534716744e-06
-14.0,71.0,1.924095613503596e-06
-14.0,72.0,1.1332830354149337e-06
-14.0,73.0,1.7719329434839892e-06
-14.0,74.0,3.4680399494391168e-06
-14.0,75.0,9.336075663668453e-07
-14.0,76.0,1.6847915276230196e-06
-14.0,77.0,3.0598412195104174e-06
-14.0,78.0,1.4502372778224526e-06
-14.0,79.0,2.198756192228757e-06
-14.0,80.0,1.0610774552333169e-06
-14.0,81.0,2.4142020720319124e-06
-14.0,82.0,1.5796497336850734e-06
-14.0,83.0,1.799702999960573e-06
-14.0,84.0,7.651738087588456e-06
-14.0,85.0,3.6366550375532825e-06
-14.0,86.0,2.261098416056484e-06
-14.0,87.0,4.789897502632812e-06
-14.0,88.0,3.389897756278515e-06
-14.0,89.0,7.728670425422024e-06
-14.0,90.0,4.211620307614794e-06
-14.0,91.0,8.480048563797027e-06
-14.0,92.0,3.1969855626812205e-05
-14.0,93.0,3.9579617805429734e-06
-14.0,94.0,1.3405227718976676e-06
-14.0,95.0,1.1832447853521444e-05
-14.0,96.0,0.00030339948716573417
-14.0,97.0,1.048923536473012e-06
-14.0,98.0,4.17204100813251e-05
-14.0,99.0,0.00011231900134589523
-14.0,100.0,3.7853103549423395e-06
-14.0,101.0,0.00014002500392962247
-14.0,102.0,7.860124242142774e-06
-14.0,103.0,8.339499800058547e-06
-14.0,104.0,3.648960046120919e-05
-14.0,105.0,2.899399260058999e-05
-14.0,106.0,4.968265784555115e-06
-14.0,107.0,7.901851495262235e-05
-14.0,108.0,0.000394306582165882
-14.0,109.0,9.594629955245182e-05
-14.0,110.0,2.6385907403891906e-05
-14.0,111.0,0.00014335429295897484
-14.0,112.0,6.359122198773548e-05
-14.0,113.0,1.2519747542683035e-05
-14.0,114.0,3.001944423886016e-05
-14.0,115.0,1.6919962945394218e-05
-14.0,116.0,2.8226053473190404e-05
-14.0,117.0,1.113510734285228e-06
-14.0,118.0,1.2876722394139506e-05
-14.0,119.0,2.5660527171567082e-05
-14.0,120.0,3.4537515603005886e-05
-14.0,121.0,4.4188644096720964e-05
-14.0,122.0,4.581040411721915e-05
-14.0,123.0,0.00044366755173541605
-14.0,124.0,1.659014196775388e-05
-14.0,125.0,9.418629633728415e-05
-14.0,126.0,3.5998629755340517e-05
-14.0,127.0,1.126764345826814e-06
-14.0,128.0,1.6391377357649617e-05
-14.0,129.0,1.437640207768709e-06
-14.0,130.0,1.2338656233623624e-05
-14.0,131.0,1.4565924857379287e-06
-14.0,132.0,5.484347980200255e-07
-14.0,133.0,1.624857226545373e-08
-14.0,134.0,3.455655246398237e-07
-14.0,135.0,1.752467539972713e-07
-14.0,136.0,7.373453172476729e-07
-14.0,137.0,3.840827048406936e-06
-14.0,138.0,1.1205447663087398e-06
-14.0,139.0,5.318594276104704e-07
-14.0,140.0,2.4771532380896133e-08
-14.0,141.0,6.785570008105424e-07
-14.0,142.0,3.4047221220134816e-07
-14.0,143.0,4.030249556308263e-07
-14.0,144.0,1.7918091543833725e-05
-14.0,145.0,1.5308825140891713e-06
-14.0,146.0,5.380935544962995e-05
-14.0,147.0,4.0688880176276143e-07
-14.0,148.0,0.0005724442889913917
-14.0,149.0,2.9940240438008914e-06
-14.0,150.0,7.244048561005911e-07
-14.0,151.0,1.2806976883439347e-05
-14.0,152.0,3.245719881306286e-06
-14.0,153.0,7.743897185719106e-07
-14.0,154.0,1.3583515965365223e-06
-14.0,155.0,1.3242960505976953e-07
-14.0,156.0,8.129974560233677e-08
-14.0,157.0,5.647913692286011e-09
-14.0,158.0,8.962978137461164e-10
-14.0,159.0,5.922204060482272e-09
-14.0,160.0,7.175906535650256e-09
-14.0,161.0,1.3590751635206288e-08
-14.0,162.0,8.108465010536747e-08
-14.0,163.0,4.1608251422076137e-07
-14.0,164.0,2.2142246507428354e-06
-14.0,165.0,2.7326473173161503e-07
-14.0,166.0,3.314655145914003e-07
-14.0,167.0,1.264851761106911e-07
-14.0,168.0,1.4135940773485345e-06
-14.0,169.0,6.824548108852468e-07
-14.0,170.0,4.1385714411035224e-08
-14.0,171.0,1.6119086012622574e-06
-14.0,172.0,1.2391127768296428e-07
-14.0,173.0,3.7541022379627975e-07
-14.0,174.0,6.019604370521847e-06
-14.0,175.0,4.873319312537205e-07
-14.0,176.0,2.340038918191567e-06
-14.0,177.0,7.463454039680073e-06
-14.0,178.0,3.5651560210681055e-06
-14.0,179.0,4.980889571015723e-06
-14.0,180.0,3.257695061620325e-05
-14.0,-179.0,6.380776085279649e-06
-14.0,-178.0,1.7590843981452053e-06
-14.0,-177.0,2.9010086564085213e-06
-14.0,-176.0,8.04968351530988e-07
-14.0,-175.0,3.433514450534858e-07
-14.0,-174.0,6.841236199761624e-07
-14.0,-173.0,1.9545842633306165e-07
-14.0,-172.0,5.173693580218242e-07
-14.0,-171.0,1.077001002158795e-06
-14.0,-170.0,6.110057029218297e-07
-14.0,-169.0,9.578799335940857e-07
-14.0,-168.0,2.238840806967346e-06
-14.0,-167.0,9.004587582239765e-07
-14.0,-166.0,1.0496200957277324e-06
-14.0,-165.0,3.6226010706741363e-06
-14.0,-164.0,3.528039314915077e-06
-14.0,-163.0,2.3288164356927155e-06
-14.0,-162.0,3.661044956970727e-06
-14.0,-161.0,3.97290341425105e-06
-14.0,-160.0,1.4665078197140247e-05
-14.0,-159.0,1.3969924111734144e-05
-14.0,-158.0,4.008742325822823e-05
-14.0,-157.0,5.902718112338334e-05
-14.0,-156.0,6.402457074727863e-06
-14.0,-155.0,1.2933285688632168e-05
-14.0,-154.0,2.6546227672952227e-05
-14.0,-153.0,2.0520563339232467e-05
-14.0,-152.0,3.1843977922108024e-05
-14.0,-151.0,3.788357935263775e-05
-14.0,-150.0,3.0352557587320916e-05
-14.0,-149.0,4.118179276701994e-05
-14.0,-148.0,9.147986565949395e-05
-14.0,-147.0,6.378472608048469e-05
-14.0,-146.0,6.65452826069668e-05
-14.0,-145.0,0.00046031136298552155
-14.0,-144.0,0.00021023098088335246
-14.0,-143.0,9.114636486629024e-05
-14.0,-142.0,0.00014308089157566428
-14.0,-141.0,0.00011260125756962225
-14.0,-140.0,3.937711881007999e-05
-14.0,-139.0,9.141402551904321e-05
-14.0,-138.0,8.855530904838815e-05
-14.0,-137.0,0.0027365125715732574
-14.0,-136.0,0.0007044150261208415
-14.0,-135.0,0.0002409564913250506
-14.0,-134.0,0.00013635151844937354
-14.0,-133.0,3.3835109206847847e-05
-14.0,-132.0,3.3228727716050344e-06
-14.0,-131.0,2.1776337234769017e-05
-14.0,-130.0,2.056334778899327e-05
-14.0,-129.0,1.1225672096770722e-05
-14.0,-128.0,4.380624886834994e-05
-14.0,-127.0,1.971255369426217e-05
-14.0,-126.0,1.652108403504826e-05
-14.0,-125.0,1.0387951988377608e-05
-14.0,-124.0,4.359221566119231e-05
-14.0,-123.0,2.3168888219515793e-05
-14.0,-122.0,9.223492088494822e-05
-14.0,-121.0,1.7406413462595083e-05
-14.0,-120.0,7.716585059824865e-06
-14.0,-119.0,1.9016148144146428e-05
-14.0,-118.0,9.356930604553781e-06
-14.0,-117.0,1.7127635146607645e-05
-14.0,-116.0,1.4989327610237524e-05
-14.0,-115.0,2.5902507331920788e-05
-14.0,-114.0,3.400927744223736e-05
-14.0,-113.0,6.54446630505845e-05
-14.0,-112.0,0.00016466488887090236
-14.0,-111.0,8.808308484731242e-05
-14.0,-110.0,0.00027286336990073323
-14.0,-109.0,0.0003448247443884611
-14.0,-108.0,0.00022811397502664477
-14.0,-107.0,0.00046867868513800204
-14.0,-106.0,0.006558878812938929
-14.0,-105.0,0.00034363052691332996
-14.0,-104.0,0.0006233209278434515
-14.0,-103.0,0.0012228860286995769
-14.0,-102.0,0.00017148371262010187
-14.0,-101.0,0.00020972202764824033
-14.0,-100.0,0.00038933244650252163
-14.0,-99.0,0.00010470839333720505
-14.0,-98.0,0.00013193600170779973
-14.0,-97.0,9.519633749732748e-05
-14.0,-96.0,3.207940608263016e-05
-14.0,-95.0,4.0066672227112576e-05
-14.0,-94.0,5.90816380281467e-05
-14.0,-93.0,5.578291165875271e-05
-14.0,-92.0,9.669852261140477e-06
-14.0,-91.0,3.655507725852658e-06
-14.0,-90.0,3.893464509019395e-06
-14.0,-89.0,5.888585263846835e-08
-14.0,-88.0,4.2018655221909285e-07
-14.0,-87.0,2.813267201418057e-07
-14.0,-86.0,6.888208758937253e-08
-14.0,-85.0,7.082668673774606e-08
-14.0,-84.0,8.1557227531448e-06
-14.0,-83.0,7.787132716430278e-08
-14.0,-82.0,4.551656616058608e-07
-14.0,-81.0,3.1192121241474524e-05
-14.0,-80.0,2.5658757749624783e-06
-14.0,-79.0,1.611771949683316e-06
-14.0,-78.0,4.5764504648104776e-06
-14.0,-77.0,6.354987363010878e-07
-14.0,-76.0,9.440656867809594e-06
-14.0,-75.0,4.472834007174242e-06
-14.0,-74.0,0.00015350148896686733
-14.0,-73.0,0.00017149401537608355
-14.0,-72.0,3.2733760235714726e-06
-14.0,-71.0,7.64629221521318e-05
-14.0,-70.0,0.00012019377754768357
-14.0,-69.0,6.835712702013552e-05
-14.0,-68.0,0.0013781859306618571
-14.0,-67.0,0.0005949075566604733
-14.0,-66.0,0.01956692896783352
-14.0,-65.0,0.009401650168001652
-14.0,-64.0,0.01837686076760292
-14.0,-63.0,0.01716657727956772
-14.0,-62.0,0.2566590905189514
-14.0,-61.0,0.01169532909989357
-14.0,-60.0,0.011663137003779411
-14.0,-59.0,0.008323460817337036
-14.0,-58.0,0.001408649841323495
-14.0,-57.0,0.00971956830471754
-14.0,-56.0,0.002454725094139576
-14.0,-55.0,0.003293246729299426
-14.0,-54.0,0.010547389276325703
-14.0,-53.0,0.003513309406116605
-14.0,-52.0,0.004819693975150585
-14.0,-51.0,0.008381360210478306
-14.0,-50.0,0.011311385780572891
-14.0,-49.0,0.0002252998820040375
-14.0,-48.0,0.00019181262177880853
-14.0,-47.0,7.340917363762856e-05
-14.0,-46.0,0.00010878077591769397
-14.0,-45.0,3.1763906008563936e-05
-14.0,-44.0,3.206304245395586e-05
-14.0,-43.0,6.579659384442493e-05
-14.0,-42.0,1.8619170077727176e-05
-14.0,-41.0,3.145316077279858e-05
-14.0,-40.0,0.00021289463620632887
-14.0,-39.0,5.830855297972448e-05
-14.0,-38.0,8.790443826001137e-05
-14.0,-37.0,4.160265234531835e-05
-14.0,-36.0,8.210483065340668e-05
-14.0,-35.0,2.5891516997944564e-05
-14.0,-34.0,6.662160740233958e-05
-14.0,-33.0,5.7071007177000865e-05
-14.0,-32.0,2.890496216423344e-05
-14.0,-31.0,0.00014848040882498026
-14.0,-30.0,7.052841101540253e-05
-14.0,-29.0,4.426439409144223e-05
-14.0,-28.0,0.0002484237775206566
-14.0,-27.0,0.00016291713109239936
-14.0,-26.0,0.00021743700199294835
-14.0,-25.0,0.0005261994083411992
-14.0,-24.0,0.001355775399133563
-14.0,-23.0,0.0007915582973510027
-14.0,-22.0,0.00020770853734575212
-14.0,-21.0,0.001546769286505878
-14.0,-20.0,0.0033749055583029985
-14.0,-19.0,0.0009922145400196314
-14.0,-18.0,0.0004961487138643861
-14.0,-17.0,0.0016947499243542552
-14.0,-16.0,0.0007257128600031137
-14.0,-15.0,0.0008859226363711059
-14.0,-14.0,0.0014533658977597952
-14.0,-13.0,0.0014972927747294307
-14.0,-12.0,0.0005375396576710045
-14.0,-11.0,0.0010783056495711207
-14.0,-10.0,0.0007707226905040443
-14.0,-9.0,0.0005951372440904379
-14.0,-8.0,0.00018077986896969378
-14.0,-7.0,9.822633001022041e-05
-14.0,-6.0,0.0001411073317285627
-14.0,-5.0,1.577956572873518e-05
-14.0,-4.0,6.898609626659891e-06
-14.0,-3.0,3.5756394936470315e-05
-14.0,-2.0,2.7296022381051444e-05
-14.0,-1.0,4.980015546607319e-06
-13.0,0.0,8.181047633115668e-06
-13.0,1.0,8.68399456521729e-06
-13.0,2.0,1.413063182553742e-05
-13.0,3.0,6.464309990406036e-05
-13.0,4.0,0.00021600771287921816
-13.0,5.0,4.398256351123564e-05
-13.0,6.0,7.524419197579846e-05
-13.0,7.0,0.00014590236241929233
-13.0,8.0,4.992500180378556e-05
-13.0,9.0,2.9853857995476574e-05
-13.0,10.0,0.003627972910180688
-13.0,11.0,3.91326320823282e-05
-13.0,12.0,1.2142836567363702e-05
-13.0,13.0,0.0008839865913614631
-13.0,14.0,0.00022054556757211685
-13.0,15.0,0.000168540544109419
-13.0,16.0,7.342681783484295e-05
-13.0,17.0,4.991166861145757e-05
-13.0,18.0,3.9818132790969685e-05
-13.0,19.0,6.584822585864458e-06
-13.0,20.0,0.0008296899613924325
-13.0,21.0,0.007429979275912046
-13.0,22.0,2.1344415017665597e-06
-13.0,23.0,0.0006122073391452432
-13.0,24.0,4.6680048399139196e-05
-13.0,25.0,2.040211984422058e-05
-13.0,26.0,8.953612268669531e-05
-13.0,27.0,0.00010465100058354437
-13.0,28.0,0.0011849000584334135
-13.0,29.0,0.0024379929527640343
-13.0,30.0,0.0004625228757504374
-13.0,31.0,8.723480277694762e-05
-13.0,32.0,0.0013950539287179708
-13.0,33.0,4.9900918384082615e-05
-13.0,34.0,0.00021296978229656816
-13.0,35.0,0.00022424227790907025
-13.0,36.0,0.00012450510985217988
-13.0,37.0,0.00015132001135498285
-13.0,38.0,0.00010750342335086316
-13.0,39.0,8.483877900289372e-05
-13.0,40.0,6.330370524665341e-05
-13.0,41.0,0.00010515988105908036
-13.0,42.0,5.0902352086268365e-05
-13.0,43.0,0.00017421328811906278
-13.0,44.0,3.2293126423610374e-05
-13.0,45.0,5.224269989412278e-05
-13.0,46.0,0.00011011696187779307
-13.0,47.0,2.9334831197047606e-05
-13.0,48.0,7.507940608775243e-05
-13.0,49.0,2.2624339180765674e-05
-13.0,50.0,9.837400284595788e-06
-13.0,51.0,0.00015311790048144758
-13.0,52.0,1.0116146768268663e-05
-13.0,53.0,2.2094004634709563e-06
-13.0,54.0,7.418920722557232e-05
-13.0,55.0,6.713007314829156e-05
-13.0,56.0,1.2302232789807022e-05
-13.0,57.0,5.757835606345907e-05
-13.0,58.0,0.000253175909165293
-13.0,59.0,4.567836003843695e-05
-13.0,60.0,9.532924741506577e-05
-13.0,61.0,8.865779818734154e-05
-13.0,62.0,1.1098605682491325e-05
-13.0,63.0,1.942171911650803e-05
-13.0,64.0,5.457579391077161e-06
-13.0,65.0,8.57378779528517e-07
-13.0,66.0,1.6070598576334305e-06
-13.0,67.0,3.6942192309652455e-06
-13.0,68.0,1.8235135712529882e-06
-13.0,69.0,1.637696868783678e-06
-13.0,70.0,3.336085228511365e-06
-13.0,71.0,1.1366277021807036e-06
-13.0,72.0,1.3458709418046055e-06
-13.0,73.0,4.5652036533283535e-06
-13.0,74.0,3.221361112082377e-06
-13.0,75.0,2.1861317236471223e-06
-13.0,76.0,3.786534534810926e-06
-13.0,77.0,2.337975729460595e-06
-13.0,78.0,5.4550346249016e-06
-13.0,79.0,4.466150130610913e-06
-13.0,80.0,3.829020897683222e-06
-13.0,81.0,4.2705287341959774e-06
-13.0,82.0,3.7582290133286733e-06
-13.0,83.0,6.68873462927877e-06
-13.0,84.0,9.926588063535746e-06
-13.0,85.0,4.489920229389099e-06
-13.0,86.0,6.733889222232392e-06
-13.0,87.0,2.82804285234306e-06
-13.0,88.0,3.815377567661926e-06
-13.0,89.0,3.366241799085401e-06
-13.0,90.0,1.8521217270972556e-06
-13.0,91.0,2.863246209017234e-06
-13.0,92.0,7.740161890978925e-06
-13.0,93.0,3.4413305911584757e-06
-13.0,94.0,4.60500224619409e-08
-13.0,95.0,3.7699668610002846e-05
-13.0,96.0,9.005352694657631e-06
-13.0,97.0,1.0765594424810843e-06
-13.0,98.0,1.0331410521757789e-05
-13.0,99.0,2.1382826162152924e-05
-13.0,100.0,7.9759192885831e-06
-13.0,101.0,5.7382212617085315e-06
-13.0,102.0,0.00010149821900995448
-13.0,103.0,0.00021582715271506459
-13.0,104.0,0.0011118201073259115
-13.0,105.0,5.072003204986686e-06
-13.0,106.0,2.5191715394612402e-05
-13.0,107.0,7.907332246759324e-07
-13.0,108.0,0.0026498110964894295
-13.0,109.0,1.1658141119141874e-07
-13.0,110.0,3.515005346343969e-06
-13.0,111.0,0.0001418735337210819
-13.0,112.0,3.1101435524760745e-06
-13.0,113.0,2.1854727947356878e-06
-13.0,114.0,1.598916969669517e-05
-13.0,115.0,3.907480731868418e-06
-13.0,116.0,2.0841780496994033e-05
-13.0,117.0,6.331712484097807e-06
-13.0,118.0,1.7873059050543816e-06
-13.0,119.0,0.0018381471745669842
-13.0,120.0,0.0029295552521944046
-13.0,121.0,0.0006573572754859924
-13.0,122.0,8.871572208590806e-05
-13.0,123.0,4.5886001316830516e-05
-13.0,124.0,9.627723920857534e-05
-13.0,125.0,2.433645249766414e-06
-13.0,126.0,0.00042857127846218646
-13.0,127.0,8.836877896101214e-06
-13.0,128.0,3.2663326265947035e-08
-13.0,129.0,1.4612336940444948e-07
-13.0,130.0,1.7701018805382773e-05
-13.0,131.0,6.3951781648086126e-09
-13.0,132.0,3.8248171563282085e-07
-13.0,133.0,4.637912206817418e-05
-13.0,134.0,7.143530922348873e-08
-13.0,135.0,2.396918171143625e-05
-13.0,136.0,0.00044580979738384485
-13.0,137.0,3.2398900657426566e-05
-13.0,138.0,4.259368324710522e-06
-13.0,139.0,4.930693467031233e-05
-13.0,140.0,1.506411194895918e-06
-13.0,141.0,2.3698567019891925e-06
-13.0,142.0,6.524843684019288e-06
-13.0,143.0,9.655593657953432e-07
-13.0,144.0,8.394140422751661e-06
-13.0,145.0,2.2093239749665372e-05
-13.0,146.0,1.6897957948458497e-06
-13.0,147.0,9.7052088676719e-06
-13.0,148.0,6.100792688812362e-06
-13.0,149.0,1.536875629426504e-06
-13.0,150.0,1.559893235025811e-06
-13.0,151.0,2.420903797428764e-07
-13.0,152.0,8.534141784366511e-07
-13.0,153.0,4.3588815401562897e-07
-13.0,154.0,2.2501201613067678e-07
-13.0,155.0,2.3927298116177553e-06
-13.0,156.0,2.8881803615377066e-08
-13.0,157.0,3.285707927958015e-09
-13.0,158.0,4.543997178529935e-08
-13.0,159.0,6.9295311710959595e-09
-13.0,160.0,9.111946752682343e-09
-13.0,161.0,8.77198772286647e-07
-13.0,162.0,4.8309374278687756e-08
-13.0,163.0,1.9996214462025819e-07
-13.0,164.0,6.323157890619768e-07
-13.0,165.0,4.941092015542381e-07
-13.0,166.0,1.9039273411181057e-06
-13.0,167.0,7.514731237279193e-07
-13.0,168.0,2.0924919397202757e-07
-13.0,169.0,2.749948862401652e-06
-13.0,170.0,1.9873516521329293e-07
-13.0,171.0,4.7477382736360596e-07
-13.0,172.0,2.205505779784289e-06
-13.0,173.0,1.9724514004337834e-06
-13.0,174.0,2.0842387016273278e-07
-13.0,175.0,8.704689207661431e-06
-13.0,176.0,3.4214049264846835e-06
-13.0,177.0,7.745824746052676e-07
-13.0,178.0,6.243990810617106e-06
-13.0,179.0,1.3144467629899736e-06
-13.0,180.0,1.7386355466442183e-06
-13.0,-179.0,5.004768809158122e-06
-13.0,-178.0,1.1116126188426279e-06
-13.0,-177.0,3.0539359840986435e-07
-13.0,-176.0,2.0338413833087543e-06
-13.0,-175.0,3.908085091097746e-07
-13.0,-174.0,2.3985802499737474e-07
-13.0,-173.0,7.132516799401856e-08
-13.0,-172.0,4.660257957311842e-07
-13.0,-171.0,7.265066983563884e-07
-13.0,-170.0,4.781508664564171e-07
-13.0,-169.0,6.725288130837725e-07
-13.0,-168.0,5.824716936331242e-06
-13.0,-167.0,3.9301849028561264e-06
-13.0,-166.0,1.8761140836431878e-06
-13.0,-165.0,1.3371022760111373e-05
-13.0,-164.0,5.3513317652686965e-06
-13.0,-163.0,6.317941824818263e-06
-13.0,-162.0,8.750700544624124e-06
-13.0,-161.0,2.060431506833993e-05
-13.0,-160.0,9.3400631158147e-06
-13.0,-159.0,1.2757265722029842e-05
-13.0,-158.0,4.0208487916970626e-05
-13.0,-157.0,2.6523530323174782e-05
-13.0,-156.0,1.1694484783220105e-05
-13.0,-155.0,2.308199691469781e-05
-13.0,-154.0,1.600509676791262e-05
-13.0,-153.0,3.334008579258807e-05
-13.0,-152.0,5.982867878628895e-05
-13.0,-151.0,6.156013114377856e-05
-13.0,-150.0,2.4942148229456507e-05
-13.0,-149.0,6.0083275457145646e-05
-13.0,-148.0,0.00012046456686221063
-13.0,-147.0,0.00015713571337983012
-13.0,-146.0,0.00011357815674273297
-13.0,-145.0,9.297431097365916e-05
-13.0,-144.0,0.00023247838544193655
-13.0,-143.0,0.0001378012093482539
-13.0,-142.0,0.00010407499212305993
-13.0,-141.0,0.00018988789815921336
-13.0,-140.0,0.0005582042504101992
-13.0,-139.0,0.00022002951300237328
-13.0,-138.0,0.0010141442762687802
-13.0,-137.0,9.277742356061935e-05
-13.0,-136.0,0.0007967496640048921
-13.0,-135.0,7.660648407181725e-05
-13.0,-134.0,1.5802095731487498e-05
-13.0,-133.0,4.726231054519303e-06
-13.0,-132.0,1.3026879059907515e-05
-13.0,-131.0,2.0690697056124918e-05
-13.0,-130.0,6.305392162175849e-06
-13.0,-129.0,4.34460052929353e-05
-13.0,-128.0,2.240221328975167e-05
-13.0,-127.0,2.2602254830417223e-05
-13.0,-126.0,2.3101527403923683e-05
-13.0,-125.0,1.8009999621426687e-05
-13.0,-124.0,1.3936976756667718e-05
-13.0,-123.0,4.848734533879906e-05
-13.0,-122.0,1.9709714251803234e-05
-13.0,-121.0,1.1926785191462841e-05
-13.0,-120.0,1.891019201138988e-05
-13.0,-119.0,9.964091077563353e-06
-13.0,-118.0,1.348959904134972e-05
-13.0,-117.0,1.6827771105454303e-05
-13.0,-116.0,1.6480877093272284e-05
-13.0,-115.0,2.599873005237896e-05
-13.0,-114.0,2.1196021407376975e-05
-13.0,-113.0,3.41077902703546e-05
-13.0,-112.0,8.751935820328072e-05
-13.0,-111.0,6.938784645171836e-05
-13.0,-110.0,3.337940506753512e-05
-13.0,-109.0,0.00010772734094643965
-13.0,-108.0,0.00017659908917266876
-13.0,-107.0,0.00014936921070329845
-13.0,-106.0,0.0012907024938613176
-13.0,-105.0,0.00025418426957912743
-13.0,-104.0,0.0003231957380194217
-13.0,-103.0,0.000222707079956308
-13.0,-102.0,0.00010030924750026315
-13.0,-101.0,0.00019601064559537917
-13.0,-100.0,4.466680184123106e-05
-13.0,-99.0,4.720433571492322e-05
-13.0,-98.0,3.810834095929749e-05
-13.0,-97.0,7.472199649782851e-05
-13.0,-96.0,6.331505574053153e-05
-13.0,-95.0,1.6189278539968655e-05
-13.0,-94.0,3.0019786208868027e-05
-13.0,-93.0,2.9425358661683276e-05
-13.0,-92.0,1.9992485249531455e-05
-13.0,-91.0,3.843791546387365e-06
-13.0,-90.0,1.8019904928223696e-06
-13.0,-89.0,3.692335212690523e-06
-13.0,-88.0,2.399402092123637e-06
-13.0,-87.0,1.9183494259777945e-06
-13.0,-86.0,4.4470445459410257e-07
-13.0,-85.0,2.274806547575281e-06
-13.0,-84.0,1.1284181482551503e-06
-13.0,-83.0,8.592819540353958e-07
-13.0,-82.0,1.162818352895556e-05
-13.0,-81.0,7.122278589122288e-07
-13.0,-80.0,8.94949789653765e-06
-13.0,-79.0,9.025126018968876e-06
-13.0,-78.0,2.1392273197307077e-07
-13.0,-77.0,4.152266512846836e-07
-13.0,-76.0,2.404113104148564e-07
-13.0,-75.0,1.2982341104361694e-06
-13.0,-74.0,2.4556621269766765e-07
-13.0,-73.0,3.563901316283591e-07
-13.0,-72.0,2.0141801542195026e-06
-13.0,-71.0,4.059065759065561e-06
-13.0,-70.0,1.7716183720040135e-05
-13.0,-69.0,2.5695202566566877e-05
-13.0,-68.0,0.0005972323124296963
-13.0,-67.0,0.0002672623086255044
-13.0,-66.0,0.0019718543626368046
-13.0,-65.0,0.005337296053767204
-13.0,-64.0,0.01051775086671114
-13.0,-63.0,0.015196369960904121
-13.0,-62.0,0.0024442970752716064
-13.0,-61.0,0.007532419171184301
-13.0,-60.0,0.011705949902534485
-13.0,-59.0,0.00430934876203537
-13.0,-58.0,0.002565753413364291
-13.0,-57.0,0.000763337011449039
-13.0,-56.0,0.00029996130615472794
-13.0,-55.0,0.0002619085134938359
-13.0,-54.0,2.2198604710865766e-05
-13.0,-53.0,0.00022755481768399477
-13.0,-52.0,0.00019720701675396413
-13.0,-51.0,0.0006346342852339149
-13.0,-50.0,7.316806295420974e-05
-13.0,-49.0,1.8281123630004004e-05
-13.0,-48.0,4.167841689195484e-05
-13.0,-47.0,1.2912641977891326e-05
-13.0,-46.0,4.751759843202308e-05
-13.0,-45.0,1.5604940927005373e-05
-13.0,-44.0,2.471611696819309e-05
-13.0,-43.0,1.7999183910433203e-05
-13.0,-42.0,1.5135657122300472e-05
-13.0,-41.0,2.335122371732723e-05
-13.0,-40.0,4.9564663640921935e-05
-13.0,-39.0,1.38697141665034e-05
-13.0,-38.0,4.651683411793783e-05
-13.0,-37.0,2.0237734133843333e-05
-13.0,-36.0,4.8249930841848254e-05
-13.0,-35.0,1.5051969057822134e-05
-13.0,-34.0,1.7346805179840885e-05
-13.0,-33.0,0.00012554970453493297
-13.0,-32.0,8.263967174571007e-05
-13.0,-31.0,3.105218638665974e-05
-13.0,-30.0,7.657040259800851e-05
-13.0,-29.0,4.3159339838894084e-05
-13.0,-28.0,0.00013542984379455447
-13.0,-27.0,0.00036130694206804037
-13.0,-26.0,6.93874535500072e-05
-13.0,-25.0,0.0008137174299918115
-13.0,-24.0,0.00048700455226935446
-13.0,-23.0,0.00024597355513833463
-13.0,-22.0,0.001864248071797192
-13.0,-21.0,0.0014051314210519195
-13.0,-20.0,0.00039614710840396583
-13.0,-19.0,0.0008707526721991599
-13.0,-18.0,0.0012397582177072763
-13.0,-17.0,0.0007826769142411649
-13.0,-16.0,0.0009324715938419104
-13.0,-15.0,0.0012207144172862172
-13.0,-14.0,0.0005057628150098026
-13.0,-13.0,0.0009290140005759895
-13.0,-12.0,0.0002730504784267396
-13.0,-11.0,0.0002286522794747725
-13.0,-10.0,0.0002540447167120874
-13.0,-9.0,0.00025310591445304453
-13.0,-8.0,7.302252197405323e-05
-13.0,-7.0,2.677017437235918e-05
-13.0,-6.0,1.5922703823889606e-05
-13.0,-5.0,3.104504867224023e-05
-13.0,-4.0,1.3258279068395495e-05
-13.0,-3.0,5.7951410781242885e-06
-13.0,-2.0,1.3669240615854505e-05
-13.0,-1.0,6.072448286431609e-06
-12.0,0.0,2.4542239771108143e-05
-12.0,1.0,1.905570570670534e-05
-12.0,2.0,3.520564177961205e-06
-12.0,3.0,1.957450876943767e-05
-12.0,4.0,3.094174826401286e-05
-12.0,5.0,0.0001133705154643394
-12.0,6.0,8.569276542402804e-05
-12.0,7.0,7.316436523296943e-08
-12.0,8.0,8.279582289105747e-06
-12.0,9.0,0.00032371131237596273
-12.0,10.0,2.8114941414969508e-06
-12.0,11.0,9.348796083941124e-06
-12.0,12.0,0.00014517294766847044
-12.0,13.0,0.0001049206912284717
-12.0,14.0,2.4521417799405754e-05
-12.0,15.0,4.6968332753749564e-05
-12.0,16.0,9.067899372894317e-05
-12.0,17.0,2.19854246097384e-06
-12.0,18.0,0.00023674899421166629
-12.0,19.0,1.4938572689970897e-07
-12.0,20.0,9.390041668666527e-06
-12.0,21.0,1.7974883803617558e-06
-12.0,22.0,0.00037694323691539466
-12.0,23.0,0.00039543057209812105
-12.0,24.0,2.0049924387421925e-06
-12.0,25.0,6.866707553854212e-05
-12.0,26.0,2.5931894924724475e-05
-12.0,27.0,0.0015254479367285967
-12.0,28.0,0.00019301818974781781
-12.0,29.0,0.0001395290601067245
-12.0,30.0,3.3721593354130164e-05
-12.0,31.0,7.490099233109504e-05
-12.0,32.0,0.0001576153008500114
-12.0,33.0,8.420760423177853e-05
-12.0,34.0,0.0002700280165299773
-12.0,35.0,0.0002803007373586297
-12.0,36.0,2.6768464522319846e-05
-12.0,37.0,0.00012493015674408525
-12.0,38.0,1.399081611452857e-05
-12.0,39.0,1.55591442307923e-05
-12.0,40.0,1.5022786101326346e-05
-12.0,41.0,1.1722048611773062e-06
-12.0,42.0,7.836121767468285e-06
-12.0,43.0,1.2117907317588106e-05
-12.0,44.0,1.898219488793984e-05
-12.0,45.0,8.810875442577526e-06
-12.0,46.0,1.809880996006541e-05
-12.0,47.0,1.5425273886648938e-05
-12.0,48.0,1.4221549463400152e-05
-12.0,49.0,1.0718848670876469e-06
-12.0,50.0,2.7229099941905588e-05
-12.0,51.0,1.8264518075739034e-05
-12.0,52.0,3.06974834529683e-05
-12.0,53.0,0.00013429459067992866
-12.0,54.0,1.6221238183788955e-05
-12.0,55.0,0.00021094338444527239
-12.0,56.0,0.0003757624654099345
-12.0,57.0,0.00021664524683728814
-12.0,58.0,0.0008183136233128607
-12.0,59.0,0.0002501700655557215
-12.0,60.0,1.5539360902039334e-05
-12.0,61.0,2.423176556476392e-05
-12.0,62.0,2.2727077521267347e-05
-12.0,63.0,4.6303425733640324e-06
-12.0,64.0,2.5810654733504634e-06
-12.0,65.0,1.4070923270992353e-06
-12.0,66.0,2.8062358978786506e-06
-12.0,67.0,1.520463229098823e-06
-12.0,68.0,3.799223350142711e-06
-12.0,69.0,2.444067604301381e-06
-12.0,70.0,3.643566287792055e-06
-12.0,71.0,5.620750471280189e-06
-12.0,72.0,6.084290816943394e-06
-12.0,73.0,1.499003587923653e-06
-12.0,74.0,5.33256843482377e-06
-12.0,75.0,2.3743084511806956e-06
-12.0,76.0,1.8590250192573876e-06
-12.0,77.0,4.260363766661612e-06
-12.0,78.0,1.7488775938545587e-06
-12.0,79.0,3.6552150959323626e-06
-12.0,80.0,9.235396646545269e-06
-12.0,81.0,4.410027941048611e-06
-12.0,82.0,6.007870524626924e-06
-12.0,83.0,2.623416776259546e-06
-12.0,84.0,2.73667410510825e-06
-12.0,85.0,1.015241878121742e-06
-12.0,86.0,2.920738495504338e-07
-12.0,87.0,6.04948468208022e-07
-12.0,88.0,5.497072379512247e-07
-12.0,89.0,6.661379075012519e-07
-12.0,90.0,4.448397703527007e-07
-12.0,91.0,5.045244506618474e-07
-12.0,92.0,8.638932058602222e-07
-12.0,93.0,9.3600380779435e-09
-12.0,94.0,1.471861560276011e-05
-12.0,95.0,4.87910426727467e-07
-12.0,96.0,8.531541425327305e-06
-12.0,97.0,5.215343662712257e-06
-12.0,98.0,3.647564653874724e-06
-12.0,99.0,8.798100316198543e-05
-12.0,100.0,2.8625923732761294e-05
-12.0,101.0,1.2729751688311808e-05
-12.0,102.0,3.744241621461697e-05
-12.0,103.0,0.0001869762345449999
-12.0,104.0,0.0004973832401446998
-12.0,105.0,6.276559929574432e-07
-12.0,106.0,9.662999218562618e-07
-12.0,107.0,1.6635991414659657e-05
-12.0,108.0,1.866069396783132e-05
-12.0,109.0,2.322301770618651e-05
-12.0,110.0,6.75214550938108e-08
-12.0,111.0,1.4072818885324523e-05
-12.0,112.0,5.249136734164495e-07
-12.0,113.0,4.988529553884291e-07
-12.0,114.0,2.0712521120458405e-07
-12.0,115.0,1.4450448304614838e-07
-12.0,116.0,5.244496151135536e-06
-12.0,117.0,2.5147985525109107e-06
-12.0,118.0,3.221782753826119e-05
-12.0,119.0,0.0009497064747847617
-12.0,120.0,4.011346391052939e-05
-12.0,121.0,0.0030403416603803635
-12.0,122.0,0.0003616984758991748
-12.0,123.0,2.8834614568040706e-05
-12.0,124.0,0.003635069588199258
-12.0,125.0,0.000912965158931911
-12.0,126.0,0.00047170219477266073
-12.0,127.0,0.0012041877489537
-12.0,128.0,3.940542683267267e-06
-12.0,129.0,3.929686442916136e-07
-12.0,130.0,5.365951892599696e-06
-12.0,131.0,1.5448078556801192e-05
-12.0,132.0,9.16211138246581e-06
-12.0,133.0,4.459257615962997e-05
-12.0,134.0,0.0013534073950722814
-12.0,135.0,2.4472180371049035e-07
-12.0,136.0,4.652438747143606e-06
-12.0,137.0,1.02203021015157e-05
-12.0,138.0,3.798216710038105e-07
-12.0,139.0,9.878311857391964e-07
-12.0,140.0,1.239558855559153e-06
-12.0,141.0,3.0657218985652435e-07
-12.0,142.0,7.13117032091759e-08
-12.0,143.0,9.887850183076807e-07
-12.0,144.0,8.12398866401054e-06
-12.0,145.0,8.764102403802099e-07
-12.0,146.0,2.269923129460949e-07
-12.0,147.0,4.143864202887926e-07
-12.0,148.0,1.0759076758404262e-06
-12.0,149.0,5.143119210515579e-07
-12.0,150.0,6.391510964931513e-08
-12.0,151.0,7.585749983718415e-08
-12.0,152.0,3.7399297525553266e-07
-12.0,153.0,1.6971944205579348e-07
-12.0,154.0,3.9087215242261664e-08
-12.0,155.0,4.265825026550374e-08
-12.0,156.0,3.794653480326815e-08
-12.0,157.0,1.1084425599605652e-09
-12.0,158.0,2.592618342234232e-09
-12.0,159.0,2.1207499756314974e-08
-12.0,160.0,3.6311675444267166e-08
-12.0,161.0,1.0365207714357894e-07
-12.0,162.0,3.563527286587487e-07
-12.0,163.0,5.157805844646646e-07
-12.0,164.0,2.430856795854197e-07
-12.0,165.0,2.828310016411706e-06
-12.0,166.0,1.2883572253485909e-06
-12.0,167.0,2.6157622414757498e-06
-12.0,168.0,5.393061201175442e-06
-12.0,169.0,1.7118149116868153e-05
-12.0,170.0,2.0698789739981294e-05
-12.0,171.0,1.0792033435791382e-06
-12.0,172.0,1.9789047200902132e-06
-12.0,173.0,1.7260844060729141e-06
-12.0,174.0,1.1522334943947499e-06
-12.0,175.0,4.448666459211381e-06
-12.0,176.0,8.568323210056406e-06
-12.0,177.0,2.6791010441229446e-06
-12.0,178.0,3.09466940962011e-06
-12.0,179.0,3.5491241305862786e-06
-12.0,180.0,6.022803944460975e-08
-12.0,-179.0,6.9703884264527e-07
-12.0,-178.0,3.7191938417890924e-07
-12.0,-177.0,1.3343033344881405e-07
-12.0,-176.0,1.4273095416683645e-07
-12.0,-175.0,3.7036733147033374e-07
-12.0,-174.0,5.756884036145493e-08
-12.0,-173.0,1.387747232683978e-07
-12.0,-172.0,1.9252192373642174e-07
-12.0,-171.0,3.907656207502441e-07
-12.0,-170.0,4.031487037536863e-07
-12.0,-169.0,1.5251558579620905e-05
-12.0,-168.0,4.950326456309995e-06
-12.0,-167.0,4.5414080886985175e-06
-12.0,-166.0,1.2970549505553208e-05
-12.0,-165.0,4.18775380239822e-06
-12.0,-164.0,5.309216248861048e-06
-12.0,-163.0,1.7112388377427123e-05
-12.0,-162.0,7.795343117322773e-05
-12.0,-161.0,3.5289282095618546e-05
-12.0,-160.0,5.333836088539101e-05
-12.0,-159.0,3.5212739021517336e-05
-12.0,-158.0,5.758538463851437e-05
-12.0,-157.0,4.7715082473587245e-05
-12.0,-156.0,2.127435254806187e-05
-12.0,-155.0,3.3651689591351897e-05
-12.0,-154.0,0.00010373356053605676
-12.0,-153.0,5.7146000472130254e-05
-12.0,-152.0,5.557688564294949e-05
-12.0,-151.0,0.00023617432452738285
-12.0,-150.0,9.957123984349892e-05
-12.0,-149.0,3.0079308999120258e-05
-12.0,-148.0,6.969582318561152e-05
-12.0,-147.0,3.1134142773225904e-05
-12.0,-146.0,9.721620881464332e-05
-12.0,-145.0,8.526548481313512e-05
-12.0,-144.0,0.00023845370742492378
-12.0,-143.0,5.0221438868902624e-05
-12.0,-142.0,7.685965829296038e-05
-12.0,-141.0,1.5044304745970294e-05
-12.0,-140.0,0.00022788984642829746
-12.0,-139.0,0.0001873829896794632
-12.0,-138.0,2.9390050258371048e-05
-12.0,-137.0,7.361976895481348e-05
-12.0,-136.0,1.2210700333525892e-05
-12.0,-135.0,4.271568468539044e-05
-12.0,-134.0,2.221004069724586e-05
-12.0,-133.0,9.858150588115677e-05
-12.0,-132.0,1.9386725398362614e-05
-12.0,-131.0,2.809834768413566e-05
-12.0,-130.0,3.141200795653276e-05
-12.0,-129.0,2.3323202185565606e-05
-12.0,-128.0,5.6279019190697e-05
-12.0,-127.0,9.369361214339733e-05
-12.0,-126.0,3.0164135750965215e-05
-12.0,-125.0,2.652608418429736e-05
-12.0,-124.0,4.9643094826024026e-05
-12.0,-123.0,1.6281961507047527e-05
-12.0,-122.0,5.890117336093681e-06
-12.0,-121.0,8.799388524494134e-06
-12.0,-120.0,2.0970674086129293e-05
-12.0,-119.0,1.3126570593158249e-05
-12.0,-118.0,2.793784733512439e-05
-12.0,-117.0,3.6286324757384136e-05
-12.0,-116.0,2.6429981517139822e-05
-12.0,-115.0,1.6333096937160008e-05
-12.0,-114.0,9.34186300582951e-06
-12.0,-113.0,1.5433586668223143e-05
-12.0,-112.0,0.00010988044232362881
-12.0,-111.0,5.3983996622264385e-05
-12.0,-110.0,2.9295750209712423e-05
-12.0,-109.0,4.446374441613443e-05
-12.0,-108.0,1.9653200070024468e-05
-12.0,-107.0,7.774712867103517e-05
-12.0,-106.0,0.00015215208986774087
-12.0,-105.0,7.37594673410058e-05
-12.0,-104.0,0.00012289188452996314
-12.0,-103.0,4.7411049308720976e-05
-12.0,-102.0,2.0936264263582416e-05
-12.0,-101.0,1.1635858754743822e-05
-12.0,-100.0,6.944127380847931e-05
-12.0,-99.0,4.471133433980867e-05
-12.0,-98.0,4.676755634136498e-05
-12.0,-97.0,2.002316432481166e-05
-12.0,-96.0,2.194928310927935e-05
-12.0,-95.0,1.7030042727128603e-05
-12.0,-94.0,1.9745177269214764e-05
-12.0,-93.0,2.0352797946543433e-05
-12.0,-92.0,6.714836672472302e-06
-12.0,-91.0,2.919214466601261e-06
-12.0,-90.0,1.9160934243700467e-06
-12.0,-89.0,6.941770891444321e-08
-12.0,-88.0,8.444745276392496e-07
-12.0,-87.0,2.1728581032220973e-06
-12.0,-86.0,3.9405998109032225e-07
-12.0,-85.0,7.161057965276996e-06
-12.0,-84.0,6.095354819990462e-06
-12.0,-83.0,2.3868383323133457e-06
-12.0,-82.0,6.899766731294221e-07
-12.0,-81.0,1.0712322364270221e-05
-12.0,-80.0,9.583746759744827e-06
-12.0,-79.0,1.630760095849837e-07
-12.0,-78.0,2.878172438158799e-07
-12.0,-77.0,6.844036306574708e-07
-12.0,-76.0,3.882041710312478e-07
-12.0,-75.0,5.421477453637635e-07
-12.0,-74.0,1.2206760402477812e-07
-12.0,-73.0,9.020680380444901e-08
-12.0,-72.0,1.4861911949992646e-06
-12.0,-71.0,1.4789408169235685e-06
-12.0,-70.0,3.6342521525511984e-06
-12.0,-69.0,0.00011449734302004799
-12.0,-68.0,6.104703061282635e-05
-12.0,-67.0,2.021107866312377e-05
-12.0,-66.0,0.0006486272322945297
-12.0,-65.0,0.001251760171726346
-12.0,-64.0,0.0003379357513040304
-12.0,-63.0,0.0002842991380020976
-12.0,-62.0,0.00011231900134589523
-12.0,-61.0,8.629623334854841e-05
-12.0,-60.0,0.0001102549213101156
-12.0,-59.0,0.00019427780352998525
-12.0,-58.0,1.2677464837906882e-05
-12.0,-57.0,5.6185446737799793e-05
-12.0,-56.0,0.0002285526570631191
-12.0,-55.0,5.840001449541887e-06
-12.0,-54.0,4.382220140541904e-06
-12.0,-53.0,0.00012424550368450582
-12.0,-52.0,2.746161953837145e-06
-12.0,-51.0,0.00014024761912878603
-12.0,-50.0,1.6482576029375196e-05
-12.0,-49.0,2.3867472918936983e-05
-12.0,-48.0,6.992332146182889e-06
-12.0,-47.0,2.1291320081218146e-05
-12.0,-46.0,2.6004605388152413e-05
-12.0,-45.0,2.151876105926931e-05
-12.0,-44.0,4.34339526691474e-05
-12.0,-43.0,5.827103814226575e-05
-12.0,-42.0,6.190681597217917e-05
-12.0,-41.0,0.00012361079279799014
-12.0,-40.0,6.509331433335319e-05
-12.0,-39.0,0.0002651903487276286
-12.0,-38.0,5.717920066672377e-05
-12.0,-37.0,0.00010628120071487501
-12.0,-36.0,0.00017348674009554088
-12.0,-35.0,9.662422598921694e-06
-12.0,-34.0,0.000106859537481796
-12.0,-33.0,0.0001345424825558439
-12.0,-32.0,1.3419296919892076e-05
-12.0,-31.0,0.0002653980045579374
-12.0,-30.0,0.00024266558466479182
-12.0,-29.0,5.042814154876396e-05
-12.0,-28.0,0.0004437976167537272
-12.0,-27.0,0.0002708174579311162
-12.0,-26.0,7.011439447524026e-05
-12.0,-25.0,0.0005481601692736149
-12.0,-24.0,0.0006043481407687068
-12.0,-23.0,0.00032873652526177466
-12.0,-22.0,0.0009266593842767179
-12.0,-21.0,0.0009718412766233087
-12.0,-20.0,0.0002451190375722945
-12.0,-19.0,0.0015701970551162958
-12.0,-18.0,0.0009814747609198093
-12.0,-17.0,0.000685818144120276
-12.0,-16.0,0.0005324903759174049
-12.0,-15.0,0.0003480526793282479
-12.0,-14.0,0.000376950396457687
-12.0,-13.0,0.0002713702851906419
-12.0,-12.0,0.00010153005860047415
-12.0,-11.0,0.0002307508111698553
-12.0,-10.0,0.00043253888725303113
-12.0,-9.0,7.482981163775548e-05
-12.0,-8.0,5.5671411246294156e-05
-12.0,-7.0,1.5233010344672948e-05
-12.0,-6.0,1.1529124094522558e-05
-12.0,-5.0,2.057827623502817e-05
-12.0,-4.0,8.316142157127615e-06
-12.0,-3.0,1.6430252571808523e-06
-12.0,-2.0,4.5651036089111585e-06
-12.0,-1.0,3.0277105906861834e-06
-11.0,0.0,1.3718866284762044e-05
-11.0,1.0,3.598934199544601e-06
-11.0,2.0,2.8307136744842865e-05
-11.0,3.0,0.00016160403902176768
-11.0,4.0,1.9640610844362527e-06
-11.0,5.0,4.3115320295328274e-05
-11.0,6.0,0.0012413539225235581
-11.0,7.0,6.638638296863064e-05
-11.0,8.0,2.0646230041165836e-05
-11.0,9.0,0.0004911361029371619
-11.0,10.0,3.542131707945373e-06
-11.0,11.0,6.263549585128203e-05
-11.0,12.0,0.0005501111736521125
-11.0,13.0,1.077946672012331e-05
-11.0,14.0,0.00015675797476433218
-11.0,15.0,0.011260651051998138
-11.0,16.0,1.9024164430447854e-05
-11.0,17.0,0.0003166291571687907
-11.0,18.0,0.022817356511950493
-11.0,19.0,3.1105853395274607e-06
-11.0,20.0,1.6048039697125205e-06
-11.0,21.0,8.723853170522489e-06
-11.0,22.0,0.00020202713494654745
-11.0,23.0,3.099263267358765e-05
-11.0,24.0,0.00011558127152966335
-11.0,25.0,2.038737693510484e-05
-11.0,26.0,6.517390715998772e-07
-11.0,27.0,1.2174782568763476e-05
-11.0,28.0,1.7199803551193327e-05
-11.0,29.0,8.053882993408479e-06
-11.0,30.0,2.084172137983842e-06
-11.0,31.0,2.6829162379726768e-05
-11.0,32.0,4.006774179288186e-05
-11.0,33.0,1.4588724752684357e-06
-11.0,34.0,2.2756898033549078e-05
-11.0,35.0,0.00010787764040287584
-11.0,36.0,5.153767051524483e-05
-11.0,37.0,1.9768465790548362e-05
-11.0,38.0,1.0751356967375614e-05
-11.0,39.0,2.49910067395831e-06
-11.0,40.0,1.702030021988321e-05
-11.0,41.0,9.097966540139169e-06
-11.0,42.0,3.4534621136117494e-06
-11.0,43.0,8.285095645987894e-06
-11.0,44.0,1.622714989935048e-05
-11.0,45.0,2.1024319721618667e-05
-11.0,46.0,8.77182901604101e-05
-11.0,47.0,5.659364614984952e-05
-11.0,48.0,5.8140058172284625e-06
-11.0,49.0,1.848598003562074e-05
-11.0,50.0,6.209145794855431e-06
-11.0,51.0,2.0987799871363677e-05
-11.0,52.0,2.6448133212397806e-05
-11.0,53.0,2.7089909053756855e-05
-11.0,54.0,1.8147340597352013e-05
-11.0,55.0,8.692188202985562e-06
-11.0,56.0,6.862112059025094e-05
-11.0,57.0,0.00011004097177647054
-11.0,58.0,0.00018331919272895902
-11.0,59.0,8.941914711613208e-05
-11.0,60.0,5.7980087149189785e-05
-11.0,61.0,4.9656166083877906e-05
-11.0,62.0,7.799388185958378e-06
-11.0,63.0,2.1523523173527792e-05
-11.0,64.0,1.273881207453087e-05
-11.0,65.0,8.198098839784507e-07
-11.0,66.0,6.695366209896747e-06
-11.0,67.0,6.819825102866162e-06
-11.0,68.0,1.0172626389248762e-05
-11.0,69.0,1.734851139190141e-05
-11.0,70.0,1.1891974281752482e-05
-11.0,71.0,1.2893469829577953e-05
-11.0,72.0,1.5854277080507018e-05
-11.0,73.0,9.269924703403376e-06
-11.0,74.0,1.923479612742085e-05
-11.0,75.0,9.86580107564805e-06
-11.0,76.0,9.068013241630979e-06
-11.0,77.0,4.132449703320162e-06
-11.0,78.0,4.519687990978127e-06
-11.0,79.0,7.397650733764749e-06
-11.0,80.0,7.322931651287945e-06
-11.0,81.0,1.4648360775026958e-05
-11.0,82.0,7.403883500955999e-06
-11.0,83.0,2.913862999776029e-06
-11.0,84.0,1.03754689462221e-06
-11.0,85.0,1.7626432224915334e-07
-11.0,86.0,8.009902785488521e-08
-11.0,87.0,4.036460410361542e-08
-11.0,88.0,2.391941791302088e-07
-11.0,89.0,1.0468463784718551e-07
-11.0,90.0,7.17381567483244e-08
-11.0,91.0,1.0320817089848333e-08
-11.0,92.0,3.5483767035771052e-09
-11.0,93.0,5.659627433374226e-08
-11.0,94.0,3.392962639736652e-07
-11.0,95.0,2.913405126037105e-07
-11.0,96.0,4.660182355564757e-07
-11.0,97.0,2.6731825073511573e-06
-11.0,98.0,2.1465157260536216e-06
-11.0,99.0,2.522533122828463e-06
-11.0,100.0,6.271307029237505e-07
-11.0,101.0,1.3736446817347314e-05
-11.0,102.0,3.2905230909818783e-05
-11.0,103.0,1.6458368918392807e-05
-11.0,104.0,0.009372292086482048
-11.0,105.0,3.063921099055733e-07
-11.0,106.0,4.208199698041426e-06
-11.0,107.0,8.802275260677561e-06
-11.0,108.0,1.1368049257498569e-07
-11.0,109.0,2.556574543177703e-07
-11.0,110.0,5.530495855055051e-06
-11.0,111.0,2.269506239827024e-06
-11.0,112.0,3.3604983684654144e-08
-11.0,113.0,1.9432241970207542e-05
-11.0,114.0,3.632779680629028e-06
-11.0,115.0,3.3034236679441165e-08
-11.0,116.0,1.6212605942200753e-06
-11.0,117.0,1.638271896808874e-05
-11.0,118.0,6.610668492612604e-07
-11.0,119.0,2.93730204248277e-06
-11.0,120.0,0.001546644140034914
-11.0,121.0,1.4381446817424148e-05
-11.0,122.0,3.634762470028363e-05
-11.0,123.0,3.222105442546308e-05
-11.0,124.0,4.343976797827054e-06
-11.0,125.0,0.00012833547953050584
-11.0,126.0,0.011550454422831535
-11.0,127.0,8.299988257931545e-05
-11.0,128.0,0.0008648179355077446
-11.0,129.0,0.0011182223679497838
-11.0,130.0,0.00021110053057782352
-11.0,131.0,0.0041270009241998196
-11.0,132.0,0.00033005455043166876
-11.0,133.0,8.515334047842771e-05
-11.0,134.0,0.00027891481295228004
-11.0,135.0,4.885263933829265e-06
-11.0,136.0,4.4452567635744344e-06
-11.0,137.0,4.873193574894685e-06
-11.0,138.0,3.537749762472231e-06
-11.0,139.0,7.708685188845266e-06
-11.0,140.0,3.236311158616445e-06
-11.0,141.0,1.0670560612879854e-07
-11.0,142.0,5.970874781269231e-07
-11.0,143.0,4.5562731543213886e-07
-11.0,144.0,3.211191597074503e-07
-11.0,145.0,1.0791292197609437e-06
-11.0,146.0,7.417873462145508e-07
-11.0,147.0,6.605286984040504e-08
-11.0,148.0,4.7752198639727794e-08
-11.0,149.0,1.2919846994918771e-05
-11.0,150.0,9.8817031357612e-07
-11.0,151.0,4.958344845817919e-08
-11.0,152.0,4.77025923828478e-06
-11.0,153.0,4.506629466050072e-06
-11.0,154.0,2.4519525965160938e-08
-11.0,155.0,3.596886344325867e-09
-11.0,156.0,1.1138240552099887e-08
-11.0,157.0,5.702466276957807e-10
-11.0,158.0,3.060566466928094e-09
-11.0,159.0,1.4968371431223204e-08
-11.0,160.0,4.388225338658458e-09
-11.0,161.0,4.6598799485764175e-08
-11.0,162.0,2.420638338662684e-07
-11.0,163.0,1.2455407158995513e-06
-11.0,164.0,1.5968303159752395e-06
-11.0,165.0,5.354617016450902e-08
-11.0,166.0,1.371260225369042e-07
-11.0,167.0,6.776225518478896e-07
-11.0,168.0,3.568659394659335e-07
-11.0,169.0,4.023404926556395e-06
-11.0,170.0,9.84322028330098e-08
-11.0,171.0,3.914709907348879e-07
-11.0,172.0,5.125339157530107e-06
-11.0,173.0,1.3276828667585505e-06
-11.0,174.0,3.4267470709892223e-06
-11.0,175.0,3.98049587602145e-06
-11.0,176.0,4.416429874254391e-06
-11.0,177.0,1.948391854966758e-06
-11.0,178.0,1.3958040199213428e-06
-11.0,179.0,1.8434942603562376e-06
-11.0,180.0,8.741939723222458e-07
-11.0,-179.0,5.690856710316439e-07
-11.0,-178.0,1.9535164597073162e-07
-11.0,-177.0,3.374323682692193e-07
-11.0,-176.0,1.4766054334813816e-07
-11.0,-175.0,9.722866423089727e-08
-11.0,-174.0,2.999288710725523e-07
-11.0,-173.0,2.0482473246374866e-06
-11.0,-172.0,7.894328746260726e-08
-11.0,-171.0,1.5858609003771562e-06
-11.0,-170.0,2.336600346097839e-06
-11.0,-169.0,4.4272911736698006e-07
-11.0,-168.0,3.2595605716778664e-06
-11.0,-167.0,7.258388450281927e-06
-11.0,-166.0,2.7728079658118077e-05
-11.0,-165.0,1.484949461882934e-05
-11.0,-164.0,6.293767364695668e-05
-11.0,-163.0,1.5159434042288922e-05
-11.0,-162.0,3.8580779801122844e-05
-11.0,-161.0,0.00011892874317709357
-11.0,-160.0,2.8397311325534247e-05
-11.0,-159.0,1.8596439986140467e-05
-11.0,-158.0,1.9007316950592212e-05
-11.0,-157.0,1.8802691556629725e-05
-11.0,-156.0,3.5100423701805994e-05
-11.0,-155.0,3.4628144931048155e-05
-11.0,-154.0,7.249064947245643e-05
-11.0,-153.0,6.264277908485383e-05
-11.0,-152.0,5.1285616791574284e-05
-11.0,-151.0,7.892679423093796e-05
-11.0,-150.0,2.4104861950036138e-05
-11.0,-149.0,4.1947288991650566e-05
-11.0,-148.0,1.3100006981403567e-05
-11.0,-147.0,6.0570287132577505e-06
-11.0,-146.0,0.00010116658813785762
-11.0,-145.0,0.00025589490542188287
-11.0,-144.0,1.6943358787102625e-05
-11.0,-143.0,2.9596891181427054e-05
-11.0,-142.0,9.010252688312903e-05
-11.0,-141.0,9.483102076046634e-06
-11.0,-140.0,8.373161108465865e-06
-11.0,-139.0,0.0001618231472093612
-11.0,-138.0,1.2150216207373887e-05
-11.0,-137.0,3.6700917007692624e-06
-11.0,-136.0,6.034488615114242e-05
-11.0,-135.0,1.4182502127368934e-05
-11.0,-134.0,8.0791842265171e-06
-11.0,-133.0,8.309967233799398e-05
-11.0,-132.0,7.282877049874514e-05
-11.0,-131.0,2.8290218324400485e-05
-11.0,-130.0,0.0001102309615816921
-11.0,-129.0,0.00015816738596186042
-11.0,-128.0,6.120032776379958e-05
-11.0,-127.0,0.00013741855218540877
-11.0,-126.0,0.00016966357361525297
-11.0,-125.0,0.00013832714466843754
-11.0,-124.0,1.2146889275754802e-05
-11.0,-123.0,2.3738764866720885e-05
-11.0,-122.0,1.3340109944692813e-05
-11.0,-121.0,3.211867806385271e-05
-11.0,-120.0,1.1194841135875322e-05
-11.0,-119.0,3.2735744753153995e-05
-11.0,-118.0,0.00012633114238269627
-11.0,-117.0,1.1403166354284622e-05
-11.0,-116.0,5.7127112995658536e-06
-11.0,-115.0,2.7922531444346532e-05
-11.0,-114.0,7.211312095023459e-06
-11.0,-113.0,9.264083018933889e-06
-11.0,-112.0,3.3184780477313325e-05
-11.0,-111.0,1.7756185116013512e-05
-11.0,-110.0,2.879897328966763e-05
-11.0,-109.0,2.4599507014499977e-05
-11.0,-108.0,6.358800601447001e-05
-11.0,-107.0,1.511609571025474e-05
-11.0,-106.0,0.00011195779370609671
-11.0,-105.0,3.5205586755182594e-05
-11.0,-104.0,4.918459671898745e-05
-11.0,-103.0,0.00019700723350979388
-11.0,-102.0,4.701892248704098e-05
-11.0,-101.0,3.274608388892375e-05
-11.0,-100.0,8.319513290189207e-05
-11.0,-99.0,1.829896791605279e-05
-11.0,-98.0,7.577863016194897e-06
-11.0,-97.0,1.8412347344565205e-06
-11.0,-96.0,7.224138585115725e-07
-11.0,-95.0,3.6268183976062573e-06
-11.0,-94.0,3.8041359857743373e-06
-11.0,-93.0,1.1448149734860635e-06
-11.0,-92.0,8.545349032829108e-07
-11.0,-91.0,2.335029307687364e-07
-11.0,-90.0,7.790503104843083e-07
-11.0,-89.0,3.927443685824983e-05
-11.0,-88.0,0.0013028087560087442
-11.0,-87.0,3.2983227811200777e-06
-11.0,-86.0,1.2994293001611368e-06
-11.0,-85.0,4.4616564991883934e-05
-11.0,-84.0,2.0578195289999712e-06
-11.0,-83.0,9.358537681691814e-06
-11.0,-82.0,1.6195393982343376e-05
-11.0,-81.0,1.1145200460305205e-06
-11.0,-80.0,3.381330202500976e-07
-11.0,-79.0,1.6190541600735742e-06
-11.0,-78.0,4.7075809561647475e-07
-11.0,-77.0,5.103411240270361e-07
-11.0,-76.0,1.1366721537342528e-06
-11.0,-75.0,7.052774435578613e-07
-11.0,-74.0,1.186368123740067e-07
-11.0,-73.0,1.9706278635567287e-06
-11.0,-72.0,2.211609853475238e-06
-11.0,-71.0,4.50250945505104e-06
-11.0,-70.0,1.7667254724074155e-05
-11.0,-69.0,2.812400634866208e-05
-11.0,-68.0,4.1153682104777545e-05
-11.0,-67.0,2.506918099243194e-05
-11.0,-66.0,1.2606225936906412e-05
-11.0,-65.0,1.709229218249675e-05
-11.0,-64.0,1.3477149877871852e-05
-11.0,-63.0,1.1228713447053451e-05
-11.0,-62.0,2.108895751007367e-05
-11.0,-61.0,5.262712875264697e-06
-11.0,-60.0,1.0848036254174076e-05
-11.0,-59.0,8.104557309707161e-06
-11.0,-58.0,4.645128228730755e-06
-11.0,-57.0,7.508220005547628e-05
-11.0,-56.0,1.7410513464710675e-05
-11.0,-55.0,1.154381152446149e-05
-11.0,-54.0,1.7724918507155962e-05
-11.0,-53.0,1.1029157576558646e-05
-11.0,-52.0,1.395125946146436e-05
-11.0,-51.0,3.639198621385731e-05
-11.0,-50.0,4.516663011600031e-06
-11.0,-49.0,6.065948127798038e-06
-11.0,-48.0,1.4571897736459505e-05
-11.0,-47.0,1.675211387919262e-05
-11.0,-46.0,1.6293626686092466e-05
-11.0,-45.0,3.885555634042248e-05
-11.0,-44.0,2.344297172385268e-05
-11.0,-43.0,5.163049354450777e-05
-11.0,-42.0,7.78846224420704e-05
-11.0,-41.0,3.713995829457417e-05
-11.0,-40.0,0.00042794071487151086
-11.0,-39.0,0.00011093229113612324
-11.0,-38.0,4.25087237090338e-05
-11.0,-37.0,8.370139403268695e-05
-11.0,-36.0,7.647947495570406e-05
-11.0,-35.0,3.879109863191843e-05
-11.0,-34.0,6.882500019855797e-05
-11.0,-33.0,3.8368889363482594e-05
-11.0,-32.0,4.402003105496988e-05
-11.0,-31.0,5.8214107411913574e-05
-11.0,-30.0,0.00028305716114118695
-11.0,-29.0,0.00038224580930545926
-11.0,-28.0,5.099311238154769e-05
-11.0,-27.0,0.00029292344697751105
-11.0,-26.0,0.00036829421878792346
-11.0,-25.0,0.000951995374634862
-11.0,-24.0,0.0009271238814108074
-11.0,-23.0,0.0002816643100231886
-11.0,-22.0,0.0008850248996168375
-11.0,-21.0,0.0029777451418340206
-11.0,-20.0,0.0012232192093506455
-11.0,-19.0,0.0005862679099664092
-11.0,-18.0,0.0008014265913516283
-11.0,-17.0,0.0006369077018462121
-11.0,-16.0,0.0006686628330498934
-11.0,-15.0,0.0003785172011703253
-11.0,-14.0,0.0002580888394732028
-11.0,-13.0,0.0002321764623047784
-11.0,-12.0,0.00010779454896692187
-11.0,-11.0,0.00013782012683805078
-11.0,-10.0,6.483299512183294e-05
-11.0,-9.0,1.6109317584778182e-05
-11.0,-8.0,2.196823334088549e-05
-11.0,-7.0,1.5224281014525332e-05
-11.0,-6.0,8.695471478858963e-06
-11.0,-5.0,6.5813451328722294e-06
-11.0,-4.0,6.1045757320243865e-06
-11.0,-3.0,8.5842229964328e-06
-11.0,-2.0,2.2293595520750387e-06
-11.0,-1.0,2.3475738544220803e-06
-10.0,0.0,4.726298811874585e-06
-10.0,1.0,1.8818675016518682e-05
-10.0,2.0,1.9894649085472338e-05
-10.0,3.0,3.45359330822248e-05
-10.0,4.0,3.8701091398252174e-05
-10.0,5.0,0.0011632932582870126
-10.0,6.0,2.618242615426425e-05
-10.0,7.0,1.703161160548916e-06
-10.0,8.0,7.090903091011569e-05
-10.0,9.0,2.3843517737986986e-06
-10.0,10.0,1.2926880117447581e-06
-10.0,11.0,2.736418764470727e-06
-10.0,12.0,1.4710674633988674e-07
-10.0,13.0,1.4262308468460105e-05
-10.0,14.0,3.177587132086046e-05
-10.0,15.0,2.681703108464717e-06
-10.0,16.0,3.2381743153564457e-07
-10.0,17.0,0.00012071178207406774
-10.0,18.0,3.087265940848738e-05
-10.0,19.0,1.6159026472450932e-07
-10.0,20.0,7.430349455717078e-07
-10.0,21.0,8.22299625724554e-06
-10.0,22.0,4.6285668986456585e-07
-10.0,23.0,1.8471935618435964e-05
-10.0,24.0,9.585282896296121e-06
-10.0,25.0,4.817471108253812e-06
-10.0,26.0,0.00043977145105600357
-10.0,27.0,1.4438912288028405e-08
-10.0,28.0,3.4579206840135157e-06
-10.0,29.0,5.247714511824597e-07
-10.0,30.0,1.001870714389952e-06
-10.0,31.0,8.214750778279267e-06
-10.0,32.0,6.36347831459716e-05
-10.0,33.0,3.084888157900423e-05
-10.0,34.0,9.326387225883082e-05
-10.0,35.0,1.7505479263490997e-05
-10.0,36.0,1.4032507351657841e-05
-10.0,37.0,1.1395361980248708e-05
-10.0,38.0,1.4480633581115399e-06
-10.0,39.0,5.141249403095571e-06
-10.0,40.0,1.1584053027036134e-05
-10.0,41.0,9.531950126984157e-07
-10.0,42.0,1.3190618801672827e-06
-10.0,43.0,3.9819231460569426e-05
-10.0,44.0,5.890954525966663e-06
-10.0,45.0,2.036998193943873e-05
-10.0,46.0,2.520380076020956e-05
-10.0,47.0,2.4683606625330867e-06
-10.0,48.0,6.7744495027000085e-06
-10.0,49.0,4.873904345004121e-06
-10.0,50.0,2.1770022158307256e-06
-10.0,51.0,1.4142910913506057e-06
-10.0,52.0,5.7114525588986e-06
-10.0,53.0,7.002623192420288e-07
-10.0,54.0,3.4344388950557914e-06
-10.0,55.0,5.558308657782618e-06
-10.0,56.0,1.0952245247608516e-05
-10.0,57.0,6.970990943955258e-05
-10.0,58.0,0.00010296791151631624
-10.0,59.0,8.360801075468771e-06
-10.0,60.0,1.918494854180608e-05
-10.0,61.0,8.611004159320146e-05
-10.0,62.0,1.1279532373009715e-05
-10.0,63.0,9.721558853925671e-06
-10.0,64.0,7.368508704530541e-06
-10.0,65.0,4.4114754018664826e-06
-10.0,66.0,1.5405266822199337e-05
-10.0,67.0,7.550350346718915e-06
-10.0,68.0,3.242940874770284e-05
-10.0,69.0,5.39139800821431e-05
-10.0,70.0,6.5932044890359975e-06
-10.0,71.0,8.255275133706164e-06
-10.0,72.0,3.2284042390529066e-05
-10.0,73.0,4.2220224713673815e-05
-10.0,74.0,1.8632759747561067e-05
-10.0,75.0,1.1904308848897927e-05
-10.0,76.0,1.1443552466516849e-05
-10.0,77.0,4.960902970196912e-06
-10.0,78.0,7.491407359339064e-06
-10.0,79.0,1.040943152474938e-05
-10.0,80.0,1.161331147159217e-05
-10.0,81.0,3.431184723012848e-06
-10.0,82.0,1.6663052520016208e-06
-10.0,83.0,5.266114158075652e-07
-10.0,84.0,2.7218354148317303e-07
-10.0,85.0,1.794126944787422e-07
-10.0,86.0,1.8447360616846709e-07
-10.0,87.0,9.868221440001435e-08
-10.0,88.0,6.452411582813511e-08
-10.0,89.0,6.24483291744582e-08
-10.0,90.0,2.8297261422949305e-08
-10.0,91.0,1.5490750016056154e-08
-10.0,92.0,6.596586672458216e-07
-10.0,93.0,5.1511342746835e-08
-10.0,94.0,6.180182765547215e-08
-10.0,95.0,7.901377330199466e-07
-10.0,96.0,1.859570808449007e-08
-10.0,97.0,2.1716037679198053e-07
-10.0,98.0,4.8764291022962425e-06
-10.0,99.0,5.8476707636145875e-06
-10.0,100.0,2.556157596700359e-07
-10.0,101.0,1.1266502951912116e-05
-10.0,102.0,7.22729538438216e-08
-10.0,103.0,6.346146255964413e-05
-10.0,104.0,0.00020543660502880812
-10.0,105.0,1.4708571427490824e-07
-10.0,106.0,9.540594447798867e-08
-10.0,107.0,0.002446830738335848
-10.0,108.0,9.549638413375305e-09
-10.0,109.0,1.1650965916487621e-06
-10.0,110.0,0.0010382625041529536
-10.0,111.0,3.50754962710198e-05
-10.0,112.0,1.709422861040366e-07
-10.0,113.0,3.0064711609156802e-05
-10.0,114.0,9.186374541059195e-07
-10.0,115.0,2.392220865843342e-09
-10.0,116.0,6.293079479746666e-08
-10.0,117.0,1.5786557696628734e-06
-10.0,118.0,2.980321411882869e-08
-10.0,119.0,1.00501438282663e-05
-10.0,120.0,7.568676664959639e-05
-10.0,121.0,1.387115571560571e-05
-10.0,122.0,1.1969582374149468e-05
-10.0,123.0,0.0002838268119376153
-10.0,124.0,4.638510290533304e-06
-10.0,125.0,1.0010245205194224e-05
-10.0,126.0,0.00015010325296316296
-10.0,127.0,7.861885933380108e-06
-10.0,128.0,1.9204810087103397e-05
-10.0,129.0,0.00015718622307758778
-10.0,130.0,0.0005902911070734262
-10.0,131.0,0.00010528288839850575
-10.0,132.0,0.00044265351607464254
-10.0,133.0,0.00020599541312549263
-10.0,134.0,9.996052540373057e-05
-10.0,135.0,7.926628313725814e-05
-10.0,136.0,7.550875579909189e-06
-10.0,137.0,1.5687979612266645e-05
-10.0,138.0,5.1225350034656e-05
-10.0,139.0,3.5181554267182946e-05
-10.0,140.0,2.8723643481498584e-06
-10.0,141.0,1.559701331643737e-06
-10.0,142.0,1.0321375157218426e-05
-10.0,143.0,1.340860308118863e-06
-10.0,144.0,3.0554681984540366e-07
-10.0,145.0,2.8757137897628127e-06
-10.0,146.0,1.864596654854722e-08
-10.0,147.0,3.0896654124035194e-08
-10.0,148.0,8.932357786761713e-07
-10.0,149.0,1.5787815499379576e-08
-10.0,150.0,1.7835798644227907e-05
-10.0,151.0,1.2720535096377716e-06
-10.0,152.0,2.0472774053814646e-07
-10.0,153.0,1.839705987549678e-07
-10.0,154.0,1.9867320588673465e-07
-10.0,155.0,4.457604063645704e-08
-10.0,156.0,1.2895104539722979e-08
-10.0,157.0,1.228617874104998e-09
-10.0,158.0,2.941349919183267e-08
-10.0,159.0,6.464184743038004e-09
-10.0,160.0,1.2240737312652072e-08
-10.0,161.0,5.59495783036823e-09
-10.0,162.0,1.4204127296579827e-07
-10.0,163.0,3.2584921427769586e-08
-10.0,164.0,2.5909374645749494e-09
-10.0,165.0,1.0658893767612199e-09
-10.0,166.0,1.4171284590247524e-08
-10.0,167.0,1.8346937302737842e-09
-10.0,168.0,2.18997797674092e-08
-10.0,169.0,3.792314462458535e-09
-10.0,170.0,1.0705129227517318e-08
-10.0,171.0,1.372797076015786e-08
-10.0,172.0,6.603391398130043e-07
-10.0,173.0,7.480866202058678e-07
-10.0,174.0,4.220649145736388e-07
-10.0,175.0,3.274986966061988e-06
-10.0,176.0,8.982039503280248e-07
-10.0,177.0,7.4089757617912255e-06
-10.0,178.0,8.513254215358756e-06
-10.0,179.0,3.954747171519557e-06
-10.0,180.0,5.666325250786031e-06
-10.0,-179.0,2.7487689635563584e-07
-10.0,-178.0,1.6090488941244985e-07
-10.0,-177.0,3.3189763826158014e-07
-10.0,-176.0,1.2766346912940207e-07
-10.0,-175.0,7.261499490596179e-07
-10.0,-174.0,6.401758128049551e-07
-10.0,-173.0,3.767929001696757e-06
-10.0,-172.0,6.640283913839085e-07
-10.0,-171.0,4.2822807699849363e-07
-10.0,-170.0,5.907246304559521e-06
-10.0,-169.0,2.5826827254604723e-07
-10.0,-168.0,2.0640716229536338e-06
-10.0,-167.0,1.9784949472523294e-05
-10.0,-166.0,5.845462283105007e-07
-10.0,-165.0,9.449736353417393e-06
-10.0,-164.0,5.335347304935567e-05
-10.0,-163.0,4.179702500550775e-06
-10.0,-162.0,3.343219214002602e-05
-10.0,-161.0,3.002986204592162e-06
-10.0,-160.0,1.4062757145438809e-05
-10.0,-159.0,3.3752639865269884e-05
-10.0,-158.0,3.256201307522133e-05
-10.0,-157.0,1.9981942386948504e-05
-10.0,-156.0,2.654035597515758e-05
-10.0,-155.0,5.238682933850214e-05
-10.0,-154.0,1.256516497960547e-05
-10.0,-153.0,2.688230415515136e-05
-10.0,-152.0,3.6154931876808405e-05
-10.0,-151.0,3.084043783019297e-05
-10.0,-150.0,2.5979792553698644e-05
-10.0,-149.0,1.7800130081013776e-05
-10.0,-148.0,6.907577335368842e-05
-10.0,-147.0,1.1942822311539203e-05
-10.0,-146.0,9.144809155259281e-06
-10.0,-145.0,0.00010747636406449601
-10.0,-144.0,3.969616227550432e-05
-10.0,-143.0,1.1756591447920073e-05
-10.0,-142.0,1.8477572666597553e-05
-10.0,-141.0,4.844589057029225e-06
-10.0,-140.0,5.3848161769565195e-05
-10.0,-139.0,6.7932505771750584e-06
-10.0,-138.0,7.132542123144958e-06
-10.0,-137.0,3.344465949339792e-05
-10.0,-136.0,1.4659261978522409e-05
-10.0,-135.0,5.441426765173674e-06
-10.0,-134.0,3.2528030715184286e-05
-10.0,-133.0,1.2384467481751926e-05
-10.0,-132.0,4.3670355807989836e-05
-10.0,-131.0,4.0637998608872294e-05
-10.0,-130.0,0.0001422795612597838
-10.0,-129.0,0.00011538613034645095
-10.0,-128.0,5.045806028647348e-05
-10.0,-127.0,1.654981679166667e-05
-10.0,-126.0,6.89605949446559e-05
-10.0,-125.0,1.4443049622059334e-05
-10.0,-124.0,4.5088214392308146e-05
-10.0,-123.0,2.171358573832549e-05
-10.0,-122.0,1.5461650036741048e-05
-10.0,-121.0,4.581399116432294e-05
-10.0,-120.0,2.2922895368537866e-05
-10.0,-119.0,7.267025648616254e-05
-10.0,-118.0,4.844597788178362e-05
-10.0,-117.0,2.213455445598811e-05
-10.0,-116.0,4.614111821865663e-05
-10.0,-115.0,1.3546372429118492e-05
-10.0,-114.0,5.617304395855172e-06
-10.0,-113.0,3.1809267966309562e-06
-10.0,-112.0,6.367651621985715e-06
-10.0,-111.0,5.913993845751975e-06
-10.0,-110.0,5.8876798902929295e-06
-10.0,-109.0,1.310024435952073e-05
-10.0,-108.0,2.3615863028680906e-05
-10.0,-107.0,5.829957444802858e-06
-10.0,-106.0,8.91872332431376e-06
-10.0,-105.0,6.849207238701638e-06
-10.0,-104.0,2.4294307877426036e-05
-10.0,-103.0,1.0483531696081627e-05
-10.0,-102.0,6.7056662373943254e-06
-10.0,-101.0,2.9290390557434876e-06
-10.0,-100.0,1.1409109674787032e-06
-10.0,-99.0,3.2512682537344517e-06
-10.0,-98.0,1.29945408389176e-06
-10.0,-97.0,8.026149203033128e-07
-10.0,-96.0,1.6618521385680651e-06
-10.0,-95.0,2.1147150164324557e-06
-10.0,-94.0,2.9135851491446374e-06
-10.0,-93.0,5.592188244918361e-06
-10.0,-92.0,1.2226174703755532e-06
-10.0,-91.0,5.5773057283659e-07
-10.0,-90.0,2.13046860153554e-07
-10.0,-89.0,1.0428452696942259e-06
-10.0,-88.0,2.4501282496203203e-06
-10.0,-87.0,7.745324182906188e-06
-10.0,-86.0,2.0808842293718044e-07
-10.0,-85.0,1.3290541112098708e-08
-10.0,-84.0,4.427563453646144e-06
-10.0,-83.0,6.743173912582279e-07
-10.0,-82.0,1.4960801308916416e-06
-10.0,-81.0,1.9062147202930646e-06
-10.0,-80.0,6.373304586304585e-07
-10.0,-79.0,1.6290953226416605e-06
-10.0,-78.0,2.4156918243534165e-07
-10.0,-77.0,2.2484192641059053e-07
-10.0,-76.0,3.1694457902631257e-07
-10.0,-75.0,7.86193027124682e-07
-10.0,-74.0,8.866836083143426e-07
-10.0,-73.0,3.3082318395827315e-07
-10.0,-72.0,2.5570255957063637e-07
-10.0,-71.0,4.899620762444101e-07
-10.0,-70.0,1.1094880392192863e-06
-10.0,-69.0,2.305953785253223e-06
-10.0,-68.0,1.0157376891584136e-05
-10.0,-67.0,6.9189413807180244e-06
-10.0,-66.0,6.164053047541529e-06
-10.0,-65.0,1.4642075257143006e-05
-10.0,-64.0,3.917918149909383e-07
-10.0,-63.0,1.2215440619911533e-05
-10.0,-62.0,7.4748795668710954e-06
-10.0,-61.0,3.118316726613557e-06
-10.0,-60.0,4.07047400585725e-06
-10.0,-59.0,1.1809675925178453e-05
-10.0,-58.0,1.0555420885793865e-05
-10.0,-57.0,9.35768912313506e-06
-10.0,-56.0,6.959388883842621e-06
-10.0,-55.0,2.7682239306159317e-05
-10.0,-54.0,3.5297663998790085e-05
-10.0,-53.0,5.4063340940047055e-05
-10.0,-52.0,3.261652454966679e-05
-10.0,-51.0,2.334933014935814e-05
-10.0,-50.0,7.075841949699679e-06
-10.0,-49.0,3.7298427741916385e-06
-10.0,-48.0,1.4273438864620402e-05
-10.0,-47.0,2.87159564322792e-05
-10.0,-46.0,1.0407575246063061e-05
-10.0,-45.0,6.398704135790467e-05
-10.0,-44.0,7.76558299548924e-05
-10.0,-43.0,4.7680008719908074e-05
-10.0,-42.0,4.380829705041833e-05
-10.0,-41.0,0.00013871163537260145
-10.0,-40.0,0.00012849553604610264
-10.0,-39.0,0.0001897575712064281
-10.0,-38.0,0.0001588935701875016
-10.0,-37.0,6.624845264013857e-05
-10.0,-36.0,1.3524801943276543e-05
-10.0,-35.0,4.8774869355838746e-05
-10.0,-34.0,0.00016367461648769677
-10.0,-33.0,9.469891665503383e-05
-10.0,-32.0,0.000325311761116609
-10.0,-31.0,0.00033936018007807434
-10.0,-30.0,0.0008605721523053944
-10.0,-29.0,0.0006135727744549513
-10.0,-28.0,0.0005004865815863013
-10.0,-27.0,0.0006152698188088834
-10.0,-26.0,0.00027634145226329565
-10.0,-25.0,0.0007313552196137607
-10.0,-24.0,0.0012547080405056477
-10.0,-23.0,0.00022734944650437683
-10.0,-22.0,0.001182090723887086
-10.0,-21.0,0.0012931672390550375
-10.0,-20.0,0.00040268691373057663
-10.0,-19.0,0.0005860524834133685
-10.0,-18.0,0.00031829829094931483
-10.0,-17.0,0.0011888851877301931
-10.0,-16.0,0.0004338657308835536
-10.0,-15.0,0.0007344787009060383
-10.0,-14.0,0.00016783476166892797
-10.0,-13.0,9.631920693209395e-05
-10.0,-12.0,0.0001535017800051719
-10.0,-11.0,8.470668399240822e-05
-10.0,-10.0,1.382378650305327e-05
-10.0,-9.0,4.9708418373484164e-05
-10.0,-8.0,1.3445504919218365e-05
-10.0,-7.0,5.6515705182391685e-06
-10.0,-6.0,7.755198566883337e-06
-10.0,-5.0,2.4245039185188944e-06
-10.0,-4.0,5.15309875481762e-06
-10.0,-3.0,1.420002604390902e-06
-10.0,-2.0,1.241309632860066e-06
-10.0,-1.0,4.879234438703861e-06
-9.0,0.0,1.2078297686457518e-06
-9.0,1.0,4.265723987373349e-07
-9.0,2.0,2.5552497390890494e-05
-9.0,3.0,4.204775905236602e-07
-9.0,4.0,5.7114728406304494e-05
-9.0,5.0,9.142665930994553e-07
-9.0,6.0,1.9698140931723174e-06
-9.0,7.0,1.1270780305494554e-05
-9.0,8.0,1.451691531428878e-07
-9.0,9.0,1.515163283727361e-08
-9.0,10.0,4.741150860354537e-06
-9.0,11.0,7.431299309246242e-08
-9.0,12.0,1.2726962816955734e-09
-9.0,13.0,1.1490951692394447e-06
-9.0,14.0,1.9432243902883783e-07
-9.0,15.0,9.590182514784829e-08
-9.0,16.0,1.1106355941592483e-06
-9.0,17.0,5.350749688659562e-06
-9.0,18.0,2.3698967765994894e-07
-9.0,19.0,4.6072688775211645e-08
-9.0,20.0,5.8808509493246675e-06
-9.0,21.0,1.0523760465730447e-05
-9.0,22.0,0.00015147491649258882
-9.0,23.0,5.96528025198495e-07
-9.0,24.0,1.1021576938219368e-05
-9.0,25.0,2.20337988139363e-05
-9.0,26.0,1.1090654084000562e-07
-9.0,27.0,7.630540494574234e-06
-9.0,28.0,2.1530341598463565e-07
-9.0,29.0,4.731782325961831e-07
-9.0,30.0,1.6084167953067663e-07
-9.0,31.0,3.7613697259075707e-06
-9.0,32.0,1.252576748811407e-05
-9.0,33.0,3.4209372756777157e-07
-9.0,34.0,4.208798145555193e-06
-9.0,35.0,5.802257874165662e-06
-9.0,36.0,7.92545142758172e-06
-9.0,37.0,2.0541333469736855e-06
-9.0,38.0,3.421326709940331e-06
-9.0,39.0,8.556772854717565e-07
-9.0,40.0,4.33208128924889e-07
-9.0,41.0,6.362943736348825e-07
-9.0,42.0,7.890691904322011e-07
-9.0,43.0,1.4413849669381307e-07
-9.0,44.0,1.7386470290148281e-06
-9.0,45.0,1.972374320757808e-06
-9.0,46.0,1.6424816067228676e-06
-9.0,47.0,4.3743270339291485e-07
-9.0,48.0,2.453087972753565e-06
-9.0,49.0,1.3882279290555744e-06
-9.0,50.0,4.754517135552305e-07
-9.0,51.0,9.311842404713389e-06
-9.0,52.0,2.6350060124968877e-06
-9.0,53.0,1.2940054148202762e-06
-9.0,54.0,5.716280611522961e-06
-9.0,55.0,7.733230449957773e-05
-9.0,56.0,2.7261817194812465e-06
-9.0,57.0,3.7435877402458573e-06
-9.0,58.0,2.657737240951974e-06
-9.0,59.0,9.855906455413788e-07
-9.0,60.0,4.295653707231395e-05
-9.0,61.0,1.4772373106097803e-05
-9.0,62.0,1.0378653314546682e-05
-9.0,63.0,9.600643352314364e-06
-9.0,64.0,2.238494971606997e-06
-9.0,65.0,4.5449387471308e-06
-9.0,66.0,7.303326583496528e-06
-9.0,67.0,1.6029109247028828e-05
-9.0,68.0,2.374361065449193e-05
-9.0,69.0,2.572785660959198e-06
-9.0,70.0,9.15222608455224e-06
-9.0,71.0,1.7333379219053313e-05
-9.0,72.0,5.559257715503918e-06
-9.0,73.0,9.61534897214733e-06
-9.0,74.0,4.431246907188324e-06
-9.0,75.0,4.44219722339767e-06
-9.0,76.0,9.891982699627988e-06
-9.0,77.0,7.3285491453134455e-06
-9.0,78.0,1.62641463248292e-05
-9.0,79.0,2.3082788175088353e-05
-9.0,80.0,1.4288732927525416e-05
-9.0,81.0,8.271793376479764e-06
-9.0,82.0,4.5326836698222905e-05
-9.0,83.0,1.7511691794425133e-06
-9.0,84.0,1.8837713469110895e-06
-9.0,85.0,1.2974344372196356e-06
-9.0,86.0,6.925853313077823e-07
-9.0,87.0,1.8248389324071468e-06
-9.0,88.0,7.75161822730297e-07
-9.0,89.0,2.6046649281852297e-07
-9.0,90.0,3.1652351140110113e-07
-9.0,91.0,2.0021937530145806e-07
-9.0,92.0,4.152900316967134e-07
-9.0,93.0,2.5007373949392786e-08
-9.0,94.0,1.8849789285013685e-08
-9.0,95.0,2.163366019658497e-08
-9.0,96.0,8.914596172360234e-09
-9.0,97.0,1.0889551305126588e-07
-9.0,98.0,5.758525958299288e-07
-9.0,99.0,6.21142817180953e-07
-9.0,100.0,4.529148611709388e-08
-9.0,101.0,6.964290122368766e-08
-9.0,102.0,2.5231634026567917e-06
-9.0,103.0,1.5979123418219388e-05
-9.0,104.0,1.2748154532005174e-08
-9.0,105.0,2.8681322206125515e-08
-9.0,106.0,2.7283998861094005e-05
-9.0,107.0,1.4911494261582448e-08
-9.0,108.0,2.068258009302326e-09
-9.0,109.0,3.809164184076508e-07
-9.0,110.0,4.558787569663991e-09
-9.0,111.0,1.3245720964505381e-08
-9.0,112.0,1.3346699301308718e-09
-9.0,113.0,6.699682475463931e-10
-9.0,114.0,8.404556162133758e-09
-9.0,115.0,3.65771413157745e-08
-9.0,116.0,7.030352833226061e-08
-9.0,117.0,8.091831205092603e-07
-9.0,118.0,1.5014686596259708e-06
-9.0,119.0,2.865404553631379e-07
-9.0,120.0,1.0671597010514233e-05
-9.0,121.0,2.9920782253611833e-05
-9.0,122.0,7.4286658673372585e-06
-9.0,123.0,1.427328584213683e-07
-9.0,124.0,0.0027782036922872066
-9.0,125.0,6.821373062848579e-06
-9.0,126.0,3.96081361486722e-07
-9.0,127.0,9.241443331120536e-05
-9.0,128.0,1.1016239113814663e-05
-9.0,129.0,6.273143640100898e-07
-9.0,130.0,1.0746231055236422e-05
-9.0,131.0,9.686910198070109e-05
-9.0,132.0,6.634480541833909e-06
-9.0,133.0,3.4384931495878845e-05
-9.0,134.0,3.0187902666511945e-05
-9.0,135.0,1.9975408577010967e-05
-9.0,136.0,2.85620590148028e-05
-9.0,137.0,1.9420145690673962e-05
-9.0,138.0,0.0001182813648483716
-9.0,139.0,1.3350431800063234e-05
-9.0,140.0,3.224932925149915e-06
-9.0,141.0,2.2698852262692526e-05
-9.0,142.0,4.507514859142248e-06
-9.0,143.0,1.4919767181709176e-06
-9.0,144.0,1.0099922747031087e-06
-9.0,145.0,1.1553724107216112e-05
-9.0,146.0,1.478813800304124e-07
-9.0,147.0,1.1270206101698932e-07
-9.0,148.0,9.473122020153824e-08
-9.0,149.0,4.9035143945275195e-08
-9.0,150.0,4.67719942776057e-08
-9.0,151.0,1.136381683863874e-06
-9.0,152.0,1.2013700825264095e-06
-9.0,153.0,3.072260312819708e-07
-9.0,154.0,3.9541183127767e-07
-9.0,155.0,4.272461495702373e-08
-9.0,156.0,3.300853634868872e-08
-9.0,157.0,5.311993689360861e-08
-9.0,158.0,1.9071473289500318e-08
-9.0,159.0,5.1564605918485995e-09
-9.0,160.0,8.600848389050952e-08
-9.0,161.0,5.362558397337125e-08
-9.0,162.0,2.9200972306853146e-08
-9.0,163.0,5.086361332118372e-10
-9.0,164.0,3.086496747073397e-08
-9.0,165.0,4.286752286475348e-09
-9.0,166.0,6.097629623447176e-10
-9.0,167.0,1.682509243039476e-08
-9.0,168.0,4.7584793883004295e-09
-9.0,169.0,5.029705540948726e-09
-9.0,170.0,1.1192486937261492e-07
-9.0,171.0,7.572028337676784e-09
-9.0,172.0,2.891816563987959e-07
-9.0,173.0,4.280459506844636e-07
-9.0,174.0,5.972880501303734e-08
-9.0,175.0,1.676695262631256e-07
-9.0,176.0,7.883621151449915e-07
-9.0,177.0,2.4337467152690806e-07
-9.0,178.0,2.197668209191761e-06
-9.0,179.0,6.85489851548482e-07
-9.0,180.0,1.5320173361033085e-06
-9.0,-179.0,2.5535237568874436e-07
-9.0,-178.0,3.4185140407316794e-07
-9.0,-177.0,9.901290809466445e-08
-9.0,-176.0,5.051377343079366e-07
-9.0,-175.0,4.352044697952806e-07
-9.0,-174.0,1.7801359319946641e-07
-9.0,-173.0,1.560875375616888e-07
-9.0,-172.0,1.4815324789196893e-07
-9.0,-171.0,1.937255262873805e-07
-9.0,-170.0,1.707011847429385e-07
-9.0,-169.0,4.1879874856931565e-07
-9.0,-168.0,5.719327873521252e-07
-9.0,-167.0,7.772352432766638e-07
-9.0,-166.0,1.8143907709600171e-06
-9.0,-165.0,1.866116008386598e-06
-9.0,-164.0,0.00019286989117972553
-9.0,-163.0,3.829205161309801e-05
-9.0,-162.0,2.901218749684631e-06
-9.0,-161.0,7.79846595833078e-05
-9.0,-160.0,0.0001541784731671214
-9.0,-159.0,1.5014192285889294e-05
-9.0,-158.0,7.465341332135722e-05
-9.0,-157.0,1.3817750186717603e-05
-9.0,-156.0,8.299496585095767e-06
-9.0,-155.0,1.602380689291749e-05
-9.0,-154.0,2.7871532438439317e-05
-9.0,-153.0,1.793155934137758e-05
-9.0,-152.0,1.4360328350448981e-05
-9.0,-151.0,1.8635335436556488e-05
-9.0,-150.0,1.527806671219878e-05
-9.0,-149.0,2.3133672584663145e-05
-9.0,-148.0,2.1932628442300484e-05
-9.0,-147.0,1.990223790926393e-05
-9.0,-146.0,0.000176350717083551
-9.0,-145.0,8.424085535807535e-05
-9.0,-144.0,2.0967572709196247e-05
-9.0,-143.0,1.5695552065153606e-05
-9.0,-142.0,5.2438910643104464e-05
-9.0,-141.0,1.0730041140050162e-05
-9.0,-140.0,7.2431757871527225e-06
-9.0,-139.0,9.532443073112518e-05
-9.0,-138.0,6.547819066327065e-05
-9.0,-137.0,3.77500728063751e-05
-9.0,-136.0,6.335298530757427e-05
-9.0,-135.0,1.6949243217823096e-05
-9.0,-134.0,7.981877388374414e-06
-9.0,-133.0,5.8389457990415394e-05
-9.0,-132.0,5.699491885025054e-05
-9.0,-131.0,2.7878522814717144e-05
-9.0,-130.0,8.250903920270503e-05
-9.0,-129.0,3.6261521017877385e-05
-9.0,-128.0,6.397240213118494e-05
-9.0,-127.0,7.348333383561112e-06
-9.0,-126.0,1.643771247472614e-05
-9.0,-125.0,0.0001941428054124117
-9.0,-124.0,2.8331120120128617e-05
-9.0,-123.0,9.208473056787625e-05
-9.0,-122.0,7.003119389992207e-05
-9.0,-121.0,2.552358819229994e-05
-9.0,-120.0,1.8087112039211206e-05
-9.0,-119.0,1.3662854144058656e-05
-9.0,-118.0,1.2234095265739597e-05
-9.0,-117.0,2.313998447789345e-05
-9.0,-116.0,4.768248800246511e-06
-9.0,-115.0,8.787957995082252e-06
-9.0,-114.0,4.698569682659581e-06
-9.0,-113.0,2.891341637223377e-06
-9.0,-112.0,2.3835946194594726e-06
-9.0,-111.0,1.8868026927520987e-06
-9.0,-110.0,1.8063177549265674e-06
-9.0,-109.0,1.0206520528299734e-05
-9.0,-108.0,1.2704889741144143e-05
-9.0,-107.0,3.223275598429609e-06
-9.0,-106.0,1.3199426575738471e-05
-9.0,-105.0,4.710612302005757e-06
-9.0,-104.0,1.3621780453831889e-05
-9.0,-103.0,1.5347226508310996e-05
-9.0,-102.0,2.2395761334337294e-05
-9.0,-101.0,1.2361422704998404e-05
-9.0,-100.0,2.8542845029733144e-06
-9.0,-99.0,2.42629397462224e-07
-9.0,-98.0,4.77546609545243e-06
-9.0,-97.0,5.770461029896978e-06
-9.0,-96.0,2.6939301278616767e-06
-9.0,-95.0,5.353827873477712e-06
-9.0,-94.0,1.3989535545988474e-05
-9.0,-93.0,4.245138370606583e-06
-9.0,-92.0,2.7367943857825594e-06
-9.0,-91.0,5.573101589106955e-06
-9.0,-90.0,2.276290160807548e-07
-9.0,-89.0,1.0504883221074124e-06
-9.0,-88.0,3.216073878320458e-07
-9.0,-87.0,4.512911857545987e-07
-9.0,-86.0,9.214031848614468e-08
-9.0,-85.0,1.1316129189253843e-07
-9.0,-84.0,1.2463153780117864e-06
-9.0,-83.0,1.3953729194327025e-06
-9.0,-82.0,4.3241021785433986e-07
-9.0,-81.0,3.7289039482857333e-06
-9.0,-80.0,2.2560486456768558e-07
-9.0,-79.0,4.133451625421003e-08
-9.0,-78.0,1.960180043170112e-06
-9.0,-77.0,9.367740005927772e-08
-9.0,-76.0,3.3935643273252936e-07
-9.0,-75.0,5.204229182709241e-06
-9.0,-74.0,1.7091977042582585e-06
-9.0,-73.0,3.929982597128401e-07
-9.0,-72.0,2.0861468783550663e-06
-9.0,-71.0,7.675123470107792e-07
-9.0,-70.0,9.078344760382606e-07
-9.0,-69.0,2.359820882702479e-06
-9.0,-68.0,6.168458639876917e-05
-9.0,-67.0,4.592324785335222e-06
-9.0,-66.0,1.6333656276401598e-06
-9.0,-65.0,1.762809347383154e-06
-9.0,-64.0,4.607274604495615e-06
-9.0,-63.0,9.821071216720156e-06
-9.0,-62.0,3.391638892935589e-05
-9.0,-61.0,1.8048765468847705e-06
-9.0,-60.0,1.9303370208945125e-06
-9.0,-59.0,2.8924669095431454e-06
-9.0,-58.0,7.0902765401115175e-06
-9.0,-57.0,5.15711053594714e-06
-9.0,-56.0,2.9762568374280818e-06
-9.0,-55.0,5.651097308145836e-05
-9.0,-54.0,1.0583604307612404e-05
-9.0,-53.0,1.9502379018376814e-06
-9.0,-52.0,6.31658622296527e-06
-9.0,-51.0,2.092720706059481e-06
-9.0,-50.0,3.481334715615958e-06
-9.0,-49.0,6.158635187603068e-06
-9.0,-48.0,1.978717818928999e-06
-9.0,-47.0,5.7998231568490155e-06
-9.0,-46.0,1.383617018291261e-05
-9.0,-45.0,1.8207147149951197e-05
-9.0,-44.0,2.9502403776859865e-05
-9.0,-43.0,6.165636295918375e-05
-9.0,-42.0,1.1503700079629198e-05
-9.0,-41.0,1.778352088877e-05
-9.0,-40.0,0.00014568229380529374
-9.0,-39.0,0.00011438734509283677
-9.0,-38.0,2.728488288994413e-05
-9.0,-37.0,0.00013432366540655494
-9.0,-36.0,4.679950507124886e-05
-9.0,-35.0,1.405030252499273e-05
-9.0,-34.0,0.0005847926368005574
-9.0,-33.0,0.0001972536410903558
-9.0,-32.0,0.00011373726010788232
-9.0,-31.0,0.0001922227384056896
-9.0,-30.0,0.00027302003582008183
-9.0,-29.0,0.0006725589046254754
-9.0,-28.0,0.0003410393837839365
-9.0,-27.0,0.0005061088595539331
-9.0,-26.0,0.00062033865833655
-9.0,-25.0,0.00358534324914217
-9.0,-24.0,0.0014263861812651157
-9.0,-23.0,0.0022604537662118673
-9.0,-22.0,0.000916133401915431
-9.0,-21.0,0.0013000774197280407
-9.0,-20.0,0.0008337115868926048
-9.0,-19.0,0.0003039310104213655
-9.0,-18.0,0.001341152237728238
-9.0,-17.0,0.0005638719885610044
-9.0,-16.0,0.0002134267269866541
-9.0,-15.0,0.00021820273832418025
-9.0,-14.0,0.00024195767764467746
-9.0,-13.0,5.582771700574085e-05
-9.0,-12.0,3.76335738110356e-05
-9.0,-11.0,1.2825431440433022e-05
-9.0,-10.0,1.5356157746282406e-05
-9.0,-9.0,3.662022209027782e-05
-9.0,-8.0,2.5417853976250626e-05
-9.0,-7.0,3.5488060348143335e-06
-9.0,-6.0,1.085316853277618e-05
-9.0,-5.0,6.280407887970796e-06
-9.0,-4.0,3.826093688985566e-06
-9.0,-3.0,5.325555321178399e-06
-9.0,-2.0,3.573884896468371e-06
-9.0,-1.0,4.544054718280677e-06
-8.0,0.0,2.0049317583925585e-07
-8.0,1.0,7.755218689453613e-07
-8.0,2.0,1.811983793231775e-06
-8.0,3.0,1.634297319696998e-07
-8.0,4.0,8.462909022455278e-07
-8.0,5.0,3.8732883922421024e-07
-8.0,6.0,3.1293961910705548e-06
-8.0,7.0,1.5457022527698427e-05
-8.0,8.0,2.710644508852056e-08
-8.0,9.0,3.667060965995006e-08
-8.0,10.0,6.852892511233222e-07
-8.0,11.0,3.090490707791105e-08
-8.0,12.0,3.98471627249819e-07
-8.0,13.0,2.1103827748447657e-05
-8.0,14.0,3.0297677255930466e-08
-8.0,15.0,0.00017345331434626132
-8.0,16.0,2.697076695312717e-07
-8.0,17.0,8.220927050217597e-09
-8.0,18.0,2.152777653918747e-07
-8.0,19.0,4.5359957567825404e-08
-8.0,20.0,1.0087101820488442e-08
-8.0,21.0,5.189798457649886e-07
-8.0,22.0,4.592861913010893e-08
-8.0,23.0,6.265855176934565e-07
-8.0,24.0,1.1210364618818858e-06
-8.0,25.0,1.6326833929269924e-07
-8.0,26.0,3.112149715889245e-05
-8.0,27.0,1.1370839274604805e-05
-8.0,28.0,3.0062562927923864e-07
-8.0,29.0,8.47128321765922e-05
-8.0,30.0,2.056673838524148e-05
-8.0,31.0,3.826929059869144e-06
-8.0,32.0,6.674944870610489e-06
-8.0,33.0,1.725758920656517e-05
-8.0,34.0,3.269225999247283e-05
-8.0,35.0,1.2781268196704332e-05
-8.0,36.0,2.624262606332195e-06
-8.0,37.0,6.714292794640642e-06
-8.0,38.0,5.161992930879933e-07
-8.0,39.0,8.672181479596475e-07
-8.0,40.0,7.700990067860403e-07
-8.0,41.0,1.6883637954379083e-07
-8.0,42.0,3.330871550133452e-06
-8.0,43.0,7.458007189597993e-07
-8.0,44.0,2.7573992156249005e-06
-8.0,45.0,2.138528770956327e-06
-8.0,46.0,4.381462019864557e-07
-8.0,47.0,1.35944247858788e-07
-8.0,48.0,9.788211627892451e-07
-8.0,49.0,2.7264235313850804e-07
-8.0,50.0,8.696920872353076e-07
-8.0,51.0,2.7619996672001434e-06
-8.0,52.0,3.128338050828461e-07
-8.0,53.0,8.416247510467656e-06
-8.0,54.0,1.6617299252175144e-06
-8.0,55.0,9.338684776594164e-07
-8.0,56.0,1.9204142063244944e-06
-8.0,57.0,5.543553243114729e-07
-8.0,58.0,1.4578641867046827e-06
-8.0,59.0,9.138976565736812e-06
-8.0,60.0,3.228062632842921e-05
-8.0,61.0,3.891685628332198e-05
-8.0,62.0,2.1507661585928872e-05
-8.0,63.0,7.42581469239667e-05
-8.0,64.0,5.429416432889411e-06
-8.0,65.0,4.201571300654905e-06
-8.0,66.0,9.105506615014747e-05
-8.0,67.0,7.048638053674949e-06
-8.0,68.0,4.958055797033012e-06
-8.0,69.0,1.2036650332447607e-05
-8.0,70.0,2.1230221136647742e-06
-8.0,71.0,1.5489117686229292e-06
-8.0,72.0,5.938448794040596e-06
-8.0,73.0,7.445031542374636e-07
-8.0,74.0,1.2463664234019234e-06
-8.0,75.0,6.12316307524452e-06
-8.0,76.0,1.494498746978934e-06
-8.0,77.0,1.0015135103458306e-06
-8.0,78.0,8.574380444770213e-06
-8.0,79.0,8.794144378043711e-06
-8.0,80.0,7.561208803963382e-06
-8.0,81.0,1.0621875844663009e-05
-8.0,82.0,2.838488398992922e-05
-8.0,83.0,7.674869266338646e-06
-8.0,84.0,4.351589723228244e-06
-8.0,85.0,7.242996616696473e-06
-8.0,86.0,1.4997742709965678e-06
-8.0,87.0,1.7903610114444746e-06
-8.0,88.0,9.083229883799504e-07
-8.0,89.0,3.7614233860949753e-07
-8.0,90.0,7.305760618692148e-07
-8.0,91.0,7.986285709193908e-06
-8.0,92.0,2.1688285301024735e-07
-8.0,93.0,3.7157189325398576e-08
-8.0,94.0,5.555280608859903e-07
-8.0,95.0,3.649120561277641e-09
-8.0,96.0,2.9443640414683614e-08
-8.0,97.0,1.7488922310349153e-08
-8.0,98.0,1.3522944186661334e-07
-8.0,99.0,9.725033578433795e-07
-8.0,100.0,1.7950853248294152e-07
-8.0,101.0,4.4208914573573566e-07
-8.0,102.0,9.332732275879607e-08
-8.0,103.0,7.14070758078833e-09
-8.0,104.0,5.292919880162117e-08
-8.0,105.0,5.8834423555254034e-08
-8.0,106.0,8.059132805549041e-10
-8.0,107.0,2.1377420722501483e-08
-8.0,108.0,1.3125759146248583e-08
-8.0,109.0,3.3989417946855838e-09
-8.0,110.0,5.831458565808134e-06
-8.0,111.0,8.543476326394739e-08
-8.0,112.0,3.6858017438134993e-07
-8.0,113.0,6.377141659186236e-08
-8.0,114.0,8.870159717844217e-09
-8.0,115.0,1.9963163140346296e-05
-8.0,116.0,1.1090696716564707e-07
-8.0,117.0,2.0525942545646103e-06
-8.0,118.0,4.282833742763614e-06
-8.0,119.0,1.2255927117621468e-07
-8.0,120.0,3.38174118041934e-06
-8.0,121.0,5.521768798644189e-06
-8.0,122.0,6.264193643801264e-07
-8.0,123.0,1.4234220770958927e-06
-8.0,124.0,3.389635594430729e-06
-8.0,125.0,1.807734179237741e-06
-8.0,126.0,5.513265477929963e-06
-8.0,127.0,1.9643774066935293e-05
-8.0,128.0,4.1308067011414096e-06
-8.0,129.0,4.322166660131188e-06
-8.0,130.0,2.0321992906247033e-06
-8.0,131.0,1.0353487596148625e-06
-8.0,132.0,1.3435369510261808e-06
-8.0,133.0,3.119560642517172e-05
-8.0,134.0,7.224998171295738e-06
-8.0,135.0,8.847375283949077e-06
-8.0,136.0,6.562699127243832e-06
-8.0,137.0,1.9123747279081726e-06
-8.0,138.0,2.5908017050824128e-05
-8.0,139.0,5.679097739630379e-06
-8.0,140.0,1.4500244560622377e-06
-8.0,141.0,5.862153784619295e-07
-8.0,142.0,1.5558210861854604e-06
-8.0,143.0,8.936806807469111e-06
-8.0,144.0,7.320006261579692e-06
-8.0,145.0,9.214552119374275e-05
-8.0,146.0,2.812875550262106e-07
-8.0,147.0,1.6427917444161722e-06
-8.0,148.0,3.0097237413428957e-06
-8.0,149.0,3.8826627246635326e-08
-8.0,150.0,4.0930096645297454e-08
-8.0,151.0,9.119910160393374e-09
-8.0,152.0,1.398071276526025e-07
-8.0,153.0,1.4477299359327844e-08
-8.0,154.0,1.3294902068139436e-08
-8.0,155.0,1.8370615251228628e-08
-8.0,156.0,6.259995855018019e-10
-8.0,157.0,3.126109504592023e-08
-8.0,158.0,6.849570244327197e-09
-8.0,159.0,2.177888314136567e-09
-8.0,160.0,4.074354720273732e-08
-8.0,161.0,7.0083663317177525e-09
-8.0,162.0,2.1308824926791203e-08
-8.0,163.0,3.0425308494841374e-08
-8.0,164.0,6.629695459281493e-09
-8.0,165.0,5.965351768111304e-09
-8.0,166.0,4.503005968103935e-08
-8.0,167.0,1.2155716433426278e-09
-8.0,168.0,2.397990694902319e-09
-8.0,169.0,6.796629925531761e-09
-8.0,170.0,7.840196269981448e-10
-8.0,171.0,7.182379690995333e-10
-8.0,172.0,3.2023665941238733e-09
-8.0,173.0,1.585580378105078e-08
-8.0,174.0,4.163899003373217e-09
-8.0,175.0,6.626549975408125e-08
-8.0,176.0,1.6709486772015225e-07
-8.0,177.0,3.955558369739265e-08
-8.0,178.0,2.959194205232052e-07
-8.0,179.0,1.639777167383727e-07
-8.0,180.0,5.061475505385715e-08
-8.0,-179.0,1.1300535618374852e-07
-8.0,-178.0,1.5354910942733113e-07
-8.0,-177.0,3.3631017970492394e-08
-8.0,-176.0,2.4876298994058743e-06
-8.0,-175.0,1.7034193433573819e-06
-8.0,-174.0,5.486712666424864e-07
-8.0,-173.0,2.130007305822801e-05
-8.0,-172.0,1.1596222293519531e-07
-8.0,-171.0,4.6116731766687735e-08
-8.0,-170.0,1.529079014517265e-07
-8.0,-169.0,3.173055347360787e-06
-8.0,-168.0,2.1096559521538438e-07
-8.0,-167.0,1.4684003417642089e-06
-8.0,-166.0,2.4497821868862957e-06
-8.0,-165.0,1.1571647746677627e-06
-8.0,-164.0,7.290495432243915e-06
-8.0,-163.0,9.858258636086248e-06
-8.0,-162.0,5.0581302275531925e-06
-8.0,-161.0,3.069130616495386e-05
-8.0,-160.0,9.676245099399239e-06
-8.0,-159.0,5.504360615304904e-06
-8.0,-158.0,1.1303728570055682e-05
-8.0,-157.0,4.034694029542152e-06
-8.0,-156.0,5.477168997458648e-06
-8.0,-155.0,8.910892574931495e-06
-8.0,-154.0,1.634161890251562e-05
-8.0,-153.0,5.288951342663495e-06
-8.0,-152.0,2.954937008325942e-05
-8.0,-151.0,2.2428443116950803e-05
-8.0,-150.0,2.9368113246164285e-05
-8.0,-149.0,1.0903796464845072e-05
-8.0,-148.0,1.0559811016719323e-05
-8.0,-147.0,7.1515100898977835e-06
-8.0,-146.0,9.760557077242993e-06
-8.0,-145.0,6.465311798820039e-06
-8.0,-144.0,5.7842298701871186e-05
-8.0,-143.0,2.1360101527534425e-05
-8.0,-142.0,8.560228707210626e-06
-8.0,-141.0,1.4948243006074335e-05
-8.0,-140.0,3.667579221655615e-05
-8.0,-139.0,2.2177551727509126e-05
-8.0,-138.0,5.851497007824946e-06
-8.0,-137.0,4.701802026829682e-06
-8.0,-136.0,1.4279850120146875e-06
-8.0,-135.0,3.1437868983630324e-06
-8.0,-134.0,4.490614173846552e-06
-8.0,-133.0,1.7550677512190305e-05
-8.0,-132.0,1.7363920051138848e-05
-8.0,-131.0,6.700316134811146e-06
-8.0,-130.0,3.636946712504141e-05
-8.0,-129.0,4.730871296487749e-06
-8.0,-128.0,1.24815633171238e-05
-8.0,-127.0,5.2530900575220585e-05
-8.0,-126.0,6.903527537360787e-05
-8.0,-125.0,1.7581183783477172e-05
-8.0,-124.0,7.12719265720807e-05
-8.0,-123.0,3.201317667844705e-05
-8.0,-122.0,3.815795935224742e-06
-8.0,-121.0,8.10002165962942e-06
-8.0,-120.0,4.444052592589287e-06
-8.0,-119.0,1.9671069821924902e-06
-8.0,-118.0,7.044391168165021e-06
-8.0,-117.0,1.276597458854667e-06
-8.0,-116.0,1.4253238305173e-06
-8.0,-115.0,4.55478812000365e-06
-8.0,-114.0,8.176033929885307e-07
-8.0,-113.0,1.876464807537559e-06
-8.0,-112.0,1.179220475933107e-06
-8.0,-111.0,6.141973472040263e-07
-8.0,-110.0,1.1299980542389676e-06
-8.0,-109.0,8.834584832584369e-07
-8.0,-108.0,1.3397292377703707e-06
-8.0,-107.0,1.0904446980930516e-06
-8.0,-106.0,4.287194315111265e-06
-8.0,-105.0,2.300010692124488e-06
-8.0,-104.0,6.623821718676481e-06
-8.0,-103.0,1.7080865291063674e-06
-8.0,-102.0,2.732298298724345e-06
-8.0,-101.0,9.971686267817859e-06
-8.0,-100.0,6.020879368406895e-07
-8.0,-99.0,1.0081976142828353e-05
-8.0,-98.0,2.923421016021166e-05
-8.0,-97.0,2.577894520072732e-06
-8.0,-96.0,2.0518233213806525e-05
-8.0,-95.0,1.0603718692436814e-05
-8.0,-94.0,2.856811761375866e-06
-8.0,-93.0,1.3944076272309758e-05
-8.0,-92.0,2.4254316031147027e-06
-8.0,-91.0,1.3319352092366898e-06
-8.0,-90.0,1.3157107048300531e-07
-8.0,-89.0,5.340205007087206e-07
-8.0,-88.0,4.708518375196036e-08
-8.0,-87.0,5.188131240174698e-07
-8.0,-86.0,1.0708511581469793e-05
-8.0,-85.0,2.571792492744862e-06
-8.0,-84.0,6.285258109528513e-07
-8.0,-83.0,7.517287031078013e-06
-8.0,-82.0,7.878157362029015e-07
-8.0,-81.0,3.5169261991541134e-07
-8.0,-80.0,1.6459014204883715e-06
-8.0,-79.0,1.7920203276844404e-07
-8.0,-78.0,3.0955197871662676e-06
-8.0,-77.0,7.223006832646206e-06
-8.0,-76.0,3.2463805155202863e-07
-8.0,-75.0,2.490083659267839e-07
-8.0,-74.0,3.051146961752238e-07
-8.0,-73.0,2.1792051541069668e-07
-8.0,-72.0,9.288891078540473e-07
-8.0,-71.0,2.4336074488928716e-07
-8.0,-70.0,3.0428884656430455e-07
-8.0,-69.0,1.9580668322305428e-06
-8.0,-68.0,3.5366187489671574e-07
-8.0,-67.0,1.7723556311466382e-07
-8.0,-66.0,2.8874756026198156e-06
-8.0,-65.0,2.8958204438822577e-06
-8.0,-64.0,7.223159741442942e-07
-8.0,-63.0,3.406043106224388e-05
-8.0,-62.0,3.927348188881297e-06
-8.0,-61.0,2.451846057738294e-06
-8.0,-60.0,6.515970653708791e-06
-8.0,-59.0,2.8772335554094752e-06
-8.0,-58.0,1.703249290585518e-05
-8.0,-57.0,6.080213552195346e-06
-8.0,-56.0,1.1799326102845953e-06
-8.0,-55.0,6.638075319642667e-06
-8.0,-54.0,8.451475878246129e-06
-8.0,-53.0,1.9965204955951776e-06
-8.0,-52.0,8.705171239853371e-06
-8.0,-51.0,5.028949544794159e-06
-8.0,-50.0,4.253579845681088e-06
-8.0,-49.0,1.9761623661906924e-06
-8.0,-48.0,2.4970327103801537e-06
-8.0,-47.0,5.678588877344737e-06
-8.0,-46.0,8.241964678745717e-06
-8.0,-45.0,4.575935236061923e-06
-8.0,-44.0,9.195637176162563e-06
-8.0,-43.0,7.263562110892963e-06
-8.0,-42.0,7.355205070780357e-06
-8.0,-41.0,2.6103694835910574e-05
-8.0,-40.0,4.906362846668344e-06
-8.0,-39.0,7.183835350588197e-06
-8.0,-38.0,7.960147195262834e-05
-8.0,-37.0,1.4709451534145046e-05
-8.0,-36.0,3.5617471439763904e-05
-8.0,-35.0,0.0001242542639374733
-8.0,-34.0,0.00011376144539099187
-8.0,-33.0,0.0003575593582354486
-8.0,-32.0,0.0004885076195932925
-8.0,-31.0,7.131121674319729e-05
-8.0,-30.0,0.00012006913311779499
-8.0,-29.0,0.00017170215141959488
-8.0,-28.0,7.974475738592446e-05
-8.0,-27.0,0.0007646373123861849
-8.0,-26.0,0.00018255379109177738
-8.0,-25.0,0.00022301878198049963
-8.0,-24.0,0.0009860725840553641
-8.0,-23.0,0.00039231154369190335
-8.0,-22.0,0.0008861260721459985
-8.0,-21.0,0.0014442653628066182
-8.0,-20.0,0.0013129008002579212
-8.0,-19.0,0.0010320112342014909
-8.0,-18.0,0.0003513533447403461
-8.0,-17.0,0.00044699531281366944
-8.0,-16.0,0.0002590026124380529
-8.0,-15.0,0.0005384863470681012
-8.0,-14.0,8.19205743027851e-05
-8.0,-13.0,4.078463462064974e-05
-8.0,-12.0,2.591258817119524e-05
-8.0,-11.0,1.9173132386640646e-05
-8.0,-10.0,2.2175310732563958e-05
-8.0,-9.0,1.6995598343783058e-05
-8.0,-8.0,3.0000872357049957e-05
-8.0,-7.0,1.8277760318596847e-05
-8.0,-6.0,7.370725256805599e-07
-8.0,-5.0,1.9746366888284683e-06
-8.0,-4.0,2.598526862129802e-06
-8.0,-3.0,5.831597604810668e-07
-8.0,-2.0,5.565255492001597e-07
-8.0,-1.0,4.8590582082397304e-06
-7.0,0.0,2.1825393048402475e-07
-7.0,1.0,9.897691597871017e-06
-7.0,2.0,1.1159718269482255e-06
-7.0,3.0,4.365687402696494e-07
-7.0,4.0,3.962101686738606e-07
-7.0,5.0,2.3803887927442702e-07
-7.0,6.0,4.4854508018943307e-07
-7.0,7.0,1.0029184522863943e-06
-7.0,8.0,1.2269188687241694e-07
-7.0,9.0,8.752202518280683e-08
-7.0,10.0,1.2846032682034547e-08
-7.0,11.0,1.6073157382834324e-07
-7.0,12.0,1.0530631016081315e-06
-7.0,13.0,6.181397083082629e-08
-7.0,14.0,1.8976914262225364e-08
-7.0,15.0,3.7072872771659604e-08
-7.0,16.0,1.0873938194322363e-08
-7.0,17.0,4.027263500461231e-08
-7.0,18.0,4.443779744178755e-07
-7.0,19.0,4.4179722102910546e-09
-7.0,20.0,1.6362024624072546e-08
-7.0,21.0,3.542365067943365e-09
-7.0,22.0,1.9148162166970906e-08
-7.0,23.0,8.051965494360047e-08
-7.0,24.0,1.128831513597106e-06
-7.0,25.0,4.0658466815557404e-08
-7.0,26.0,3.091469352511922e-06
-7.0,27.0,4.475778041523881e-06
-7.0,28.0,9.093109838431701e-06
-7.0,29.0,1.2298698948143283e-07
-7.0,30.0,9.105483513849322e-06
-7.0,31.0,3.545483195921406e-07
-7.0,32.0,2.5769456897251075e-06
-7.0,33.0,1.7541493662065477e-06
-7.0,34.0,2.9292903036548523e-06
-7.0,35.0,1.3695146208192455e-06
-7.0,36.0,3.78633922082372e-06
-7.0,37.0,3.150855718558887e-06
-7.0,38.0,1.1740616656652492e-07
-7.0,39.0,4.457825752979261e-07
-7.0,40.0,8.229856973684946e-08
-7.0,41.0,3.289468963885156e-07
-7.0,42.0,1.9344649899721844e-06
-7.0,43.0,4.927675689714306e-08
-7.0,44.0,2.456410129525466e-06
-7.0,45.0,2.661348901256133e-07
-7.0,46.0,1.1175868763757535e-07
-7.0,47.0,6.078591496816443e-08
-7.0,48.0,1.1956034029481089e-07
-7.0,49.0,4.101047466065211e-07
-7.0,50.0,4.7559774429828394e-07
-7.0,51.0,2.871143124139053e-06
-7.0,52.0,1.792471380213101e-07
-7.0,53.0,2.8271887231312576e-07
-7.0,54.0,1.9824178707494866e-06
-7.0,55.0,9.8029340733774e-07
-7.0,56.0,1.164746663562255e-06
-7.0,57.0,2.8822978492826223e-06
-7.0,58.0,8.621475444670068e-07
-7.0,59.0,9.95706955109199e-07
-7.0,60.0,1.464881279389374e-06
-7.0,61.0,6.444411701522768e-05
-7.0,62.0,2.2045630032607733e-07
-7.0,63.0,1.6189646885322873e-06
-7.0,64.0,1.014067129290197e-05
-7.0,65.0,7.171787729021162e-06
-7.0,66.0,2.8614772418222856e-06
-7.0,67.0,9.917126590153202e-06
-7.0,68.0,1.1418173926358577e-05
-7.0,69.0,9.27837027120404e-06
-7.0,70.0,5.067661732027773e-06
-7.0,71.0,1.3509607015294023e-06
-7.0,72.0,4.3018667383876164e-07
-7.0,73.0,6.866217518108897e-06
-7.0,74.0,3.657070237750304e-06
-7.0,75.0,2.1781133909826167e-06
-7.0,76.0,1.1742989045160357e-05
-7.0,77.0,3.970607849623775e-06
-7.0,78.0,7.268810122695868e-07
-7.0,79.0,5.9112871895194985e-06
-7.0,80.0,3.868636667903047e-06
-7.0,81.0,7.409784643641615e-07
-7.0,82.0,2.022692933678627e-05
-7.0,83.0,9.854507879936136e-06
-7.0,84.0,3.203870164725231e-06
-7.0,85.0,3.5837990708387224e-06
-7.0,86.0,6.00667863182025e-06
-7.0,87.0,1.5920420537440805e-06
-7.0,88.0,1.8280004496773472e-06
-7.0,89.0,5.271415375318611e-07
-7.0,90.0,7.850984729884658e-06
-7.0,91.0,3.5667980569087376e-07
-7.0,92.0,1.1955560239584884e-06
-7.0,93.0,3.5734612424676016e-07
-7.0,94.0,7.965947901311665e-08
-7.0,95.0,4.70097134552816e-08
-7.0,96.0,6.613204561745079e-08
-7.0,97.0,3.30712168761238e-07
-7.0,98.0,5.855399081156065e-07
-7.0,99.0,1.1060973292842391e-07
-7.0,100.0,1.6183023490157211e-06
-7.0,101.0,3.905013727489859e-05
-7.0,102.0,2.192365855080425e-06
-7.0,103.0,6.10091603903129e-08
-7.0,104.0,1.8539757320468198e-06
-7.0,105.0,1.4286415535025299e-06
-7.0,106.0,4.32844871056659e-09
-7.0,107.0,6.649364792110646e-08
-7.0,108.0,1.4953967308883875e-07
-7.0,109.0,7.053044259741625e-10
-7.0,110.0,5.164462635320888e-09
-7.0,111.0,1.4776305761188269e-05
-7.0,112.0,2.9976295223832494e-08
-7.0,113.0,2.873058679853102e-09
-7.0,114.0,2.408983164059464e-05
-7.0,115.0,5.319187867947051e-10
-7.0,116.0,1.660802695369057e-08
-7.0,117.0,2.2334888853947632e-05
-7.0,118.0,3.1814497702953304e-08
-7.0,119.0,4.36537675341242e-06
-7.0,120.0,1.3559258604800561e-07
-7.0,121.0,5.850961883879791e-07
-7.0,122.0,8.59572446643142e-06
-7.0,123.0,9.566351764078718e-06
-7.0,124.0,1.201033501274651e-05
-7.0,125.0,1.1723262105078902e-05
-7.0,126.0,0.00020571729692164809
-7.0,127.0,4.964016261510551e-05
-7.0,128.0,5.4781598009867594e-05
-7.0,129.0,6.682588718831539e-06
-7.0,130.0,3.7737188449682435e-06
-7.0,131.0,1.2077260862497496e-06
-7.0,132.0,6.697305252600927e-07
-7.0,133.0,3.4438838270034466e-07
-7.0,134.0,3.2561980333412066e-05
-7.0,135.0,1.2060620065312833e-05
-7.0,136.0,2.8708993795589777e-06
-7.0,137.0,1.4188549357641023e-05
-7.0,138.0,2.3300092379940907e-06
-7.0,139.0,4.842593625653535e-06
-7.0,140.0,1.352802701148903e-05
-7.0,141.0,1.8985168708240963e-06
-7.0,142.0,3.0507007977575995e-06
-7.0,143.0,3.141847992083058e-05
-7.0,144.0,2.7841558676300338e-06
-7.0,145.0,5.814819087390788e-05
-7.0,146.0,2.4309608193107124e-07
-7.0,147.0,2.7539927671682563e-08
-7.0,148.0,5.012324891140452e-06
-7.0,149.0,6.088129111958551e-08
-7.0,150.0,1.7841413679775542e-08
-7.0,151.0,2.8480862113156036e-09
-7.0,152.0,3.763492983921424e-08
-7.0,153.0,4.089924843242443e-09
-7.0,154.0,2.6176818490597498e-09
-7.0,155.0,7.01950941817131e-09
-7.0,156.0,6.51152687325407e-10
-7.0,157.0,5.386584511768433e-09
-7.0,158.0,6.434895283291553e-09
-7.0,159.0,3.1537288336380698e-09
-7.0,160.0,2.1459371168930375e-08
-7.0,161.0,5.880357889509469e-08
-7.0,162.0,1.3123581332763479e-08
-7.0,163.0,3.962754391295675e-08
-7.0,164.0,1.5050707347086245e-08
-7.0,165.0,1.8586230510209134e-07
-7.0,166.0,3.0018235008810734e-08
-7.0,167.0,7.557642511812901e-09
-7.0,168.0,2.1409778838688e-08
-7.0,169.0,6.835735533172738e-09
-7.0,170.0,1.8527618328434414e-09
-7.0,171.0,2.366967510880613e-09
-7.0,172.0,1.5373508022165083e-09
-7.0,173.0,1.2681915517731568e-09
-7.0,174.0,5.339446107477386e-10
-7.0,175.0,2.081722882962822e-08
-7.0,176.0,1.1996374382761132e-07
-7.0,177.0,7.835087245666728e-09
-7.0,178.0,1.650287551058227e-08
-7.0,179.0,6.282885323116716e-08
-7.0,180.0,2.119871167494125e-09
-7.0,-179.0,2.300722883319395e-07
-7.0,-178.0,1.0363225833032175e-08
-7.0,-177.0,3.437702789099717e-09
-7.0,-176.0,3.344514198033721e-06
-7.0,-175.0,8.374350727535784e-06
-7.0,-174.0,5.56436319243403e-08
-7.0,-173.0,2.407882426780361e-08
-7.0,-172.0,7.160138011386152e-07
-7.0,-171.0,1.3176753910215666e-08
-7.0,-170.0,4.5534793713386534e-08
-7.0,-169.0,1.902107698015243e-07
-7.0,-168.0,2.1779019476753092e-08
-7.0,-167.0,6.224099706741981e-07
-7.0,-166.0,1.915395984042334e-07
-7.0,-165.0,1.409871259738793e-07
-7.0,-164.0,3.442791239649523e-06
-7.0,-163.0,2.9517100301745813e-06
-7.0,-162.0,1.1932174857065547e-06
-7.0,-161.0,2.2935073502594605e-06
-7.0,-160.0,2.073741597996559e-06
-7.0,-159.0,2.6785874069901183e-06
-7.0,-158.0,5.755084657721454e-06
-7.0,-157.0,1.7759797401595279e-06
-7.0,-156.0,4.843323495151708e-06
-7.0,-155.0,7.023490070423577e-06
-7.0,-154.0,4.116127001907444e-06
-7.0,-153.0,5.728614269173704e-06
-7.0,-152.0,1.1131338396808133e-05
-7.0,-151.0,1.4522122000926174e-05
-7.0,-150.0,6.6393417910148855e-06
-7.0,-149.0,1.7230422599823214e-05
-7.0,-148.0,4.553585313260555e-06
-7.0,-147.0,1.9868388335453346e-05
-7.0,-146.0,3.190670440744725e-06
-7.0,-145.0,1.9481823983369395e-05
-7.0,-144.0,1.742208951327484e-05
-7.0,-143.0,2.0666599084506743e-05
-7.0,-142.0,8.136743417708203e-06
-7.0,-141.0,4.068409452884225e-06
-7.0,-140.0,3.666554903247743e-06
-7.0,-139.0,7.4903718996210955e-06
-7.0,-138.0,1.8025043573288713e-06
-7.0,-137.0,1.8240891677123727e-06
-7.0,-136.0,1.67025871178339e-06
-7.0,-135.0,6.502881433334551e-07
-7.0,-134.0,3.7355487165768864e-06
-7.0,-133.0,5.934270575380651e-06
-7.0,-132.0,1.842850906541571e-06
-7.0,-131.0,3.018939878529636e-06
-7.0,-130.0,7.242478204716463e-06
-7.0,-129.0,3.607370217650896e-06
-7.0,-128.0,9.155578482022975e-06
-7.0,-127.0,3.676217602333054e-05
-7.0,-126.0,8.719503057363909e-06
-7.0,-125.0,3.258335345890373e-05
-7.0,-124.0,2.5343304514535703e-05
-7.0,-123.0,4.200597686576657e-06
-7.0,-122.0,9.449898243474308e-06
-7.0,-121.0,1.1829638424387667e-05
-7.0,-120.0,1.4694215906274621e-06
-7.0,-119.0,6.189183068272541e-07
-7.0,-118.0,4.179172265139641e-06
-7.0,-117.0,2.4722053240111563e-06
-7.0,-116.0,1.9819453882519156e-06
-7.0,-115.0,2.440541265968932e-06
-7.0,-114.0,1.602997485861124e-06
-7.0,-113.0,1.8035618722933577e-06
-7.0,-112.0,1.0535654837440234e-06
-7.0,-111.0,9.069647717296903e-07
-7.0,-110.0,1.1556792287592543e-06
-7.0,-109.0,1.9161830095981713e-06
-7.0,-108.0,8.871132877175114e-07
-7.0,-107.0,1.106827994590276e-06
-7.0,-106.0,2.9684986202482833e-06
-7.0,-105.0,7.954095963214058e-06
-7.0,-104.0,4.699811313457758e-07
-7.0,-103.0,8.550593520340044e-06
-7.0,-102.0,6.778724491596222e-05
-7.0,-101.0,2.658713356140652e-07
-7.0,-100.0,5.667816822096938e-06
-7.0,-99.0,3.0638169846497476e-05
-7.0,-98.0,1.3065332495898474e-06
-7.0,-97.0,4.1674475141917355e-06
-7.0,-96.0,1.179760874947533e-05
-7.0,-95.0,1.6047059716584045e-06
-7.0,-94.0,1.1120770977868233e-05
-7.0,-93.0,5.191999207454501e-06
-7.0,-92.0,1.7993716028286144e-06
-7.0,-91.0,1.4982665561547037e-05
-7.0,-90.0,8.698562510289776e-07
-7.0,-89.0,1.4374906243119767e-07
-7.0,-88.0,1.1860507811434218e-06
-7.0,-87.0,1.7638667415553755e-08
-7.0,-86.0,1.1418443790489619e-07
-7.0,-85.0,0.002299258951097727
-7.0,-84.0,8.532957144780084e-05
-7.0,-83.0,1.543497091915924e-05
-7.0,-82.0,0.0009771445766091347
-7.0,-81.0,1.4680919775855727e-05
-7.0,-80.0,3.305962309241295e-06
-7.0,-79.0,0.0005132434889674187
-7.0,-78.0,1.8285793430550257e-06
-7.0,-77.0,5.748435683017306e-07
-7.0,-76.0,8.213293767767027e-06
-7.0,-75.0,1.2984538955151947e-07
-7.0,-74.0,1.140669922961024e-07
-7.0,-73.0,1.0086736210723757e-06
-7.0,-72.0,8.834264804136183e-07
-7.0,-71.0,4.787851182186387e-08
-7.0,-70.0,3.7484139738808153e-06
-7.0,-69.0,2.8510605432074954e-08
-7.0,-68.0,8.727620866011421e-07
-7.0,-67.0,8.001548508218548e-07
-7.0,-66.0,1.006809270620579e-06
-7.0,-65.0,5.7816550906863995e-06
-7.0,-64.0,1.3541037333197892e-05
-7.0,-63.0,3.782870771829039e-05
-7.0,-62.0,1.8458849808666855e-05
-7.0,-61.0,4.549876757664606e-05
-7.0,-60.0,1.0492763976799324e-05
-7.0,-59.0,4.142430407227948e-05
-7.0,-58.0,1.08771864688606e-05
-7.0,-57.0,1.1755123523471411e-05
-7.0,-56.0,1.2129248716519214e-05
-7.0,-55.0,2.8518334147520363e-06
-7.0,-54.0,9.37248842092231e-06
-7.0,-53.0,2.2615706711803796e-06
-7.0,-52.0,2.1786117940791883e-06
-7.0,-51.0,2.5679887585283723e-06
-7.0,-50.0,2.155624088118202e-06
-7.0,-49.0,5.3994317568140104e-06
-7.0,-48.0,3.910761279257713e-06
-7.0,-47.0,1.7575702031535911e-06
-7.0,-46.0,7.093299700500211e-06
-7.0,-45.0,8.641127351438627e-06
-7.0,-44.0,4.37891958426917e-06
-7.0,-43.0,5.885872724320507e-06
-7.0,-42.0,5.290096396493027e-06
-7.0,-41.0,7.265271960932296e-06
-7.0,-40.0,3.354899490659591e-06
-7.0,-39.0,4.0006584640650544e-06
-7.0,-38.0,8.155551768140867e-06
-7.0,-37.0,1.0062093679152895e-05
-7.0,-36.0,1.8110482415067963e-05
-7.0,-35.0,4.863279536948539e-05
-7.0,-34.0,0.00018931535305455327
-7.0,-33.0,0.00023877949570305645
-7.0,-32.0,0.0005368629936128855
-7.0,-31.0,8.17173277027905e-05
-7.0,-30.0,0.00015543789777439088
-7.0,-29.0,0.00021148005907889456
-7.0,-28.0,0.00017679906159173697
-7.0,-27.0,0.0002876913349609822
-7.0,-26.0,0.0002823399845510721
-7.0,-25.0,0.00038998102536424994
-7.0,-24.0,0.00021091742382850498
-7.0,-23.0,0.0005317080649547279
-7.0,-22.0,0.0003801613347604871
-7.0,-21.0,0.0004451180575415492
-7.0,-20.0,0.0003971128026023507
-7.0,-19.0,0.00047646250459365547
-7.0,-18.0,0.0004163373087067157
-7.0,-17.0,0.00021737314818892628
-7.0,-16.0,0.00016103964298963547
-7.0,-15.0,0.00012882308510597795
-7.0,-14.0,2.7201693228562362e-05
-7.0,-13.0,6.401920836651698e-05
-7.0,-12.0,5.112623330205679e-05
-7.0,-11.0,1.2828759281546809e-05
-7.0,-10.0,1.3608095287054311e-05
-7.0,-9.0,4.868546238867566e-05
-7.0,-8.0,4.1534305637469515e-05
-7.0,-7.0,1.8368394876233651e-06
-7.0,-6.0,2.279056161569315e-06
-7.0,-5.0,2.8889269287901698e-06
-7.0,-4.0,9.441487804906501e-07
-7.0,-3.0,1.1012697314072284e-06
-7.0,-2.0,2.667516355359112e-06
-7.0,-1.0,2.2819051537226187e-06
-6.0,0.0,3.153114391807321e-07
-6.0,1.0,1.7864165613445948e-07
-6.0,2.0,8.699856266503048e-07
-6.0,3.0,2.406315218195232e-07
-6.0,4.0,1.9009324603302957e-07
-6.0,5.0,9.016379465265345e-08
-6.0,6.0,1.4577027229734085e-07
-6.0,7.0,5.6788096003401733e-08
-6.0,8.0,4.293281730127774e-09
-6.0,9.0,1.8153199832227074e-08
-6.0,10.0,2.741545124251843e-08
-6.0,11.0,1.216494001710089e-05
-6.0,12.0,3.537903694450506e-07
-6.0,13.0,2.66785504798861e-09
-6.0,14.0,6.372180649805159e-08
-6.0,15.0,1.7293198817380784e-10
-6.0,16.0,1.0436421504778082e-08
-6.0,17.0,1.2603905696906281e-09
-6.0,18.0,9.414782148331469e-11
-6.0,19.0,8.470005141703041e-09
-6.0,20.0,5.604984809615132e-10
-6.0,21.0,2.919047503713301e-10
-6.0,22.0,1.5585142065788204e-08
-6.0,23.0,2.9565361714389837e-08
-6.0,24.0,3.7478023462433896e-10
-6.0,25.0,2.8066267532267375e-07
-6.0,26.0,8.041978958317486e-07
-6.0,27.0,2.3531590898073773e-07
-6.0,28.0,7.400311915262137e-06
-6.0,29.0,4.328911472839536e-06
-6.0,30.0,1.1400771882108529e-07
-6.0,31.0,7.118720191101602e-07
-6.0,32.0,1.1698935850290582e-05
-6.0,33.0,1.8248690025757242e-07
-6.0,34.0,2.3295993742067367e-05
-6.0,35.0,1.292059153001901e-07
-6.0,36.0,3.238158186036344e-08
-6.0,37.0,6.914166306160041e-07
-6.0,38.0,4.590712592289492e-07
-6.0,39.0,1.9142107987590862e-07
-6.0,40.0,1.629102364120172e-08
-6.0,41.0,2.848408939826186e-07
-6.0,42.0,6.497871822830348e-07
-6.0,43.0,2.701776580238402e-08
-6.0,44.0,9.045263141160831e-06
-6.0,45.0,2.892044648206138e-08
-6.0,46.0,2.057888792705853e-07
-6.0,47.0,4.67303095774696e-07
-6.0,48.0,2.7580297157214773e-08
-6.0,49.0,3.786057959587197e-06
-6.0,50.0,1.0531042562433868e-06
-6.0,51.0,1.7163735321901186e-07
-6.0,52.0,1.8581268079742586e-07
-6.0,53.0,7.221988767014409e-07
-6.0,54.0,1.0773384673257169e-07
-6.0,55.0,5.865117600478698e-07
-6.0,56.0,1.0549338185228407e-06
-6.0,57.0,4.864961056227912e-07
-6.0,58.0,3.359396600899345e-07
-6.0,59.0,2.711498154894798e-07
-6.0,60.0,2.5508174985588994e-06
-6.0,61.0,8.520211736140482e-07
-6.0,62.0,1.3169665180612355e-06
-6.0,63.0,1.1145784810651094e-06
-6.0,64.0,1.1656401284199092e-06
-6.0,65.0,3.8950718590058386e-05
-6.0,66.0,4.3952995838481e-06
-6.0,67.0,3.428109494052478e-07
-6.0,68.0,7.127831054276612e-07
-6.0,69.0,3.086302058363799e-06
-6.0,70.0,8.750014330871636e-07
-6.0,71.0,1.067915718522272e-06
-6.0,72.0,7.287457719939994e-06
-6.0,73.0,9.908344509312883e-06
-6.0,74.0,1.9158558188792085e-06
-6.0,75.0,1.1442766663094517e-05
-6.0,76.0,5.4278530114970636e-06
-6.0,77.0,2.416220013401471e-06
-6.0,78.0,8.262710252893157e-06
-6.0,79.0,9.390233230988088e-07
-6.0,80.0,3.2016757245401095e-07
-6.0,81.0,2.735210387072584e-07
-6.0,82.0,1.3676833532372257e-06
-6.0,83.0,2.5820472160376085e-07
-6.0,84.0,3.20868139169761e-07
-6.0,85.0,1.086043425857497e-06
-6.0,86.0,5.261092155706137e-06
-6.0,87.0,1.2154433761679684e-06
-6.0,88.0,4.487419005272386e-07
-6.0,89.0,8.923291261453414e-07
-6.0,90.0,4.897411258752982e-07
-6.0,91.0,8.240931492764503e-08
-6.0,92.0,4.957063879373891e-07
-6.0,93.0,2.5394403024847634e-08
-6.0,94.0,2.5732340702688816e-08
-6.0,95.0,4.0252021449305175e-07
-6.0,96.0,1.264186124672051e-07
-6.0,97.0,2.753483556716674e-07
-6.0,98.0,3.2688541296010953e-07
-6.0,99.0,1.0998286370522692e-06
-6.0,100.0,9.147854598268168e-07
-6.0,101.0,2.2928163616597885e-06
-6.0,102.0,7.163537247834029e-06
-6.0,103.0,6.092102466936922e-08
-6.0,104.0,5.98213682678761e-06
-6.0,105.0,1.4669039671844075e-07
-6.0,106.0,1.655084402862883e-09
-6.0,107.0,1.1341087002847416e-07
-6.0,108.0,1.0225236657390724e-08
-6.0,109.0,2.715948888010189e-08
-6.0,110.0,7.258849166191794e-08
-6.0,111.0,1.2742077615257585e-08
-6.0,112.0,1.472207259212155e-06
-6.0,113.0,2.7583229034178203e-09
-6.0,114.0,6.48351203835773e-08
-6.0,115.0,6.07088046500337e-10
-6.0,116.0,1.853475012358885e-10
-6.0,117.0,1.626379564356739e-08
-6.0,118.0,9.525875643845438e-10
-6.0,119.0,7.781906195825083e-12
-6.0,120.0,5.572911465634434e-09
-6.0,121.0,4.288889385861694e-07
-6.0,122.0,1.582266406785493e-08
-6.0,123.0,2.201480668873046e-07
-6.0,124.0,1.7603935020815697e-06
-6.0,125.0,2.3432512818999385e-08
-6.0,126.0,4.495043128827092e-07
-6.0,127.0,6.17287696513813e-06
-6.0,128.0,3.5806218079414975e-07
-6.0,129.0,9.080864629140706e-07
-6.0,130.0,1.1482854915811913e-06
-6.0,131.0,4.318524588597938e-06
-6.0,132.0,3.94423551597356e-07
-6.0,133.0,3.9672659113421105e-06
-6.0,134.0,2.1905850644543534e-06
-6.0,135.0,3.0091439384705154e-06
-6.0,136.0,4.530630758381449e-05
-6.0,137.0,2.985393393828417e-06
-6.0,138.0,1.9387463908060454e-05
-6.0,139.0,1.5990419342415407e-05
-6.0,140.0,8.92540265340358e-06
-6.0,141.0,1.1444940355431754e-06
-6.0,142.0,2.286401104356628e-05
-6.0,143.0,3.827104592346586e-06
-6.0,144.0,1.7451091594011814e-07
-6.0,145.0,4.7248335022231913e-07
-6.0,146.0,1.0465748800925212e-07
-6.0,147.0,1.5515210805006063e-07
-6.0,148.0,9.041522730512952e-08
-6.0,149.0,1.8060125839269858e-08
-6.0,150.0,3.63244900825066e-08
-6.0,151.0,8.61250004646763e-09
-6.0,152.0,6.357876447538047e-09
-6.0,153.0,3.9751812952459886e-10
-6.0,154.0,4.1508387838007366e-09
-6.0,155.0,4.188400293259065e-09
-6.0,156.0,8.2907591902881e-10
-6.0,157.0,2.793981046522731e-08
-6.0,158.0,3.0458680022604767e-09
-6.0,159.0,1.052664533318648e-08
-6.0,160.0,1.264024547253939e-07
-6.0,161.0,8.920535776724137e-08
-6.0,162.0,1.1978598024597886e-07
-6.0,163.0,2.7570989047376315e-08
-6.0,164.0,1.1483508188803171e-07
-6.0,165.0,1.0529240768164527e-07
-6.0,166.0,1.786354708599447e-08
-6.0,167.0,8.096517944977677e-08
-6.0,168.0,6.57764118727755e-08
-6.0,169.0,1.0126586147407579e-07
-6.0,170.0,6.016581011181188e-08
-6.0,171.0,8.041540766612343e-09
-6.0,172.0,5.599890773311245e-09
-6.0,173.0,8.538846074657158e-09
-6.0,174.0,6.7920815638444765e-09
-6.0,175.0,1.1826871286757523e-06
-6.0,176.0,5.657420274474134e-07
-6.0,177.0,5.826872779834957e-07
-6.0,178.0,1.3331614354683552e-06
-6.0,179.0,1.0083124379889341e-07
-6.0,180.0,3.8775277744207415e-07
-6.0,-179.0,9.351672503044028e-08
-6.0,-178.0,1.6300587901696417e-07
-6.0,-177.0,9.928613872034475e-05
-6.0,-176.0,7.614864330207638e-07
-6.0,-175.0,1.0941104164885473e-06
-6.0,-174.0,2.5592540623620152e-05
-6.0,-173.0,1.3828550038397225e-07
-6.0,-172.0,5.856918505742215e-07
-6.0,-171.0,1.0289561942045111e-05
-6.0,-170.0,3.084217325977079e-07
-6.0,-169.0,3.003008941959706e-06
-6.0,-168.0,2.186091023759218e-07
-6.0,-167.0,4.268119724315511e-08
-6.0,-166.0,2.8930659823345195e-07
-6.0,-165.0,3.3781586239456374e-07
-6.0,-164.0,2.4772569773290343e-08
-6.0,-163.0,1.4926810365523124e-07
-6.0,-162.0,1.8722019490269304e-07
-6.0,-161.0,1.2146220917941264e-08
-6.0,-160.0,7.959247909639089e-07
-6.0,-159.0,8.800496686944825e-08
-6.0,-158.0,1.8292092818228411e-07
-6.0,-157.0,3.1878707318355737e-07
-6.0,-156.0,1.2220399980833463e-07
-6.0,-155.0,1.7988705849347753e-06
-6.0,-154.0,1.8990076569025405e-06
-6.0,-153.0,1.3131212881489773e-06
-6.0,-152.0,3.330344270580099e-06
-6.0,-151.0,2.6615496153681306e-06
-6.0,-150.0,9.266513188777026e-06
-6.0,-149.0,6.555171694344608e-07
-6.0,-148.0,4.0577342588221654e-06
-6.0,-147.0,2.6503339540795423e-06
-6.0,-146.0,1.8783412087941542e-06
-6.0,-145.0,2.4120297439367278e-06
-6.0,-144.0,8.193821486202069e-06
-6.0,-143.0,5.806846729683457e-06
-6.0,-142.0,1.6000991308828816e-05
-6.0,-141.0,5.296260496834293e-06
-6.0,-140.0,7.132555310818134e-06
-6.0,-139.0,8.232043910538778e-06
-6.0,-138.0,1.1756480489566457e-05
-6.0,-137.0,5.512718871614197e-06
-6.0,-136.0,7.557690878456924e-06
-6.0,-135.0,9.59061253524851e-06
-6.0,-134.0,3.8252655940596014e-06
-6.0,-133.0,2.2383783289114945e-05
-6.0,-132.0,2.298320032423362e-05
-6.0,-131.0,2.8721617582050385e-06
-6.0,-130.0,1.0557443602010608e-05
-6.0,-129.0,1.7916434444487095e-05
-6.0,-128.0,2.499245965736918e-06
-6.0,-127.0,1.149384115706198e-05
-6.0,-126.0,1.624895230634138e-05
-6.0,-125.0,2.2723130314261653e-05
-6.0,-124.0,7.527767138526542e-06
-6.0,-123.0,1.1048686246795114e-05
-6.0,-122.0,1.1188149073859677e-05
-6.0,-121.0,6.726976607751567e-06
-6.0,-120.0,1.3033748018642655e-06
-6.0,-119.0,3.1948920309332607e-07
-6.0,-118.0,2.081077809634735e-06
-6.0,-117.0,9.133775620284723e-07
-6.0,-116.0,4.2405233102726925e-07
-6.0,-115.0,6.074030807212694e-07
-6.0,-114.0,1.0476609304532758e-06
-6.0,-113.0,4.3259257154204533e-07
-6.0,-112.0,4.380162579309399e-07
-6.0,-111.0,9.698904932520236e-07
-6.0,-110.0,5.4188046760828e-07
-6.0,-109.0,1.9420109254042472e-07
-6.0,-108.0,2.7973169380857144e-07
-6.0,-107.0,2.1730622279392264e-07
-6.0,-106.0,2.4892637284779084e-08
-6.0,-105.0,1.1792656628983877e-08
-6.0,-104.0,2.9088715791658615e-07
-6.0,-103.0,3.958204217724415e-07
-6.0,-102.0,4.571706995193381e-07
-6.0,-101.0,1.0574710813671118e-06
-6.0,-100.0,5.579816502176982e-07
-6.0,-99.0,5.536901426239638e-07
-6.0,-98.0,1.216169266626821e-06
-6.0,-97.0,3.755971533792035e-07
-6.0,-96.0,1.5172736311797053e-06
-6.0,-95.0,2.9948550945846364e-06
-6.0,-94.0,2.271734729220043e-06
-6.0,-93.0,6.138698154245503e-06
-6.0,-92.0,1.191476485473686e-06
-6.0,-91.0,4.773394266521791e-06
-6.0,-90.0,1.3851981748302933e-06
-6.0,-89.0,5.499526309904468e-07
-6.0,-88.0,2.6265952968174133e-08
-6.0,-87.0,6.567161392467824e-08
-6.0,-86.0,1.5074586201535567e-07
-6.0,-85.0,0.00021925171313341707
-6.0,-84.0,1.2349757525953464e-05
-6.0,-83.0,1.1319490113237407e-05
-6.0,-82.0,0.00070412881905213
-6.0,-81.0,2.19890921471233e-06
-6.0,-80.0,1.7282491171499714e-05
-6.0,-79.0,9.655099347583018e-06
-6.0,-78.0,6.652687716268701e-07
-6.0,-77.0,1.327042355114827e-06
-6.0,-76.0,1.515922804173897e-06
-6.0,-75.0,4.7385018575596405e-08
-6.0,-74.0,9.178186246572295e-07
-6.0,-73.0,4.0086683839035686e-07
-6.0,-72.0,8.660899197820981e-07
-6.0,-71.0,1.308640662500693e-06
-6.0,-70.0,5.966537486301604e-08
-6.0,-69.0,1.973768576135626e-06
-6.0,-68.0,3.7162085391173605e-06
-6.0,-67.0,6.41205360807362e-07
-6.0,-66.0,0.0002151117951143533
-6.0,-65.0,4.943112799082883e-05
-6.0,-64.0,7.715522951912135e-05
-6.0,-63.0,0.0003533284179866314
-6.0,-62.0,8.346857794094831e-05
-6.0,-61.0,2.7097687052446418e-05
-6.0,-60.0,7.744647155050188e-05
-6.0,-59.0,3.440132786636241e-05
-6.0,-58.0,1.2116290236008354e-05
-6.0,-57.0,1.9503144358168356e-05
-6.0,-56.0,1.6894613509066403e-05
-6.0,-55.0,8.44466921989806e-06
-6.0,-54.0,9.015543582790997e-06
-6.0,-53.0,2.903629820139031e-06
-6.0,-52.0,1.5484716868741089e-06
-6.0,-51.0,4.085918590135407e-06
-6.0,-50.0,3.272087042205385e-06
-6.0,-49.0,3.770168632399873e-06
-6.0,-48.0,2.1078028566989815e-06
-6.0,-47.0,2.311376647412544e-06
-6.0,-46.0,3.270870365668088e-06
-6.0,-45.0,1.1982177738900646e-06
-6.0,-44.0,1.435805756955233e-06
-6.0,-43.0,1.2186549156467663e-06
-6.0,-42.0,7.389334086838062e-07
-6.0,-41.0,1.2053351383656263e-06
-6.0,-40.0,2.9391346743068425e-06
-6.0,-39.0,1.1197319054190302e-06
-6.0,-38.0,8.102293577394448e-06
-6.0,-37.0,2.525447416701354e-05
-6.0,-36.0,9.526947906124406e-06
-6.0,-35.0,2.9873224775656126e-05
-6.0,-34.0,0.0002784899261314422
-6.0,-33.0,0.00023650421644560993
-6.0,-32.0,8.356884791282937e-05
-6.0,-31.0,0.0001569182932144031
-6.0,-30.0,0.00011319346958771348
-6.0,-29.0,4.670093403547071e-05
-6.0,-28.0,0.0001040646675392054
-6.0,-27.0,0.00016756818513385952
-6.0,-26.0,1.537915159133263e-05
-6.0,-25.0,5.857668656972237e-05
-6.0,-24.0,0.00016541237710043788
-6.0,-23.0,3.696117710205726e-05
-6.0,-22.0,0.00011683853517752141
-6.0,-21.0,0.0006171985878609121
-6.0,-20.0,0.0001105986229958944
-6.0,-19.0,0.00010189115710090846
-6.0,-18.0,0.00013102180673740804
-6.0,-17.0,0.0001916702021844685
-6.0,-16.0,0.00023826168035157025
-6.0,-15.0,6.096639481256716e-05
-6.0,-14.0,5.493949356605299e-05
-6.0,-13.0,6.310854223556817e-05
-6.0,-12.0,2.229322308267001e-05
-6.0,-11.0,5.533672265300993e-06
-6.0,-10.0,2.8556531106005423e-05
-6.0,-9.0,3.6852034099865705e-05
-6.0,-8.0,1.805230203899555e-05
-6.0,-7.0,1.1486686162243132e-05
-6.0,-6.0,3.6675339742942015e-06
-6.0,-5.0,2.626313062137342e-06
-6.0,-4.0,1.257521489606006e-06
-6.0,-3.0,2.7715777832781896e-06
-6.0,-2.0,5.829940619150875e-06
-6.0,-1.0,3.5021059829887236e-07
-5.0,0.0,2.6652013929151508e-08
-5.0,1.0,3.042728025093311e-08
-5.0,2.0,9.125982955993095e-07
-5.0,3.0,2.1307187125785276e-07
-5.0,4.0,1.1463976079539862e-07
-5.0,5.0,8.840171403790009e-07
-5.0,6.0,1.7803550633743725e-07
-5.0,7.0,5.277879111531547e-08
-5.0,8.0,4.0419547531200806e-07
-5.0,9.0,2.0739671313663166e-08
-5.0,10.0,1.6790346535344725e-07
-5.0,11.0,1.571360144225764e-07
-5.0,12.0,1.0515909920627564e-08
-5.0,13.0,2.3077715738395455e-08
-5.0,14.0,1.5069470293838094e-07
-5.0,15.0,1.0350026391492406e-09
-5.0,16.0,2.1885247392106066e-08
-5.0,17.0,1.8738293761089153e-07
-5.0,18.0,2.6181023571325568e-08
-5.0,19.0,9.883177654046449e-08
-5.0,20.0,4.2074810302494825e-09
-5.0,21.0,1.8408742974429515e-08
-5.0,22.0,1.0519324433744259e-07
-5.0,23.0,2.971812662622142e-08
-5.0,24.0,1.9976976091129472e-06
-5.0,25.0,1.841882379949311e-08
-5.0,26.0,0.00011869840818690136
-5.0,27.0,0.00012390274787321687
-5.0,28.0,3.3421258649468655e-06
-5.0,29.0,1.7460396861679328e-07
-5.0,30.0,1.0627397386997472e-05
-5.0,31.0,1.0376410273238434e-06
-5.0,32.0,8.439258635917213e-06
-5.0,33.0,6.027364634064725e-06
-5.0,34.0,1.2304369647608837e-06
-5.0,35.0,5.458703981275903e-06
-5.0,36.0,5.506571596924914e-06
-5.0,37.0,2.85401029032073e-07
-5.0,38.0,4.4282415956331533e-07
-5.0,39.0,9.876266631181352e-07
-5.0,40.0,3.538638537747829e-08
-5.0,41.0,2.4938861997725326e-07
-5.0,42.0,2.134242471640846e-08
-5.0,43.0,2.0314647741770386e-08
-5.0,44.0,6.596096113753447e-07
-5.0,45.0,1.1048827985860044e-07
-5.0,46.0,2.0548610280002322e-07
-5.0,47.0,2.460948849147826e-07
-5.0,48.0,7.427915079460945e-06
-5.0,49.0,2.4925423502963895e-08
-5.0,50.0,8.407591849390883e-06
-5.0,51.0,2.778357952593069e-07
-5.0,52.0,8.245711313747961e-08
-5.0,53.0,1.444917927528877e-07
-5.0,54.0,3.8213233466422025e-08
-5.0,55.0,4.4667837073575356e-07
-5.0,56.0,4.456252611362288e-08
-5.0,57.0,1.119831765095114e-07
-5.0,58.0,8.761957559499933e-08
-5.0,59.0,1.3532000764371332e-07
-5.0,60.0,9.907445246426505e-07
-5.0,61.0,3.5674963783094427e-06
-5.0,62.0,5.458394412016787e-07
-5.0,63.0,3.5198661407775944e-06
-5.0,64.0,1.8048214087684755e-06
-5.0,65.0,1.944675432241638e-06
-5.0,66.0,4.135253220738377e-06
-5.0,67.0,3.6136398762209865e-07
-5.0,68.0,2.138096306225634e-06
-5.0,69.0,1.4812063682256849e-06
-5.0,70.0,2.894197450586944e-07
-5.0,71.0,4.1783411575124774e-07
-5.0,72.0,7.947825793053198e-07
-5.0,73.0,4.812833367395797e-07
-5.0,74.0,3.44076852343278e-07
-5.0,75.0,1.8707045512655895e-07
-5.0,76.0,8.189674645109335e-07
-5.0,77.0,7.470585501323512e-07
-5.0,78.0,1.3212386420491384e-06
-5.0,79.0,1.3842750377079938e-06
-5.0,80.0,2.146121715895788e-07
-5.0,81.0,1.0590630949991464e-07
-5.0,82.0,1.002381466719271e-07
-5.0,83.0,6.720325700371177e-07
-5.0,84.0,8.152100008373964e-07
-5.0,85.0,1.2080809028702788e-06
-5.0,86.0,1.7579861832928145e-06
-5.0,87.0,7.139839652836599e-08
-5.0,88.0,4.4235099494471797e-07
-5.0,89.0,4.909419430987327e-07
-5.0,90.0,5.340576763046556e-07
-5.0,91.0,8.586769581597764e-06
-5.0,92.0,1.1845693848044903e-07
-5.0,93.0,6.036593447333871e-08
-5.0,94.0,1.5219299598356884e-07
-5.0,95.0,9.07507526903828e-08
-5.0,96.0,7.108763355745396e-08
-5.0,97.0,6.50311051231256e-07
-5.0,98.0,2.6933314529742347e-06
-5.0,99.0,4.774327067025297e-08
-5.0,100.0,8.92519906869893e-08
-5.0,101.0,4.082507132352475e-08
-5.0,102.0,1.0232806744170375e-06
-5.0,103.0,4.150306209815824e-10
-5.0,104.0,1.0329600286240748e-08
-5.0,105.0,1.6122484680636262e-07
-5.0,106.0,1.71355984956989e-10
-5.0,107.0,1.071965072263481e-09
-5.0,108.0,3.826543970575358e-09
-5.0,109.0,1.8554576541873757e-08
-5.0,110.0,1.4446142893032032e-10
-5.0,111.0,1.1731400573200546e-10
-5.0,112.0,1.4054560848464348e-09
-5.0,113.0,5.885544135386667e-11
-5.0,114.0,2.4111626029110766e-09
-5.0,115.0,2.0308256409862224e-08
-5.0,116.0,2.0831973301937978e-07
-5.0,117.0,4.40896832931692e-11
-5.0,118.0,2.869574022845711e-10
-5.0,119.0,2.8616227165656483e-09
-5.0,120.0,8.059067302390588e-11
-5.0,121.0,9.400800450587443e-12
-5.0,122.0,2.466980231208282e-10
-5.0,123.0,2.51419801644559e-10
-5.0,124.0,1.924544079656698e-09
-5.0,125.0,1.365984658718844e-09
-5.0,126.0,1.741076616212922e-09
-5.0,127.0,4.3696356755162924e-08
-5.0,128.0,1.1658306675599306e-07
-5.0,129.0,7.479939085897058e-07
-5.0,130.0,3.2207406093220925e-06
-5.0,131.0,1.3418018625088735e-06
-5.0,132.0,4.988933596905554e-06
-5.0,133.0,3.137925159535371e-05
-5.0,134.0,1.129932115873089e-05
-5.0,135.0,5.811798109789379e-05
-5.0,136.0,4.300818545743823e-05
-5.0,137.0,5.647003126796335e-05
-5.0,138.0,4.399627414386487e-06
-5.0,139.0,2.853946170944255e-05
-5.0,140.0,4.318705578043591e-06
-5.0,141.0,1.6758651327108964e-05
-5.0,142.0,3.718789685080992e-06
-5.0,143.0,1.2735027894450468e-06
-5.0,144.0,4.702814919710363e-07
-5.0,145.0,5.295929028648061e-08
-5.0,146.0,5.923889148107264e-07
-5.0,147.0,1.019417616987539e-08
-5.0,148.0,2.5789534063846986e-08
-5.0,149.0,9.457591154671263e-09
-5.0,150.0,6.237806271514046e-09
-5.0,151.0,7.187097583738478e-09
-5.0,152.0,9.667621148068406e-10
-5.0,153.0,1.8758179454181345e-09
-5.0,154.0,1.3535622400695502e-08
-5.0,155.0,3.351471322687871e-09
-5.0,156.0,1.10857216739646e-08
-5.0,157.0,1.052534557288709e-07
-5.0,158.0,1.5948284470823637e-08
-5.0,159.0,3.9138839724728314e-08
-5.0,160.0,9.502779221293167e-07
-5.0,161.0,2.9858898642487475e-07
-5.0,162.0,1.4073255272251117e-07
-5.0,163.0,2.6840928057936253e-07
-5.0,164.0,1.538223131092309e-07
-5.0,165.0,1.5074472514697845e-07
-5.0,166.0,1.8805873480687296e-07
-5.0,167.0,4.140521880913184e-08
-5.0,168.0,5.181989237712514e-08
-5.0,169.0,6.701785082441347e-08
-5.0,170.0,1.9083445934597876e-08
-5.0,171.0,6.207674374536509e-08
-5.0,172.0,6.776840422162422e-08
-5.0,173.0,6.526413187657454e-09
-5.0,174.0,9.207853963744128e-07
-5.0,175.0,5.857443284185138e-06
-5.0,176.0,1.333083901045029e-06
-5.0,177.0,1.0073684819644768e-07
-5.0,178.0,2.057722241488591e-07
-5.0,179.0,3.0444329013334936e-07
-5.0,180.0,4.562573252542279e-08
-5.0,-179.0,5.729198164772242e-07
-5.0,-178.0,8.359049843420507e-07
-5.0,-177.0,7.633187237843231e-07
-5.0,-176.0,1.3720572269448894e-06
-5.0,-175.0,1.2050277575781365e-07
-5.0,-174.0,7.659782852442731e-08
-5.0,-173.0,2.722482008721272e-07
-5.0,-172.0,4.250896878943422e-08
-5.0,-171.0,4.0914865166996606e-06
-5.0,-170.0,1.3342527381610125e-05
-5.0,-169.0,4.8158726713154465e-06
-5.0,-168.0,1.986359848160646e-06
-5.0,-167.0,2.7907800514981318e-08
-5.0,-166.0,3.875827019328426e-07
-5.0,-165.0,1.5760697351652198e-06
-5.0,-164.0,1.1739441418967544e-07
-5.0,-163.0,3.5547091670196096e-07
-5.0,-162.0,9.795335245144088e-07
-5.0,-161.0,2.636061537941714e-07
-5.0,-160.0,1.3436342669592705e-06
-5.0,-159.0,1.949507122844807e-06
-5.0,-158.0,1.9120925287552382e-07
-5.0,-157.0,3.591990491713659e-07
-5.0,-156.0,3.028854280273663e-06
-5.0,-155.0,7.498366016989166e-07
-5.0,-154.0,1.6999497347569559e-06
-5.0,-153.0,7.374660071945982e-06
-5.0,-152.0,5.442836936708773e-07
-5.0,-151.0,7.434434792230604e-06
-5.0,-150.0,3.2396828828495927e-06
-5.0,-149.0,2.1380230919021415e-06
-5.0,-148.0,1.1840350452985149e-05
-5.0,-147.0,1.7722353504723287e-06
-5.0,-146.0,4.0740718532106257e-07
-5.0,-145.0,4.21855884269462e-06
-5.0,-144.0,6.430421763070626e-06
-5.0,-143.0,1.783480001904536e-06
-5.0,-142.0,7.3590776992205065e-06
-5.0,-141.0,2.6555230761005078e-06
-5.0,-140.0,2.7972794214292662e-06
-5.0,-139.0,7.143269158405019e-06
-5.0,-138.0,6.098140147514641e-06
-5.0,-137.0,8.61993248690851e-06
-5.0,-136.0,5.97183088757447e-06
-5.0,-135.0,1.097476456379809e-06
-5.0,-134.0,1.5406088778036064e-06
-5.0,-133.0,1.6020559314711136e-06
-5.0,-132.0,1.7370427940477384e-06
-5.0,-131.0,4.987196916772518e-06
-5.0,-130.0,1.2971923752047587e-05
-5.0,-129.0,3.6629303394875024e-06
-5.0,-128.0,1.2128578418924008e-05
-5.0,-127.0,3.091349208261818e-05
-5.0,-126.0,3.572303285181988e-06
-5.0,-125.0,1.7203619790961966e-06
-5.0,-124.0,2.5784160243347287e-05
-5.0,-123.0,5.235086518950993e-06
-5.0,-122.0,1.6688704818079714e-06
-5.0,-121.0,2.036228579527233e-06
-5.0,-120.0,5.905804982830887e-07
-5.0,-119.0,3.3095508911173965e-07
-5.0,-118.0,4.907968786938e-07
-5.0,-117.0,2.2844128011456633e-07
-5.0,-116.0,5.392271305026952e-07
-5.0,-115.0,4.6747561555093853e-07
-5.0,-114.0,1.453657318961632e-07
-5.0,-113.0,2.2394590359908761e-07
-5.0,-112.0,2.2420918810439616e-07
-5.0,-111.0,1.013127999272001e-07
-5.0,-110.0,6.948420150365564e-08
-5.0,-109.0,3.897785205708715e-08
-5.0,-108.0,1.1960876733496661e-08
-5.0,-107.0,1.4434094808279951e-08
-5.0,-106.0,9.49439424857701e-08
-5.0,-105.0,1.4087309985200136e-08
-5.0,-104.0,1.7216171599443442e-08
-5.0,-103.0,2.6708502076644436e-08
-5.0,-102.0,3.005736814998272e-08
-5.0,-101.0,7.657968481566968e-09
-5.0,-100.0,8.378069793479881e-08
-5.0,-99.0,1.6182205797576898e-07
-5.0,-98.0,4.684162746571019e-08
-5.0,-97.0,5.1807532486236596e-08
-5.0,-96.0,3.831314288049725e-08
-5.0,-95.0,8.13107519093137e-08
-5.0,-94.0,8.058140821276538e-08
-5.0,-93.0,1.1093467833234172e-07
-5.0,-92.0,6.588577861066369e-08
-5.0,-91.0,9.321487937086204e-08
-5.0,-90.0,3.3245477482068964e-08
-5.0,-89.0,1.8335668983127107e-07
-5.0,-88.0,2.1722004817092966e-07
-5.0,-87.0,6.472416913538837e-08
-5.0,-86.0,1.1205239047740179e-07
-5.0,-85.0,0.0004502443189267069
-5.0,-84.0,6.491670501418412e-05
-5.0,-83.0,4.566792995319702e-06
-5.0,-82.0,0.0004942408413626254
-5.0,-81.0,3.0251301723183133e-05
-5.0,-80.0,1.8129464933736017e-06
-5.0,-79.0,3.5169210605090484e-05
-5.0,-78.0,9.380509254697245e-06
-5.0,-77.0,2.694994145713281e-05
-5.0,-76.0,1.3276461459099664e-06
-5.0,-75.0,2.307980139448773e-06
-5.0,-74.0,2.8579590889421524e-06
-5.0,-73.0,8.862112821361734e-08
-5.0,-72.0,4.601482430643955e-07
-5.0,-71.0,1.325425955656101e-06
-5.0,-70.0,8.03802231530426e-06
-5.0,-69.0,2.123346121152281e-06
-5.0,-68.0,5.555653388000792e-06
-5.0,-67.0,5.3710460633737966e-05
-5.0,-66.0,4.690557761932723e-05
-5.0,-65.0,5.289878026815131e-05
-5.0,-64.0,2.7775875423685648e-05
-5.0,-63.0,7.266567990882322e-05
-5.0,-62.0,1.7633959942031652e-05
-5.0,-61.0,1.3109330211591441e-05
-5.0,-60.0,8.426969725405797e-05
-5.0,-59.0,7.273050414369209e-06
-5.0,-58.0,2.4939745344454423e-05
-5.0,-57.0,6.113429844845086e-05
-5.0,-56.0,9.218184459314216e-06
-5.0,-55.0,1.1346032806613948e-05
-5.0,-54.0,6.712295089528197e-06
-5.0,-53.0,2.310429181306972e-06
-5.0,-52.0,2.618485268612858e-06
-5.0,-51.0,2.2452982193499338e-06
-5.0,-50.0,7.633231007275754e-07
-5.0,-49.0,3.0687581897836935e-07
-5.0,-48.0,2.837913086750632e-07
-5.0,-47.0,6.582943683497433e-07
-5.0,-46.0,2.1420424900497892e-07
-5.0,-45.0,2.0358041918910885e-09
-5.0,-44.0,2.4898858086430664e-08
-5.0,-43.0,3.399007027837797e-06
-5.0,-42.0,1.1172966551953323e-08
-5.0,-41.0,4.425108457439819e-08
-5.0,-40.0,1.053040023180074e-06
-5.0,-39.0,3.6343627130008826e-07
-5.0,-38.0,1.0360411124565871e-06
-5.0,-37.0,6.2922608776716515e-06
-5.0,-36.0,4.78504898637766e-06
-5.0,-35.0,3.454074430919718e-06
-5.0,-34.0,5.0274149543838575e-05
-5.0,-33.0,9.485816008236725e-06
-5.0,-32.0,1.5987585356924683e-05
-5.0,-31.0,0.00028211608878336847
-5.0,-30.0,4.272583100828342e-05
-5.0,-29.0,9.45795818552142e-06
-5.0,-28.0,7.717553671682253e-05
-5.0,-27.0,6.850584759376943e-05
-5.0,-26.0,1.4459602425631601e-05
-5.0,-25.0,6.920500891283154e-05
-5.0,-24.0,5.4491702030645683e-05
-5.0,-23.0,2.809467878250871e-05
-5.0,-22.0,0.00016245795995928347
-5.0,-21.0,0.00019087977125309408
-5.0,-20.0,3.245168409193866e-05
-5.0,-19.0,1.7163214579341002e-05
-5.0,-18.0,8.554009400540963e-05
-5.0,-17.0,5.566133404499851e-05
-5.0,-16.0,2.5790726795094088e-05
-5.0,-15.0,5.7145236496580765e-05
-5.0,-14.0,3.529312016326003e-05
-5.0,-13.0,2.3204178432933986e-05
-5.0,-12.0,9.044366379384883e-06
-5.0,-11.0,9.488331670581829e-06
-5.0,-10.0,8.616916602477431e-06
-5.0,-9.0,3.534309598762775e-06
-5.0,-8.0,4.320407242630608e-06
-5.0,-7.0,5.993341005705588e-07
-5.0,-6.0,7.678623603624146e-08
-5.0,-5.0,3.86569752208743e-07
-5.0,-4.0,6.843337700956909e-07
-5.0,-3.0,4.143555187852144e-08
-5.0,-2.0,9.554798907629447e-08
-5.0,-1.0,1.2708323993138038e-06
-4.0,0.0,3.2629632187308744e-06
-4.0,1.0,1.1448956911408459e-06
-4.0,2.0,7.349024144787109e-08
-4.0,3.0,8.544313914171653e-07
-4.0,4.0,6.168064601297374e-07
-4.0,5.0,2.1723081999880378e-07
-4.0,6.0,4.655439170164755e-06
-4.0,7.0,1.1655472320626359e-07
-4.0,8.0,2.5873982067992074e-08
-4.0,9.0,3.069383637921419e-06
-4.0,10.0,1.468961841055716e-07
-4.0,11.0,4.667207065267576e-09
-4.0,12.0,9.369093945110762e-09
-4.0,13.0,2.605323174975638e-07
-4.0,14.0,8.266809459200886e-09
-4.0,15.0,3.5965078382105276e-07
-4.0,16.0,3.958554728455965e-08
-4.0,17.0,2.0840113634790214e-08
-4.0,18.0,9.893249597325848e-08
-4.0,19.0,2.6665848196216757e-08
-4.0,20.0,2.991645126071418e-11
-4.0,21.0,1.231074293173151e-06
-4.0,22.0,1.6357967425051356e-08
-4.0,23.0,1.5710246437095066e-09
-4.0,24.0,1.122818957810523e-06
-4.0,25.0,3.0470632736978587e-06
-4.0,26.0,9.703951064921057e-08
-4.0,27.0,2.9312515835044906e-05
-4.0,28.0,9.412880785930611e-07
-4.0,29.0,1.9312194126541726e-05
-4.0,30.0,3.828053650067886e-06
-4.0,31.0,1.0514926316318451e-06
-4.0,32.0,6.869708613521652e-06
-4.0,33.0,2.1186592675803695e-06
-4.0,34.0,1.702875351838884e-07
-4.0,35.0,6.595048034796491e-06
-4.0,36.0,4.651173526326602e-07
-4.0,37.0,4.1740159417713585e-07
-4.0,38.0,7.80366633534868e-08
-4.0,39.0,1.145699144444734e-07
-4.0,40.0,1.447689214728598e-06
-4.0,41.0,1.0109491768162115e-06
-4.0,42.0,4.743846560018028e-08
-4.0,43.0,1.1915089714875648e-07
-4.0,44.0,5.8049920426128665e-08
-4.0,45.0,6.076429359680446e-10
-4.0,46.0,9.486338825581697e-08
-4.0,47.0,1.3631667350466614e-08
-4.0,48.0,1.6565444127536466e-08
-4.0,49.0,2.1680916617583534e-08
-4.0,50.0,1.740938557759364e-07
-4.0,51.0,3.789653924002323e-09
-4.0,52.0,7.16834103187125e-09
-4.0,53.0,1.1691476231590059e-07
-4.0,54.0,7.768877763325577e-10
-4.0,55.0,4.544811815776484e-08
-4.0,56.0,4.049004687090019e-09
-4.0,57.0,3.2623155288291628e-09
-4.0,58.0,3.405913417964257e-08
-4.0,59.0,5.390490276369064e-09
-4.0,60.0,9.860221084068144e-09
-4.0,61.0,8.745545443389346e-08
-4.0,62.0,1.89499388625336e-07
-4.0,63.0,2.6763574467736362e-08
-4.0,64.0,3.1542782608084963e-07
-4.0,65.0,8.550518515448857e-08
-4.0,66.0,3.706062789987641e-09
-4.0,67.0,1.705742533886223e-07
-4.0,68.0,6.365608840042114e-08
-4.0,69.0,1.4806744275119854e-08
-4.0,70.0,1.3223791484051617e-07
-4.0,71.0,1.992951865759096e-06
-4.0,72.0,1.3628577733015845e-07
-4.0,73.0,1.3073605487079476e-07
-4.0,74.0,4.058849256693975e-08
-4.0,75.0,1.99791490018697e-08
-4.0,76.0,1.4574712992043715e-08
-4.0,77.0,3.016378613551751e-08
-4.0,78.0,8.653587002527274e-08
-4.0,79.0,3.1994009219715736e-08
-4.0,80.0,6.560500764862809e-08
-4.0,81.0,2.3233976520486976e-08
-4.0,82.0,1.218312775108643e-07
-4.0,83.0,1.4329137343338516e-07
-4.0,84.0,4.847611876357405e-07
-4.0,85.0,1.0486889578942282e-07
-4.0,86.0,9.742633437781478e-07
-4.0,87.0,3.6090309407654786e-08
-4.0,88.0,4.826350874509444e-08
-4.0,89.0,5.321625849319389e-06
-4.0,90.0,3.18093907480943e-06
-4.0,91.0,1.4772900840398506e-06
-4.0,92.0,1.3688304534298368e-06
-4.0,93.0,2.999763921707199e-07
-4.0,94.0,2.9360117537180486e-07
-4.0,95.0,3.103279055949315e-08
-4.0,96.0,4.4451113012655696e-07
-4.0,97.0,1.5459144719898177e-07
-4.0,98.0,1.0722450497269165e-05
-4.0,99.0,1.0792558668981656e-06
-4.0,100.0,2.6173335498924644e-08
-4.0,101.0,1.23654217532021e-06
-4.0,102.0,1.3124223130489554e-07
-4.0,103.0,1.2906077984098374e-08
-4.0,104.0,3.930492482595582e-07
-4.0,105.0,1.2306864416444796e-09
-4.0,106.0,1.7075671987498708e-09
-4.0,107.0,1.3169844770288819e-08
-4.0,108.0,1.6199804164784837e-08
-4.0,109.0,1.773523272685651e-10
-4.0,110.0,7.011123415168186e-08
-4.0,111.0,3.2252427395462746e-09
-4.0,112.0,5.2564126662435484e-11
-4.0,113.0,1.3646435093050968e-09
-4.0,114.0,6.955494513682936e-10
-4.0,115.0,3.4439440188549497e-09
-4.0,116.0,2.1289244145350494e-08
-4.0,117.0,1.6370007571708811e-09
-4.0,118.0,6.161234011869965e-08
-4.0,119.0,5.344400921813985e-09
-4.0,120.0,1.4400174108697428e-10
-4.0,121.0,9.094409669785364e-09
-4.0,122.0,1.6595425478271864e-08
-4.0,123.0,3.1084402413172896e-11
-4.0,124.0,2.8367606041967974e-09
-4.0,125.0,1.1405731470404135e-07
-4.0,126.0,9.2876722979085e-10
-4.0,127.0,2.1004453287787328e-07
-4.0,128.0,7.379130124718358e-07
-4.0,129.0,1.2045245512126712e-07
-4.0,130.0,2.4531232156732585e-06
-4.0,131.0,8.3242912296555e-06
-4.0,132.0,3.6867090784653556e-06
-4.0,133.0,4.420007371663814e-06
-4.0,134.0,2.3351982235908508e-05
-4.0,135.0,2.2181127860676497e-05
-4.0,136.0,1.60216059157392e-05
-4.0,137.0,7.077115151332691e-05
-4.0,138.0,3.312076296424493e-05
-4.0,139.0,0.00015282646927516907
-4.0,140.0,4.03453414037358e-05
-4.0,141.0,0.00020896056958008558
-4.0,142.0,6.12598478255677e-06
-4.0,143.0,2.241152287751902e-06
-4.0,144.0,6.58824001220637e-06
-4.0,145.0,1.8611468988183333e-07
-4.0,146.0,3.1615780216043277e-08
-4.0,147.0,4.58662952951272e-07
-4.0,148.0,3.550625393700102e-08
-4.0,149.0,1.689822681782971e-08
-4.0,150.0,6.389792162053709e-08
-4.0,151.0,2.3054312237036356e-08
-4.0,152.0,2.9287372527164734e-08
-4.0,153.0,1.2440146690551046e-07
-4.0,154.0,7.540238300407509e-08
-4.0,155.0,3.317757091281237e-08
-4.0,156.0,1.3539811050122808e-07
-4.0,157.0,2.580397904239362e-07
-4.0,158.0,7.700212734107481e-08
-4.0,159.0,8.856451927385933e-08
-4.0,160.0,2.4633675366203533e-07
-4.0,161.0,1.3415545652151195e-07
-4.0,162.0,1.3983539304263104e-07
-4.0,163.0,2.3922751779537066e-07
-4.0,164.0,1.4028380235231452e-07
-4.0,165.0,2.527403921703808e-07
-4.0,166.0,9.076703122445906e-08
-4.0,167.0,1.94836630384998e-07
-4.0,168.0,1.7505281846297294e-07
-4.0,169.0,3.763694067515644e-08
-4.0,170.0,2.6971332545144833e-07
-4.0,171.0,4.90690119647752e-08
-4.0,172.0,2.301540007465519e-06
-4.0,173.0,7.18108713044785e-05
-4.0,174.0,2.0398383639985695e-05
-4.0,175.0,1.7210416558555153e-07
-4.0,176.0,6.249590569495922e-06
-4.0,177.0,2.8622332592931343e-06
-4.0,178.0,9.773430065251887e-06
-4.0,179.0,2.926297781868925e-07
-4.0,180.0,2.0329862309154123e-06
-4.0,-179.0,3.9464066503569484e-07
-4.0,-178.0,6.212885494960574e-08
-4.0,-177.0,1.3572301895692362e-06
-4.0,-176.0,2.500313023290346e-08
-4.0,-175.0,2.0806909972748144e-08
-4.0,-174.0,7.151915326630842e-08
-4.0,-173.0,1.1700421254090543e-07
-4.0,-172.0,1.7467459656472784e-07
-4.0,-171.0,1.0160458714381093e-06
-4.0,-170.0,9.923237485054415e-07
-4.0,-169.0,6.41853887373145e-07
-4.0,-168.0,1.1941071420551452e-07
-4.0,-167.0,5.8591314910927395e-08
-4.0,-166.0,2.624550461405306e-07
-4.0,-165.0,1.201587309651586e-07
-4.0,-164.0,7.041786602712818e-07
-4.0,-163.0,4.3312553543728427e-07
-4.0,-162.0,7.139375384213054e-07
-4.0,-161.0,7.069812113513763e-07
-4.0,-160.0,5.690460511686979e-07
-4.0,-159.0,1.3042663340456784e-06
-4.0,-158.0,3.9333490349235944e-06
-4.0,-157.0,4.921753316011745e-07
-4.0,-156.0,1.0747232863650424e-06
-4.0,-155.0,4.369160819805984e-07
-4.0,-154.0,1.93416681781855e-07
-4.0,-153.0,1.1054471542593092e-06
-4.0,-152.0,7.771627252850521e-08
-4.0,-151.0,1.4245721047245752e-07
-4.0,-150.0,1.4634889566877973e-07
-4.0,-149.0,1.3676451260380418e-07
-4.0,-148.0,4.772033435074263e-08
-4.0,-147.0,2.7942425617766276e-07
-4.0,-146.0,3.262507277668192e-07
-4.0,-145.0,2.5333739017696644e-07
-4.0,-144.0,6.537703711728682e-08
-4.0,-143.0,1.0035776085715042e-06
-4.0,-142.0,1.9186830968465074e-07
-4.0,-141.0,1.8944173518775642e-07
-4.0,-140.0,6.699943924104446e-07
-4.0,-139.0,2.512145101718488e-06
-4.0,-138.0,8.88499471329851e-06
-4.0,-137.0,8.199457624868955e-06
-4.0,-136.0,6.382668289006688e-06
-4.0,-135.0,1.543374992252211e-06
-4.0,-134.0,2.4094938453345094e-06
-4.0,-133.0,2.3361569674307248e-06
-4.0,-132.0,5.099898885418952e-07
-4.0,-131.0,3.5719319839699892e-06
-4.0,-130.0,3.0852752388454974e-06
-4.0,-129.0,8.461431661999086e-07
-4.0,-128.0,3.564135840861127e-05
-4.0,-127.0,6.231759471120313e-06
-4.0,-126.0,1.3075391507300083e-06
-4.0,-125.0,4.934644948662026e-06
-4.0,-124.0,4.998020131097292e-07
-4.0,-123.0,3.626828402047977e-07
-4.0,-122.0,1.064459638655535e-06
-4.0,-121.0,2.757151946752856e-07
-4.0,-120.0,6.396607545866573e-07
-4.0,-119.0,2.3689702288720582e-07
-4.0,-118.0,2.4365891704292153e-07
-4.0,-117.0,7.279264195858559e-07
-4.0,-116.0,3.8523640455423447e-07
-4.0,-115.0,3.164226995977515e-07
-4.0,-114.0,2.777817371679703e-07
-4.0,-113.0,1.90015484236028e-07
-4.0,-112.0,1.4001702197674604e-07
-4.0,-111.0,5.573913597345381e-08
-4.0,-110.0,7.185523998032295e-08
-4.0,-109.0,3.190254105334134e-08
-4.0,-108.0,6.320855305830264e-08
-4.0,-107.0,9.76827791987489e-08
-4.0,-106.0,2.731237280784171e-08
-4.0,-105.0,4.9636717847079126e-08
-4.0,-104.0,1.8223413889018047e-08
-4.0,-103.0,2.4729892800223752e-08
-4.0,-102.0,4.419566934643626e-08
-4.0,-101.0,2.239689145255852e-08
-4.0,-100.0,5.578018758001235e-08
-4.0,-99.0,2.8535630747228424e-08
-4.0,-98.0,2.990845260342212e-08
-4.0,-97.0,5.481922471517464e-08
-4.0,-96.0,4.9094943221916765e-08
-4.0,-95.0,2.436781620929196e-08
-4.0,-94.0,1.4798986569530825e-07
-4.0,-93.0,1.396160627109566e-07
-4.0,-92.0,2.026994394555004e-08
-4.0,-91.0,2.850789257990982e-07
-4.0,-90.0,1.9028240672014363e-07
-4.0,-89.0,6.311229867606016e-07
-4.0,-88.0,8.877030950316112e-07
-4.0,-87.0,2.501840015156631e-07
-4.0,-86.0,5.459690441966814e-07
-4.0,-85.0,1.4032251783646643e-05
-4.0,-84.0,2.8525148081826046e-05
-4.0,-83.0,8.881789835868403e-05
-4.0,-82.0,0.00016607520228717476
-4.0,-81.0,0.0006177750765345991
-4.0,-80.0,1.304890929532121e-06
-4.0,-79.0,2.5924451620085165e-05
-4.0,-78.0,1.4066848052607384e-05
-4.0,-77.0,1.2250742429387174e-06
-4.0,-76.0,3.1332754133472918e-06
-4.0,-75.0,6.860254870844074e-07
-4.0,-74.0,5.142781134281904e-08
-4.0,-73.0,1.2760119716404006e-06
-4.0,-72.0,1.3125064697305788e-06
-4.0,-71.0,1.8008392999036005e-06
-4.0,-70.0,9.174168553727213e-06
-4.0,-69.0,1.4104498404776677e-06
-4.0,-68.0,7.319638939407014e-07
-4.0,-67.0,1.5105417332961224e-05
-4.0,-66.0,5.870657560080872e-07
-4.0,-65.0,3.808099791058339e-06
-4.0,-64.0,6.34364114375785e-05
-4.0,-63.0,2.473759423082811e-06
-4.0,-62.0,2.8800475320167607e-06
-4.0,-61.0,7.319598080357537e-05
-4.0,-60.0,1.0832146472239401e-05
-4.0,-59.0,1.3530518117477186e-05
-4.0,-58.0,4.0124101360561326e-05
-4.0,-57.0,1.1879528756253421e-05
-4.0,-56.0,1.072190934792161e-05
-4.0,-55.0,1.4707992704643402e-05
-4.0,-54.0,5.520621016330551e-06
-4.0,-53.0,2.473212134646019e-06
-4.0,-52.0,4.413352144183591e-06
-4.0,-51.0,1.1015323480023653e-06
-4.0,-50.0,9.714154458606572e-08
-4.0,-49.0,1.238790332536155e-07
-4.0,-48.0,5.262469358058297e-07
-4.0,-47.0,5.27281756035336e-08
-4.0,-46.0,2.2708322333642172e-08
-4.0,-45.0,1.0547973516850107e-07
-4.0,-44.0,3.328805320279571e-08
-4.0,-43.0,1.3723174818736084e-09
-4.0,-42.0,1.5411686149491288e-07
-4.0,-41.0,1.456345017913918e-07
-4.0,-40.0,2.0017138169237114e-08
-4.0,-39.0,4.685941803472815e-07
-4.0,-38.0,5.581499067375262e-07
-4.0,-37.0,8.626747103335219e-07
-4.0,-36.0,9.804683941183612e-06
-4.0,-35.0,1.6236870578723028e-05
-4.0,-34.0,6.403971838153666e-06
-4.0,-33.0,0.00011370699940016493
-4.0,-32.0,9.709373989608139e-05
-4.0,-31.0,3.244889740017243e-05
-4.0,-30.0,8.07925607659854e-05
-4.0,-29.0,1.1756760613934603e-05
-4.0,-28.0,1.0905958333751187e-05
-4.0,-27.0,8.40314260130981e-06
-4.0,-26.0,1.2490517292462755e-05
-4.0,-25.0,7.57094949221937e-06
-4.0,-24.0,7.5653274507203605e-06
-4.0,-23.0,2.422529723844491e-05
-4.0,-22.0,2.525146192056127e-05
-4.0,-21.0,1.9833518308587372e-05
-4.0,-20.0,6.503510576294502e-06
-4.0,-19.0,5.549452453124104e-06
-4.0,-18.0,3.8999605749268085e-06
-4.0,-17.0,2.150761474695173e-06
-4.0,-16.0,5.043184501118958e-06
-4.0,-15.0,1.1189962606295012e-05
-4.0,-14.0,8.251552571891807e-06
-4.0,-13.0,4.1815408621914685e-05
-4.0,-12.0,3.171581192873418e-05
-4.0,-11.0,2.10240796150174e-05
-4.0,-10.0,9.933101682690904e-05
-4.0,-9.0,6.772298092982965e-06
-4.0,-8.0,1.6494902865815675e-06
-4.0,-7.0,6.327712753773085e-07
-4.0,-6.0,1.5739577463591559e-07
-4.0,-5.0,3.646256629963318e-07
-4.0,-4.0,5.469248662848258e-07
-4.0,-3.0,2.094815272357664e-06
-4.0,-2.0,2.59965713667043e-06
-4.0,-1.0,1.7519727180115297e-07
-3.0,0.0,1.263415896346487e-07
-3.0,1.0,5.436012543214019e-06
-3.0,2.0,1.4162574757392576e-07
-3.0,3.0,1.1501350627440843e-07
-3.0,4.0,2.073548586167817e-07
-3.0,5.0,8.943890748014383e-07
-3.0,6.0,9.129590239354002e-08
-3.0,7.0,2.1848779852007283e-07
-3.0,8.0,1.0178987253084415e-07
-3.0,9.0,3.044208085611899e-08
-3.0,10.0,5.462268504174972e-08
-3.0,11.0,9.823882152204533e-08
-3.0,12.0,6.832542531753916e-09
-3.0,13.0,1.7672734884399688e-06
-3.0,14.0,9.020009628102343e-08
-3.0,15.0,4.894618754747171e-08
-3.0,16.0,1.9999144007520897e-10
-3.0,17.0,1.31183930385248e-09
-3.0,18.0,5.1997983696594474e-09
-3.0,19.0,4.173597301093679e-10
-3.0,20.0,6.352285364386034e-10
-3.0,21.0,2.6555133647576667e-09
-3.0,22.0,2.249922204100585e-08
-3.0,23.0,2.98195352854691e-08
-3.0,24.0,1.1017635692667227e-08
-3.0,25.0,3.758873958759068e-07
-3.0,26.0,7.622711564181373e-07
-3.0,27.0,4.148419247940183e-05
-3.0,28.0,2.654019226611126e-07
-3.0,29.0,1.093861641265903e-07
-3.0,30.0,5.191677701077424e-06
-3.0,31.0,4.141649245781309e-09
-3.0,32.0,9.687922783996328e-07
-3.0,33.0,7.181234309427964e-07
-3.0,34.0,4.860907552028948e-07
-3.0,35.0,4.432945843291236e-06
-3.0,36.0,1.8029929549356893e-07
-3.0,37.0,4.02792175009381e-05
-3.0,38.0,8.301499292429071e-06
-3.0,39.0,4.19383286498487e-06
-3.0,40.0,2.8233589546289295e-05
-3.0,41.0,1.4138179722067434e-05
-3.0,42.0,2.392118221905548e-05
-3.0,43.0,9.811540621740278e-06
-3.0,44.0,6.004714947493994e-08
-3.0,45.0,7.916824529274891e-07
-3.0,46.0,4.2035683378571775e-08
-3.0,47.0,4.67326488617914e-09
-3.0,48.0,2.3406773834722117e-06
-3.0,49.0,3.919589985912353e-09
-3.0,50.0,1.2215355127409566e-07
-3.0,51.0,2.9365548925852636e-07
-3.0,52.0,3.0024199304534704e-07
-3.0,53.0,4.4058356252207886e-07
-3.0,54.0,2.0128577205014153e-07
-3.0,55.0,2.7588274065237783e-07
-3.0,56.0,4.148355259303571e-08
-3.0,57.0,1.772347104633809e-07
-3.0,58.0,3.5126884512237666e-08
-3.0,59.0,4.426670727752935e-07
-3.0,60.0,1.054974973158096e-06
-3.0,61.0,1.0462191539772903e-06
-3.0,62.0,5.829340352647705e-06
-3.0,63.0,2.518025894460152e-07
-3.0,64.0,1.06853406123264e-06
-3.0,65.0,5.460023544401338e-07
-3.0,66.0,5.139275458532211e-07
-3.0,67.0,6.544238928540835e-09
-3.0,68.0,7.50488453604703e-08
-3.0,69.0,3.7836102251276316e-08
-3.0,70.0,1.007629535365595e-08
-3.0,71.0,2.7665529866993666e-09
-3.0,72.0,3.9827288134119954e-08
-3.0,73.0,5.1713261228769625e-08
-3.0,74.0,5.222739130061882e-09
-3.0,75.0,2.0763103236731695e-08
-3.0,76.0,3.197776488050863e-09
-3.0,77.0,4.139645071177256e-08
-3.0,78.0,4.741256720564024e-09
-3.0,79.0,1.3162755330142772e-09
-3.0,80.0,5.2297394859124324e-08
-3.0,81.0,1.5794159935467178e-07
-3.0,82.0,8.244402494028691e-09
-3.0,83.0,3.622651689738632e-08
-3.0,84.0,6.332113855478383e-08
-3.0,85.0,1.1324830495595961e-07
-3.0,86.0,5.884846743242633e-08
-3.0,87.0,1.213464742022552e-07
-3.0,88.0,1.5972216260706773e-06
-3.0,89.0,1.177940248453524e-06
-3.0,90.0,8.710317729310191e-07
-3.0,91.0,1.5045935697344248e-06
-3.0,92.0,1.1431280654505827e-05
-3.0,93.0,2.7281714665150503e-06
-3.0,94.0,5.366678306018002e-05
-3.0,95.0,9.552458323014434e-06
-3.0,96.0,5.149183834873838e-06
-3.0,97.0,3.3121179399131506e-07
-3.0,98.0,6.720089373857263e-08
-3.0,99.0,2.3224967549140274e-07
-3.0,100.0,1.9389518968182529e-07
-3.0,101.0,1.685210371249468e-08
-3.0,102.0,8.150016697072715e-07
-3.0,103.0,7.593727247012794e-08
-3.0,104.0,2.290208271915617e-07
-3.0,105.0,2.2571309443719656e-07
-3.0,106.0,1.3690413425138104e-07
-3.0,107.0,4.722423341263493e-08
-3.0,108.0,3.331098241687869e-08
-3.0,109.0,2.0707958015009353e-07
-3.0,110.0,2.78637401152082e-07
-3.0,111.0,2.7337545560612853e-08
-3.0,112.0,4.2844085612614435e-08
-3.0,113.0,7.6948358795903e-09
-3.0,114.0,4.612859427766125e-09
-3.0,115.0,2.3399596926765298e-08
-3.0,116.0,6.99457158859218e-09
-3.0,117.0,1.2323643439060561e-08
-3.0,118.0,7.431937376622955e-08
-3.0,119.0,4.200399246201414e-07
-3.0,120.0,6.072980795579497e-06
-3.0,121.0,2.5208132115039916e-07
-3.0,122.0,2.8299959708988354e-08
-3.0,123.0,1.7263151619317796e-07
-3.0,124.0,3.1977840819763514e-08
-3.0,125.0,2.626273044370464e-06
-3.0,126.0,1.0264669754178612e-06
-3.0,127.0,9.581036408690125e-09
-3.0,128.0,8.838429010893378e-08
-3.0,129.0,6.858096668338476e-08
-3.0,130.0,3.727701880507084e-07
-3.0,131.0,2.002563633141108e-06
-3.0,132.0,1.3676763956027571e-05
-3.0,133.0,1.8363090930506587e-05
-3.0,134.0,8.923571840568911e-06
-3.0,135.0,6.716771622450324e-06
-3.0,136.0,6.922604825376766e-06
-3.0,137.0,1.4956113773223478e-05
-3.0,138.0,8.734034054214135e-06
-3.0,139.0,7.485401147278026e-05
-3.0,140.0,0.0005967444158159196
-3.0,141.0,5.052263077232055e-06
-3.0,142.0,6.812193532823585e-06
-3.0,143.0,8.356475404980301e-07
-3.0,144.0,1.6047060569235327e-07
-3.0,145.0,9.40670048521497e-08
-3.0,146.0,1.5788904761393496e-07
-3.0,147.0,2.128817584434728e-07
-3.0,148.0,5.916550449569513e-08
-3.0,149.0,3.995131123701867e-07
-3.0,150.0,6.630784810113255e-07
-3.0,151.0,3.399057675324002e-07
-3.0,152.0,3.3520069564474397e-07
-3.0,153.0,5.054596385889454e-07
-3.0,154.0,1.1126610388600966e-07
-3.0,155.0,1.2655732462008018e-07
-3.0,156.0,1.1338015326600726e-07
-3.0,157.0,1.0048239573734463e-07
-3.0,158.0,4.878197046309651e-07
-3.0,159.0,1.169246814924918e-07
-3.0,160.0,5.056356826571573e-07
-3.0,161.0,7.753266118015745e-07
-3.0,162.0,9.552471738061286e-07
-3.0,163.0,4.3841285446433176e-07
-3.0,164.0,1.0543890738290429e-07
-3.0,165.0,1.462007503505447e-06
-3.0,166.0,1.6675863889759057e-06
-3.0,167.0,2.2394387997337617e-06
-3.0,168.0,1.6603978565399302e-06
-3.0,169.0,1.3963925766802276e-06
-3.0,170.0,7.090811777743511e-07
-3.0,171.0,4.360084858490154e-06
-3.0,172.0,0.0002840360684785992
-3.0,173.0,0.0002154936082661152
-3.0,174.0,1.4279020206231507e-06
-3.0,175.0,1.3931444300396834e-06
-3.0,176.0,9.544142898221253e-08
-3.0,177.0,1.3440328530123224e-06
-3.0,178.0,1.429657118023897e-06
-3.0,179.0,2.420176770101534e-07
-3.0,180.0,1.2616993672054377e-06
-3.0,-179.0,1.394406723420616e-07
-3.0,-178.0,9.719529714402597e-08
-3.0,-177.0,1.908840232545117e-07
-3.0,-176.0,1.4394302638720546e-07
-3.0,-175.0,1.500418811417603e-08
-3.0,-174.0,2.1980921971476164e-08
-3.0,-173.0,4.1887854962396887e-08
-3.0,-172.0,3.498820433378569e-08
-3.0,-171.0,6.0595375828143e-08
-3.0,-170.0,6.5827214790203925e-09
-3.0,-169.0,4.189814717392437e-09
-3.0,-168.0,1.685104322746156e-08
-3.0,-167.0,5.351837195632925e-09
-3.0,-166.0,1.4225011391033604e-08
-3.0,-165.0,2.30930908173832e-07
-3.0,-164.0,5.399722979859689e-08
-3.0,-163.0,1.0920000192982116e-07
-3.0,-162.0,1.057882030863766e-07
-3.0,-161.0,4.578360446316765e-08
-3.0,-160.0,2.7269956603959145e-07
-3.0,-159.0,6.447465921155526e-07
-3.0,-158.0,4.264418294042116e-07
-3.0,-157.0,1.0183895255977404e-06
-3.0,-156.0,7.235907446556666e-07
-3.0,-155.0,4.524288215179695e-07
-3.0,-154.0,1.5086136784248083e-07
-3.0,-153.0,1.8146212710234977e-07
-3.0,-152.0,8.341100965481019e-07
-3.0,-151.0,5.185152573972118e-08
-3.0,-150.0,4.958316424108489e-08
-3.0,-149.0,6.041984335070083e-08
-3.0,-148.0,2.7038389305289456e-08
-3.0,-147.0,6.886422454499552e-08
-3.0,-146.0,1.2175833319361118e-07
-3.0,-145.0,2.7328894702804973e-08
-3.0,-144.0,5.841076600177075e-08
-3.0,-143.0,6.570105881564814e-08
-3.0,-142.0,6.322534318314865e-06
-3.0,-141.0,2.8780354455193446e-07
-3.0,-140.0,5.578880291068344e-07
-3.0,-139.0,5.147229785507079e-06
-3.0,-138.0,3.1106535516300937e-06
-3.0,-137.0,8.476976290694438e-06
-3.0,-136.0,4.840423571295105e-06
-3.0,-135.0,3.446920800342923e-06
-3.0,-134.0,6.414824724743085e-07
-3.0,-133.0,8.515656446661524e-08
-3.0,-132.0,1.5533805708400905e-07
-3.0,-131.0,5.21159620348044e-07
-3.0,-130.0,2.577041016138537e-07
-3.0,-129.0,5.443563395601814e-07
-3.0,-128.0,1.069021709554363e-05
-3.0,-127.0,1.4358836324390722e-06
-3.0,-126.0,7.392703196273942e-07
-3.0,-125.0,1.996084620259353e-06
-3.0,-124.0,3.3322459103146684e-07
-3.0,-123.0,1.6430942650913494e-06
-3.0,-122.0,5.665967819368234e-07
-3.0,-121.0,1.6985367778943328e-07
-3.0,-120.0,1.3036271866440075e-06
-3.0,-119.0,1.3603388424598961e-06
-3.0,-118.0,9.849169373410405e-07
-3.0,-117.0,2.4158098312909715e-06
-3.0,-116.0,6.687769769087026e-07
-3.0,-115.0,3.9395479234372033e-07
-3.0,-114.0,8.148167012222984e-07
-3.0,-113.0,5.658980484213316e-08
-3.0,-112.0,3.1616932005817944e-07
-3.0,-111.0,1.630436656796519e-07
-3.0,-110.0,1.4083178712098743e-07
-3.0,-109.0,6.379623584962246e-08
-3.0,-108.0,1.2900434853690967e-07
-3.0,-107.0,2.1641423586515884e-07
-3.0,-106.0,2.4595829373197375e-08
-3.0,-105.0,2.858046066478437e-08
-3.0,-104.0,1.7704360644188455e-08
-3.0,-103.0,1.673372018728969e-08
-3.0,-102.0,2.804167209546904e-08
-3.0,-101.0,1.9436019016438877e-08
-3.0,-100.0,3.4928593350969095e-08
-3.0,-99.0,5.0896655778842614e-08
-3.0,-98.0,5.452265483540941e-08
-3.0,-97.0,2.282813582610288e-08
-3.0,-96.0,1.8863802608848346e-07
-3.0,-95.0,9.900497843773337e-08
-3.0,-94.0,2.1508364511646505e-07
-3.0,-93.0,1.335521773171422e-07
-3.0,-92.0,1.467113719400004e-07
-3.0,-91.0,2.538742727153931e-08
-3.0,-90.0,1.1354743634228726e-07
-3.0,-89.0,2.6037309908133466e-07
-3.0,-88.0,8.306183474360296e-08
-3.0,-87.0,1.9038550647110242e-07
-3.0,-86.0,5.052842197983409e-07
-3.0,-85.0,3.264916585976607e-07
-3.0,-84.0,1.2762340702465735e-05
-3.0,-83.0,1.8350310710957274e-05
-3.0,-82.0,9.459223656449467e-05
-3.0,-81.0,4.4469721615314484e-05
-3.0,-80.0,2.650896567502059e-05
-3.0,-79.0,6.670724701507424e-07
-3.0,-78.0,1.281758159166202e-05
-3.0,-77.0,1.5378285525002866e-06
-3.0,-76.0,6.58322676372336e-08
-3.0,-75.0,5.129057285557792e-07
-3.0,-74.0,3.92863739762106e-07
-3.0,-73.0,3.030975292972471e-08
-3.0,-72.0,1.4685527105484653e-07
-3.0,-71.0,1.0903439715548302e-06
-3.0,-70.0,4.5196131281954877e-07
-3.0,-69.0,1.0885931942539173e-06
-3.0,-68.0,3.782824251175043e-06
-3.0,-67.0,3.251358066336252e-06
-3.0,-66.0,4.191977495793253e-06
-3.0,-65.0,2.121180386893684e-06
-3.0,-64.0,1.9607280137279304e-06
-3.0,-63.0,7.395084139716346e-06
-3.0,-62.0,0.00010522096272325143
-3.0,-61.0,2.7742284146370366e-05
-3.0,-60.0,1.6119261999847367e-05
-3.0,-59.0,6.729395863658283e-06
-3.0,-58.0,1.0798574294312857e-05
-3.0,-57.0,8.62729393702466e-06
-3.0,-56.0,9.707042408990674e-06
-3.0,-55.0,1.1736919987015426e-05
-3.0,-54.0,1.4027098131919047e-06
-3.0,-53.0,1.6571470951021183e-06
-3.0,-52.0,3.08620519717806e-06
-3.0,-51.0,1.0165305184273166e-06
-3.0,-50.0,5.572441068579792e-07
-3.0,-49.0,5.963033231637382e-07
-3.0,-48.0,3.8370600918824493e-07
-3.0,-47.0,3.6692362925805355e-08
-3.0,-46.0,1.3049016445165762e-07
-3.0,-45.0,4.549764298644732e-07
-3.0,-44.0,3.3251996711669563e-09
-3.0,-43.0,3.489534883271972e-09
-3.0,-42.0,9.376552867479404e-08
-3.0,-41.0,2.5407288717360643e-08
-3.0,-40.0,2.197186788066574e-08
-3.0,-39.0,1.460108336459598e-07
-3.0,-38.0,2.098701230579536e-07
-3.0,-37.0,6.19303875737387e-07
-3.0,-36.0,7.290077519428451e-06
-3.0,-35.0,2.7496053007780574e-06
-3.0,-34.0,8.04510091256816e-06
-3.0,-33.0,1.5810384866199456e-05
-3.0,-32.0,6.722461876051966e-06
-3.0,-31.0,6.525938806589693e-05
-3.0,-30.0,4.0117596654454246e-05
-3.0,-29.0,4.714594524557469e-06
-3.0,-28.0,5.563628292293288e-05
-3.0,-27.0,1.1098764844064135e-05
-3.0,-26.0,3.688590368255973e-06
-3.0,-25.0,2.768676949926885e-06
-3.0,-24.0,4.4667200427284115e-07
-3.0,-23.0,3.7487282611436967e-07
-3.0,-22.0,2.0256869959212054e-07
-3.0,-21.0,4.0327674355467025e-07
-3.0,-20.0,6.443851674475809e-08
-3.0,-19.0,4.506314041918813e-07
-3.0,-18.0,4.951597247782047e-07
-3.0,-17.0,4.788618639395281e-07
-3.0,-16.0,1.107406006894962e-07
-3.0,-15.0,4.556798316457389e-08
-3.0,-14.0,1.981100695047644e-06
-3.0,-13.0,7.871443585827365e-07
-3.0,-12.0,9.571457439960795e-07
-3.0,-11.0,1.6249400687229354e-06
-3.0,-10.0,1.978255568246823e-06
-3.0,-9.0,4.6849811496940674e-07
-3.0,-8.0,4.3822390694003843e-07
-3.0,-7.0,3.5944165688306384e-07
-3.0,-6.0,1.4230053011488053e-06
-3.0,-5.0,2.5836832264758414e-06
-3.0,-4.0,2.99427910022132e-07
-3.0,-3.0,1.7213960745721124e-06
-3.0,-2.0,5.727024472435005e-07
-3.0,-1.0,3.81784133196561e-08
-2.0,0.0,5.947766794633935e-07
-2.0,1.0,7.189471489255084e-07
-2.0,2.0,6.524910389771321e-08
-2.0,3.0,4.01899846735887e-08
-2.0,4.0,2.2775974173327995e-07
-2.0,5.0,1.6122985613264973e-08
-2.0,6.0,8.423139519209144e-09
-2.0,7.0,8.426431122643407e-06
-2.0,8.0,4.362179026884405e-07
-2.0,9.0,7.816026936779963e-09
-2.0,10.0,1.884303628685302e-07
-2.0,11.0,5.420106958808901e-07
-2.0,12.0,5.2781413018010426e-08
-2.0,13.0,2.98579493573925e-06
-2.0,14.0,1.6946842151810415e-06
-2.0,15.0,3.275826943038851e-09
-2.0,16.0,4.0218256458501855e-07
-2.0,17.0,2.8454900302676833e-07
-2.0,18.0,2.8385469530434193e-09
-2.0,19.0,2.6040961529361084e-05
-2.0,20.0,4.658198715645767e-09
-2.0,21.0,1.2756764533605747e-08
-2.0,22.0,1.3751637162329189e-08
-2.0,23.0,2.95482682766135e-09
-2.0,24.0,9.642470821802362e-09
-2.0,25.0,1.7937669127832123e-08
-2.0,26.0,1.6374995803758452e-10
-2.0,27.0,3.4482032784666217e-09
-2.0,28.0,2.022122885803057e-10
-2.0,29.0,2.733509774088816e-08
-2.0,30.0,1.0741776357292565e-09
-2.0,31.0,3.7196048907617296e-08
-2.0,32.0,7.261646572942482e-08
-2.0,33.0,3.0896743496988677e-10
-2.0,34.0,1.2242142588547722e-07
-2.0,35.0,2.3382156655316066e-07
-2.0,36.0,1.1268868504998864e-08
-2.0,37.0,2.242824166387436e-06
-2.0,38.0,9.996174412663095e-07
-2.0,39.0,8.001151400094386e-06
-2.0,40.0,0.000304874760331586
-2.0,41.0,6.707558100060851e-07
-2.0,42.0,7.83609903010074e-06
-2.0,43.0,4.313782483222894e-06
-2.0,44.0,3.533638164299191e-07
-2.0,45.0,1.8558646175392823e-08
-2.0,46.0,2.201188209483007e-08
-2.0,47.0,8.073584467638284e-09
-2.0,48.0,2.9562852166264975e-10
-2.0,49.0,2.2198705096343474e-08
-2.0,50.0,6.758198445311336e-09
-2.0,51.0,1.6381040524038326e-08
-2.0,52.0,8.634787995731585e-09
-2.0,53.0,5.199024766255889e-09
-2.0,54.0,2.0492418428830206e-08
-2.0,55.0,1.7077274705457057e-08
-2.0,56.0,2.6561073340758412e-08
-2.0,57.0,2.2684467637645866e-08
-2.0,58.0,1.834561480507091e-08
-2.0,59.0,1.2358273693280353e-07
-2.0,60.0,1.973940584321099e-07
-2.0,61.0,3.664683134729785e-08
-2.0,62.0,1.3669240672697924e-07
-2.0,63.0,7.031050586192578e-08
-2.0,64.0,6.013380016156589e-08
-2.0,65.0,4.5419515259936816e-08
-2.0,66.0,3.833383388496259e-08
-2.0,67.0,6.309183930852669e-08
-2.0,68.0,2.1267921113121702e-07
-2.0,69.0,7.181862660132765e-09
-2.0,70.0,8.622624392273792e-09
-2.0,71.0,9.842506898394277e-08
-2.0,72.0,2.777264196396345e-09
-2.0,73.0,3.82351661443181e-09
-2.0,74.0,1.7781655259341278e-08
-2.0,75.0,4.090792771194174e-08
-2.0,76.0,1.159918205928534e-08
-2.0,77.0,8.197361900386113e-09
-2.0,78.0,6.222714787895711e-09
-2.0,79.0,8.170509824267924e-10
-2.0,80.0,3.662342606958191e-08
-2.0,81.0,2.1251150172929556e-08
-2.0,82.0,1.8975023774459032e-09
-2.0,83.0,3.1687426016446807e-09
-2.0,84.0,4.957455956855483e-08
-2.0,85.0,2.3706601126605165e-08
-2.0,86.0,1.58549795514773e-07
-2.0,87.0,7.410803704033242e-08
-2.0,88.0,2.8845201427429856e-07
-2.0,89.0,7.888712616477278e-07
-2.0,90.0,2.7647492970572785e-05
-2.0,91.0,7.866538362577558e-05
-2.0,92.0,5.843719554832205e-05
-2.0,93.0,0.00025049300165846944
-2.0,94.0,0.00025049300165846944
-2.0,95.0,1.656344102229923e-05
-2.0,96.0,0.00028337823459878564
-2.0,97.0,1.7325430235359818e-05
-2.0,98.0,1.1372403605491854e-06
-2.0,99.0,8.24153030407615e-05
-2.0,100.0,2.1574165032234305e-07
-2.0,101.0,1.5163608679813478e-07
-2.0,102.0,1.8876923491006892e-07
-2.0,103.0,4.612629140865465e-07
-2.0,104.0,3.882027215240669e-07
-2.0,105.0,4.710872048008241e-08
-2.0,106.0,1.3424238431980484e-06
-2.0,107.0,1.5552335241864057e-07
-2.0,108.0,2.0445197606022703e-06
-2.0,109.0,1.9053538835578365e-07
-2.0,110.0,3.020206804649206e-06
-2.0,111.0,3.2423979945406245e-08
-2.0,112.0,1.866720999998961e-08
-2.0,113.0,1.4054465680146677e-07
-2.0,114.0,3.6192403740642476e-08
-2.0,115.0,6.486715875553273e-08
-2.0,116.0,8.947280139004476e-10
-2.0,117.0,8.001435625182296e-10
-2.0,118.0,8.871973022905877e-08
-2.0,119.0,1.1814296936585311e-11
-2.0,120.0,8.78095485212782e-10
-2.0,121.0,2.8880979243695037e-06
-2.0,122.0,2.9120375444335878e-08
-2.0,123.0,9.461998473625499e-08
-2.0,124.0,2.8238650529033293e-08
-2.0,125.0,0.000420422904426232
-2.0,126.0,2.3676166582831115e-10
-2.0,127.0,2.0521989441135702e-08
-2.0,128.0,5.440831228042953e-05
-2.0,129.0,2.443859781209312e-09
-2.0,130.0,3.17270291816385e-07
-2.0,131.0,0.00012201915524201468
-2.0,132.0,7.809397857272415e-07
-2.0,133.0,3.660649963421747e-05
-2.0,134.0,3.255002957303077e-05
-2.0,135.0,1.9060330487263855e-06
-2.0,136.0,8.274912397610024e-05
-2.0,137.0,5.059808609075844e-05
-2.0,138.0,3.5449902497930452e-06
-2.0,139.0,1.822712511057034e-05
-2.0,140.0,2.0174278688500635e-05
-2.0,141.0,2.0115367078687996e-06
-2.0,142.0,5.384470682656683e-07
-2.0,143.0,7.103922712303756e-07
-2.0,144.0,6.959926395211369e-07
-2.0,145.0,1.130465179244311e-07
-2.0,146.0,9.776721299203928e-08
-2.0,147.0,7.205787255770701e-07
-2.0,148.0,1.4039112272712373e-07
-2.0,149.0,3.920705893278864e-08
-2.0,150.0,1.9041402765651583e-07
-2.0,151.0,5.1978965132093435e-08
-2.0,152.0,1.6926782109294436e-07
-2.0,153.0,5.0960483832795944e-08
-2.0,154.0,7.788647593542919e-08
-2.0,155.0,1.609299005167486e-07
-2.0,156.0,2.104784755374567e-07
-2.0,157.0,3.2563866625423543e-07
-2.0,158.0,1.169959560343159e-07
-2.0,159.0,1.7398829754711187e-07
-2.0,160.0,3.346621610944567e-07
-2.0,161.0,1.0419506679681945e-06
-2.0,162.0,5.248671186564025e-07
-2.0,163.0,2.036315891018603e-06
-2.0,164.0,3.4651426972232e-07
-2.0,165.0,2.123216518157278e-06
-2.0,166.0,1.801481857910403e-06
-2.0,167.0,2.0824140847253148e-06
-2.0,168.0,8.486955493935966e-08
-2.0,169.0,5.259993486106396e-06
-2.0,170.0,7.238862167469051e-07
-2.0,171.0,8.152810914907604e-05
-2.0,172.0,5.482905908138491e-05
-2.0,173.0,1.5236159356391e-07
-2.0,174.0,4.886299939244054e-05
-2.0,175.0,9.774545333129936e-07
-2.0,176.0,3.9709792787334663e-08
-2.0,177.0,7.744784852548037e-06
-2.0,178.0,4.313903900765581e-07
-2.0,179.0,2.3215370958951098e-08
-2.0,180.0,2.3266267135113594e-07
-2.0,-179.0,1.1778027442232997e-07
-2.0,-178.0,5.48102327968536e-08
-2.0,-177.0,5.036855554862996e-07
-2.0,-176.0,2.8551314699143404e-06
-2.0,-175.0,2.6828637089693075e-08
-2.0,-174.0,1.388501686960808e-07
-2.0,-173.0,4.1362480374118604e-07
-2.0,-172.0,9.275903600780566e-09
-2.0,-171.0,1.1033580449293368e-07
-2.0,-170.0,1.9672935991366103e-07
-2.0,-169.0,2.0269634859459984e-08
-2.0,-168.0,7.16718275839412e-08
-2.0,-167.0,4.7311594641996635e-08
-2.0,-166.0,6.294040133525414e-08
-2.0,-165.0,4.645583828732924e-08
-2.0,-164.0,2.707172939153679e-07
-2.0,-163.0,1.0076067979980508e-07
-2.0,-162.0,4.53058284222152e-08
-2.0,-161.0,7.338071128515367e-08
-2.0,-160.0,2.5402396630624935e-08
-2.0,-159.0,4.335638692509747e-08
-2.0,-158.0,8.819501573498201e-08
-2.0,-157.0,1.5285949928056652e-07
-2.0,-156.0,1.0302823483243628e-07
-2.0,-155.0,4.579976575769251e-08
-2.0,-154.0,6.099799065850675e-08
-2.0,-153.0,1.3494319262008503e-07
-2.0,-152.0,3.356494460149406e-08
-2.0,-151.0,5.053594236414938e-07
-2.0,-150.0,3.5010902621479545e-08
-2.0,-149.0,3.5767062200875444e-08
-2.0,-148.0,3.3720431247274973e-07
-2.0,-147.0,8.356158787137247e-08
-2.0,-146.0,1.0463553223871713e-07
-2.0,-145.0,6.210966319031286e-08
-2.0,-144.0,7.782589506177828e-08
-2.0,-143.0,2.70954867431783e-08
-2.0,-142.0,9.054622296389425e-08
-2.0,-141.0,8.948398289021497e-08
-2.0,-140.0,8.505721638130126e-08
-2.0,-139.0,5.358688213163987e-07
-2.0,-138.0,6.649720774021262e-08
-2.0,-137.0,3.787708635627496e-07
-2.0,-136.0,1.5697830804128898e-06
-2.0,-135.0,2.9615205221489305e-07
-2.0,-134.0,6.883074377128651e-08
-2.0,-133.0,2.775661869236501e-07
-2.0,-132.0,5.501314603861829e-07
-2.0,-131.0,1.3970436896215688e-07
-2.0,-130.0,4.655749705761991e-07
-2.0,-129.0,5.499166491063079e-06
-2.0,-128.0,8.738441437117217e-08
-2.0,-127.0,5.291476554702967e-07
-2.0,-126.0,7.083673608576646e-06
-2.0,-125.0,1.675060303796272e-07
-2.0,-124.0,9.983056088458397e-07
-2.0,-123.0,6.595851118618157e-07
-2.0,-122.0,1.9523301375556912e-07
-2.0,-121.0,6.506069780698454e-07
-2.0,-120.0,1.5731100120319752e-06
-2.0,-119.0,3.754202566597087e-07
-2.0,-118.0,5.987405415908142e-07
-2.0,-117.0,1.2812737395506701e-06
-2.0,-116.0,1.5298318203349481e-06
-2.0,-115.0,1.0467131232871907e-06
-2.0,-114.0,3.204357312824868e-07
-2.0,-113.0,3.4631807466212194e-07
-2.0,-112.0,7.317531185435655e-07
-2.0,-111.0,1.1820844036947165e-07
-2.0,-110.0,3.433939923525031e-07
-2.0,-109.0,3.307973202026915e-07
-2.0,-108.0,1.0434913377821431e-07
-2.0,-107.0,1.4624843913679797e-07
-2.0,-106.0,3.4046246355501353e-07
-2.0,-105.0,2.115894091048176e-07
-2.0,-104.0,3.531579864102241e-07
-2.0,-103.0,1.559960196573229e-07
-2.0,-102.0,2.7655579515339923e-07
-2.0,-101.0,1.325042688904432e-07
-2.0,-100.0,7.302230642380891e-08
-2.0,-99.0,1.6192933571801404e-07
-2.0,-98.0,5.095795785337032e-08
-2.0,-97.0,1.6905319810689434e-08
-2.0,-96.0,1.8765028642064863e-07
-2.0,-95.0,7.306967120257468e-08
-2.0,-94.0,3.0909916404198157e-08
-2.0,-93.0,5.6634494427498794e-08
-2.0,-92.0,1.2860182607710158e-07
-2.0,-91.0,2.6387771967506524e-08
-2.0,-90.0,4.053890023669737e-08
-2.0,-89.0,9.255107613626024e-08
-2.0,-88.0,8.761472969354145e-08
-2.0,-87.0,5.5136954557610807e-08
-2.0,-86.0,2.2373836117139945e-08
-2.0,-85.0,1.809345491210479e-07
-2.0,-84.0,3.172957008246158e-07
-2.0,-83.0,9.427844815945718e-06
-2.0,-82.0,1.3628120541397948e-05
-2.0,-81.0,0.00031360480352304876
-2.0,-80.0,5.084111194264551e-07
-2.0,-79.0,3.6050414564670064e-07
-2.0,-78.0,6.988616223679855e-05
-2.0,-77.0,4.337113750807475e-06
-2.0,-76.0,4.6615919018222485e-06
-2.0,-75.0,4.894847279501846e-06
-2.0,-74.0,3.2656432722433237e-06
-2.0,-73.0,6.391388183146773e-07
-2.0,-72.0,6.801832341807312e-07
-2.0,-71.0,1.681733465375146e-06
-2.0,-70.0,5.077535902842101e-08
-2.0,-69.0,2.881597254145163e-07
-2.0,-68.0,2.789399786706781e-07
-2.0,-67.0,1.375687929794367e-06
-2.0,-66.0,2.613398464745842e-06
-2.0,-65.0,1.3848136859451188e-06
-2.0,-64.0,2.177621126975282e-06
-2.0,-63.0,2.4238721380243078e-05
-2.0,-62.0,1.1395643923606258e-05
-2.0,-61.0,8.335626262123697e-06
-2.0,-60.0,1.4036933180250344e-06
-2.0,-59.0,1.1269535207247827e-06
-2.0,-58.0,1.6496445596203557e-06
-2.0,-57.0,1.0244319810226443e-06
-2.0,-56.0,2.678538521649898e-06
-2.0,-55.0,3.108390956185758e-06
-2.0,-54.0,6.625879223065567e-07
-2.0,-53.0,1.3049593690084293e-06
-2.0,-52.0,6.771360858692788e-07
-2.0,-51.0,5.322074798641552e-07
-2.0,-50.0,5.303647299115255e-07
-2.0,-49.0,2.1634326685671113e-07
-2.0,-48.0,3.388202856058342e-07
-2.0,-47.0,3.6315842066869664e-07
-2.0,-46.0,1.9204789225568675e-07
-2.0,-45.0,8.832127207369922e-08
-2.0,-44.0,3.237527934629725e-08
-2.0,-43.0,1.814634309482699e-08
-2.0,-42.0,2.2841943447815538e-08
-2.0,-41.0,8.602287770997918e-09
-2.0,-40.0,1.4359870625924032e-08
-2.0,-39.0,4.408697407143336e-08
-2.0,-38.0,1.222280019419486e-07
-2.0,-37.0,4.375207254270208e-07
-2.0,-36.0,8.989117645796796e-07
-2.0,-35.0,3.3988901577686192e-06
-2.0,-34.0,9.211181350110564e-06
-2.0,-33.0,7.338830073422287e-06
-2.0,-32.0,2.513047911634203e-05
-2.0,-31.0,2.265562397951726e-05
-2.0,-30.0,8.117265679175034e-06
-2.0,-29.0,1.3478808796207886e-05
-2.0,-28.0,1.5465500837308355e-05
-2.0,-27.0,2.6823142889043083e-06
-2.0,-26.0,5.367956532609242e-07
-2.0,-25.0,3.347611539084028e-07
-2.0,-24.0,1.648661651643124e-07
-2.0,-23.0,3.0585147214878816e-07
-2.0,-22.0,9.680731238859153e-08
-2.0,-21.0,2.6735669678146223e-08
-2.0,-20.0,7.624916520398983e-08
-2.0,-19.0,6.083590875505251e-08
-2.0,-18.0,2.515193209262634e-08
-2.0,-17.0,8.360080983038642e-08
-2.0,-16.0,1.4350805876972572e-08
-2.0,-15.0,3.402017867415452e-08
-2.0,-14.0,2.054081136293462e-07
-2.0,-13.0,2.3383400105103647e-08
-2.0,-12.0,1.1793358112299757e-07
-2.0,-11.0,5.37444634574058e-07
-2.0,-10.0,2.8632459958544132e-08
-2.0,-9.0,1.262463342754927e-07
-2.0,-8.0,3.613949957070872e-07
-2.0,-7.0,6.545338919750066e-07
-2.0,-6.0,1.4718044667461072e-06
-2.0,-5.0,2.069117044811719e-06
-2.0,-4.0,7.94856021002488e-07
-2.0,-3.0,2.0796155908442415e-08
-2.0,-2.0,3.704848694496832e-08
-2.0,-1.0,4.473932690984839e-08
-1.0,0.0,5.251624770608032e-07
-1.0,1.0,7.12056902330005e-08
-1.0,2.0,1.2140406902005907e-08
-1.0,3.0,1.032147025625818e-07
-1.0,4.0,2.020312058448326e-05
-1.0,5.0,3.494025975214754e-07
-1.0,6.0,3.999964803824696e-07
-1.0,7.0,8.014257701915994e-08
-1.0,8.0,7.739104717074952e-07
-1.0,9.0,3.252095484640449e-05
-1.0,10.0,4.3528739723797116e-08
-1.0,11.0,5.816229986521648e-08
-1.0,12.0,8.473819548271422e-07
-1.0,13.0,1.4879477021167986e-05
-1.0,14.0,5.9383129524803735e-08
-1.0,15.0,4.9562736137431784e-08
-1.0,16.0,2.3348518425336806e-06
-1.0,17.0,3.884766641704118e-08
-1.0,18.0,4.923382448396296e-07
-1.0,19.0,3.526185537339188e-06
-1.0,20.0,9.853532390025066e-08
-1.0,21.0,1.6093951060724976e-08
-1.0,22.0,9.494335984072677e-09
-1.0,23.0,6.36642241147456e-08
-1.0,24.0,4.850383289456417e-11
-1.0,25.0,6.857518553005093e-09
-1.0,26.0,2.2795545007170404e-08
-1.0,27.0,1.9657417360541274e-10
-1.0,28.0,4.584243401550836e-11
-1.0,29.0,9.897990760343589e-11
-1.0,30.0,3.7101401811900914e-11
-1.0,31.0,1.3335871469621896e-11
-1.0,32.0,2.078615501943659e-09
-1.0,33.0,2.6495636795687005e-09
-1.0,34.0,4.8913619821178145e-08
-1.0,35.0,2.9188086614340136e-07
-1.0,36.0,9.210658191705079e-08
-1.0,37.0,5.497638611018374e-08
-1.0,38.0,1.664645537857723e-06
-1.0,39.0,5.707989657821599e-06
-1.0,40.0,5.713854989153333e-06
-1.0,41.0,7.474205290236569e-07
-1.0,42.0,2.387842414464103e-06
-1.0,43.0,2.159064962370394e-07
-1.0,44.0,3.4720508210739354e-06
-1.0,45.0,1.747497293536071e-07
-1.0,46.0,9.758786063684965e-07
-1.0,47.0,8.505549544679525e-07
-1.0,48.0,1.139299570240837e-06
-1.0,49.0,1.8761986098070338e-07
-1.0,50.0,3.6601905950561786e-09
-1.0,51.0,4.3044272501902014e-07
-1.0,52.0,2.4215568217300643e-08
-1.0,53.0,7.435422055834806e-09
-1.0,54.0,1.5669965325315616e-09
-1.0,55.0,1.4323453534359487e-09
-1.0,56.0,2.0484123286479416e-09
-1.0,57.0,8.914324389763806e-09
-1.0,58.0,2.907973639665329e-09
-1.0,59.0,1.0514625614632678e-08
-1.0,60.0,3.0204880818729407e-09
-1.0,61.0,8.607885071398869e-09
-1.0,62.0,6.678790498426679e-08
-1.0,63.0,1.0560329499753607e-08
-1.0,64.0,1.5311476531110202e-08
-1.0,65.0,9.87424684240068e-08
-1.0,66.0,3.2002247962736874e-08
-1.0,67.0,1.2922976466711589e-08
-1.0,68.0,4.646439037969685e-07
-1.0,69.0,8.35681177591141e-08
-1.0,70.0,1.9232714976169518e-08
-1.0,71.0,1.5161896627091664e-08
-1.0,72.0,7.589293886667292e-07
-1.0,73.0,1.2633930168703955e-07
-1.0,74.0,9.698658942625116e-08
-1.0,75.0,1.4536129810949205e-07
-1.0,76.0,6.300739041620318e-09
-1.0,77.0,5.248623313747203e-09
-1.0,78.0,4.5460776476602405e-08
-1.0,79.0,7.239888244470194e-09
-1.0,80.0,8.77039774138666e-09
-1.0,81.0,2.6627878568774577e-08
-1.0,82.0,9.455265015390069e-09
-1.0,83.0,4.017242094533913e-09
-1.0,84.0,9.32568156031266e-09
-1.0,85.0,1.3012936506129336e-08
-1.0,86.0,1.080608527104232e-07
-1.0,87.0,3.9854234046288184e-07
-1.0,88.0,6.694189096378977e-07
-1.0,89.0,3.327928197904839e-06
-1.0,90.0,1.1597627235460095e-05
-1.0,91.0,7.017465395620093e-05
-1.0,92.0,9.370245970785618e-05
-1.0,93.0,2.515345113351941e-05
-1.0,94.0,2.7054538804804906e-05
-1.0,95.0,4.339081351645291e-05
-1.0,96.0,0.001172617543488741
-1.0,97.0,6.85660552335321e-06
-1.0,98.0,2.655558546393877e-06
-1.0,99.0,3.229907088098116e-05
-1.0,100.0,6.680114950086136e-08
-1.0,101.0,6.74951138535107e-07
-1.0,102.0,8.029219884519989e-07
-1.0,103.0,5.752872311859392e-07
-1.0,104.0,3.449390305831912e-06
-1.0,105.0,5.700281235476723e-06
-1.0,106.0,1.0700876373448409e-05
-1.0,107.0,3.774049901039689e-06
-1.0,108.0,6.021676654199837e-06
-1.0,109.0,2.658949256328924e-07
-1.0,110.0,8.42992335492454e-07
-1.0,111.0,4.2678644263105525e-07
-1.0,112.0,8.328377276711763e-08
-1.0,113.0,5.395185326051433e-06
-1.0,114.0,8.271942533610854e-06
-1.0,115.0,5.214658216345924e-08
-1.0,116.0,1.173638537466104e-07
-1.0,117.0,2.2526016607571364e-08
-1.0,118.0,1.5041085044131819e-09
-1.0,119.0,4.186802460282024e-09
-1.0,120.0,1.1495374652170653e-09
-1.0,121.0,4.371771694655635e-11
-1.0,122.0,1.466941901284713e-09
-1.0,123.0,8.288881581108853e-09
-1.0,124.0,1.571874228001313e-11
-1.0,125.0,1.0293705443586987e-08
-1.0,126.0,1.8175916238760692e-07
-1.0,127.0,1.8096114606791502e-09
-1.0,128.0,5.262318722998316e-07
-1.0,129.0,2.7173615535502904e-07
-1.0,130.0,2.177573854567072e-08
-1.0,131.0,5.126980617831123e-09
-1.0,132.0,2.127027585174801e-07
-1.0,133.0,4.861528850597097e-07
-1.0,134.0,5.316956617207325e-07
-1.0,135.0,1.8761405954137444e-05
-1.0,136.0,1.7297179510933347e-06
-1.0,137.0,1.342828142014696e-07
-1.0,138.0,8.841741873766296e-06
-1.0,139.0,7.74186617036321e-07
-1.0,140.0,1.6263490465462382e-07
-1.0,141.0,3.9593481915289885e-07
-1.0,142.0,3.747327355085872e-07
-1.0,143.0,2.4832797862472944e-07
-1.0,144.0,1.48701474245172e-07
-1.0,145.0,1.262091302578483e-07
-1.0,146.0,5.721647511336414e-08
-1.0,147.0,3.9262812379092793e-07
-1.0,148.0,8.505542581360714e-08
-1.0,149.0,5.5466045978391776e-08
-1.0,150.0,6.797034046712724e-08
-1.0,151.0,2.0286871915686788e-07
-1.0,152.0,2.476487850344711e-07
-1.0,153.0,2.065186777144845e-07
-1.0,154.0,2.083549048847999e-07
-1.0,155.0,1.3368686779813288e-07
-1.0,156.0,1.9366548542620876e-07
-1.0,157.0,4.5042690999252954e-07
-1.0,158.0,2.6731416369329963e-07
-1.0,159.0,6.62356683278631e-07
-1.0,160.0,7.338126124523114e-07
-1.0,161.0,3.4191890563306515e-07
-1.0,162.0,7.474929134332342e-06
-1.0,163.0,1.756987103362917e-06
-1.0,164.0,1.4651969877377269e-06
-1.0,165.0,4.6816226131340954e-06
-1.0,166.0,1.836620640460751e-06
-1.0,167.0,1.632076305213559e-06
-1.0,168.0,4.503402578848181e-06
-1.0,169.0,7.221534588097711e-07
-1.0,170.0,7.093138947311672e-07
-1.0,171.0,0.0013014638097956777
-1.0,172.0,4.248177356203087e-05
-1.0,173.0,1.3232195215095999e-06
-1.0,174.0,2.723621582845226e-05
-1.0,175.0,4.391717811813578e-05
-1.0,176.0,8.414041076321155e-06
-1.0,177.0,1.12382156203239e-06
-1.0,178.0,4.092961717105936e-06
-1.0,179.0,1.6213115827667934e-07
-1.0,180.0,1.9283210406229045e-07
-1.0,-179.0,2.2988324133166316e-07
-1.0,-178.0,8.623332270474293e-09
-1.0,-177.0,2.909146132878959e-07
-1.0,-176.0,1.5774079997754598e-07
-1.0,-175.0,2.1545412565160404e-08
-1.0,-174.0,4.3409681182993154e-08
-1.0,-173.0,1.0093437907698899e-07
-1.0,-172.0,3.042368490469016e-08
-1.0,-171.0,7.907409127483334e-08
-1.0,-170.0,2.604972060282762e-08
-1.0,-169.0,7.329314399839859e-08
-1.0,-168.0,5.692012337021879e-07
-1.0,-167.0,1.4571239326244267e-08
-1.0,-166.0,2.4566478629139965e-08
-1.0,-165.0,6.711634625844454e-08
-1.0,-164.0,4.400992992259489e-08
-1.0,-163.0,1.9502154557926588e-08
-1.0,-162.0,1.0815549700282645e-07
-1.0,-161.0,3.888495925252755e-08
-1.0,-160.0,3.403335568918919e-08
-1.0,-159.0,4.781298557077207e-08
-1.0,-158.0,1.0464052735414953e-07
-1.0,-157.0,6.246428796430337e-08
-1.0,-156.0,9.917280152649255e-08
-1.0,-155.0,3.505807910642034e-08
-1.0,-154.0,3.825836092374857e-09
-1.0,-153.0,1.4598890984984791e-08
-1.0,-152.0,3.9498132764492766e-08
-1.0,-151.0,3.976208873268661e-08
-1.0,-150.0,3.91447407821488e-08
-1.0,-149.0,1.4398818848349038e-07
-1.0,-148.0,9.100573805653767e-08
-1.0,-147.0,1.0558501628565864e-07
-1.0,-146.0,1.4197517828051787e-07
-1.0,-145.0,1.0259623905994886e-07
-1.0,-144.0,4.990842938923379e-08
-1.0,-143.0,5.17948933520529e-07
-1.0,-142.0,4.496337524528826e-08
-1.0,-141.0,1.5021204262666288e-06
-1.0,-140.0,3.248043469739059e-07
-1.0,-139.0,3.607682330653006e-08
-1.0,-138.0,1.5587407631301176e-07
-1.0,-137.0,8.065920269473281e-07
-1.0,-136.0,2.839537103227485e-07
-1.0,-135.0,1.426710696250666e-07
-1.0,-134.0,6.625936066484428e-07
-1.0,-133.0,1.2169767842351575e-06
-1.0,-132.0,1.1404828370586984e-07
-1.0,-131.0,1.5909066064523358e-07
-1.0,-130.0,3.4874256016337313e-06
-1.0,-129.0,7.243392019518069e-07
-1.0,-128.0,4.4753201677849574e-07
-1.0,-127.0,1.861143118730979e-06
-1.0,-126.0,1.4733912223618972e-07
-1.0,-125.0,9.481035476710531e-07
-1.0,-124.0,2.9714442462136503e-06
-1.0,-123.0,2.0620872476229124e-07
-1.0,-122.0,3.3199796689586947e-07
-1.0,-121.0,3.4592897009133594e-06
-1.0,-120.0,1.7107797134485736e-07
-1.0,-119.0,1.8130280921013764e-07
-1.0,-118.0,5.762030923506245e-07
-1.0,-117.0,1.266362119167752e-06
-1.0,-116.0,1.0009739526140038e-06
-1.0,-115.0,3.0133779205243627e-07
-1.0,-114.0,9.878151558950776e-07
-1.0,-113.0,1.0554379059612984e-06
-1.0,-112.0,3.1744946227263426e-07
-1.0,-111.0,1.823082556029476e-07
-1.0,-110.0,1.1549272471711447e-07
-1.0,-109.0,1.1676500122348443e-07
-1.0,-108.0,1.6106240252611315e-07
-1.0,-107.0,5.522799284563007e-08
-1.0,-106.0,1.4512332313643128e-07
-1.0,-105.0,4.423100961048476e-07
-1.0,-104.0,1.0648459181084036e-07
-1.0,-103.0,4.4833464585281035e-07
-1.0,-102.0,6.934279781489749e-07
-1.0,-101.0,7.62327303505117e-08
-1.0,-100.0,4.526968666596076e-07
-1.0,-99.0,6.303002209051556e-08
-1.0,-98.0,7.182180894460544e-08
-1.0,-97.0,7.762818654555304e-07
-1.0,-96.0,2.230107156719896e-07
-1.0,-95.0,9.808544199074731e-09
-1.0,-94.0,1.381273705192143e-06
-1.0,-93.0,2.152923457288125e-07
-1.0,-92.0,1.1032484792394825e-07
-1.0,-91.0,3.175197207383462e-07
-1.0,-90.0,3.253102534017671e-07
-1.0,-89.0,3.0868037015352456e-07
-1.0,-88.0,4.784017093584225e-08
-1.0,-87.0,1.417287052163374e-07
-1.0,-86.0,1.0073011935674003e-07
-1.0,-85.0,2.9695896852643955e-09
-1.0,-84.0,3.943287296692688e-08
-1.0,-83.0,3.992151675902278e-08
-1.0,-82.0,1.976678686332889e-05
-1.0,-81.0,5.66852577321697e-05
-1.0,-80.0,0.0005751703283749521
-1.0,-79.0,2.0463518012547866e-05
-1.0,-78.0,1.0856252629309893e-05
-1.0,-77.0,0.0001934020983753726
-1.0,-76.0,5.324505764292553e-05
-1.0,-75.0,1.4693958291900344e-05
-1.0,-74.0,9.682106792752165e-06
-1.0,-73.0,1.6499828916494153e-06
-1.0,-72.0,2.0269612832635175e-06
-1.0,-71.0,6.885417747071187e-07
-1.0,-70.0,3.4290707162654144e-07
-1.0,-69.0,2.0915513232466765e-06
-1.0,-68.0,1.2047856898789178e-06
-1.0,-67.0,3.2260188618238317e-06
-1.0,-66.0,6.904315341671463e-06
-1.0,-65.0,6.817965186201036e-06
-1.0,-64.0,1.163386241387343e-05
-1.0,-63.0,1.4663065485365223e-05
-1.0,-62.0,1.660519410506822e-05
-1.0,-61.0,6.9537031777144875e-06
-1.0,-60.0,4.2781070987985e-06
-1.0,-59.0,2.6133211576961912e-06
-1.0,-58.0,1.9825465642497875e-06
-1.0,-57.0,1.8234594563182327e-06
-1.0,-56.0,4.630346097656002e-07
-1.0,-55.0,4.096086740901228e-07
-1.0,-54.0,1.321035824730643e-06
-1.0,-53.0,5.476101136991929e-07
-1.0,-52.0,6.814058224335895e-07
-1.0,-51.0,3.3548343481015763e-07
-1.0,-50.0,7.707427585046389e-08
-1.0,-49.0,5.96674226471805e-07
-1.0,-48.0,6.316540179795993e-07
-1.0,-47.0,1.662015307601905e-07
-1.0,-46.0,1.5336001979449065e-07
-1.0,-45.0,6.601093360814048e-08
-1.0,-44.0,1.2077555311407195e-07
-1.0,-43.0,7.657285294726535e-08
-1.0,-42.0,2.5187457453057505e-08
-1.0,-41.0,3.425274996970984e-08
-1.0,-40.0,3.356654332264952e-08
-1.0,-39.0,4.0489521069275725e-08
-1.0,-38.0,2.693298313261039e-07
-1.0,-37.0,5.353697929422196e-07
-1.0,-36.0,2.4108867364702746e-06
-1.0,-35.0,3.076051200423535e-07
-1.0,-34.0,1.6222736576310126e-06
-1.0,-33.0,1.734058514557546e-06
-1.0,-32.0,2.305861471540993e-06
-1.0,-31.0,4.987173724657623e-06
-1.0,-30.0,2.5343147171952296e-06
-1.0,-29.0,5.720271929021692e-06
-1.0,-28.0,2.54046813097375e-06
-1.0,-27.0,2.239844661744428e-06
-1.0,-26.0,1.2928519481647527e-06
-1.0,-25.0,4.97147993883118e-07
-1.0,-24.0,1.1137396427329804e-07
-1.0,-23.0,1.0088759694326654e-07
-1.0,-22.0,4.570935274728072e-08
-1.0,-21.0,5.352901766286777e-08
-1.0,-20.0,8.656012795427159e-08
-1.0,-19.0,1.1911409814047147e-07
-1.0,-18.0,2.063735848878423e-07
-1.0,-17.0,2.0785529741829123e-08
-1.0,-16.0,4.3942328886714677e-08
-1.0,-15.0,1.0579223896911572e-07
-1.0,-14.0,1.0096206537468788e-08
-1.0,-13.0,3.958219281230413e-07
-1.0,-12.0,2.1308325415247964e-07
-1.0,-11.0,3.8513977784759845e-08
-1.0,-10.0,1.5801512631696824e-07
-1.0,-9.0,4.031125513392908e-07
-1.0,-8.0,2.666668876827316e-07
-1.0,-7.0,7.927781808803047e-08
-1.0,-6.0,3.087874347329489e-06
-1.0,-5.0,4.2826809476537164e-07
-1.0,-4.0,1.364109891710541e-07
-1.0,-3.0,3.5576425716499216e-07
-1.0,-2.0,2.2463831328423112e-07
-1.0,-1.0,2.2830536750007013e-07
0.0,0.0,6.386903805832844e-08
0.0,1.0,5.904487210273146e-08
0.0,2.0,1.1218732254292263e-07
0.0,3.0,1.1611853096837876e-06
0.0,4.0,1.714032293875789e-08
0.0,5.0,6.684862228212296e-07
0.0,6.0,2.383573445285947e-07
0.0,7.0,3.017288463524892e-07
0.0,8.0,0.0005197240388952196
0.0,9.0,1.469568502443508e-07
0.0,10.0,9.59726449423215e-08
0.0,11.0,9.86093709798297e-07
0.0,12.0,1.2857994668991068e-08
0.0,13.0,1.2003751180600375e-05
0.0,14.0,4.1805200453381985e-05
0.0,15.0,4.417713341808849e-07
0.0,16.0,1.895318519018474e-06
0.0,17.0,3.0614620527558145e-07
0.0,18.0,7.136174318134181e-09
0.0,19.0,1.4507934338325867e-06
0.0,20.0,4.499005967772973e-07
0.0,21.0,1.9904293324657374e-08
0.0,22.0,7.137394391065754e-07
0.0,23.0,4.1751667367861955e-07
0.0,24.0,2.2064605218474753e-05
0.0,25.0,1.8414718852000078e-06
0.0,26.0,1.8585251382319257e-06
0.0,27.0,1.003108877739578e-06
0.0,28.0,2.0099127695516472e-08
0.0,29.0,3.0709104148485267e-09
0.0,30.0,3.8756348885726766e-07
0.0,31.0,5.072280018225683e-08
0.0,32.0,1.0601701738721658e-08
0.0,33.0,2.589489668025635e-06
0.0,34.0,2.432220753689762e-06
0.0,35.0,0.0001059806309058331
0.0,36.0,0.000248431577347219
0.0,37.0,2.380103433097247e-05
0.0,38.0,4.266728979018808e-07
0.0,39.0,4.506865934672533e-06
0.0,40.0,2.1452311557368375e-05
0.0,41.0,1.1328086657158565e-05
0.0,42.0,1.1562987083379994e-06
0.0,43.0,0.00014443577674683183
0.0,44.0,1.4397916174857528e-06
0.0,45.0,5.46981141269498e-07
0.0,46.0,1.9347662600921467e-05
0.0,47.0,6.968341494939523e-07
0.0,48.0,3.2031201158133626e-07
0.0,49.0,1.951194462890271e-05
0.0,50.0,4.004369102972305e-08
0.0,51.0,1.3781539109913865e-06
0.0,52.0,9.911153142638796e-08
0.0,53.0,7.120266154458932e-09
0.0,54.0,1.2552659711673186e-07
0.0,55.0,1.5704472389188595e-08
0.0,56.0,9.669778311405253e-10
0.0,57.0,6.549658149168636e-09
0.0,58.0,1.5164317579419162e-09
0.0,59.0,1.4541441384352538e-09
0.0,60.0,3.008707949447853e-08
0.0,61.0,7.660934997488766e-09
0.0,62.0,8.225899073011078e-09
0.0,63.0,6.622924075827541e-08
0.0,64.0,9.311076354379111e-08
0.0,65.0,6.433388222149006e-08
0.0,66.0,1.1459261095581041e-08
0.0,67.0,5.154486260039448e-08
0.0,68.0,1.4177196305809048e-07
0.0,69.0,4.290007904472759e-09
0.0,70.0,6.436628723349713e-07
0.0,71.0,5.311087534209946e-07
0.0,72.0,5.352245757705987e-09
0.0,73.0,4.4726448322762735e-07
0.0,74.0,5.184410412084617e-08
0.0,75.0,1.549766714958878e-08
0.0,76.0,4.554982879767522e-08
0.0,77.0,1.8726408868019462e-08
0.0,78.0,2.7388693979446543e-08
0.0,79.0,3.719838304050427e-08
0.0,80.0,1.439305350459108e-07
0.0,81.0,9.284138258180974e-08
0.0,82.0,3.2418975592918287e-07
0.0,83.0,3.154771022195746e-08
0.0,84.0,9.8226182743133e-10
0.0,85.0,8.608907364759943e-08
0.0,86.0,9.860746885692606e-09
0.0,87.0,1.2735686283349423e-08
0.0,88.0,1.9634043724181538e-07
0.0,89.0,7.264305281751149e-07
0.0,90.0,3.7688059819629416e-06
0.0,91.0,4.546064644728176e-07
0.0,92.0,3.1978411243471783e-06
0.0,93.0,7.12393512003473e-06
0.0,94.0,7.394339149868756e-07
0.0,95.0,0.00011472664482425898
0.0,96.0,2.8619506338145584e-05
0.0,97.0,4.9085731006925926e-05
0.0,98.0,9.975595276046079e-06
0.0,99.0,1.264531420019921e-06
0.0,100.0,1.105113096855348e-05
0.0,101.0,5.9863145907002036e-06
0.0,102.0,3.577017650968628e-07
0.0,103.0,1.927055564010516e-06
0.0,104.0,8.042177910283499e-07
0.0,105.0,6.97496460588809e-08
0.0,106.0,3.295147052995162e-06
0.0,107.0,2.048009037025622e-06
0.0,108.0,3.921779807569692e-07
0.0,109.0,7.045795882731909e-06
0.0,110.0,4.720001243185834e-07
0.0,111.0,2.561474730100599e-07
0.0,112.0,3.7676238662243122e-06
0.0,113.0,4.417493570940678e-08
0.0,114.0,2.2671432020615612e-07
0.0,115.0,2.4965684133348987e-06
0.0,116.0,5.779868317290493e-08
0.0,117.0,7.224227829283336e-07
0.0,118.0,1.879776334590133e-08
0.0,119.0,1.2956066219871332e-09
0.0,120.0,1.9838534370819616e-08
0.0,121.0,7.346911273797829e-11
0.0,122.0,6.998277513048379e-10
0.0,123.0,3.9266078452962483e-13
0.0,124.0,1.255788029119742e-09
0.0,125.0,4.33928969145736e-11
0.0,126.0,9.75359307209267e-11
0.0,127.0,1.3513335339609966e-08
0.0,128.0,3.8151388714879886e-09
0.0,129.0,1.2577051899942404e-10
0.0,130.0,2.286364875203617e-08
0.0,131.0,3.0268088035967367e-09
0.0,132.0,7.102850752005452e-09
0.0,133.0,5.290316380524018e-07
0.0,134.0,5.868547532372759e-07
0.0,135.0,1.520746195637912e-06
0.0,136.0,2.2062549760448746e-06
0.0,137.0,4.0465016581947566e-07
0.0,138.0,3.1528500699096185e-07
0.0,139.0,1.797500743805358e-07
0.0,140.0,7.572326126137341e-07
0.0,141.0,1.0811528738940979e-07
0.0,142.0,1.0034258224322912e-07
0.0,143.0,1.7850541098596295e-06
0.0,144.0,2.207624163474975e-07
0.0,145.0,1.0718659382291662e-07
0.0,146.0,1.2670893738686573e-06
0.0,147.0,6.03192006565223e-07
0.0,148.0,2.6719283141574124e-07
0.0,149.0,6.887577796987898e-07
0.0,150.0,5.006535843676829e-07
0.0,151.0,2.4408362264694006e-07
0.0,152.0,8.202188723771542e-07
0.0,153.0,5.153478923602961e-07
0.0,154.0,4.3579379394032003e-07
0.0,155.0,8.310848329529108e-07
0.0,156.0,3.7823010643478483e-06
0.0,157.0,1.781324613148172e-06
0.0,158.0,2.231154667242663e-06
0.0,159.0,8.199981493817177e-06
0.0,160.0,4.858840384258656e-06
0.0,161.0,1.1325125342409592e-05
0.0,162.0,2.02526971406769e-05
0.0,163.0,1.8217671822640114e-05
0.0,164.0,1.2096996215404943e-05
0.0,165.0,1.2940809938299935e-05
0.0,166.0,2.7897218387806788e-05
0.0,167.0,3.8624543776677456e-06
0.0,168.0,4.707872449216666e-06
0.0,169.0,1.2386607295411523e-06
0.0,170.0,2.3273953502211953e-06
0.0,171.0,8.80883987974812e-07
0.0,172.0,7.882697872219069e-08
0.0,173.0,1.7380107237841003e-05
0.0,174.0,3.560249979273067e-06
0.0,175.0,2.903960405475914e-09
0.0,176.0,2.6785718887367693e-07
0.0,177.0,6.960942187106411e-07
0.0,178.0,4.1079157853118886e-08
0.0,179.0,1.0038163367198649e-07
0.0,180.0,1.781584728632879e-07
0.0,-179.0,7.132608281779085e-09
0.0,-178.0,3.4763203871079895e-07
0.0,-177.0,6.357891635389024e-08
0.0,-176.0,2.0201118555718267e-09
0.0,-175.0,8.09776921073535e-08
0.0,-174.0,1.4735157094492024e-08
0.0,-173.0,5.2682311846297125e-09
0.0,-172.0,9.549875557013365e-09
0.0,-171.0,7.141814251099277e-08
0.0,-170.0,1.865322296623617e-08
0.0,-169.0,1.594682430550165e-08
0.0,-168.0,3.824601719770726e-07
0.0,-167.0,3.319434682680367e-08
0.0,-166.0,9.140075363234246e-09
0.0,-165.0,1.9230832037919754e-07
0.0,-164.0,8.33030000535473e-08
0.0,-163.0,5.914225909009474e-08
0.0,-162.0,2.124417797233491e-08
0.0,-161.0,4.598384606424588e-08
0.0,-160.0,6.563480070553851e-08
0.0,-159.0,2.834588030964369e-08
0.0,-158.0,2.755821171263051e-08
0.0,-157.0,2.2888242767749034e-07
0.0,-156.0,2.100487535017237e-07
0.0,-155.0,3.643718216039815e-08
0.0,-154.0,1.6242350397988048e-07
0.0,-153.0,6.053997481103579e-07
0.0,-152.0,6.054685286471795e-08
0.0,-151.0,9.484512020208058e-08
0.0,-150.0,1.060676169117869e-07
0.0,-149.0,3.488504773940804e-08
0.0,-148.0,2.9857730510229885e-07
0.0,-147.0,7.995585349362955e-08
0.0,-146.0,6.05735408498731e-08
0.0,-145.0,1.6584196771418647e-07
0.0,-144.0,6.554358833454899e-07
0.0,-143.0,6.414834885504206e-09
0.0,-142.0,3.7657304119420587e-07
0.0,-141.0,1.2243847891113546e-07
0.0,-140.0,2.4118675057138717e-08
0.0,-139.0,1.585652285029937e-07
0.0,-138.0,1.6356507615000737e-07
0.0,-137.0,2.480453353825851e-08
0.0,-136.0,1.5382077833692165e-08
0.0,-135.0,6.212298444552289e-07
0.0,-134.0,3.5204729442739335e-07
0.0,-133.0,3.5649420624395134e-06
0.0,-132.0,2.6779895279105403e-07
0.0,-131.0,2.9363316222941194e-09
0.0,-130.0,1.4704586703828681e-07
0.0,-129.0,9.392883839609567e-07
0.0,-128.0,7.017097458650312e-10
0.0,-127.0,1.1288557288935408e-07
0.0,-126.0,8.130037087994424e-08
0.0,-125.0,4.5605641929569174e-08
0.0,-124.0,7.555706247330818e-07
0.0,-123.0,7.215105028990365e-07
0.0,-122.0,3.547762901234819e-07
0.0,-121.0,9.860710861175903e-07
0.0,-120.0,9.944504881786997e-07
0.0,-119.0,6.103470582274895e-07
0.0,-118.0,3.4727459023997653e-06
0.0,-117.0,9.062583558261395e-06
0.0,-116.0,1.7724281633491046e-06
0.0,-115.0,5.657507699652342e-06
0.0,-114.0,2.068237108687754e-06
0.0,-113.0,1.384432152917725e-06
0.0,-112.0,1.575657961438992e-06
0.0,-111.0,5.073146098766301e-07
0.0,-110.0,3.231239418255427e-07
0.0,-109.0,4.7425754701180267e-07
0.0,-108.0,7.702076914029021e-07
0.0,-107.0,4.1010548557096627e-07
0.0,-106.0,7.420824204018572e-07
0.0,-105.0,7.643196227036242e-07
0.0,-104.0,6.758858148714353e-07
0.0,-103.0,1.2165137377451174e-06
0.0,-102.0,1.938534097689626e-07
0.0,-101.0,5.485022711582133e-07
0.0,-100.0,2.3757667122481507e-07
0.0,-99.0,7.925150669052528e-08
0.0,-98.0,1.2760979473114276e-07
0.0,-97.0,5.019721811549971e-07
0.0,-96.0,2.8825951403632644e-07
0.0,-95.0,2.0766824491147418e-06
0.0,-94.0,6.55645715497144e-09
0.0,-93.0,1.0746928637672681e-05
0.0,-92.0,1.422307747134255e-07
0.0,-91.0,1.4895680067184003e-07
0.0,-90.0,2.6365894427726744e-06
0.0,-89.0,1.0544091821884649e-07
0.0,-88.0,2.0662369593082985e-07
0.0,-87.0,2.0779769727141684e-07
0.0,-86.0,6.911054839520148e-08
0.0,-85.0,1.3572453383403627e-07
0.0,-84.0,9.467067130231044e-09
0.0,-83.0,8.820509719953407e-06
0.0,-82.0,6.187488452269463e-06
0.0,-81.0,0.006390842609107494
0.0,-80.0,0.00017722896882332861
0.0,-79.0,1.075903946912149e-05
0.0,-78.0,3.427306728553958e-05
0.0,-77.0,0.0001238529075635597
0.0,-76.0,8.451232861261815e-05
0.0,-75.0,3.74548471882008e-05
0.0,-74.0,0.00017970523913390934
0.0,-73.0,1.8545521015767008e-05
0.0,-72.0,4.829781119042309e-06
0.0,-71.0,1.4452475625148509e-05
0.0,-70.0,3.5416246646491345e-06
0.0,-69.0,1.8437402786730672e-06
0.0,-68.0,2.3896079710539198e-06
0.0,-67.0,7.131910138014064e-07
0.0,-66.0,7.431191875184595e-07
0.0,-65.0,2.606275018024462e-07
0.0,-64.0,2.0313434845320444e-07
0.0,-63.0,1.0063367881230079e-06
0.0,-62.0,1.1938651596210548e-06
0.0,-61.0,3.577399866117048e-06
0.0,-60.0,1.0087400369229726e-05
0.0,-59.0,1.750020487634174e-06
0.0,-58.0,2.8000738439004635e-06
0.0,-57.0,1.2233883808221435e-06
0.0,-56.0,2.4846727342264785e-07
0.0,-55.0,1.2198386230011238e-06
0.0,-54.0,6.220509476406733e-07
0.0,-53.0,1.296048992571741e-07
0.0,-52.0,1.3460019090416608e-06
0.0,-51.0,2.8584446454260615e-07
0.0,-50.0,1.0781010928440082e-07
0.0,-49.0,3.5396823250266607e-07
0.0,-48.0,2.427689480555273e-07
0.0,-47.0,1.108156126861104e-07
0.0,-46.0,1.0912858527944991e-07
0.0,-45.0,1.5829536437195202e-07
0.0,-44.0,6.234597549337195e-08
0.0,-43.0,1.6369334332466678e-07
0.0,-42.0,1.1582253023334488e-07
0.0,-41.0,6.100753324744801e-08
0.0,-40.0,7.217307995688316e-08
0.0,-39.0,2.9658217215455807e-08
0.0,-38.0,1.3979607160763408e-07
0.0,-37.0,2.858133996141987e-07
0.0,-36.0,2.3321210846916074e-06
0.0,-35.0,3.4681016813919996e-07
0.0,-34.0,2.666356522240676e-06
0.0,-33.0,2.2966944470681483e-06
0.0,-32.0,9.343023066321621e-07
0.0,-31.0,3.6238589018466882e-06
0.0,-30.0,1.7072543414542452e-06
0.0,-29.0,8.532033461960964e-07
0.0,-28.0,1.2105547284591012e-06
0.0,-27.0,6.672894414805342e-07
0.0,-26.0,9.908374920541974e-08
0.0,-25.0,2.0448695181585208e-07
0.0,-24.0,1.408222374266188e-07
0.0,-23.0,1.96945144637084e-08
0.0,-22.0,2.5570443540345877e-08
0.0,-21.0,7.755945574672296e-08
0.0,-20.0,4.905665917931401e-08
0.0,-19.0,1.2271781812955851e-08
0.0,-18.0,5.920365708789177e-08
0.0,-17.0,2.2188247683629925e-08
0.0,-16.0,2.135402787928342e-08
0.0,-15.0,1.0198804467620448e-08
0.0,-14.0,4.158218658290025e-08
0.0,-13.0,3.820920913000236e-09
0.0,-12.0,4.75492312190795e-09
0.0,-11.0,1.9578781262907796e-08
0.0,-10.0,1.2299198104415154e-08
0.0,-9.0,8.666946271773668e-09
0.0,-8.0,3.4512247282236785e-08
0.0,-7.0,5.015385085016533e-08
0.0,-6.0,1.0070515799043278e-07
0.0,-5.0,1.5463591296338564e-08
0.0,-4.0,3.258597658373219e-08
0.0,-3.0,7.646470834288266e-08
0.0,-2.0,9.184624616409565e-08
0.0,-1.0,2.7689406323361254e-08
1.0,0.0,4.647103537536168e-07
1.0,1.0,2.711655895382137e-07
1.0,2.0,1.7629979254252248e-07
1.0,3.0,3.3223184345843038e-06
1.0,4.0,3.732952791324351e-07
1.0,5.0,5.3094897367600424e-09
1.0,6.0,2.5560750600561732e-06
1.0,7.0,3.366568989804364e-06
1.0,8.0,1.65151152486942e-06
1.0,9.0,2.558430651333765e-06
1.0,10.0,9.578446480418279e-08
1.0,11.0,8.965020725781869e-08
1.0,12.0,6.201560722729482e-07
1.0,13.0,7.367752345999179e-07
1.0,14.0,1.3945086720923427e-05
1.0,15.0,2.4591852252342505e-06
1.0,16.0,4.689383814593384e-08
1.0,17.0,2.0741983917105244e-06
1.0,18.0,1.4298298367521056e-07
1.0,19.0,4.928150474370341e-07
1.0,20.0,2.1847883147074754e-07
1.0,21.0,8.383606309170233e-11
1.0,22.0,8.977148802102874e-09
1.0,23.0,8.630624392935715e-08
1.0,24.0,8.944371643337945e-08
1.0,25.0,0.00031866965582594275
1.0,26.0,1.396997276970069e-06
1.0,27.0,6.953656566111022e-07
1.0,28.0,3.16599511052118e-08
1.0,29.0,1.9480857815779018e-07
1.0,30.0,5.448258093565528e-07
1.0,31.0,1.0100371383714446e-07
1.0,32.0,2.7324069378664717e-05
1.0,33.0,2.3258674985981997e-08
1.0,34.0,3.893542555033491e-08
1.0,35.0,0.0007032278226688504
1.0,36.0,4.948353762301849e-07
1.0,37.0,3.408310021768557e-06
1.0,38.0,0.0021672381553798914
1.0,39.0,7.158887456171215e-05
1.0,40.0,3.476310666883364e-05
1.0,41.0,0.00171995023265481
1.0,42.0,4.807397090189625e-06
1.0,43.0,4.785623787029181e-06
1.0,44.0,0.0001300760923186317
1.0,45.0,2.6285381409252295e-06
1.0,46.0,6.369895118041313e-07
1.0,47.0,1.319713533121103e-06
1.0,48.0,2.8825261324527673e-06
1.0,49.0,8.322198254973046e-07
1.0,50.0,1.876944679679582e-06
1.0,51.0,3.9054875742294826e-06
1.0,52.0,7.274898905507143e-08
1.0,53.0,5.284650796966162e-06
1.0,54.0,5.457926022245374e-07
1.0,55.0,7.100109655766573e-07
1.0,56.0,1.6383452816626232e-07
1.0,57.0,1.8525790679291276e-08
1.0,58.0,2.515370844946574e-08
1.0,59.0,5.050780416127054e-08
1.0,60.0,2.2955456202566893e-08
1.0,61.0,3.915515947028325e-07
1.0,62.0,2.040509095024845e-08
1.0,63.0,1.071852495648784e-09
1.0,64.0,2.9543244295382465e-07
1.0,65.0,2.307960045300206e-09
1.0,66.0,1.1975959113286194e-09
1.0,67.0,3.189122921298804e-08
1.0,68.0,5.913311724725645e-07
1.0,69.0,1.4483353879768401e-05
1.0,70.0,4.609875929872942e-07
1.0,71.0,1.4108100288012793e-07
1.0,72.0,1.0743505299615208e-05
1.0,73.0,8.523803671778296e-07
1.0,74.0,2.5064485598136343e-08
1.0,75.0,3.2439231745229336e-07
1.0,76.0,8.061508793844041e-08
1.0,77.0,6.78493350392273e-09
1.0,78.0,3.976664331162283e-08
1.0,79.0,3.836102546728171e-09
1.0,80.0,8.001379114830343e-09
1.0,81.0,2.9109111210345873e-07
1.0,82.0,7.356302234029499e-08
1.0,83.0,2.442278879133397e-10
1.0,84.0,5.3381892684001286e-08
1.0,85.0,2.1387045023857354e-08
1.0,86.0,4.891319571598274e-10
1.0,87.0,6.819746545261296e-08
1.0,88.0,6.003971009249653e-08
1.0,89.0,5.662866797706556e-08
1.0,90.0,3.311405635031406e-06
1.0,91.0,2.449263774906285e-06
1.0,92.0,2.6051142754113243e-07
1.0,93.0,3.582015040137776e-07
1.0,94.0,4.855693259742111e-05
1.0,95.0,3.5485285479808226e-05
1.0,96.0,2.8970664061489515e-05
1.0,97.0,0.0003320713003631681
1.0,98.0,0.00040662719402462244
1.0,99.0,0.0002246437215944752
1.0,100.0,3.0212007914087735e-05
1.0,101.0,0.0001052914303727448
1.0,102.0,5.272688576951623e-05
1.0,103.0,8.888511729310267e-06
1.0,104.0,2.6921889002551325e-05
1.0,105.0,7.251256465679035e-05
1.0,106.0,9.993315188694396e-07
1.0,107.0,4.544934654404642e-06
1.0,108.0,1.601540316187311e-05
1.0,109.0,1.6259429685305804e-05
1.0,110.0,2.7169155146111734e-05
1.0,111.0,7.047213330224622e-06
1.0,112.0,6.006976946082432e-06
1.0,113.0,1.4991180705692386e-06
1.0,114.0,1.2588805475388654e-05
1.0,115.0,4.084430202055955e-06
1.0,116.0,6.732186648150673e-07
1.0,117.0,6.738879392287345e-07
1.0,118.0,3.5396446662616654e-08
1.0,119.0,7.568996096551928e-09
1.0,120.0,1.3469510840025123e-08
1.0,121.0,6.949911757203608e-10
1.0,122.0,1.6520220746940595e-09
1.0,123.0,3.331239450954371e-11
1.0,124.0,8.120389360932734e-10
1.0,125.0,5.672471381501509e-10
1.0,126.0,5.7608251502472285e-09
1.0,127.0,2.5091546618227767e-09
1.0,128.0,5.93311177965461e-10
1.0,129.0,9.174548898371881e-10
1.0,130.0,3.092156253270417e-10
1.0,131.0,1.195790466645974e-09
1.0,132.0,1.444345798518043e-08
1.0,133.0,5.1435556258638826e-08
1.0,134.0,9.365308528686e-07
1.0,135.0,1.4344178680403274e-06
1.0,136.0,2.4673227017046884e-06
1.0,137.0,4.4799745069212804e-07
1.0,138.0,5.127691906636755e-07
1.0,139.0,5.498703217199363e-07
1.0,140.0,1.3099268016958376e-06
1.0,141.0,4.077858193340944e-07
1.0,142.0,3.279883458162658e-07
1.0,143.0,2.8593385650310665e-06
1.0,144.0,1.2215044762342586e-06
1.0,145.0,1.4100893395152525e-06
1.0,146.0,2.086976792270434e-06
1.0,147.0,1.4826804317635833e-06
1.0,148.0,1.9550609522411833e-06
1.0,149.0,2.2859674118080875e-06
1.0,150.0,1.0924964044534136e-06
1.0,151.0,3.503459538478637e-06
1.0,152.0,9.771077884579427e-07
1.0,153.0,1.0829003258550074e-06
1.0,154.0,1.3536921414925018e-06
1.0,155.0,1.0755383073046687e-06
1.0,156.0,1.2405936331560952e-06
1.0,157.0,1.1587456356210168e-05
1.0,158.0,1.3484273040376138e-05
1.0,159.0,4.4278705900069326e-05
1.0,160.0,6.442397989303572e-06
1.0,161.0,7.34151981305331e-05
1.0,162.0,0.0001252400252269581
1.0,163.0,0.00010957678750855848
1.0,164.0,7.134255611163098e-06
1.0,165.0,6.882115030748537e-06
1.0,166.0,1.6863179553183727e-05
1.0,167.0,9.48982005866128e-07
1.0,168.0,5.709203833248466e-06
1.0,169.0,6.31010198048898e-06
1.0,170.0,1.170249220194819e-06
1.0,171.0,2.527912670302612e-07
1.0,172.0,7.228133199532749e-06
1.0,173.0,2.631430106703192e-06
1.0,174.0,1.8746678165371122e-07
1.0,175.0,9.753588159355786e-08
1.0,176.0,2.1488273205250152e-07
1.0,177.0,4.362266565749451e-07
1.0,178.0,8.223157266229464e-08
1.0,179.0,1.493586552214765e-07
1.0,180.0,6.774178018531529e-08
1.0,-179.0,2.301538515325774e-08
1.0,-178.0,9.536282163935539e-08
1.0,-177.0,1.3773476581491195e-08
1.0,-176.0,2.8833699872166108e-08
1.0,-175.0,2.7381224398936865e-08
1.0,-174.0,1.4332916187242972e-08
1.0,-173.0,6.787136896946322e-08
1.0,-172.0,3.494051625807515e-08
1.0,-171.0,2.7433716809355246e-07
1.0,-170.0,2.983760793995316e-07
1.0,-169.0,1.1194066473763087e-07
1.0,-168.0,1.1093890606161949e-07
1.0,-167.0,1.9948502938405e-07
1.0,-166.0,9.033162484683999e-08
1.0,-165.0,1.0273507200508902e-07
1.0,-164.0,1.9763855618748494e-07
1.0,-163.0,3.161547823538058e-08
1.0,-162.0,3.661294911694313e-08
1.0,-161.0,6.937402474704868e-08
1.0,-160.0,7.949961577935483e-09
1.0,-159.0,2.5017632410140322e-08
1.0,-158.0,3.9276071106542076e-07
1.0,-157.0,1.454772444731134e-07
1.0,-156.0,1.156490085918449e-07
1.0,-155.0,1.7677994890163973e-07
1.0,-154.0,4.724973337033589e-07
1.0,-153.0,3.430630783896049e-07
1.0,-152.0,3.4114535196749785e-07
1.0,-151.0,2.0961068969427288e-07
1.0,-150.0,1.0256474070047261e-07
1.0,-149.0,4.513398152994341e-07
1.0,-148.0,6.585273126802349e-07
1.0,-147.0,2.770417779629497e-07
1.0,-146.0,9.379719756452687e-08
1.0,-145.0,6.534388319323625e-08
1.0,-144.0,6.569479182871873e-08
1.0,-143.0,2.6849063416989338e-08
1.0,-142.0,6.622600494665676e-07
1.0,-141.0,1.7553388076407828e-08
1.0,-140.0,1.4316059449015484e-08
1.0,-139.0,3.0772190484640305e-07
1.0,-138.0,3.9512573835054354e-07
1.0,-137.0,7.572825921897675e-08
1.0,-136.0,1.0673862789190025e-06
1.0,-135.0,5.0345777708571404e-05
1.0,-134.0,1.2224242063041402e-08
1.0,-133.0,5.338410158373108e-09
1.0,-132.0,4.678386744672025e-07
1.0,-131.0,3.101317536113868e-10
1.0,-130.0,2.728074433022698e-10
1.0,-129.0,7.125864343038302e-09
1.0,-128.0,1.4895193412023389e-10
1.0,-127.0,2.94463764483055e-09
1.0,-126.0,2.550841982085217e-09
1.0,-125.0,4.596812264168193e-09
1.0,-124.0,7.716425720616371e-09
1.0,-123.0,2.8766793391810097e-08
1.0,-122.0,2.833269832080987e-07
1.0,-121.0,9.191283822929108e-08
1.0,-120.0,1.760435850428621e-07
1.0,-119.0,3.1428680813405663e-07
1.0,-118.0,2.5045667371159652e-06
1.0,-117.0,4.4711791815643664e-06
1.0,-116.0,2.0383383798616705e-06
1.0,-115.0,1.115719669542159e-06
1.0,-114.0,6.23378298314492e-07
1.0,-113.0,1.7365310895911534e-06
1.0,-112.0,4.034552603116026e-07
1.0,-111.0,7.577795599900128e-07
1.0,-110.0,1.1948094424951705e-06
1.0,-109.0,5.651407946061227e-07
1.0,-108.0,1.6590397535765078e-06
1.0,-107.0,2.7700716600520536e-06
1.0,-106.0,3.8639470290036115e-07
1.0,-105.0,3.759121511848207e-07
1.0,-104.0,1.2549121493066195e-06
1.0,-103.0,4.5560037165159883e-07
1.0,-102.0,7.845730465305678e-07
1.0,-101.0,5.508434242074145e-07
1.0,-100.0,1.7297841736763075e-07
1.0,-99.0,5.538100253943412e-07
1.0,-98.0,1.6433840244189923e-07
1.0,-97.0,5.239044043037211e-08
1.0,-96.0,5.0461626415199134e-06
1.0,-95.0,2.941355781160837e-08
1.0,-94.0,4.78421524618966e-09
1.0,-93.0,4.128428372496273e-06
1.0,-92.0,3.314828589395802e-08
1.0,-91.0,1.6626495380478445e-07
1.0,-90.0,1.2388883874336898e-07
1.0,-89.0,2.620225636462692e-08
1.0,-88.0,6.713240736644366e-07
1.0,-87.0,4.228029411024181e-07
1.0,-86.0,5.963158855593065e-08
1.0,-85.0,1.49913347513575e-07
1.0,-84.0,1.3896288919568178e-07
1.0,-83.0,0.00020702285110019147
1.0,-82.0,1.6441022410162986e-07
1.0,-81.0,6.185595111674047e-07
1.0,-80.0,2.0138918443990406e-06
1.0,-79.0,5.760350177297369e-06
1.0,-78.0,2.085572077703546e-06
1.0,-77.0,8.769221494731028e-06
1.0,-76.0,0.00011154475214425474
1.0,-75.0,2.4241749997599982e-05
1.0,-74.0,9.099051567318384e-06
1.0,-73.0,3.0195587896741927e-05
1.0,-72.0,8.329198863066267e-06
1.0,-71.0,1.9423478079261258e-05
1.0,-70.0,6.2891167544876225e-06
1.0,-69.0,8.60870295582572e-06
1.0,-68.0,1.490764225309249e-05
1.0,-67.0,3.086308197453036e-06
1.0,-66.0,5.329315172275528e-06
1.0,-65.0,1.140598669735482e-06
1.0,-64.0,4.0936382106337987e-07
1.0,-63.0,6.12354278928251e-06
1.0,-62.0,2.9405084660538705e-06
1.0,-61.0,2.012784079852281e-06
1.0,-60.0,1.1091866326751187e-05
1.0,-59.0,9.758537089510355e-06
1.0,-58.0,7.049768555589253e-07
1.0,-57.0,2.0375746316858567e-06
1.0,-56.0,9.670956160334754e-07
1.0,-55.0,5.03093644965702e-07
1.0,-54.0,2.0666881539455062e-07
1.0,-53.0,1.314344103775511e-06
1.0,-52.0,3.782539295116294e-07
1.0,-51.0,2.451943714731897e-07
1.0,-50.0,1.6770918591646478e-06
1.0,-49.0,3.3285300560237374e-07
1.0,-48.0,1.9523821492839488e-07
1.0,-47.0,4.6717968871234916e-07
1.0,-46.0,4.80499124932976e-07
1.0,-45.0,2.790559676668636e-07
1.0,-44.0,2.7472228225633444e-07
1.0,-43.0,4.5902353917881555e-07
1.0,-42.0,2.0238138631611946e-07
1.0,-41.0,1.0470061795331276e-07
1.0,-40.0,1.4909282697317394e-07
1.0,-39.0,1.6657284618304402e-07
1.0,-38.0,1.7699299803553004e-07
1.0,-37.0,2.560903453741048e-07
1.0,-36.0,2.4153214326361194e-06
1.0,-35.0,1.9156254893459845e-06
1.0,-34.0,1.7227100670424988e-06
1.0,-33.0,2.2669062218483305e-06
1.0,-32.0,1.7679950587989879e-06
1.0,-31.0,1.4602991313950042e-06
1.0,-30.0,9.531724458611279e-07
1.0,-29.0,1.2676332517003175e-06
1.0,-28.0,1.0341971119487425e-06
1.0,-27.0,8.445068289120172e-08
1.0,-26.0,5.862082375074351e-08
1.0,-25.0,3.718086816206778e-08
1.0,-24.0,6.3369931524448475e-09
1.0,-23.0,1.4766500022744822e-08
1.0,-22.0,6.593662078557827e-07
1.0,-21.0,1.201552457530397e-08
1.0,-20.0,2.8213134939392148e-08
1.0,-19.0,5.439438055532264e-08
1.0,-18.0,9.904483277978215e-08
1.0,-17.0,3.2992809906318143e-07
1.0,-16.0,5.53467387476303e-08
1.0,-15.0,4.5330207854021864e-07
1.0,-14.0,2.6841895817142358e-08
1.0,-13.0,2.3861202791408687e-08
1.0,-12.0,1.1701984448109215e-07
1.0,-11.0,5.232891808759632e-08
1.0,-10.0,2.0062357108940887e-08
1.0,-9.0,2.1889343315706355e-07
1.0,-8.0,2.3953410277499643e-07
1.0,-7.0,2.0801600442155177e-07
1.0,-6.0,1.941116067882831e-08
1.0,-5.0,2.8187295697534864e-07
1.0,-4.0,5.96816533970923e-08
1.0,-3.0,1.822084954028469e-07
1.0,-2.0,2.8324882350716507e-06
1.0,-1.0,8.490393952342856e-07
2.0,0.0,1.858114160313562e-06
2.0,1.0,2.8276999728404917e-05
2.0,2.0,6.948989721422549e-06
2.0,3.0,1.2865159078501165e-05
2.0,4.0,2.3842488872105605e-07
2.0,5.0,6.875056897115428e-06
2.0,6.0,1.020608308976989e-08
2.0,7.0,5.300931888996274e-07
2.0,8.0,1.4697145616082707e-06
2.0,9.0,1.8395537315640809e-09
2.0,10.0,2.8508466698440316e-07
2.0,11.0,1.4953389836591668e-05
2.0,12.0,8.824764918813344e-09
2.0,13.0,1.8509563233237714e-06
2.0,14.0,5.88838190651586e-07
2.0,15.0,5.257357997834333e-07
2.0,16.0,5.4760453167546075e-06
2.0,17.0,2.7008857728105795e-07
2.0,18.0,1.5035013234410144e-08
2.0,19.0,1.4069956932871719e-06
2.0,20.0,7.668678470018619e-10
2.0,21.0,7.882889896393408e-09
2.0,22.0,3.143005926631304e-07
2.0,23.0,1.696488652669359e-06
2.0,24.0,1.4172831015457632e-06
2.0,25.0,5.869768574484624e-05
2.0,26.0,3.357807827342185e-07
2.0,27.0,1.6889090126426254e-10
2.0,28.0,4.916344096272951e-06
2.0,29.0,6.913455052881545e-08
2.0,30.0,7.615759756163243e-08
2.0,31.0,1.1413840184104629e-05
2.0,32.0,0.0027216386515647173
2.0,33.0,6.493103654747756e-08
2.0,34.0,1.00089380339341e-06
2.0,35.0,0.00030552479438483715
2.0,36.0,9.070712394532165e-07
2.0,37.0,4.974144758307375e-07
2.0,38.0,8.895617611415219e-06
2.0,39.0,2.5270520609410596e-07
2.0,40.0,2.1469907096616225e-06
2.0,41.0,3.579556960175978e-06
2.0,42.0,4.232705396134406e-05
2.0,43.0,6.673645316368493e-07
2.0,44.0,4.8261304073093925e-06
2.0,45.0,3.358869207659154e-06
2.0,46.0,4.6551721766263654e-07
2.0,47.0,1.0852917284864816e-06
2.0,48.0,6.570743948941526e-07
2.0,49.0,1.1196357263543177e-06
2.0,50.0,4.524155428953236e-06
2.0,51.0,7.234431222968851e-07
2.0,52.0,6.58003727949108e-07
2.0,53.0,1.0510761057958007e-05
2.0,54.0,2.959357914278371e-07
2.0,55.0,1.244958366442006e-05
2.0,56.0,1.828480526455678e-05
2.0,57.0,1.697796676580765e-07
2.0,58.0,4.4025318857165985e-06
2.0,59.0,1.3202570414705406e-07
2.0,60.0,3.4497769973995673e-08
2.0,61.0,3.564909789588455e-08
2.0,62.0,7.583984995562787e-08
2.0,63.0,2.440347923737818e-09
2.0,64.0,4.734522218718951e-10
2.0,65.0,8.224828040859222e-10
2.0,66.0,1.533955851229507e-09
2.0,67.0,1.131478732929736e-08
2.0,68.0,1.8575558442535112e-06
2.0,69.0,8.476717084704433e-06
2.0,70.0,6.200240750331432e-05
2.0,71.0,2.4565864805481397e-05
2.0,72.0,4.657511453842744e-05
2.0,73.0,7.922082545519515e-08
2.0,74.0,2.5284700768679613e-06
2.0,75.0,6.118454365378057e-08
2.0,76.0,2.622275374619676e-08
2.0,77.0,1.7907422034113551e-07
2.0,78.0,3.045364138642981e-08
2.0,79.0,1.1167640145970381e-08
2.0,80.0,1.2124068859975523e-08
2.0,81.0,1.8176031346683885e-08
2.0,82.0,5.237091045273701e-07
2.0,83.0,1.2057836507040065e-08
2.0,84.0,3.1572133796231583e-09
2.0,85.0,2.9169850535026853e-08
2.0,86.0,4.1720728205518753e-08
2.0,87.0,2.692632961043273e-07
2.0,88.0,2.8293732157180784e-07
2.0,89.0,1.6124882904478e-06
2.0,90.0,1.018756847770419e-06
2.0,91.0,5.014013595427969e-07
2.0,92.0,3.6703539080917835e-05
2.0,93.0,2.411454715911532e-06
2.0,94.0,3.4254327374583227e-07
2.0,95.0,1.6711983334971592e-05
2.0,96.0,1.3474811566993594e-05
2.0,97.0,6.281883543124422e-05
2.0,98.0,0.00011658001312753186
2.0,99.0,1.2015384527330752e-06
2.0,100.0,3.9720736822346225e-05
2.0,101.0,2.4305896658916026e-05
2.0,102.0,7.874123753026652e-07
2.0,103.0,2.1036839825683273e-06
2.0,104.0,9.562803825247101e-06
2.0,105.0,1.4502029443974607e-06
2.0,106.0,1.80705711727569e-07
2.0,107.0,3.852547706628684e-06
2.0,108.0,0.00010412035771878436
2.0,109.0,8.412112606492883e-08
2.0,110.0,6.851892067061272e-07
2.0,111.0,1.1314708899590187e-05
2.0,112.0,6.359722419801983e-07
2.0,113.0,9.640825737733394e-07
2.0,114.0,5.567104381043464e-06
2.0,115.0,3.299306001736113e-07
2.0,116.0,2.885463345592143e-06
2.0,117.0,5.821373747494363e-07
2.0,118.0,5.672400860134985e-08
2.0,119.0,6.596165462724457e-07
2.0,120.0,5.165233574189187e-07
2.0,121.0,2.9349197916417324e-07
2.0,122.0,3.6152047755422245e-07
2.0,123.0,1.6073366637670006e-08
2.0,124.0,4.5481546306902487e-10
2.0,125.0,1.9045691690422473e-09
2.0,126.0,1.367382942984996e-11
2.0,127.0,2.487039182597073e-06
2.0,128.0,3.2112154602081944e-10
2.0,129.0,3.5185975660878555e-11
2.0,130.0,7.929445189347462e-08
2.0,131.0,7.965700987710989e-09
2.0,132.0,1.9711117182907856e-09
2.0,133.0,6.598236268473556e-08
2.0,134.0,2.516573545108258e-07
2.0,135.0,2.306709490085268e-07
2.0,136.0,2.98990403280186e-06
2.0,137.0,1.1658563892069651e-07
2.0,138.0,1.1593529052333906e-06
2.0,139.0,2.300032747371006e-06
2.0,140.0,5.349043163960232e-08
2.0,141.0,7.810842248545669e-07
2.0,142.0,1.6494683450218872e-06
2.0,143.0,2.759129813512118e-07
2.0,144.0,1.4677970057164202e-06
2.0,145.0,6.976626423238486e-07
2.0,146.0,1.0663799230314908e-06
2.0,147.0,3.00800752484065e-06
2.0,148.0,1.630946712793957e-06
2.0,149.0,5.290951889946882e-07
2.0,150.0,1.6404966345362482e-06
2.0,151.0,2.81492816611717e-06
2.0,152.0,1.9823971797450213e-06
2.0,153.0,5.088922534923768e-06
2.0,154.0,3.259862069171504e-06
2.0,155.0,1.781098717401619e-06
2.0,156.0,2.8408334401319735e-05
2.0,157.0,7.810314855305478e-06
2.0,158.0,1.1781643479480408e-05
2.0,159.0,1.8730730516836047e-05
2.0,160.0,7.236080273287371e-05
2.0,161.0,2.823146314767655e-05
2.0,162.0,2.5647832444519736e-05
2.0,163.0,6.608018156839535e-05
2.0,164.0,1.4661904970125761e-05
2.0,165.0,1.5388219253509305e-05
2.0,166.0,3.601031721700565e-06
2.0,167.0,2.7166774998477194e-06
2.0,168.0,6.430194844142534e-06
2.0,169.0,2.2793822154199006e-06
2.0,170.0,2.1374398784246296e-06
2.0,171.0,1.5827182551220176e-06
2.0,172.0,2.100618758049677e-06
2.0,173.0,1.1744102721422678e-06
2.0,174.0,7.645842288184213e-07
2.0,175.0,3.6825937854700896e-07
2.0,176.0,3.049660506349028e-07
2.0,177.0,2.2313435010801186e-07
2.0,178.0,3.1538363032268535e-07
2.0,179.0,2.227677526889238e-07
2.0,180.0,4.051308266639353e-08
2.0,-179.0,5.144153547576025e-08
2.0,-178.0,3.311555119012155e-08
2.0,-177.0,1.805709537450184e-08
2.0,-176.0,8.507993953799087e-08
2.0,-175.0,1.4973226214465285e-08
2.0,-174.0,1.1540365107975958e-07
2.0,-173.0,3.128290302356618e-07
2.0,-172.0,2.2659112630663003e-07
2.0,-171.0,3.729953277797904e-06
2.0,-170.0,1.0115433042301447e-06
2.0,-169.0,2.082486219023849e-07
2.0,-168.0,5.861936074325058e-07
2.0,-167.0,4.97486155381921e-07
2.0,-166.0,3.5157520983375434e-07
2.0,-165.0,3.077923338423716e-07
2.0,-164.0,2.1446712139550073e-07
2.0,-163.0,4.035444689520773e-08
2.0,-162.0,3.265410697395055e-08
2.0,-161.0,6.0876651275521e-08
2.0,-160.0,4.082538396232849e-08
2.0,-159.0,9.277005119656678e-08
2.0,-158.0,9.377919241160271e-07
2.0,-157.0,1.2264069937373279e-06
2.0,-156.0,5.281922881295031e-07
2.0,-155.0,8.671943760418799e-06
2.0,-154.0,7.1585113801120315e-06
2.0,-153.0,6.320762167888461e-06
2.0,-152.0,7.666281817364506e-06
2.0,-151.0,9.551953326081275e-07
2.0,-150.0,7.263921361300163e-06
2.0,-149.0,3.262953896410181e-06
2.0,-148.0,2.8384454253682634e-06
2.0,-147.0,1.4578152331523597e-05
2.0,-146.0,1.9379015157028334e-06
2.0,-145.0,2.5119314273069904e-07
2.0,-144.0,7.739725447208912e-07
2.0,-143.0,2.801623395498609e-07
2.0,-142.0,3.568091244687821e-07
2.0,-141.0,1.631657653433649e-07
2.0,-140.0,7.965492443418043e-08
2.0,-139.0,1.4433383910272823e-07
2.0,-138.0,4.94333072253994e-08
2.0,-137.0,7.260218808369245e-07
2.0,-136.0,1.57278293499985e-07
2.0,-135.0,2.626528328164568e-07
2.0,-134.0,2.2328949000893772e-07
2.0,-133.0,7.480275598936714e-08
2.0,-132.0,6.385573847467185e-09
2.0,-131.0,1.654750003687866e-09
2.0,-130.0,1.6349038789442716e-09
2.0,-129.0,3.469740120221054e-11
2.0,-128.0,1.6458286122844612e-10
2.0,-127.0,2.441026270005864e-10
2.0,-126.0,6.505589122962618e-11
2.0,-125.0,7.630601928099168e-09
2.0,-124.0,3.029940742749204e-08
2.0,-123.0,3.264331693841882e-09
2.0,-122.0,7.957897310006956e-07
2.0,-121.0,2.629819391586352e-06
2.0,-120.0,1.5382459750412636e-08
2.0,-119.0,1.8656568272490404e-06
2.0,-118.0,4.8184638217207976e-06
2.0,-117.0,1.8003725017479155e-06
2.0,-116.0,2.75441334451898e-06
2.0,-115.0,1.9412329493206926e-05
2.0,-114.0,7.299931326087972e-07
2.0,-113.0,1.4634499621024588e-06
2.0,-112.0,8.937275197240524e-06
2.0,-111.0,4.603866273100721e-06
2.0,-110.0,5.740837423218181e-06
2.0,-109.0,6.463554655056214e-06
2.0,-108.0,9.237961648977944e-07
2.0,-107.0,2.070575874313363e-06
2.0,-106.0,1.6890160168259172e-06
2.0,-105.0,5.168062102711701e-07
2.0,-104.0,6.783906769669557e-07
2.0,-103.0,1.350295974589244e-06
2.0,-102.0,4.2213252982037375e-07
2.0,-101.0,5.098381734569557e-07
2.0,-100.0,1.6097089883260196e-06
2.0,-99.0,4.203933769986179e-07
2.0,-98.0,4.7043587869666226e-07
2.0,-97.0,6.956402671676187e-07
2.0,-96.0,3.3666577792246244e-07
2.0,-95.0,2.2996063364644215e-07
2.0,-94.0,3.6171360306980205e-07
2.0,-93.0,1.105327456230043e-07
2.0,-92.0,1.5532161512510356e-07
2.0,-91.0,3.965715507092682e-07
2.0,-90.0,1.1017282020020502e-07
2.0,-89.0,2.467164392783161e-07
2.0,-88.0,5.993529725856206e-07
2.0,-87.0,4.0815734791976865e-07
2.0,-86.0,1.5249082707669004e-07
2.0,-85.0,1.1673527211542023e-07
2.0,-84.0,7.642928068207766e-08
2.0,-83.0,1.6071885511337314e-07
2.0,-82.0,7.875766705467413e-09
2.0,-81.0,8.203230805747808e-08
2.0,-80.0,5.7013725296428674e-08
2.0,-79.0,3.3595914938899796e-10
2.0,-78.0,2.245991936433711e-06
2.0,-77.0,1.0946610018436331e-07
2.0,-76.0,1.0856783916324275e-07
2.0,-75.0,1.3823291737935506e-06
2.0,-74.0,7.1576582740817685e-06
2.0,-73.0,5.20244441304385e-07
2.0,-72.0,1.8765327922665165e-06
2.0,-71.0,1.388996679452248e-05
2.0,-70.0,5.645224973704899e-06
2.0,-69.0,1.6728312402847223e-05
2.0,-68.0,3.27987436321564e-05
2.0,-67.0,4.0492581319995224e-05
2.0,-66.0,4.462409924599342e-05
2.0,-65.0,9.666948244557716e-06
2.0,-64.0,3.5820114135276526e-05
2.0,-63.0,3.140149055980146e-05
2.0,-62.0,1.2076697203156073e-05
2.0,-61.0,9.478763240622357e-05
2.0,-60.0,6.396757817128673e-05
2.0,-59.0,3.239516217945493e-06
2.0,-58.0,1.6801777746877633e-05
2.0,-57.0,1.1179061402799562e-05
2.0,-56.0,3.3587764391995734e-06
2.0,-55.0,2.1552170892391587e-06
2.0,-54.0,1.1180693491041893e-06
2.0,-53.0,1.680877062426589e-06
2.0,-52.0,3.363825044289115e-06
2.0,-51.0,5.5336299737973604e-06
2.0,-50.0,1.5240170796460006e-06
2.0,-49.0,1.9584294932428747e-06
2.0,-48.0,1.2158781146354158e-06
2.0,-47.0,4.757991405313078e-07
2.0,-46.0,1.189301428894396e-06
2.0,-45.0,1.4036598940947442e-06
2.0,-44.0,2.581089688646898e-07
2.0,-43.0,2.798224159050733e-07
2.0,-42.0,1.9273133489150496e-07
2.0,-41.0,7.015578518121401e-08
2.0,-40.0,2.5008381498992094e-07
2.0,-39.0,2.6683454734666157e-07
2.0,-38.0,2.1024566976279857e-08
2.0,-37.0,9.247180798865884e-09
2.0,-36.0,4.0058811379140025e-08
2.0,-35.0,3.633358346633031e-06
2.0,-34.0,4.200904015760898e-07
2.0,-33.0,7.417506253659667e-08
2.0,-32.0,8.267480211543443e-07
2.0,-31.0,6.208839522514609e-07
2.0,-30.0,1.6984994033464318e-07
2.0,-29.0,4.7342285824925057e-07
2.0,-28.0,2.4275783516714e-07
2.0,-27.0,7.176375049766648e-08
2.0,-26.0,2.5999889885497396e-07
2.0,-25.0,3.38640937513901e-08
2.0,-24.0,1.9494783565221496e-09
2.0,-23.0,4.52038868559157e-08
2.0,-22.0,3.645176160915753e-09
2.0,-21.0,2.046062519411862e-08
2.0,-20.0,3.7922410456303624e-07
2.0,-19.0,9.193331429457885e-09
2.0,-18.0,1.8370686305502204e-08
2.0,-17.0,2.042903815890895e-06
2.0,-16.0,5.72839518042656e-08
2.0,-15.0,1.5793446550560475e-08
2.0,-14.0,1.3305132142704679e-06
2.0,-13.0,2.315433107469289e-07
2.0,-12.0,1.1853027359620683e-07
2.0,-11.0,2.6927846192847937e-06
2.0,-10.0,2.9507337018230828e-08
2.0,-9.0,6.38093069937895e-07
2.0,-8.0,7.83680116001051e-06
2.0,-7.0,1.514079173148275e-07
2.0,-6.0,3.7727366475337476e-07
2.0,-5.0,2.6850041194848018e-06
2.0,-4.0,4.415520379552618e-06
2.0,-3.0,1.9442104530753568e-05
2.0,-2.0,1.778370642568916e-05
2.0,-1.0,1.6587548088864423e-05
3.0,0.0,0.00031247339211404324
3.0,1.0,0.00016789590881671757
3.0,2.0,1.6257490642601624e-06
3.0,3.0,0.00033553483081050217
3.0,4.0,0.00029534994973801076
3.0,5.0,1.568006950947165e-07
3.0,6.0,1.41014834298403e-06
3.0,7.0,1.659467017134375e-07
3.0,8.0,8.312356913897645e-10
3.0,9.0,3.5772027562330777e-09
3.0,10.0,2.4827210154398927e-07
3.0,11.0,5.15014278335002e-07
3.0,12.0,1.0621050705594826e-06
3.0,13.0,1.9884182620444335e-06
3.0,14.0,9.337506526208017e-06
3.0,15.0,6.451426770581747e-07
3.0,16.0,1.5151192656048806e-06
3.0,17.0,2.3919676550576696e-06
3.0,18.0,1.8661264533648136e-08
3.0,19.0,2.1281252315930033e-07
3.0,20.0,9.33884564346954e-07
3.0,21.0,2.1968713515008176e-09
3.0,22.0,3.304469646536745e-05
3.0,23.0,2.268735102006758e-07
3.0,24.0,0.00018909272330347449
3.0,25.0,6.242912604648154e-06
3.0,26.0,2.6351617066211475e-07
3.0,27.0,1.1706498526109499e-06
3.0,28.0,1.653620074648643e-06
3.0,29.0,5.394375648393179e-07
3.0,30.0,3.3995725971180946e-05
3.0,31.0,3.440464206505567e-05
3.0,32.0,1.4863979913570802e-07
3.0,33.0,1.0823470120158163e-06
3.0,34.0,4.689514298661379e-06
3.0,35.0,4.4298971602074744e-08
3.0,36.0,9.789238220037078e-07
3.0,37.0,6.479333336528725e-08
3.0,38.0,0.002923283027485013
3.0,39.0,5.00041380746552e-07
3.0,40.0,5.563532340602251e-06
3.0,41.0,2.936253986263182e-05
3.0,42.0,7.445014034601627e-06
3.0,43.0,6.957086043257732e-06
3.0,44.0,4.658672423829557e-06
3.0,45.0,7.808221562299877e-05
3.0,46.0,4.06194294555462e-06
3.0,47.0,4.8592090024612844e-05
3.0,48.0,7.614472269779071e-05
3.0,49.0,5.103567673359066e-05
3.0,50.0,0.00015500911104027182
3.0,51.0,0.00022371049271896482
3.0,52.0,0.0001018387993099168
3.0,53.0,6.073432814446278e-06
3.0,54.0,5.364371645555366e-06
3.0,55.0,1.4082027519179974e-05
3.0,56.0,8.122565731127906e-08
3.0,57.0,7.843834914922354e-09
3.0,58.0,5.481451239575108e-07
3.0,59.0,1.030557150727418e-08
3.0,60.0,2.889624681756686e-07
3.0,61.0,8.222513514510865e-08
3.0,62.0,3.1824858304219106e-09
3.0,63.0,4.258807084767113e-09
3.0,64.0,6.755066284114264e-09
3.0,65.0,1.1881887834741534e-11
3.0,66.0,8.823615726960554e-10
3.0,67.0,1.790352399666517e-08
3.0,68.0,8.11322564686634e-09
3.0,69.0,1.4401830412680283e-06
3.0,70.0,3.572554518882498e-08
3.0,71.0,2.377375807327553e-07
3.0,72.0,9.901777957566082e-07
3.0,73.0,2.88239521140099e-09
3.0,74.0,9.126142686000094e-08
3.0,75.0,1.5227596961153722e-08
3.0,76.0,2.2013384448626994e-09
3.0,77.0,1.6438403971363869e-09
3.0,78.0,4.5995509623253383e-08
3.0,79.0,5.944656766843082e-09
3.0,80.0,1.1692223855774841e-09
3.0,81.0,4.10307734455273e-08
3.0,82.0,1.68167886727133e-07
3.0,83.0,1.5238892370206258e-09
3.0,84.0,1.6444809958215956e-08
3.0,85.0,7.700870163773743e-09
3.0,86.0,3.08805003790269e-09
3.0,87.0,4.901438899196364e-08
3.0,88.0,1.034322778536989e-07
3.0,89.0,1.4081606991567241e-09
3.0,90.0,2.23271126031932e-08
3.0,91.0,0.0005345970275811851
3.0,92.0,5.7967938005276665e-08
3.0,93.0,3.0339049317262834e-06
3.0,94.0,0.013492937199771404
3.0,95.0,2.821023008436896e-05
3.0,96.0,2.0538589069474256e-06
3.0,97.0,0.006432965397834778
3.0,98.0,4.7390308282047044e-06
3.0,99.0,1.2773250091413502e-05
3.0,100.0,0.000606762885581702
3.0,101.0,1.0820985153259244e-05
3.0,102.0,8.491135304211639e-06
3.0,103.0,2.188655525969807e-05
3.0,104.0,4.5838856749469414e-05
3.0,105.0,6.214679615368368e-06
3.0,106.0,1.5878093108767644e-05
3.0,107.0,2.4235077944467776e-06
3.0,108.0,8.412263241552864e-07
3.0,109.0,6.660295184701681e-06
3.0,110.0,2.1105806808918715e-06
3.0,111.0,9.11576307771611e-07
3.0,112.0,2.514364723538165e-06
3.0,113.0,1.983840093089384e-06
3.0,114.0,1.0694179763959255e-06
3.0,115.0,6.357100573950447e-06
3.0,116.0,6.783641310903477e-07
3.0,117.0,2.0596107219716941e-07
3.0,118.0,2.6416762466396904e-06
3.0,119.0,7.72651856095763e-06
3.0,120.0,6.890245458635036e-07
3.0,121.0,1.4097810208113515e-07
3.0,122.0,2.654533091117628e-07
3.0,123.0,7.68240369097839e-08
3.0,124.0,2.187096503902808e-09
3.0,125.0,2.3110904856515901e-10
3.0,126.0,2.4349001037649032e-08
3.0,127.0,2.6880970782627855e-09
3.0,128.0,5.496298902119001e-11
3.0,129.0,2.0768034514340172e-10
3.0,130.0,9.005805878814499e-09
3.0,131.0,2.9730798378757584e-10
3.0,132.0,1.394654969288922e-08
3.0,133.0,8.453562116983449e-08
3.0,134.0,2.426387979426181e-08
3.0,135.0,9.260793376597576e-08
3.0,136.0,7.719489758528653e-07
3.0,137.0,7.979496530197139e-08
3.0,138.0,7.805086852386012e-07
3.0,139.0,2.955330558052083e-07
3.0,140.0,3.574435680775423e-08
3.0,141.0,1.4483367749562603e-06
3.0,142.0,3.967901193391299e-06
3.0,143.0,3.6646287071562256e-07
3.0,144.0,3.433096253502299e-06
3.0,145.0,3.4421641430526506e-06
3.0,146.0,3.1569707061862573e-06
3.0,147.0,4.599359272106085e-06
3.0,148.0,1.0988035683112685e-05
3.0,149.0,6.179885986057343e-06
3.0,150.0,4.824832103622612e-06
3.0,151.0,3.583153102226788e-06
3.0,152.0,1.2647939001908526e-05
3.0,153.0,1.4349197954288684e-05
3.0,154.0,2.5404960979358293e-05
3.0,155.0,2.22004691750044e-05
3.0,156.0,8.52329540066421e-05
3.0,157.0,0.00014598597772419453
3.0,158.0,1.4924938113836106e-05
3.0,159.0,4.779942537425086e-05
3.0,160.0,2.7763269827119075e-05
3.0,161.0,2.9060900487820618e-05
3.0,162.0,1.020542094920529e-05
3.0,163.0,1.7643144019530155e-05
3.0,164.0,1.915689381348784e-06
3.0,165.0,5.768937171524158e-06
3.0,166.0,3.3289913972112117e-06
3.0,167.0,4.2682552248152206e-07
3.0,168.0,2.951130682049552e-06
3.0,169.0,4.17101000493858e-06
3.0,170.0,2.689637994990335e-06
3.0,171.0,1.4116931197349913e-06
3.0,172.0,2.566798457337427e-06
3.0,173.0,7.140281468309695e-07
3.0,174.0,5.387265105127881e-07
3.0,175.0,8.773987474341993e-07
3.0,176.0,3.160897108500649e-07
3.0,177.0,4.346018158685183e-07
3.0,178.0,3.800452077484806e-07
3.0,179.0,2.3445460328730405e-07
3.0,180.0,1.7945771446647996e-07
3.0,-179.0,7.415328440174562e-08
3.0,-178.0,6.130206031684793e-08
3.0,-177.0,8.095761216964092e-08
3.0,-176.0,2.7636463073577033e-07
3.0,-175.0,1.57455232852044e-07
3.0,-174.0,8.437226597379777e-07
3.0,-173.0,5.786507699667709e-07
3.0,-172.0,8.011505201466207e-07
3.0,-171.0,4.271885245543672e-06
3.0,-170.0,7.397082413262979e-07
3.0,-169.0,7.65307163419493e-07
3.0,-168.0,1.1952708973694826e-06
3.0,-167.0,4.035791789647192e-07
3.0,-166.0,2.322452559155863e-07
3.0,-165.0,7.135020041459939e-08
3.0,-164.0,6.9466445040689e-08
3.0,-163.0,2.2708277924721187e-08
3.0,-162.0,2.12068922422759e-08
3.0,-161.0,2.2475376226793742e-08
3.0,-160.0,2.1047084430847462e-07
3.0,-159.0,9.185900466945895e-07
3.0,-158.0,3.25212408824882e-06
3.0,-157.0,2.692941279747174e-06
3.0,-156.0,6.730557288392447e-06
3.0,-155.0,3.870562795782462e-05
3.0,-154.0,8.512720523867756e-05
3.0,-153.0,8.477472874801606e-05
3.0,-152.0,2.040246909018606e-05
3.0,-151.0,2.2894166249898262e-05
3.0,-150.0,1.9119415810564533e-05
3.0,-149.0,1.183169206342427e-05
3.0,-148.0,2.7269481506664306e-05
3.0,-147.0,2.2085570890340023e-05
3.0,-146.0,7.103907591954339e-06
3.0,-145.0,2.0932375264237635e-06
3.0,-144.0,3.760806350783241e-07
3.0,-143.0,1.7774590332919615e-07
3.0,-142.0,2.1780522274639225e-07
3.0,-141.0,1.0718618170812988e-07
3.0,-140.0,9.702784353748939e-08
3.0,-139.0,2.322276770883036e-08
3.0,-138.0,2.7839323735179278e-08
3.0,-137.0,2.45228921613716e-08
3.0,-136.0,3.093257703312702e-07
3.0,-135.0,1.284949178170791e-07
3.0,-134.0,4.5325624142833476e-08
3.0,-133.0,2.4178211788239423e-07
3.0,-132.0,1.0925332816213995e-07
3.0,-131.0,1.674036020915537e-08
3.0,-130.0,1.0611068468335816e-08
3.0,-129.0,2.381442243404308e-07
3.0,-128.0,6.756518677875079e-10
3.0,-127.0,5.367775113285234e-09
3.0,-126.0,6.341788889585587e-07
3.0,-125.0,5.909994271746655e-09
3.0,-124.0,2.1665622185196298e-08
3.0,-123.0,4.7004027692310046e-07
3.0,-122.0,1.8634344201018394e-07
3.0,-121.0,1.273695829695498e-06
3.0,-120.0,5.072998101240955e-05
3.0,-119.0,3.439554348005913e-07
3.0,-118.0,2.6407997211208567e-06
3.0,-117.0,0.000227997443289496
3.0,-116.0,1.5491510794163332e-06
3.0,-115.0,1.4243768418964464e-05
3.0,-114.0,0.00017886450223159045
3.0,-113.0,4.089918547833804e-06
3.0,-112.0,4.682258440880105e-05
3.0,-111.0,6.048223076504655e-05
3.0,-110.0,4.906400135951117e-06
3.0,-109.0,2.2537189579452388e-05
3.0,-108.0,2.1979969460517168e-05
3.0,-107.0,2.4348294118681224e-06
3.0,-106.0,2.408866203040816e-05
3.0,-105.0,6.69059181745979e-06
3.0,-104.0,2.4346782083739527e-06
3.0,-103.0,1.252442075383442e-06
3.0,-102.0,5.616938665298221e-07
3.0,-101.0,7.101402843545657e-07
3.0,-100.0,7.456364414792915e-07
3.0,-99.0,1.7658650222074357e-06
3.0,-98.0,2.443969606247265e-06
3.0,-97.0,5.721008164982777e-07
3.0,-96.0,4.9344002661655395e-08
3.0,-95.0,2.4898656647565076e-06
3.0,-94.0,1.0935880709439516e-05
3.0,-93.0,9.90406689993506e-08
3.0,-92.0,7.738597560091875e-06
3.0,-91.0,8.36128265291336e-07
3.0,-90.0,1.002599319122055e-07
3.0,-89.0,7.793476015649503e-07
3.0,-88.0,2.925167734701972e-07
3.0,-87.0,2.788647179841064e-07
3.0,-86.0,6.248806130315643e-07
3.0,-85.0,9.018656328407815e-07
3.0,-84.0,3.565263639870864e-08
3.0,-83.0,2.496113324923499e-07
3.0,-82.0,4.634817400983593e-07
3.0,-81.0,7.195426121597848e-08
3.0,-80.0,1.0777889656310435e-06
3.0,-79.0,1.0042152780442848e-06
3.0,-78.0,5.647441980727308e-07
3.0,-77.0,1.151612559624482e-05
3.0,-76.0,3.2930552151810843e-06
3.0,-75.0,3.467123315203935e-05
3.0,-74.0,0.00010391691466793418
3.0,-73.0,6.94594791639247e-06
3.0,-72.0,3.0166953365551308e-05
3.0,-71.0,0.0011654600966721773
3.0,-70.0,0.0009073460241779685
3.0,-69.0,0.0008485005819238722
3.0,-68.0,0.00529423076659441
3.0,-67.0,0.0025826613418757915
3.0,-66.0,0.0042241779156029224
3.0,-65.0,0.0002702311903703958
3.0,-64.0,0.0005046798032708466
3.0,-63.0,4.7122255637077615e-05
3.0,-62.0,0.00014566825120709836
3.0,-61.0,0.0001186055233119987
3.0,-60.0,4.2481289710849524e-05
3.0,-59.0,3.631685831351206e-05
3.0,-58.0,0.00010393535194452852
3.0,-57.0,6.559406028827652e-05
3.0,-56.0,2.4677679903106764e-05
3.0,-55.0,2.574683639977593e-05
3.0,-54.0,5.990506451780675e-06
3.0,-53.0,1.8878316041082144e-05
3.0,-52.0,5.582335688814055e-06
3.0,-51.0,4.77070034321514e-06
3.0,-50.0,8.296695341414306e-06
3.0,-49.0,2.412211415503407e-06
3.0,-48.0,1.7623757457840838e-06
3.0,-47.0,6.132041221462714e-07
3.0,-46.0,2.7008163669961505e-06
3.0,-45.0,1.2863791880590725e-06
3.0,-44.0,6.946492021597805e-07
3.0,-43.0,1.2937917972521973e-06
3.0,-42.0,6.038245601303061e-07
3.0,-41.0,8.937260531638458e-08
3.0,-40.0,3.3478730188107875e-07
3.0,-39.0,1.4995023889241565e-07
3.0,-38.0,1.3847071933525967e-08
3.0,-37.0,1.3832210932207545e-08
3.0,-36.0,1.0273919315295643e-07
3.0,-35.0,3.6727010321868647e-09
3.0,-34.0,8.838799914201445e-08
3.0,-33.0,2.94879267670467e-08
3.0,-32.0,6.00832379404892e-08
3.0,-31.0,1.3668228575625108e-06
3.0,-30.0,2.1498009061815537e-07
3.0,-29.0,1.541728664733455e-07
3.0,-28.0,1.0852502327907132e-06
3.0,-27.0,6.421251441679487e-07
3.0,-26.0,5.710700179406558e-07
3.0,-25.0,1.579620914071711e-07
3.0,-24.0,8.292686288768891e-07
3.0,-23.0,1.1686013579037535e-07
3.0,-22.0,1.6248137058028078e-08
3.0,-21.0,6.304456690031657e-08
3.0,-20.0,5.21763361405192e-08
3.0,-19.0,2.8666010010169884e-08
3.0,-18.0,3.746026777662337e-07
3.0,-17.0,5.931476039222616e-07
3.0,-16.0,4.763192062995358e-09
3.0,-15.0,2.028799599429476e-07
3.0,-14.0,3.0092451197560877e-07
3.0,-13.0,1.8047995320458199e-09
3.0,-12.0,2.1689606910513248e-07
3.0,-11.0,4.4198028348318985e-08
3.0,-10.0,1.4630590783326625e-07
3.0,-9.0,3.2135706078406656e-06
3.0,-8.0,6.394313913915539e-07
3.0,-7.0,1.787733708624728e-06
3.0,-6.0,1.373421355310711e-06
3.0,-5.0,0.0001816586882341653
3.0,-4.0,1.0829313623617054e-06
3.0,-3.0,1.1319100849505048e-05
3.0,-2.0,0.0005834994954057038
3.0,-1.0,2.455620688124327e-06
4.0,0.0,0.0006623725639656186
4.0,1.0,0.0001886042155092582
4.0,2.0,7.985715456015896e-06
4.0,3.0,0.0004118357028346509
4.0,4.0,0.0007426058291457593
4.0,5.0,4.010371048934758e-05
4.0,6.0,7.499643572828063e-09
4.0,7.0,0.0006028359639458358
4.0,8.0,1.0543649864303006e-07
4.0,9.0,1.0385230453380245e-08
4.0,10.0,3.3353123853885336e-06
4.0,11.0,5.358177190828428e-07
4.0,12.0,1.0730789057333823e-07
4.0,13.0,6.442102858272847e-06
4.0,14.0,1.8291168089490384e-05
4.0,15.0,0.0008974163793027401
4.0,16.0,0.0004835915460716933
4.0,17.0,1.4398025086848065e-05
4.0,18.0,6.923865839780774e-06
4.0,19.0,7.470678724530444e-07
4.0,20.0,1.0325305943581498e-08
4.0,21.0,7.922611189314921e-08
4.0,22.0,4.601943601301173e-06
4.0,23.0,2.8219219530001283e-06
4.0,24.0,2.6962510446537635e-07
4.0,25.0,5.352293896976335e-07
4.0,26.0,1.0421503020552336e-06
4.0,27.0,1.476155034652038e-06
4.0,28.0,4.161114475209615e-07
4.0,29.0,3.5270670650788816e-06
4.0,30.0,6.736733553225349e-07
4.0,31.0,2.9921829991508275e-06
4.0,32.0,7.926328180474229e-07
4.0,33.0,6.8660151555377524e-06
4.0,34.0,0.00019829061056952924
4.0,35.0,8.915075966342556e-08
4.0,36.0,1.3358010164665757e-06
4.0,37.0,4.394685504394147e-08
4.0,38.0,7.566573856365721e-08
4.0,39.0,2.584464255050989e-06
4.0,40.0,2.1288124116836116e-06
4.0,41.0,1.5290687542801606e-06
4.0,42.0,1.601948133611586e-05
4.0,43.0,8.293871360365301e-06
4.0,44.0,3.86764804716222e-06
4.0,45.0,3.303448829683475e-05
4.0,46.0,1.6321884004355525e-06
4.0,47.0,2.905217479565181e-05
4.0,48.0,1.807371518225409e-05
4.0,49.0,3.8890037103556097e-05
4.0,50.0,3.877730341628194e-05
4.0,51.0,9.914829570334405e-05
4.0,52.0,2.2203179469215684e-05
4.0,53.0,8.291009726235643e-05
4.0,54.0,8.821662959235255e-06
4.0,55.0,3.248188988891343e-07
4.0,56.0,6.057053525410083e-08
4.0,57.0,1.991671361167846e-08
4.0,58.0,4.916737950111383e-08
4.0,59.0,3.489554867286415e-09
4.0,60.0,1.5073704784374087e-10
4.0,61.0,7.348228275860791e-11
4.0,62.0,5.37200978145691e-11
4.0,63.0,4.4839298940502204e-11
4.0,64.0,2.2303457691830175e-11
4.0,65.0,2.3794403947174914e-11
4.0,66.0,1.2948525585088078e-10
4.0,67.0,2.1461343119311138e-11
4.0,68.0,2.8341153779365413e-07
4.0,69.0,1.535732963020564e-06
4.0,70.0,2.2012009992522508e-08
4.0,71.0,6.637505430262536e-05
4.0,72.0,8.980594401464259e-08
4.0,73.0,1.412354855290232e-08
4.0,74.0,1.6485310538882914e-07
4.0,75.0,1.8375592603092628e-08
4.0,76.0,2.9541618040695994e-09
4.0,77.0,9.621768981560308e-08
4.0,78.0,2.362997548743806e-07
4.0,79.0,2.5127802061319926e-09
4.0,80.0,2.347550243086971e-08
4.0,81.0,1.1459303728145187e-08
4.0,82.0,2.4002511089804557e-09
4.0,83.0,1.1626671181375059e-08
4.0,84.0,3.113081736838552e-10
4.0,85.0,1.5958318000386384e-09
4.0,86.0,3.8349629249978534e-08
4.0,87.0,9.759478780679842e-10
4.0,88.0,1.7959332909711634e-09
4.0,89.0,1.3286630462516769e-07
4.0,90.0,2.40691711006491e-09
4.0,91.0,7.281968919414794e-06
4.0,92.0,1.6954301827354357e-05
4.0,93.0,3.44219711223559e-06
4.0,94.0,2.131117980752606e-06
4.0,95.0,0.0006779177347198129
4.0,96.0,8.626724934401864e-08
4.0,97.0,1.547960528114345e-05
4.0,98.0,3.483980606233672e-07
4.0,99.0,1.3154122235903287e-09
4.0,100.0,4.867678217124194e-05
4.0,101.0,2.032364818660426e-07
4.0,102.0,7.591147550556343e-07
4.0,103.0,1.8584116332931444e-05
4.0,104.0,6.625022251682822e-06
4.0,105.0,7.952124178700615e-06
4.0,106.0,8.188065294234548e-06
4.0,107.0,8.502804121235386e-06
4.0,108.0,1.0151440619665664e-05
4.0,109.0,2.308554712726618e-06
4.0,110.0,6.887577796987898e-07
4.0,111.0,3.150731936329976e-05
4.0,112.0,3.3101680401159683e-06
4.0,113.0,4.799664452548313e-07
4.0,114.0,2.600599327706732e-05
4.0,115.0,4.482055615540048e-08
4.0,116.0,4.554332463158062e-06
4.0,117.0,5.7837332860799506e-05
4.0,118.0,9.05660499483929e-07
4.0,119.0,2.1226303942967206e-05
4.0,120.0,7.307058695005253e-05
4.0,121.0,3.642975343609578e-07
4.0,122.0,1.2872087609139271e-06
4.0,123.0,3.040680951471586e-07
4.0,124.0,3.4950569105518525e-09
4.0,125.0,5.817635706506508e-09
4.0,126.0,2.2365123086842686e-09
4.0,127.0,5.312090212150622e-10
4.0,128.0,2.7828108706273724e-09
4.0,129.0,1.6936294588987266e-09
4.0,130.0,4.770311257118465e-09
4.0,131.0,1.0297500097067314e-07
4.0,132.0,3.7032859001584484e-09
4.0,133.0,8.880911650521739e-08
4.0,134.0,2.345745002685362e-07
4.0,135.0,1.4221432032002213e-08
4.0,136.0,1.479891551525725e-07
4.0,137.0,2.356049151330808e-07
4.0,138.0,3.4263737802575633e-07
4.0,139.0,4.835279696635553e-07
4.0,140.0,5.161767262507055e-07
4.0,141.0,1.386346639264957e-06
4.0,142.0,1.6646438325551571e-06
4.0,143.0,3.137105522910133e-06
4.0,144.0,7.554707735835109e-06
4.0,145.0,2.5136764634225983e-06
4.0,146.0,3.6084027215110837e-06
4.0,147.0,8.10830715636257e-06
4.0,148.0,4.5588476496050134e-06
4.0,149.0,7.36095171305351e-06
4.0,150.0,7.91641741670901e-06
4.0,151.0,1.3874661817681044e-05
4.0,152.0,3.0448638426605612e-05
4.0,153.0,1.1152525075885933e-05
4.0,154.0,3.2503190595889464e-05
4.0,155.0,1.2439591046131682e-05
4.0,156.0,2.1122772523085587e-05
4.0,157.0,1.3051723726675846e-05
4.0,158.0,2.070218397420831e-05
4.0,159.0,1.0075363206851762e-05
4.0,160.0,7.458736490661977e-06
4.0,161.0,5.046480055170832e-06
4.0,162.0,1.9039599692405318e-06
4.0,163.0,2.151467242583749e-06
4.0,164.0,4.306595542402647e-07
4.0,165.0,8.124214332383417e-07
4.0,166.0,1.7463374888393446e-06
4.0,167.0,1.062474893842591e-06
4.0,168.0,8.362925996152626e-07
4.0,169.0,1.7673121419647941e-06
4.0,170.0,6.401880341400101e-07
4.0,171.0,1.1152632168887067e-06
4.0,172.0,5.049922037869692e-06
4.0,173.0,7.728535820206162e-07
4.0,174.0,6.905717668814759e-07
4.0,175.0,1.7503792832940235e-06
4.0,176.0,2.4249065972981043e-06
4.0,177.0,7.264436590048717e-07
4.0,178.0,8.038958299039223e-07
4.0,179.0,1.92879679161706e-06
4.0,180.0,3.696993076118815e-07
4.0,-179.0,2.420682392312301e-07
4.0,-178.0,5.17490718721092e-07
4.0,-177.0,1.5878811154834693e-07
4.0,-176.0,1.0717847089836141e-06
4.0,-175.0,9.545013881506748e-07
4.0,-174.0,1.2776790754287504e-06
4.0,-173.0,8.297480462715612e-07
4.0,-172.0,1.2868123349107918e-06
4.0,-171.0,1.881961225080886e-06
4.0,-170.0,2.2845745206723223e-06
4.0,-169.0,2.6578338747640373e-06
4.0,-168.0,1.9533108570612967e-06
4.0,-167.0,7.675562301301397e-07
4.0,-166.0,9.311786186572135e-08
4.0,-165.0,1.8273803448209947e-07
4.0,-164.0,8.435683440666253e-08
4.0,-163.0,2.5646594181694127e-08
4.0,-162.0,1.3868964288121788e-07
4.0,-161.0,5.937769174124696e-07
4.0,-160.0,6.100390692154178e-06
4.0,-159.0,9.585693987901323e-06
4.0,-158.0,7.539808848378016e-06
4.0,-157.0,1.262749810848618e-05
4.0,-156.0,1.815909672586713e-05
4.0,-155.0,1.363875617244048e-05
4.0,-154.0,7.235142402350903e-05
4.0,-153.0,3.228709101676941e-05
4.0,-152.0,1.4022607501829043e-05
4.0,-151.0,6.017617124598473e-05
4.0,-150.0,8.592991071054712e-05
4.0,-149.0,6.211224535945803e-05
4.0,-148.0,9.966851212084293e-05
4.0,-147.0,6.84296537656337e-05
4.0,-146.0,4.952432846039301e-06
4.0,-145.0,3.3113960853370372e-06
4.0,-144.0,3.27701172864181e-06
4.0,-143.0,4.928526777803199e-07
4.0,-142.0,1.8591495631881116e-07
4.0,-141.0,5.0905299531223136e-08
4.0,-140.0,7.212808839085483e-08
4.0,-139.0,1.3149755773156357e-07
4.0,-138.0,9.422682722970421e-08
4.0,-137.0,8.894412530935369e-07
4.0,-136.0,1.0963241692252268e-07
4.0,-135.0,1.0533252634559176e-06
4.0,-134.0,4.482014446693938e-06
4.0,-133.0,1.3292816447574296e-06
4.0,-132.0,6.080110210859857e-07
4.0,-131.0,2.925728040281683e-06
4.0,-130.0,0.00038721266901120543
4.0,-129.0,5.6722852109780675e-11
4.0,-128.0,8.243709999078419e-06
4.0,-127.0,2.6275074560544454e-08
4.0,-126.0,1.6646480027748822e-10
4.0,-125.0,1.0865546329341669e-07
4.0,-124.0,1.4501149614432052e-08
4.0,-123.0,4.384307916716068e-10
4.0,-122.0,2.646653683768818e-06
4.0,-121.0,3.2144871511263773e-06
4.0,-120.0,6.987106189626502e-06
4.0,-119.0,1.189668273582356e-05
4.0,-118.0,1.5788536984473467e-05
4.0,-117.0,1.2265543773537502e-05
4.0,-116.0,3.2442032988910796e-06
4.0,-115.0,3.5061482776654884e-05
4.0,-114.0,9.824675362324342e-05
4.0,-113.0,3.1289338949136436e-05
4.0,-112.0,3.857941919704899e-05
4.0,-111.0,8.697307930560783e-05
4.0,-110.0,5.553799928748049e-05
4.0,-109.0,1.3773163118457887e-05
4.0,-108.0,3.2825559173943475e-05
4.0,-107.0,2.398347351117991e-05
4.0,-106.0,1.0017512977356091e-05
4.0,-105.0,1.3741544535150751e-05
4.0,-104.0,3.0605269785155542e-06
4.0,-103.0,1.4210809240466915e-06
4.0,-102.0,4.104242179892026e-06
4.0,-101.0,2.368903324168059e-06
4.0,-100.0,3.5901166484109126e-07
4.0,-99.0,2.511440698071965e-06
4.0,-98.0,2.7682201562129194e-06
4.0,-97.0,5.482316282723332e-06
4.0,-96.0,7.24736537449644e-07
4.0,-95.0,1.967408934433479e-05
4.0,-94.0,1.0714994687077706e-06
4.0,-93.0,2.3147383672039723e-06
4.0,-92.0,1.247868567588739e-06
4.0,-91.0,3.7198961422291177e-07
4.0,-90.0,5.122028028381465e-07
4.0,-89.0,1.8205876983756752e-07
4.0,-88.0,1.69811727346314e-07
4.0,-87.0,2.8253097639208136e-07
4.0,-86.0,1.2053621389895852e-07
4.0,-85.0,7.38476899186935e-07
4.0,-84.0,1.1932015695492737e-06
4.0,-83.0,1.8717856846706127e-06
4.0,-82.0,3.8515889855261776e-07
4.0,-81.0,1.0061776265501976e-06
4.0,-80.0,2.505921429474256e-06
4.0,-79.0,4.5578249796562886e-07
4.0,-78.0,2.9791508495691232e-06
4.0,-77.0,1.3677677088708151e-05
4.0,-76.0,2.3033624074741965e-06
4.0,-75.0,1.9999442884000018e-05
4.0,-74.0,2.7466847313917242e-05
4.0,-73.0,2.7939468054682948e-06
4.0,-72.0,4.167901715845801e-05
4.0,-71.0,9.190857235807925e-05
4.0,-70.0,0.0009021104197017848
4.0,-69.0,0.0017885785782709718
4.0,-68.0,5.1997267291881144e-05
4.0,-67.0,0.0015088228974491358
4.0,-66.0,0.0008174934191629291
4.0,-65.0,0.0004212072817608714
4.0,-64.0,0.0001052701409207657
4.0,-63.0,5.114773739478551e-05
4.0,-62.0,0.001344439690001309
4.0,-61.0,0.00046922825276851654
4.0,-60.0,3.952410406782292e-05
4.0,-59.0,0.003677002852782607
4.0,-58.0,0.00013750219659414142
4.0,-57.0,0.00012941764725837857
4.0,-56.0,0.00025024067144840956
4.0,-55.0,1.7612093870411627e-05
4.0,-54.0,1.9391403839108534e-05
4.0,-53.0,2.3498772861785255e-05
4.0,-52.0,7.216141966637224e-06
4.0,-51.0,7.611382898176089e-06
4.0,-50.0,2.659905248947325e-06
4.0,-49.0,1.2613180615517194e-06
4.0,-48.0,2.392823489572038e-06
4.0,-47.0,5.029146450397093e-07
4.0,-46.0,1.1193794762220932e-06
4.0,-45.0,9.37140157475369e-07
4.0,-44.0,9.836712706601247e-07
4.0,-43.0,4.7335834096884355e-07
4.0,-42.0,1.3604345383555483e-07
4.0,-41.0,9.729544814263136e-08
4.0,-40.0,1.4259380520798004e-07
4.0,-39.0,1.2887437605968444e-07
4.0,-38.0,5.741817687976436e-08
4.0,-37.0,2.3559121586913534e-07
4.0,-36.0,1.1232067720357009e-08
4.0,-35.0,1.894310130978738e-08
4.0,-34.0,3.528912628780745e-08
4.0,-33.0,1.91058813214795e-08
4.0,-32.0,8.909024984404823e-08
4.0,-31.0,6.46315214680726e-08
4.0,-30.0,2.2368186591847916e-07
4.0,-29.0,1.4412613325021084e-07
4.0,-28.0,9.277234624960329e-08
4.0,-27.0,3.9096542536753986e-07
4.0,-26.0,3.5278271752758883e-06
4.0,-25.0,2.349096064335754e-07
4.0,-24.0,2.0948272450027616e-08
4.0,-23.0,1.9522201455401955e-07
4.0,-22.0,6.15024120520502e-09
4.0,-21.0,2.2426259960184325e-08
4.0,-20.0,5.798528945888393e-07
4.0,-19.0,4.379420825983971e-09
4.0,-18.0,3.006016102702347e-09
4.0,-17.0,3.539502912985881e-08
4.0,-16.0,1.7238672711528125e-09
4.0,-15.0,3.252593216984678e-08
4.0,-14.0,5.094619481837981e-08
4.0,-13.0,3.4704121798512233e-09
4.0,-12.0,9.637285636188153e-09
4.0,-11.0,1.6386874790441652e-07
4.0,-10.0,1.2166722740403202e-07
4.0,-9.0,2.3213246436171175e-08
4.0,-8.0,2.254002720292192e-05
4.0,-7.0,1.4071216014599486e-07
4.0,-6.0,6.16450108736899e-07
4.0,-5.0,1.2776662515534554e-05
4.0,-4.0,3.260513494751649e-07
4.0,-3.0,1.083048391592456e-05
4.0,-2.0,0.0002769515267573297
4.0,-1.0,1.999872074520681e-05
5.0,0.0,0.0002639495360199362
5.0,1.0,5.298963060340611e-06
5.0,2.0,2.0833695089095272e-06
5.0,3.0,1.4331474631035235e-05
5.0,4.0,5.28787502673822e-08
5.0,5.0,7.918522896943614e-06
5.0,6.0,6.828767254773993e-06
5.0,7.0,1.851786493034524e-07
5.0,8.0,1.2963728579507006e-07
5.0,9.0,3.352399602363221e-08
5.0,10.0,3.067107101628608e-08
5.0,11.0,8.185784281522501e-06
5.0,12.0,4.845877654702235e-08
5.0,13.0,4.3955658668437536e-08
5.0,14.0,0.00016816331481095403
5.0,15.0,5.58810415896005e-06
5.0,16.0,2.8591666705324315e-06
5.0,17.0,1.674445258004198e-07
5.0,18.0,1.505199875850849e-08
5.0,19.0,3.903793412973755e-07
5.0,20.0,5.78917414006952e-10
5.0,21.0,2.908245200217152e-09
5.0,22.0,6.166006727426065e-08
5.0,23.0,3.362439215948143e-09
5.0,24.0,3.95742061343185e-09
5.0,25.0,6.661424833964702e-08
5.0,26.0,3.176271334837111e-08
5.0,27.0,2.674903498700587e-07
5.0,28.0,1.3887562317904667e-06
5.0,29.0,3.866324277623789e-06
5.0,30.0,3.8651778595522046e-05
5.0,31.0,0.0010493810987100005
5.0,32.0,4.050567383728776e-07
5.0,33.0,0.00013886965462006629
5.0,34.0,1.5689609426772222e-05
5.0,35.0,1.0816061148943845e-06
5.0,36.0,0.0012174583971500397
5.0,37.0,3.7972023392285337e-07
5.0,38.0,1.4402982628780592e-07
5.0,39.0,9.817306272452697e-05
5.0,40.0,6.18183264577965e-07
5.0,41.0,4.6577747525589075e-07
5.0,42.0,0.00043520802864804864
5.0,43.0,7.001654466876062e-06
5.0,44.0,7.89398825418175e-07
5.0,45.0,8.57130635267822e-06
5.0,46.0,8.524405075149843e-07
5.0,47.0,6.112760274845641e-06
5.0,48.0,2.997120873260428e-06
5.0,49.0,2.5583406113582896e-06
5.0,50.0,3.51855055669148e-06
5.0,51.0,6.933493568794802e-05
5.0,52.0,2.151693024643464e-06
5.0,53.0,3.8330404095177073e-07
5.0,54.0,6.559793109772727e-05
5.0,55.0,2.260509972984437e-05
5.0,56.0,4.979223788836862e-08
5.0,57.0,1.6335611974227504e-08
5.0,58.0,2.1021007512445067e-07
5.0,59.0,3.3181164482698478e-09
5.0,60.0,1.8501395970815793e-07
5.0,61.0,4.483652116249459e-09
5.0,62.0,3.336901033268447e-10
5.0,63.0,1.8832697901149942e-10
5.0,64.0,2.2358998333360525e-11
5.0,65.0,2.1868802341923343e-12
5.0,66.0,7.863937945273847e-09
5.0,67.0,9.650450438769553e-10
5.0,68.0,1.5350243298684063e-09
5.0,69.0,2.7395910251470923e-07
5.0,70.0,1.696721824373526e-06
5.0,71.0,5.014901944377925e-06
5.0,72.0,3.0827255415033505e-08
5.0,73.0,3.7683457776438445e-05
5.0,74.0,9.831417457917269e-08
5.0,75.0,2.0862106708818828e-08
5.0,76.0,1.0129999949981539e-08
5.0,77.0,1.4804027159698308e-06
5.0,78.0,5.66568658655342e-08
5.0,79.0,2.2672356436714836e-08
5.0,80.0,5.640402278572765e-08
5.0,81.0,6.159234011704484e-09
5.0,82.0,4.510450324346493e-08
5.0,83.0,2.9442279725344633e-09
5.0,84.0,1.1597135057828112e-10
5.0,85.0,2.7581059658388085e-10
5.0,86.0,6.138890090712223e-11
5.0,87.0,9.514222298889763e-09
5.0,88.0,2.4896152694964258e-08
5.0,89.0,1.540375222930379e-07
5.0,90.0,9.166266323745731e-08
5.0,91.0,4.7336958232335746e-05
5.0,92.0,7.662924303986074e-07
5.0,93.0,6.467803814302897e-06
5.0,94.0,3.544855189829832e-06
5.0,95.0,1.253308255400043e-06
5.0,96.0,1.0940404990833485e-06
5.0,97.0,5.3067378047444436e-08
5.0,98.0,2.542370758362722e-09
5.0,99.0,2.4811299681459786e-08
5.0,100.0,1.8448328376052814e-07
5.0,101.0,2.4132238429785957e-09
5.0,102.0,2.2321219148579985e-05
5.0,103.0,3.7337326830311213e-07
5.0,104.0,6.506950853690796e-07
5.0,105.0,6.829242465755669e-06
5.0,106.0,2.3464167497877497e-06
5.0,107.0,3.819575056240865e-07
5.0,108.0,4.6988611757114995e-06
5.0,109.0,5.09973233420169e-06
5.0,110.0,3.414309048821451e-06
5.0,111.0,3.9169987076093093e-07
5.0,112.0,2.9661214284715243e-06
5.0,113.0,3.7320025967346737e-06
5.0,114.0,1.410062668583123e-05
5.0,115.0,2.192300780734513e-05
5.0,116.0,1.2714162039628718e-05
5.0,117.0,1.1323830221954267e-05
5.0,118.0,1.1753913895518053e-05
5.0,119.0,3.415482206037268e-05
5.0,120.0,5.7128800108330324e-06
5.0,121.0,3.385790932952659e-06
5.0,122.0,1.3869707800040487e-06
5.0,123.0,1.817936023940092e-08
5.0,124.0,1.6780890010892335e-09
5.0,125.0,3.2884425849033505e-08
5.0,126.0,7.0457475409568815e-09
5.0,127.0,7.937638324406748e-10
5.0,128.0,8.333135848026529e-10
5.0,129.0,8.833858977652653e-09
5.0,130.0,6.941184960140845e-09
5.0,131.0,5.7116023022274476e-09
5.0,132.0,2.6617099635473096e-09
5.0,133.0,5.6723905572653166e-08
5.0,134.0,7.535033574868066e-08
5.0,135.0,8.073587309809227e-08
5.0,136.0,7.059537665554672e-07
5.0,137.0,2.6497829708205245e-07
5.0,138.0,6.388584665728558e-07
5.0,139.0,3.8435896385635715e-06
5.0,140.0,8.931565957936982e-07
5.0,141.0,2.4735802526265616e-06
5.0,142.0,4.063407232024474e-06
5.0,143.0,1.3222860388850677e-06
5.0,144.0,1.4335521427710773e-06
5.0,145.0,1.97559165826533e-06
5.0,146.0,1.6270877267743344e-06
5.0,147.0,2.0760451207024744e-06
5.0,148.0,5.611687356577022e-06
5.0,149.0,6.1462433222914115e-06
5.0,150.0,4.76449349662289e-06
5.0,151.0,2.1345644199755043e-05
5.0,152.0,3.312496482976712e-05
5.0,153.0,9.235105608240701e-06
5.0,154.0,1.3400690477283206e-06
5.0,155.0,1.9206641809432767e-05
5.0,156.0,1.1431062375777401e-05
5.0,157.0,7.330316748266341e-06
5.0,158.0,8.064896974246949e-06
5.0,159.0,3.260353423684137e-06
5.0,160.0,2.048210035354714e-06
5.0,161.0,4.8736628741608e-06
5.0,162.0,9.279868322664697e-07
5.0,163.0,7.410703233290405e-07
5.0,164.0,1.4889276371832239e-06
5.0,165.0,5.246184286988864e-07
5.0,166.0,7.022806585155195e-07
5.0,167.0,2.4079113245534245e-06
5.0,168.0,1.9269948552391725e-06
5.0,169.0,5.062436230218736e-07
5.0,170.0,4.477788934309501e-06
5.0,171.0,4.837285814573988e-06
5.0,172.0,1.0835201464942656e-06
5.0,173.0,3.561941412044689e-06
5.0,174.0,1.3956031352790887e-06
5.0,175.0,7.729118465249485e-07
5.0,176.0,4.355380042397883e-06
5.0,177.0,2.3333980152528966e-06
5.0,178.0,9.824412927628146e-07
5.0,179.0,1.1989757240371546e-06
5.0,180.0,6.795692115701968e-07
5.0,-179.0,4.343648072335782e-07
5.0,-178.0,1.1919197504539625e-06
5.0,-177.0,1.5093576166691491e-06
5.0,-176.0,1.8060093225358287e-06
5.0,-175.0,2.08426354220137e-06
5.0,-174.0,1.631287318559771e-06
5.0,-173.0,1.5556029211438727e-06
5.0,-172.0,1.8079083474731306e-06
5.0,-171.0,6.422166734409984e-06
5.0,-170.0,2.7234766548644984e-06
5.0,-169.0,4.3707173063012306e-06
5.0,-168.0,1.5695570709794993e-06
5.0,-167.0,2.768964861843415e-07
5.0,-166.0,6.943749326637771e-07
5.0,-165.0,3.371335992596869e-07
5.0,-164.0,2.585098002327868e-07
5.0,-163.0,8.258513162218151e-07
5.0,-162.0,4.097757937415736e-06
5.0,-161.0,8.152868758770637e-06
5.0,-160.0,8.689743481227197e-06
5.0,-159.0,2.455710455251392e-05
5.0,-158.0,1.7653192116995342e-05
5.0,-157.0,4.174862988293171e-05
5.0,-156.0,4.189171886537224e-05
5.0,-155.0,2.5452003683312796e-05
5.0,-154.0,2.159019095415715e-05
5.0,-153.0,2.1644716980517842e-05
5.0,-152.0,0.00010775662667583674
5.0,-151.0,0.00017796542670112103
5.0,-150.0,0.000388342363294214
5.0,-149.0,0.0003022985183633864
5.0,-148.0,7.171041943365708e-05
5.0,-147.0,4.261478170519695e-05
5.0,-146.0,2.1129138985997997e-05
5.0,-145.0,3.028493119927589e-05
5.0,-144.0,1.1057773008360527e-05
5.0,-143.0,3.791502876993036e-06
5.0,-142.0,6.557729079759156e-07
5.0,-141.0,5.308464778863708e-07
5.0,-140.0,3.5991843105875887e-07
5.0,-139.0,6.275124064814008e-07
5.0,-138.0,7.167400326579809e-07
5.0,-137.0,7.930638048492256e-07
5.0,-136.0,1.8285705891685211e-06
5.0,-135.0,2.0013476387248375e-06
5.0,-134.0,9.067702194442973e-06
5.0,-133.0,7.38944345357595e-06
5.0,-132.0,8.52092085779077e-08
5.0,-131.0,2.4549942523321988e-08
5.0,-130.0,1.0556483687196305e-08
5.0,-129.0,4.543831977343871e-08
5.0,-128.0,5.649693335385564e-08
5.0,-127.0,2.739922820182983e-06
5.0,-126.0,1.0869924405021436e-10
5.0,-125.0,6.888008829974979e-09
5.0,-124.0,1.8268436008384015e-07
5.0,-123.0,1.3339835902570485e-08
5.0,-122.0,3.0300677735795034e-06
5.0,-121.0,1.7807720723794773e-05
5.0,-120.0,8.843555406201631e-05
5.0,-119.0,1.0847755220311228e-05
5.0,-118.0,7.835933502065018e-07
5.0,-117.0,7.643901335541159e-05
5.0,-116.0,2.8571814254974015e-05
5.0,-115.0,4.530938895186409e-06
5.0,-114.0,0.0004599012900143862
5.0,-113.0,0.00010106169065693393
5.0,-112.0,1.8593513232190162e-05
5.0,-111.0,9.874162060441449e-05
5.0,-110.0,4.9163449148181826e-05
5.0,-109.0,1.0227098755422048e-05
5.0,-108.0,9.68089880188927e-05
5.0,-107.0,2.0380612113513052e-05
5.0,-106.0,7.240814284159569e-06
5.0,-105.0,1.2832907486881595e-05
5.0,-104.0,2.783091531455284e-06
5.0,-103.0,8.912719749787357e-06
5.0,-102.0,2.2389975129044615e-05
5.0,-101.0,4.23342025897e-05
5.0,-100.0,0.00010199964890489355
5.0,-99.0,3.3956825973291416e-06
5.0,-98.0,5.6901735661085695e-06
5.0,-97.0,6.848579505458474e-05
5.0,-96.0,4.263253231329145e-06
5.0,-95.0,2.4003702492336743e-06
5.0,-94.0,2.035423312918283e-05
5.0,-93.0,2.1622229269269155e-06
5.0,-92.0,1.3639282769872807e-06
5.0,-91.0,4.468634415388806e-06
5.0,-90.0,1.2636813835342764e-06
5.0,-89.0,8.299023761537683e-07
5.0,-88.0,1.749201260281552e-06
5.0,-87.0,6.440508855121152e-07
5.0,-86.0,1.6144025494213565e-07
5.0,-85.0,7.250716407725122e-06
5.0,-84.0,6.099593974795425e-06
5.0,-83.0,3.6664391700469423e-06
5.0,-82.0,4.34914591096458e-06
5.0,-81.0,5.755177880928386e-06
5.0,-80.0,9.85700808087131e-06
5.0,-79.0,1.4346214811666869e-05
5.0,-78.0,1.4859792827337515e-05
5.0,-77.0,3.2005780212784884e-06
5.0,-76.0,3.9802912397135515e-06
5.0,-75.0,2.5665765861049294e-05
5.0,-74.0,1.7917835066327825e-05
5.0,-73.0,2.407864849374164e-05
5.0,-72.0,6.0318194300634786e-05
5.0,-71.0,7.342780008912086e-05
5.0,-70.0,3.981103509431705e-05
5.0,-69.0,0.00023375038290396333
5.0,-68.0,0.00046656178892590106
5.0,-67.0,0.00021024318994022906
5.0,-66.0,0.0002898619568441063
5.0,-65.0,8.446029096376151e-05
5.0,-64.0,0.00017107947496697307
5.0,-63.0,0.0003940829774364829
5.0,-62.0,0.0002671619295142591
5.0,-61.0,0.0002756596659310162
5.0,-60.0,4.8576664994470775e-05
5.0,-59.0,4.273776721674949e-05
5.0,-58.0,7.6841919508297e-05
5.0,-57.0,4.435337905306369e-05
5.0,-56.0,7.671065395697951e-05
5.0,-55.0,6.114240386523306e-05
5.0,-54.0,2.8741984351654537e-05
5.0,-53.0,9.959957424143795e-06
5.0,-52.0,1.593228807905689e-05
5.0,-51.0,8.958651051216293e-06
5.0,-50.0,4.4683233682007995e-06
5.0,-49.0,2.092720706059481e-06
5.0,-48.0,1.3238733345133369e-06
5.0,-47.0,4.988843897990591e-07
5.0,-46.0,6.673778898402816e-07
5.0,-45.0,8.042983949962945e-07
5.0,-44.0,5.698242375729023e-07
5.0,-43.0,4.282721874915296e-07
5.0,-42.0,2.4655017227814824e-07
5.0,-41.0,9.120748956092939e-08
5.0,-40.0,2.847387463589257e-07
5.0,-39.0,2.6649200890460634e-07
5.0,-38.0,1.914723952722852e-07
5.0,-37.0,4.504758521761687e-08
5.0,-36.0,4.223265293035183e-08
5.0,-35.0,2.9471397766656082e-08
5.0,-34.0,1.7446676991994536e-08
5.0,-33.0,6.221234372105755e-08
5.0,-32.0,2.8610520530492067e-07
5.0,-31.0,2.711089734930283e-07
5.0,-30.0,4.867810616815405e-07
5.0,-29.0,9.043571935762884e-07
5.0,-28.0,1.2509376290381624e-07
5.0,-27.0,1.0909659522440052e-06
5.0,-26.0,4.1495153709547594e-05
5.0,-25.0,7.207138885689801e-09
5.0,-24.0,1.2410314411681611e-06
5.0,-23.0,3.830833179563342e-07
5.0,-22.0,1.0073129175225404e-07
5.0,-21.0,9.003900913739926e-07
5.0,-20.0,9.10447965907224e-08
5.0,-19.0,1.4489261346284366e-08
5.0,-18.0,2.5216597805410856e-06
5.0,-17.0,1.2149283179496706e-07
5.0,-16.0,1.283107593508248e-07
5.0,-15.0,1.4952457831896027e-06
5.0,-14.0,3.6343664078231086e-07
5.0,-13.0,3.938465397368418e-06
5.0,-12.0,3.6205994547344744e-05
5.0,-11.0,1.3151395528154808e-08
5.0,-10.0,3.2980806281557307e-06
5.0,-9.0,7.1785216277930886e-06
5.0,-8.0,4.002200171271397e-08
5.0,-7.0,8.196996077458607e-07
5.0,-6.0,2.4910152660595486e-06
5.0,-5.0,5.8969245486650834e-08
5.0,-4.0,1.7217558934135013e-07
5.0,-3.0,0.0003036034759134054
5.0,-2.0,4.460303534870036e-05
5.0,-1.0,2.8451877369661815e-05
6.0,0.0,0.00032098026713356376
6.0,1.0,0.0007749120122753084
6.0,2.0,5.995872925268486e-05
6.0,3.0,0.048286743462085724
6.0,4.0,1.6631265680189244e-05
6.0,5.0,4.357679426902905e-05
6.0,6.0,2.258466793136904e-06
6.0,7.0,3.469945340839331e-06
6.0,8.0,1.3099617035550182e-06
6.0,9.0,7.452477035485572e-08
6.0,10.0,2.9148168323445134e-07
6.0,11.0,1.5045733903207292e-07
6.0,12.0,2.4733284590183757e-05
6.0,13.0,2.366055795732791e-09
6.0,14.0,1.3902537148169358e-06
6.0,15.0,8.822161908028647e-05
6.0,16.0,3.46341799684069e-08
6.0,17.0,2.340134273026706e-07
6.0,18.0,5.716901227970084e-07
6.0,19.0,9.398322120546254e-09
6.0,20.0,1.2877801047750381e-08
6.0,21.0,6.093205939805557e-08
6.0,22.0,7.24256432604875e-10
6.0,23.0,6.109597165959713e-07
6.0,24.0,4.487372109451826e-07
6.0,25.0,5.2363468228122656e-08
6.0,26.0,1.5776562634073343e-07
6.0,27.0,1.255794472854177e-06
6.0,28.0,4.994161031390831e-07
6.0,29.0,3.060682729483233e-07
6.0,30.0,1.5250464002747322e-06
6.0,31.0,2.5703438950586133e-05
6.0,32.0,4.33946745204139e-09
6.0,33.0,1.8845477143258904e-06
6.0,34.0,0.00012194122973596677
6.0,35.0,2.156859135737932e-09
6.0,36.0,3.644189394691466e-09
6.0,37.0,0.0004350219969637692
6.0,38.0,6.395352158961032e-08
6.0,39.0,1.0120190836460097e-06
6.0,40.0,6.398765253834426e-05
6.0,41.0,5.2403333228312476e-08
6.0,42.0,1.37474171424401e-05
6.0,43.0,4.2991888449250837e-07
6.0,44.0,8.162026574609627e-07
6.0,45.0,4.452600933291251e-06
6.0,46.0,7.1511017267766874e-06
6.0,47.0,9.675375167716993e-07
6.0,48.0,1.0903796464845072e-05
6.0,49.0,1.1196549166925251e-05
6.0,50.0,9.140720749201137e-07
6.0,51.0,2.7809451239591e-06
6.0,52.0,7.523202839365695e-06
6.0,53.0,6.481792524937191e-07
6.0,54.0,3.3704935731293517e-07
6.0,55.0,0.00017147389007732272
6.0,56.0,1.3795193432031283e-08
6.0,57.0,7.881326702374736e-09
6.0,58.0,3.5865949030267075e-05
6.0,59.0,4.257718622113771e-09
6.0,60.0,5.601987140835263e-08
6.0,61.0,2.4484345431119436e-06
6.0,62.0,2.089613417410874e-06
6.0,63.0,5.929872565202388e-11
6.0,64.0,2.25731455749667e-09
6.0,65.0,5.498666411085651e-08
6.0,66.0,2.708298119102892e-08
6.0,67.0,9.194716987792617e-09
6.0,68.0,4.539847253681728e-08
6.0,69.0,2.847822031526448e-07
6.0,70.0,1.1493560769793021e-08
6.0,71.0,1.950893278035437e-07
6.0,72.0,1.1092320164607372e-06
6.0,73.0,7.96907428934901e-09
6.0,74.0,6.885738912387751e-07
6.0,75.0,2.5090363564572726e-08
6.0,76.0,7.949161329179333e-08
6.0,77.0,4.669898956422003e-08
6.0,78.0,1.5796370433918128e-08
6.0,79.0,8.650054894587811e-08
6.0,80.0,4.505847694957765e-09
6.0,81.0,1.987764119970592e-10
6.0,82.0,3.6723557528262063e-10
6.0,83.0,4.0752676233601903e-10
6.0,84.0,8.918613243757978e-12
6.0,85.0,4.430486644224629e-09
6.0,86.0,6.317058855176416e-12
6.0,87.0,1.3431990242285252e-10
6.0,88.0,3.975828111180135e-09
6.0,89.0,1.4537558001848083e-07
6.0,90.0,1.3961206946078164e-07
6.0,91.0,1.5352173932114965e-06
6.0,92.0,5.408942911344639e-07
6.0,93.0,2.0140340950547397e-08
6.0,94.0,2.1750486212113174e-07
6.0,95.0,0.00023307118681259453
6.0,96.0,3.077715513000179e-11
6.0,97.0,2.4073358417808777e-08
6.0,98.0,4.388970520352586e-09
6.0,99.0,2.1020204674093712e-11
6.0,100.0,0.0006413522642105818
6.0,101.0,1.7506444294212997e-08
6.0,102.0,2.1046112408384943e-08
6.0,103.0,3.237209239159711e-05
6.0,104.0,1.1763490448402081e-07
6.0,105.0,2.1508828496052956e-08
6.0,106.0,4.293736765248468e-06
6.0,107.0,3.2429704788228264e-07
6.0,108.0,3.3542326605129347e-07
6.0,109.0,1.45321382660768e-05
6.0,110.0,8.17892487248173e-06
6.0,111.0,1.5815933451790443e-08
6.0,112.0,0.0011869253357872367
6.0,113.0,4.707231346401386e-05
6.0,114.0,6.04700971962302e-07
6.0,115.0,0.00010898594337049872
6.0,116.0,4.479736617213348e-06
6.0,117.0,1.9030707107958733e-06
6.0,118.0,3.6216490116203204e-05
6.0,119.0,1.8050916423817398e-06
6.0,120.0,5.360044815461151e-05
6.0,121.0,7.484627531084698e-07
6.0,122.0,1.5344019743679382e-07
6.0,123.0,7.928704093274064e-08
6.0,124.0,1.60806656879231e-08
6.0,125.0,1.5210993353775848e-08
6.0,126.0,1.0232884761762762e-08
6.0,127.0,9.763132524653884e-09
6.0,128.0,2.393988651760992e-08
6.0,129.0,4.230973260632709e-08
6.0,130.0,1.1879345507281869e-08
6.0,131.0,5.5215355843074576e-08
6.0,132.0,1.2933406345894127e-08
6.0,133.0,1.327278766893869e-07
6.0,134.0,2.489406938366301e-07
6.0,135.0,5.007810841561877e-07
6.0,136.0,2.5343024390167557e-06
6.0,137.0,7.219750841613859e-07
6.0,138.0,1.160261035693111e-06
6.0,139.0,1.5488778899452882e-06
6.0,140.0,8.361936352230259e-07
6.0,141.0,2.1316220681910636e-06
6.0,142.0,2.087107986881165e-06
6.0,143.0,2.601703101845487e-07
6.0,144.0,6.362306521623395e-07
6.0,145.0,3.0126641377137275e-06
6.0,146.0,2.41346270968279e-07
6.0,147.0,6.565388162016461e-07
6.0,148.0,3.577001280063996e-06
6.0,149.0,9.782713732420234e-07
6.0,150.0,3.5106975246890215e-06
6.0,151.0,2.538115586503409e-05
6.0,152.0,1.8527171050664037e-06
6.0,153.0,1.0551228797339718e-06
6.0,154.0,1.009725656331284e-05
6.0,155.0,2.2248568711802363e-06
6.0,156.0,5.635198704112554e-06
6.0,157.0,1.2128636626584921e-05
6.0,158.0,1.9878666535078082e-06
6.0,159.0,2.7512053293321515e-06
6.0,160.0,5.086069450044306e-06
6.0,161.0,1.6046278688008897e-06
6.0,162.0,1.1074320127590909e-06
6.0,163.0,1.8850976175599499e-06
6.0,164.0,8.04044589131081e-07
6.0,165.0,3.5852414725923154e-07
6.0,166.0,5.2436407713685185e-06
6.0,167.0,3.039905777768581e-06
6.0,168.0,1.1919936468984815e-06
6.0,169.0,3.609507302826387e-06
6.0,170.0,5.506797606358305e-06
6.0,171.0,1.5117693692445755e-06
6.0,172.0,2.7574724299483933e-06
6.0,173.0,3.308249233668903e-06
6.0,174.0,2.7941225653194124e-06
6.0,175.0,1.9892945601895917e-06
6.0,176.0,3.3295823413936887e-06
6.0,177.0,2.8950471460120752e-06
6.0,178.0,4.270052613719599e-06
6.0,179.0,2.734803274506703e-06
6.0,180.0,8.654153589304769e-07
6.0,-179.0,1.0240080428047804e-06
6.0,-178.0,1.921499006130034e-06
6.0,-177.0,4.191613697912544e-06
6.0,-176.0,4.1052289816434495e-06
6.0,-175.0,4.167360202700365e-06
6.0,-174.0,2.3771385713189375e-06
6.0,-173.0,3.6047974845132558e-06
6.0,-172.0,3.081029490203946e-06
6.0,-171.0,7.009003184066387e-06
6.0,-170.0,6.619445684918901e-06
6.0,-169.0,5.382856215874199e-06
6.0,-168.0,3.0478506687359186e-06
6.0,-167.0,1.8050847074846388e-06
6.0,-166.0,1.4382615063368576e-06
6.0,-165.0,2.1503983589354903e-06
6.0,-164.0,2.0943898562109098e-06
6.0,-163.0,3.3127196275017923e-06
6.0,-162.0,6.467827915912494e-06
6.0,-161.0,1.715143480396364e-05
6.0,-160.0,1.4945661860110704e-05
6.0,-159.0,5.732841236749664e-05
6.0,-158.0,0.00022259328397922218
6.0,-157.0,6.047219721949659e-05
6.0,-156.0,4.8907477321336046e-05
6.0,-155.0,0.00010122622916242108
6.0,-154.0,2.058597056020517e-05
6.0,-153.0,7.375728455372155e-05
6.0,-152.0,0.00015656111645512283
6.0,-151.0,0.00017763685900717974
6.0,-150.0,0.0007952944142743945
6.0,-149.0,0.00011227959475945681
6.0,-148.0,4.3557975004659966e-05
6.0,-147.0,0.0002768802805803716
6.0,-146.0,0.0003426878247410059
6.0,-145.0,7.364033808698878e-05
6.0,-144.0,1.6729589333408512e-05
6.0,-143.0,5.574393435381353e-05
6.0,-142.0,1.038305890688207e-05
6.0,-141.0,1.4813263078394812e-06
6.0,-140.0,3.928895239369012e-06
6.0,-139.0,6.0357806432875805e-06
6.0,-138.0,2.164432544304873e-06
6.0,-137.0,3.1704721550340764e-06
6.0,-136.0,2.49139043262403e-06
6.0,-135.0,3.958384695579298e-06
6.0,-134.0,1.5844792642383254e-06
6.0,-133.0,2.1666257907781983e-06
6.0,-132.0,4.1527727034917916e-08
6.0,-131.0,4.61850246935569e-09
6.0,-130.0,2.29350916036708e-09
6.0,-129.0,6.225661763892276e-08
6.0,-128.0,1.0260798287420325e-11
6.0,-127.0,8.261109851748216e-11
6.0,-126.0,5.597015073632861e-10
6.0,-125.0,1.3295287613901419e-11
6.0,-124.0,4.084023785821955e-09
6.0,-123.0,3.0271087858579904e-09
6.0,-122.0,3.6995183450017066e-07
6.0,-121.0,1.817540032789111e-05
6.0,-120.0,1.3359216666231077e-07
6.0,-119.0,1.0922599358309526e-06
6.0,-118.0,3.139765976811759e-05
6.0,-117.0,0.0002030082541750744
6.0,-116.0,3.8287817005766556e-05
6.0,-115.0,1.953519858943764e-05
6.0,-114.0,5.180658263270743e-06
6.0,-113.0,2.1259904769976856e-06
6.0,-112.0,3.979011671617627e-05
6.0,-111.0,1.7409252905054018e-05
6.0,-110.0,1.137753429247823e-06
6.0,-109.0,1.1462184374977369e-05
6.0,-108.0,1.5217023246805184e-05
6.0,-107.0,2.3487056751037017e-05
6.0,-106.0,2.041048719547689e-05
6.0,-105.0,5.454847723740386e-06
6.0,-104.0,1.160724332294194e-05
6.0,-103.0,4.970625468558865e-06
6.0,-102.0,5.619640887744026e-06
6.0,-101.0,1.6038207832025364e-05
6.0,-100.0,1.6486426829942502e-05
6.0,-99.0,1.1353761692589615e-05
6.0,-98.0,5.333468834578525e-06
6.0,-97.0,8.520698884240119e-07
6.0,-96.0,3.985803402883903e-07
6.0,-95.0,5.828984740219312e-06
6.0,-94.0,4.09179989446784e-07
6.0,-93.0,9.824759672483196e-07
6.0,-92.0,7.155289495131001e-06
6.0,-91.0,1.896415824376163e-06
6.0,-90.0,2.3927684651425807e-06
6.0,-89.0,8.110425369523e-06
6.0,-88.0,2.407300598861184e-06
6.0,-87.0,1.411830453434959e-06
6.0,-86.0,2.6199035346508026e-05
6.0,-85.0,1.0351845048717223e-05
6.0,-84.0,3.6015849218529183e-06
6.0,-83.0,2.066041088255588e-05
6.0,-82.0,3.636610563262366e-05
6.0,-81.0,1.7969856344279833e-05
6.0,-80.0,1.4511765584757086e-05
6.0,-79.0,3.1655104976380244e-05
6.0,-78.0,3.3945867471629754e-05
6.0,-77.0,4.1840376070467755e-06
6.0,-76.0,1.0454587936692405e-05
6.0,-75.0,6.4845526139833964e-06
6.0,-74.0,1.747160581544449e-06
6.0,-73.0,1.616516601643525e-05
6.0,-72.0,1.2547046935651451e-05
6.0,-71.0,9.700156624603551e-06
6.0,-70.0,7.040469427010976e-06
6.0,-69.0,5.3250794735504314e-05
6.0,-68.0,1.7706048311083578e-05
6.0,-67.0,3.3106109185609967e-05
6.0,-66.0,1.0095783181895968e-05
6.0,-65.0,0.00022325794270727783
6.0,-64.0,0.0003278948715887964
6.0,-63.0,0.0009309637825936079
6.0,-62.0,5.461520777316764e-05
6.0,-61.0,0.00018844423175323755
6.0,-60.0,0.00029759565950371325
6.0,-59.0,1.8234426534036174e-05
6.0,-58.0,8.929192699724808e-05
6.0,-57.0,0.00012578925816342235
6.0,-56.0,3.118111999356188e-05
6.0,-55.0,1.8340164388064295e-05
6.0,-54.0,1.8214717783848755e-05
6.0,-53.0,1.0155391464650165e-05
6.0,-52.0,1.0330326404073276e-05
6.0,-51.0,6.185930487845326e-06
6.0,-50.0,3.068566911679227e-06
6.0,-49.0,2.2480662664747797e-06
6.0,-48.0,4.841458007831534e-07
6.0,-47.0,3.701074149375927e-07
6.0,-46.0,5.03738874613191e-07
6.0,-45.0,5.204707917982887e-07
6.0,-44.0,4.0210505858340184e-07
6.0,-43.0,1.867351784312632e-07
6.0,-42.0,3.5308727319716127e-07
6.0,-41.0,2.894661292884848e-07
6.0,-40.0,2.6762049287754053e-07
6.0,-39.0,1.4483117638519616e-07
6.0,-38.0,1.6005105862859637e-07
6.0,-37.0,8.013095964543027e-08
6.0,-36.0,1.532690987460228e-07
6.0,-35.0,7.591988548938389e-08
6.0,-34.0,2.0177434123525018e-07
6.0,-33.0,1.6668711566580896e-07
6.0,-32.0,3.459305446540384e-07
6.0,-31.0,7.664801842111046e-07
6.0,-30.0,1.0089516990774428e-06
6.0,-29.0,1.252347715308133e-06
6.0,-28.0,6.310176559054526e-07
6.0,-27.0,2.101530299114529e-06
6.0,-26.0,7.409700941707342e-08
6.0,-25.0,1.3501467037713155e-06
6.0,-24.0,1.5314601142790707e-08
6.0,-23.0,1.9374724047338532e-08
6.0,-22.0,9.66064490626195e-08
6.0,-21.0,1.0265257088803992e-08
6.0,-20.0,2.11611194345096e-07
6.0,-19.0,3.1845979719946627e-07
6.0,-18.0,2.25505047524166e-07
6.0,-17.0,1.1785564311139751e-05
6.0,-16.0,1.3472707678374718e-06
6.0,-15.0,5.664465518862016e-08
6.0,-14.0,8.237727888626978e-05
6.0,-13.0,0.000508659053593874
6.0,-12.0,1.0460154044267256e-05
6.0,-11.0,0.0002727226819843054
6.0,-10.0,1.7945376384886913e-07
6.0,-9.0,1.4617342003475642e-07
6.0,-8.0,4.231998218529043e-08
6.0,-7.0,4.14384703617543e-06
6.0,-6.0,9.508218568043958e-07
6.0,-5.0,4.80406561109703e-06
6.0,-4.0,6.462843771259941e-08
6.0,-3.0,1.994146430206456e-07
6.0,-2.0,1.1693080523400567e-05
6.0,-1.0,1.1227600225538481e-05
7.0,0.0,0.016781194135546684
7.0,1.0,0.00038897147169336677
7.0,2.0,0.004766295198351145
7.0,3.0,0.008044629357755184
7.0,4.0,1.020958643493941e-05
7.0,5.0,2.4478193154209293e-05
7.0,6.0,0.00012102585606044158
7.0,7.0,9.2218697318458e-06
7.0,8.0,5.4879641538718715e-05
7.0,9.0,0.0001800319441827014
7.0,10.0,3.533527035415318e-07
7.0,11.0,1.9849223463097587e-05
7.0,12.0,4.194529083179077e-06
7.0,13.0,1.7297426211371203e-06
7.0,14.0,1.9695510218298296e-06
7.0,15.0,1.2558591606648406e-06
7.0,16.0,4.762059234053595e-06
7.0,17.0,5.983883397675527e-07
7.0,18.0,1.0656663995689541e-08
7.0,19.0,9.028827889778768e-07
7.0,20.0,7.179383828770369e-06
7.0,21.0,3.084640809447592e-07
7.0,22.0,1.5384257494588383e-05
7.0,23.0,4.114465991733596e-05
7.0,24.0,3.010786349477712e-05
7.0,25.0,1.0580353773548268e-05
7.0,26.0,2.6781843189382926e-05
7.0,27.0,2.9749613531748764e-05
7.0,28.0,1.2133506061218213e-05
7.0,29.0,3.945797004689666e-07
7.0,30.0,4.999131851946004e-05
7.0,31.0,2.600085622361803e-07
7.0,32.0,2.572795892774593e-06
7.0,33.0,2.779192755042459e-06
7.0,34.0,5.880313480588484e-08
7.0,35.0,5.070480256108567e-06
7.0,36.0,9.179489097732585e-06
7.0,37.0,1.5133269926081994e-07
7.0,38.0,1.3445992408378515e-07
7.0,39.0,1.844955704655149e-06
7.0,40.0,1.8770823544400628e-06
7.0,41.0,1.875946509244386e-07
7.0,42.0,2.4644889435876394e-06
7.0,43.0,2.1643117520397936e-07
7.0,44.0,2.7053590478942624e-09
7.0,45.0,2.4187440317291475e-07
7.0,46.0,1.0244063560094219e-05
7.0,47.0,6.1097287229472386e-09
7.0,48.0,3.300779098935891e-07
7.0,49.0,6.580765443686687e-07
7.0,50.0,3.691394567795214e-07
7.0,51.0,2.2402836918899993e-07
7.0,52.0,3.767619887184992e-07
7.0,53.0,3.606423248925239e-08
7.0,54.0,2.6848176275962032e-05
7.0,55.0,2.0250622583262157e-06
7.0,56.0,4.404316911177375e-09
7.0,57.0,5.391572994994931e-05
7.0,58.0,1.2081271052011289e-05
7.0,59.0,2.7318403095222266e-09
7.0,60.0,8.199818694265559e-05
7.0,61.0,7.109194939403096e-07
7.0,62.0,1.699247320630093e-08
7.0,63.0,4.352366023141485e-09
7.0,64.0,1.7043644273684322e-10
7.0,65.0,4.0721932492715496e-09
7.0,66.0,4.836399614127629e-10
7.0,67.0,2.274840760208008e-09
7.0,68.0,3.6120610502621275e-08
7.0,69.0,6.278119690783512e-11
7.0,70.0,7.386010736354365e-08
7.0,71.0,1.9350865798628547e-08
7.0,72.0,8.580174071237678e-11
7.0,73.0,7.115762912235368e-08
7.0,74.0,5.0112742400187926e-08
7.0,75.0,1.3792468556150794e-10
7.0,76.0,1.6570176342156628e-09
7.0,77.0,1.1629642138188956e-08
7.0,78.0,1.2337276755758353e-09
7.0,79.0,1.1446366077194625e-09
7.0,80.0,7.200004481511257e-10
7.0,81.0,3.596903330738144e-11
7.0,82.0,2.310987122153274e-12
7.0,83.0,5.477887241034374e-12
7.0,84.0,2.6526946871746615e-12
7.0,85.0,1.621064935931893e-12
7.0,86.0,7.296448601562533e-13
7.0,87.0,1.5309671932972613e-11
7.0,88.0,2.613938232531865e-10
7.0,89.0,1.4447732610278763e-07
7.0,90.0,2.4307397761269556e-10
7.0,91.0,2.961590417349669e-10
7.0,92.0,1.4661989666819863e-07
7.0,93.0,5.0297848019909e-07
7.0,94.0,1.0309508269301659e-07
7.0,95.0,3.4876950394391315e-06
7.0,96.0,8.171234355813795e-08
7.0,97.0,1.1738484850809527e-08
7.0,98.0,1.4611920562401792e-07
7.0,99.0,2.7355079055269016e-06
7.0,100.0,1.268450344760197e-09
7.0,101.0,2.458818642026017e-07
7.0,102.0,4.0667498979019e-05
7.0,103.0,1.924216348925256e-06
7.0,104.0,3.9741206592225353e-07
7.0,105.0,7.183549541878165e-07
7.0,106.0,3.541202659107512e-06
7.0,107.0,1.0997342769769602e-06
7.0,108.0,7.885982995503582e-06
7.0,109.0,1.0705836757551879e-05
7.0,110.0,2.6347092898504343e-06
7.0,111.0,3.1776796731719514e-06
7.0,112.0,2.3998575215955498e-06
7.0,113.0,5.052841061115032e-06
7.0,114.0,7.021635974524543e-05
7.0,115.0,1.1023700608348008e-05
7.0,116.0,5.0999656195926946e-06
7.0,117.0,9.358189345221035e-06
7.0,118.0,1.7488857793068746e-06
7.0,119.0,5.94866321534937e-07
7.0,120.0,5.9946496548946016e-06
7.0,121.0,1.2671207514358684e-06
7.0,122.0,2.1281780959725438e-07
7.0,123.0,3.711940337325359e-07
7.0,124.0,3.0831607489290036e-08
7.0,125.0,1.6839797112311317e-08
7.0,126.0,2.842834057048549e-08
7.0,127.0,1.149270634215327e-08
7.0,128.0,6.246688499800257e-09
7.0,129.0,5.555053306238733e-08
7.0,130.0,9.905384956709895e-09
7.0,131.0,1.8640381682644147e-08
7.0,132.0,1.0400319894188215e-07
7.0,133.0,1.2708562735497253e-07
7.0,134.0,2.1136554551048903e-07
7.0,135.0,8.54704296671116e-07
7.0,136.0,2.277655823945679e-07
7.0,137.0,3.59791783921537e-07
7.0,138.0,1.8232525462735794e-06
7.0,139.0,2.909062857270328e-07
7.0,140.0,6.679197213088628e-07
7.0,141.0,1.7307824009549222e-06
7.0,142.0,4.7652346779614163e-07
7.0,143.0,5.329729333425348e-07
7.0,144.0,1.4287056728790049e-06
7.0,145.0,1.0514033874642337e-06
7.0,146.0,6.570243158421363e-07
7.0,147.0,3.435208782320842e-06
7.0,148.0,7.996155204637034e-07
7.0,149.0,1.789726184142637e-06
7.0,150.0,1.6430705727543682e-05
7.0,151.0,3.5489954370859778e-06
7.0,152.0,1.648770080464601e-06
7.0,153.0,5.835747742821695e-06
7.0,154.0,1.8064728237732197e-06
7.0,155.0,3.547824462657445e-06
7.0,156.0,4.5280103222467005e-06
7.0,157.0,3.1738302368466975e-06
7.0,158.0,4.9741870498110075e-06
7.0,159.0,3.7319132388802245e-06
7.0,160.0,3.475794528640108e-06
7.0,161.0,4.0991649257193785e-06
7.0,162.0,1.6373704738725792e-06
7.0,163.0,2.6526552119321423e-06
7.0,164.0,1.7454418639317737e-06
7.0,165.0,1.2743641946144635e-06
7.0,166.0,1.51268227455148e-06
7.0,167.0,2.127894958903198e-06
7.0,168.0,2.6800976229424123e-06
7.0,169.0,1.1738583225451293e-06
7.0,170.0,1.3830319858243456e-06
7.0,171.0,1.1109968909295276e-06
7.0,172.0,9.267751579500327e-07
7.0,173.0,1.8487705801817356e-06
7.0,174.0,4.099020316061797e-06
7.0,175.0,3.89414390156162e-06
7.0,176.0,3.969339559262153e-06
7.0,177.0,1.9110948414891027e-06
7.0,178.0,4.126321982766967e-06
7.0,179.0,2.9563050247816136e-06
7.0,180.0,1.5162481759034563e-06
7.0,-179.0,9.499313819105737e-06
7.0,-178.0,6.062773536541499e-06
7.0,-177.0,3.223497060389491e-06
7.0,-176.0,9.177598258247599e-06
7.0,-175.0,2.8744250357704004e-06
7.0,-174.0,2.054456672340166e-06
7.0,-173.0,5.360014711186523e-06
7.0,-172.0,8.035577593545895e-06
7.0,-171.0,4.694534254667815e-06
7.0,-170.0,5.858225449628662e-06
7.0,-169.0,7.06770106262411e-06
7.0,-168.0,6.698769993818132e-06
7.0,-167.0,5.337406946637202e-06
7.0,-166.0,1.153625089500565e-05
7.0,-165.0,1.2414254342729691e-05
7.0,-164.0,1.4942655980121344e-05
7.0,-163.0,1.0233683497062884e-05
7.0,-162.0,4.4370386603986844e-05
7.0,-161.0,1.3148131074558478e-05
7.0,-160.0,5.7845663832267746e-05
7.0,-159.0,0.0006614596932195127
7.0,-158.0,6.455014954553917e-05
7.0,-157.0,5.751683784183115e-05
7.0,-156.0,0.00027459338889457285
7.0,-155.0,2.2630832972936332e-05
7.0,-154.0,0.00013133225729689002
7.0,-153.0,0.00016433581185992807
7.0,-152.0,0.00021593028213828802
7.0,-151.0,0.0001949188590515405
7.0,-150.0,0.00018478668062016368
7.0,-149.0,0.00034921482438221574
7.0,-148.0,0.0002656486467458308
7.0,-147.0,0.0003382800205145031
7.0,-146.0,0.00037790604983456433
7.0,-145.0,9.155814041150734e-05
7.0,-144.0,0.0001882479409687221
7.0,-143.0,0.0001011909989756532
7.0,-142.0,0.00011474808707134798
7.0,-141.0,1.374895146000199e-05
7.0,-140.0,1.5199997505987994e-05
7.0,-139.0,1.979308399313595e-05
7.0,-138.0,1.5744286429253407e-05
7.0,-137.0,1.3356034287426155e-05
7.0,-136.0,5.67104461879353e-06
7.0,-135.0,2.386886080785189e-06
7.0,-134.0,2.4592391127953306e-06
7.0,-133.0,1.4720318404215504e-06
7.0,-132.0,2.0774440656623483e-07
7.0,-131.0,4.479277748714594e-08
7.0,-130.0,7.81935227678332e-09
7.0,-129.0,2.537989540751795e-10
7.0,-128.0,2.945366450735065e-10
7.0,-127.0,5.577470152395847e-10
7.0,-126.0,2.2381294595419376e-09
7.0,-125.0,3.797294478857793e-09
7.0,-124.0,5.3899174901062e-08
7.0,-123.0,8.276758194369904e-07
7.0,-122.0,0.001141230808570981
7.0,-121.0,0.00029270650702528656
7.0,-120.0,1.1846889719890896e-05
7.0,-119.0,0.00014031463069841266
7.0,-118.0,0.0013956804759800434
7.0,-117.0,0.001759147155098617
7.0,-116.0,0.00020775232405867428
7.0,-115.0,8.374119715881534e-06
7.0,-114.0,1.6907897588680498e-05
7.0,-113.0,3.0070217690081336e-05
7.0,-112.0,1.8461524859958445e-06
7.0,-111.0,2.886811898861197e-06
7.0,-110.0,5.873458576388657e-06
7.0,-109.0,7.286375307558046e-07
7.0,-108.0,7.544063009845559e-07
7.0,-107.0,8.004379196790978e-06
7.0,-106.0,2.5684938009362668e-05
7.0,-105.0,2.563113230280578e-05
7.0,-104.0,5.9189347666688263e-05
7.0,-103.0,8.204823643609416e-06
7.0,-102.0,1.739551044011023e-05
7.0,-101.0,1.2938893405589624e-06
7.0,-100.0,2.9206967155914754e-07
7.0,-99.0,2.7750726076192223e-05
7.0,-98.0,8.494687335769413e-07
7.0,-97.0,2.9972187576277065e-07
7.0,-96.0,1.757421159709338e-06
7.0,-95.0,1.8234285903417913e-07
7.0,-94.0,1.0822664080478717e-06
7.0,-93.0,5.883128324057907e-06
7.0,-92.0,1.0132329407497309e-05
7.0,-91.0,2.922713065345306e-05
7.0,-90.0,2.0134551959927194e-05
7.0,-89.0,1.8429020201438107e-05
7.0,-88.0,2.4219729311880656e-05
7.0,-87.0,3.346335870446637e-05
7.0,-86.0,1.1388148777768947e-05
7.0,-85.0,3.1929150281939656e-05
7.0,-84.0,0.00012009880447294563
7.0,-83.0,0.00014063518028706312
7.0,-82.0,2.6952176995109767e-05
7.0,-81.0,2.1350082533899695e-05
7.0,-80.0,7.450747216353193e-05
7.0,-79.0,2.4556122298236005e-05
7.0,-78.0,1.3958245290268678e-05
7.0,-77.0,7.912115506769624e-06
7.0,-76.0,3.98591282646521e-06
7.0,-75.0,3.0460869311355054e-06
7.0,-74.0,2.435361238894984e-06
7.0,-73.0,1.0897745596594177e-05
7.0,-72.0,5.0596645451150835e-06
7.0,-71.0,6.513547305075917e-06
7.0,-70.0,9.43764916883083e-06
7.0,-69.0,1.4476117030426394e-05
7.0,-68.0,6.208097329363227e-05
7.0,-67.0,2.2564372557098977e-05
7.0,-66.0,8.247057121479884e-05
7.0,-65.0,0.00123527308460325
7.0,-64.0,2.95306363113923e-05
7.0,-63.0,4.921603249385953e-05
7.0,-62.0,0.00022581388475373387
7.0,-61.0,0.0006310470635071397
7.0,-60.0,8.1972852058243e-05
7.0,-59.0,0.00029438146157190204
7.0,-58.0,0.00013333733659237623
7.0,-57.0,2.8690474209724925e-05
7.0,-56.0,4.6801425924059004e-05
7.0,-55.0,3.9583665056852624e-05
7.0,-54.0,1.2666322618315462e-05
7.0,-53.0,4.619915671355557e-06
7.0,-52.0,2.1349083908717148e-05
7.0,-51.0,2.591322981970734e-06
7.0,-50.0,2.9294747037056368e-06
7.0,-49.0,1.1121511533929151e-06
7.0,-48.0,2.810330954616802e-07
7.0,-47.0,8.013338970158657e-07
7.0,-46.0,3.1588572824148287e-07
7.0,-45.0,3.997181181603082e-07
7.0,-44.0,8.977312404567783e-07
7.0,-43.0,3.9604961443728826e-07
7.0,-42.0,5.683138510903518e-07
7.0,-41.0,1.1630783092186903e-06
7.0,-40.0,1.8481169661299646e-07
7.0,-39.0,1.0960921059677275e-07
7.0,-38.0,2.42119938320684e-07
7.0,-37.0,1.6836126803809748e-07
7.0,-36.0,8.08209179581354e-08
7.0,-35.0,1.286933581923222e-07
7.0,-34.0,4.507702442424488e-07
7.0,-33.0,1.0471678990597866e-07
7.0,-32.0,1.748190584294207e-06
7.0,-31.0,1.1826612080767518e-06
7.0,-30.0,1.4257398106565233e-06
7.0,-29.0,3.5959149045083905e-06
7.0,-28.0,9.683343705546577e-06
7.0,-27.0,7.138020237107412e-07
7.0,-26.0,1.1121884199383203e-05
7.0,-25.0,2.958387995022349e-05
7.0,-24.0,4.418538992467802e-07
7.0,-23.0,1.7999758483711048e-06
7.0,-22.0,7.536212365266692e-08
7.0,-21.0,2.3524476944203343e-07
7.0,-20.0,2.0742545814300684e-07
7.0,-19.0,2.902174003338587e-07
7.0,-18.0,0.0014030553866177797
7.0,-17.0,0.00034395340480841696
7.0,-16.0,9.760746615938842e-05
7.0,-15.0,0.0004346799978520721
7.0,-14.0,0.002563204150646925
7.0,-13.0,0.00013757655688095838
7.0,-12.0,0.00019220111425966024
7.0,-11.0,7.63603238738142e-05
7.0,-10.0,0.0007875736337155104
7.0,-9.0,2.485074037394952e-05
7.0,-8.0,4.7537464524793904e-06
7.0,-7.0,1.2586957382154651e-05
7.0,-6.0,0.000263926136540249
7.0,-5.0,8.419924597546924e-06
7.0,-4.0,1.7217920685652643e-05
7.0,-3.0,0.00015094417904037982
7.0,-2.0,2.6609252472553635e-06
7.0,-1.0,0.000668657710775733
8.0,0.0,0.02327568084001541
8.0,1.0,0.00022456770238932222
8.0,2.0,0.000264349248027429
8.0,3.0,0.000756356050260365
8.0,4.0,0.0026568789035081863
8.0,5.0,0.0022855515126138926
8.0,6.0,3.707280120579526e-05
8.0,7.0,0.00039410460158251226
8.0,8.0,0.02137286588549614
8.0,9.0,0.0012269357684999704
8.0,10.0,0.17031610012054443
8.0,11.0,6.192245928104967e-05
8.0,12.0,0.00040395784890279174
8.0,13.0,3.298666706541553e-05
8.0,14.0,0.00014376125182025135
8.0,15.0,9.04863845789805e-05
8.0,16.0,0.00010716004180721939
8.0,17.0,8.217352296924219e-05
8.0,18.0,2.3006990886642598e-05
8.0,19.0,6.3128763940767385e-06
8.0,20.0,8.565332791476976e-06
8.0,21.0,7.311213266802952e-05
8.0,22.0,9.583373321220279e-05
8.0,23.0,3.0262672225944698e-05
8.0,24.0,7.752228702884167e-05
8.0,25.0,0.0012928001815453172
8.0,26.0,1.5715500921942294e-05
8.0,27.0,1.2489648725022562e-05
8.0,28.0,0.0003702639078255743
8.0,29.0,6.583213689737022e-07
8.0,30.0,1.8396235645923298e-07
8.0,31.0,1.8983351765200496e-05
8.0,32.0,7.984687044881866e-07
8.0,33.0,4.9154532888451286e-08
8.0,34.0,6.869688604638213e-07
8.0,35.0,1.2958099432580639e-05
8.0,36.0,3.366305918461876e-06
8.0,37.0,2.3102496982119192e-07
8.0,38.0,1.3036908057983965e-05
8.0,39.0,5.553089522436494e-06
8.0,40.0,1.5672487279516645e-05
8.0,41.0,1.641155540710315e-05
8.0,42.0,4.7348741645691916e-05
8.0,43.0,2.4620198928460013e-06
8.0,44.0,1.0100486491637639e-07
8.0,45.0,0.0007403386989608407
8.0,46.0,1.9959368557920243e-07
8.0,47.0,5.955923256806273e-07
8.0,48.0,1.3329732610145584e-05
8.0,49.0,7.855537660361733e-07
8.0,50.0,7.722074997218442e-07
8.0,51.0,2.1801354250783334e-06
8.0,52.0,2.5486265258223284e-06
8.0,53.0,2.4707151169423014e-07
8.0,54.0,0.00022419543529395014
8.0,55.0,3.354613511419302e-07
8.0,56.0,3.759268167868868e-07
8.0,57.0,4.419560355017893e-06
8.0,58.0,3.1697027225163765e-07
8.0,59.0,6.031971793163393e-07
8.0,60.0,2.2203189473657403e-06
8.0,61.0,1.1797336441077277e-08
8.0,62.0,1.8746920460444016e-08
8.0,63.0,3.3407694388642994e-08
8.0,64.0,1.2771822488488738e-10
8.0,65.0,3.9045513403834775e-05
8.0,66.0,1.286527329114051e-09
8.0,67.0,3.852651975222443e-09
8.0,68.0,3.1931392641126877e-06
8.0,69.0,2.2186853243510996e-08
8.0,70.0,1.483514755484805e-09
8.0,71.0,5.347390583665401e-07
8.0,72.0,1.677279204415072e-09
8.0,73.0,5.575899297838305e-09
8.0,74.0,7.149733249889323e-08
8.0,75.0,5.245833278877399e-08
8.0,76.0,2.135788657042781e-09
8.0,77.0,9.940020362364521e-09
8.0,78.0,3.2132327909550895e-09
8.0,79.0,9.242445003776467e-11
8.0,80.0,2.492382689123218e-10
8.0,81.0,1.5167288258677303e-10
8.0,82.0,1.4418867033509641e-13
8.0,83.0,6.791820795007397e-13
8.0,84.0,1.5687166192782098e-12
8.0,85.0,3.7612306932194306e-13
8.0,86.0,2.1566030905528777e-10
8.0,87.0,9.82343199840141e-12
8.0,88.0,6.037808031322811e-10
8.0,89.0,2.8180691113988132e-09
8.0,90.0,1.954350570265717e-10
8.0,91.0,1.1054418491696083e-10
8.0,92.0,2.325206516218259e-08
8.0,93.0,6.570052946131e-09
8.0,94.0,5.450128810480237e-07
8.0,95.0,5.7745562997979505e-08
8.0,96.0,1.1672825905861828e-07
8.0,97.0,1.9121337402339122e-08
8.0,98.0,5.5478399652031385e-09
8.0,99.0,3.521777398418635e-05
8.0,100.0,6.19345552621553e-09
8.0,101.0,1.0903934111183844e-07
8.0,102.0,2.7116013370687142e-05
8.0,103.0,3.9015713326762125e-08
8.0,104.0,2.0291877262934577e-06
8.0,105.0,1.2214672096888535e-05
8.0,106.0,1.1951895828588022e-07
8.0,107.0,1.1115723282273393e-05
8.0,108.0,5.9072284784633666e-05
8.0,109.0,2.0640381990233436e-06
8.0,110.0,7.477139661205001e-06
8.0,111.0,2.538718399591744e-05
8.0,112.0,1.3665829783349182e-06
8.0,113.0,3.1184688850771636e-05
8.0,114.0,0.00014189613284543157
8.0,115.0,1.1325708328513429e-05
8.0,116.0,5.208315542404307e-06
8.0,117.0,7.81483049649978e-06
8.0,118.0,8.025430361158215e-06
8.0,119.0,8.877310619936907e-07
8.0,120.0,8.166384759533685e-06
8.0,121.0,1.6792764654383063e-06
8.0,122.0,3.685217961901799e-07
8.0,123.0,8.592246558691841e-07
8.0,124.0,1.1918920961306867e-07
8.0,125.0,3.0106999560075565e-08
8.0,126.0,1.6275929937137334e-08
8.0,127.0,1.828542472992467e-08
8.0,128.0,4.1795921390530566e-08
8.0,129.0,6.711798672398572e-09
8.0,130.0,1.429998519597575e-08
8.0,131.0,2.197239581391841e-07
8.0,132.0,1.370190858551723e-07
8.0,133.0,1.1715331993400468e-06
8.0,134.0,6.486121151283442e-07
8.0,135.0,3.652217799299251e-07
8.0,136.0,6.733123996127688e-07
8.0,137.0,6.140169261925621e-07
8.0,138.0,4.0511775978302467e-07
8.0,139.0,8.724733220333292e-07
8.0,140.0,1.6452171394121251e-06
8.0,141.0,2.6598874569572217e-07
8.0,142.0,5.993369995849207e-07
8.0,143.0,9.77568333837553e-07
8.0,144.0,5.768600885858177e-07
8.0,145.0,1.380329536004865e-06
8.0,146.0,9.853697520156857e-07
8.0,147.0,1.3109366818753188e-06
8.0,148.0,1.864221530922805e-06
8.0,149.0,3.24688380715088e-06
8.0,150.0,4.530887053988408e-06
8.0,151.0,4.514406555244932e-06
8.0,152.0,4.402246304380242e-06
8.0,153.0,6.188709448906593e-06
8.0,154.0,5.139127097208984e-06
8.0,155.0,3.0327303193189437e-06
8.0,156.0,4.395546966406982e-06
8.0,157.0,1.1073580935772043e-05
8.0,158.0,4.328630438976688e-06
8.0,159.0,2.506124474166427e-06
8.0,160.0,8.690174581715837e-06
8.0,161.0,4.1474249883322045e-06
8.0,162.0,4.925006578559987e-06
8.0,163.0,4.837294909521006e-06
8.0,164.0,2.707836301851785e-06
8.0,165.0,7.225536364785512e-07
8.0,166.0,1.2545232266347739e-06
8.0,167.0,1.975631221284857e-06
8.0,168.0,1.2562447864183923e-06
8.0,169.0,2.361153519814252e-06
8.0,170.0,2.2537828954227734e-06
8.0,171.0,9.447856541555666e-07
8.0,172.0,3.636921519500902e-06
8.0,173.0,5.723437425331213e-06
8.0,174.0,4.097695637028664e-06
8.0,175.0,9.114710337598808e-06
8.0,176.0,6.3145989770418964e-06
8.0,177.0,1.7401150671503274e-06
8.0,178.0,2.4992984890559455e-06
8.0,179.0,6.792660769860959e-06
8.0,180.0,1.8953540347865783e-05
8.0,-179.0,6.891204975545406e-06
8.0,-178.0,9.326240615337156e-06
8.0,-177.0,1.3203870366851334e-05
8.0,-176.0,2.1023743101977743e-06
8.0,-175.0,3.445655238465406e-06
8.0,-174.0,6.615387974306941e-06
8.0,-173.0,4.233927029417828e-06
8.0,-172.0,7.382906915154308e-06
8.0,-171.0,6.914482582942583e-06
8.0,-170.0,4.498500857152976e-06
8.0,-169.0,1.6691803466528654e-05
8.0,-168.0,2.344661515962798e-05
8.0,-167.0,3.4598406273289584e-06
8.0,-166.0,9.179812877846416e-06
8.0,-165.0,8.236543180828448e-06
8.0,-164.0,1.9089700799668208e-05
8.0,-163.0,9.037910058395937e-05
8.0,-162.0,8.024532871786505e-05
8.0,-161.0,4.364849883131683e-05
8.0,-160.0,0.0001733747631078586
8.0,-159.0,0.00013852553092874587
8.0,-158.0,0.00011875739437527955
8.0,-157.0,0.00031257589580491185
8.0,-156.0,7.974978507263586e-05
8.0,-155.0,0.0003328780294395983
8.0,-154.0,0.00043827027548104525
8.0,-153.0,0.00017869487055577338
8.0,-152.0,0.00041127350414171815
8.0,-151.0,9.946523641701788e-05
8.0,-150.0,0.00028493028366938233
8.0,-149.0,0.00016183147090487182
8.0,-148.0,0.00013381089956965297
8.0,-147.0,0.00026625744067132473
8.0,-146.0,0.00027922610752284527
8.0,-145.0,0.0002564762544352561
8.0,-144.0,0.00011767331307055429
8.0,-143.0,6.226103141671047e-05
8.0,-142.0,0.0001296491245739162
8.0,-141.0,0.00033321298542432487
8.0,-140.0,8.198371506296098e-05
8.0,-139.0,0.00011249682574998587
8.0,-138.0,0.0002464766730554402
8.0,-137.0,2.109234401359572e-06
8.0,-136.0,2.3239554138854146e-06
8.0,-135.0,3.3179901492985664e-06
8.0,-134.0,2.4256187316495925e-06
8.0,-133.0,7.076740189404518e-07
8.0,-132.0,3.384246838322724e-07
8.0,-131.0,4.7700218885893264e-08
8.0,-130.0,1.2225831369505613e-07
8.0,-129.0,5.243192902071314e-08
8.0,-128.0,9.928171618156512e-10
8.0,-127.0,1.0179973308765966e-08
8.0,-126.0,4.704575395919619e-09
8.0,-125.0,4.050976087910385e-08
8.0,-124.0,6.35667629467207e-06
8.0,-123.0,5.182296263228636e-07
8.0,-122.0,0.00022339697170536965
8.0,-121.0,0.00015415744564961642
8.0,-120.0,5.1678325689863414e-05
8.0,-119.0,0.0005442438996396959
8.0,-118.0,0.002359882928431034
8.0,-117.0,1.304108627664391e-05
8.0,-116.0,1.2854328815592453e-05
8.0,-115.0,4.219981929054484e-05
8.0,-114.0,1.6588071503065294e-06
8.0,-113.0,1.948484850800014e-06
8.0,-112.0,1.8479473737897933e-06
8.0,-111.0,2.931783228632412e-06
8.0,-110.0,2.019598468905315e-06
8.0,-109.0,2.0092655006465066e-07
8.0,-108.0,1.6548538894767262e-07
8.0,-107.0,9.654630048316903e-06
8.0,-106.0,1.1784632079070434e-05
8.0,-105.0,0.00012432514631655067
8.0,-104.0,4.548282049654517e-06
8.0,-103.0,5.69018121510112e-09
8.0,-102.0,5.776149464509217e-06
8.0,-101.0,3.708207714225864e-06
8.0,-100.0,3.1727076930110343e-06
8.0,-99.0,1.0972524933094974e-06
8.0,-98.0,3.3262940632994287e-06
8.0,-97.0,1.1831082701974083e-05
8.0,-96.0,1.632839143894671e-06
8.0,-95.0,3.652629402495222e-06
8.0,-94.0,5.3434887377079576e-05
8.0,-93.0,8.05819308880018e-06
8.0,-92.0,7.78160938352812e-06
8.0,-91.0,7.091504812706262e-05
8.0,-90.0,1.048015292326454e-05
8.0,-89.0,4.1559273086022586e-05
8.0,-88.0,8.279182657133788e-05
8.0,-87.0,3.2929434382822365e-05
8.0,-86.0,3.039670264115557e-05
8.0,-85.0,0.00011447790893726051
8.0,-84.0,6.6126071033068e-05
8.0,-83.0,0.00014773009752389044
8.0,-82.0,1.8048376659862697e-05
8.0,-81.0,2.7622167181107216e-05
8.0,-80.0,3.7650446756742895e-05
8.0,-79.0,3.454486432019621e-06
8.0,-78.0,3.606449899962172e-05
8.0,-77.0,2.9178061595303006e-05
8.0,-76.0,3.381805981916841e-06
8.0,-75.0,7.4725203376146965e-06
8.0,-74.0,7.013104186626151e-05
8.0,-73.0,5.069116014055908e-06
8.0,-72.0,1.6134989664351451e-06
8.0,-71.0,4.6074113924987614e-05
8.0,-70.0,4.932706360705197e-06
8.0,-69.0,3.116964080618345e-06
8.0,-68.0,2.8719710826408118e-05
8.0,-67.0,8.453596819890663e-06
8.0,-66.0,1.7121739801950753e-05
8.0,-65.0,9.662112279329449e-05
8.0,-64.0,3.34686556016095e-05
8.0,-63.0,6.898789433762431e-05
8.0,-62.0,0.00018270808504894376
8.0,-61.0,6.149036926217377e-05
8.0,-60.0,7.380505849141628e-05
8.0,-59.0,0.00020939896057825536
8.0,-58.0,8.218394941650331e-05
8.0,-57.0,2.5637316866777837e-05
8.0,-56.0,5.0157352234236896e-05
8.0,-55.0,1.4706156434840523e-05
8.0,-54.0,1.4184760402713437e-05
8.0,-53.0,4.3126303353346884e-05
8.0,-52.0,1.381610218231799e-05
8.0,-51.0,7.276681230905524e-07
8.0,-50.0,2.1070170532766497e-06
8.0,-49.0,2.19816274693585e-06
8.0,-48.0,5.126513542563771e-07
8.0,-47.0,2.2718190848536324e-06
8.0,-46.0,2.948320116047398e-06
8.0,-45.0,3.947321545183513e-07
8.0,-44.0,5.966782055111253e-07
8.0,-43.0,6.537666195072234e-07
8.0,-42.0,6.625209607591387e-07
8.0,-41.0,5.480489448927983e-07
8.0,-40.0,5.099203690406284e-07
8.0,-39.0,2.441194624225318e-07
8.0,-38.0,2.0529199673546827e-07
8.0,-37.0,2.5634201961111103e-07
8.0,-36.0,2.2733873095148738e-07
8.0,-35.0,2.9410418278530415e-07
8.0,-34.0,1.5006625631031056e-07
8.0,-33.0,7.136502517823828e-07
8.0,-32.0,3.778389327635523e-06
8.0,-31.0,1.3102891216476564e-06
8.0,-30.0,4.057432306581177e-06
8.0,-29.0,2.2509351765620522e-05
8.0,-28.0,7.217353868327336e-06
8.0,-27.0,6.666458830295596e-06
8.0,-26.0,2.070090158667881e-05
8.0,-25.0,1.503381440670637e-06
8.0,-24.0,1.4608518540626392e-05
8.0,-23.0,6.78113224239496e-07
8.0,-22.0,6.254892923607258e-07
8.0,-21.0,1.2342813882071368e-08
8.0,-20.0,4.843900569539983e-08
8.0,-19.0,7.314698109439632e-07
8.0,-18.0,9.839146741796867e-08
8.0,-17.0,9.830035878621857e-07
8.0,-16.0,9.752227470016805e-07
8.0,-15.0,2.8687343274214072e-06
8.0,-14.0,0.000965579180046916
8.0,-13.0,1.437930308156865e-08
8.0,-12.0,1.4642650057794526e-05
8.0,-11.0,5.202789907343686e-06
8.0,-10.0,8.999041710922029e-06
8.0,-9.0,7.875267328927293e-05
8.0,-8.0,0.00098407082259655
8.0,-7.0,0.000195133441593498
8.0,-6.0,0.0038719463627785444
8.0,-5.0,0.00038418808253481984
8.0,-4.0,0.0017968383617699146
8.0,-3.0,0.07360420376062393
8.0,-2.0,0.0019202644471079111
8.0,-1.0,0.00017976161325350404
9.0,0.0,0.0006581596680916846
9.0,1.0,0.002074261661618948
9.0,2.0,0.0006962979678064585
9.0,3.0,0.0005672064726240933
9.0,4.0,0.007787805981934071
9.0,5.0,0.004436727147549391
9.0,6.0,0.004491961095482111
9.0,7.0,0.0013061010977253318
9.0,8.0,0.003987095784395933
9.0,9.0,0.283257395029068
9.0,10.0,0.09139595925807953
9.0,11.0,0.11918682605028152
9.0,12.0,0.0766763761639595
9.0,13.0,0.0006276242784224451
9.0,14.0,0.00027227995451539755
9.0,15.0,0.004000131972134113
9.0,16.0,3.446394839556888e-05
9.0,17.0,0.00015793184866197407
9.0,18.0,0.00027342484099790454
9.0,19.0,0.0009365856531076133
9.0,20.0,0.0005538371624425054
9.0,21.0,0.008029745891690254
9.0,22.0,0.0036678919568657875
9.0,23.0,5.740850610891357e-05
9.0,24.0,0.0008152086520567536
9.0,25.0,2.3366996174445376e-05
9.0,26.0,0.00011819219071185216
9.0,27.0,1.621120100026019e-05
9.0,28.0,2.2553351755050244e-06
9.0,29.0,0.00013452336133923382
9.0,30.0,1.3839377061231062e-05
9.0,31.0,7.481240572815295e-06
9.0,32.0,2.7993742151011247e-06
9.0,33.0,6.683459901069e-07
9.0,34.0,1.1679617273330223e-05
9.0,35.0,7.664148142794147e-05
9.0,36.0,6.559474422829226e-05
9.0,37.0,9.470975783187896e-05
9.0,38.0,7.475877646356821e-05
9.0,39.0,2.1593834389932454e-05
9.0,40.0,0.0058801849372684956
9.0,41.0,0.0011435803025960922
9.0,42.0,0.0010583556722849607
9.0,43.0,0.000477109249914065
9.0,44.0,0.00012157051241956651
9.0,45.0,1.3167681572667789e-05
9.0,46.0,8.695583528606221e-05
9.0,47.0,6.560481415363029e-05
9.0,48.0,5.718835745938122e-05
9.0,49.0,7.2736961556074675e-06
9.0,50.0,0.00025321359862573445
9.0,51.0,7.863183782319538e-06
9.0,52.0,5.896614311495796e-05
9.0,53.0,0.0005432427860796452
9.0,54.0,1.1322396176183247e-06
9.0,55.0,3.6247577099857153e-06
9.0,56.0,6.512956588267116e-06
9.0,57.0,1.0655660844349768e-05
9.0,58.0,5.1151932467519146e-08
9.0,59.0,2.4921841941250023e-06
9.0,60.0,1.090459846864178e-07
9.0,61.0,1.0140710493544702e-08
9.0,62.0,5.1337252671146416e-08
9.0,63.0,1.6943378255973585e-08
9.0,64.0,7.7919018792727e-08
9.0,65.0,1.0052300325469332e-08
9.0,66.0,2.4351507477149426e-08
9.0,67.0,2.004167799896095e-05
9.0,68.0,5.0754533731378615e-06
9.0,69.0,4.77109418639543e-09
9.0,70.0,2.8221963930263883e-06
9.0,71.0,3.0136592954477237e-07
9.0,72.0,4.0876924067845266e-10
9.0,73.0,1.9905275621567853e-05
9.0,74.0,4.905139849853413e-09
9.0,75.0,3.5924574426360323e-09
9.0,76.0,6.583791645198289e-08
9.0,77.0,5.950553383371471e-10
9.0,78.0,3.3988090120118386e-11
9.0,79.0,1.3840991686109305e-09
9.0,80.0,4.444970613803889e-08
9.0,81.0,2.027020773454069e-09
9.0,82.0,3.017281953801576e-12
9.0,83.0,1.117964956720563e-10
9.0,84.0,1.9170524542810874e-12
9.0,85.0,6.244645078812283e-11
9.0,86.0,9.119587029982057e-11
9.0,87.0,1.2441341012969787e-10
9.0,88.0,1.5109859197171005e-10
9.0,89.0,4.581663048952578e-08
9.0,90.0,1.6594838003758383e-10
9.0,91.0,1.4447906759862406e-10
9.0,92.0,1.8175433380562822e-09
9.0,93.0,8.981909438432467e-09
9.0,94.0,5.71402303251034e-08
9.0,95.0,1.891294676426014e-09
9.0,96.0,4.072622417083949e-08
9.0,97.0,2.0098769315524123e-09
9.0,98.0,3.288775118903686e-08
9.0,99.0,6.144152280285198e-07
9.0,100.0,8.299719134186034e-09
9.0,101.0,9.207883522321936e-08
9.0,102.0,2.2105524521975894e-07
9.0,103.0,2.7023261850445124e-07
9.0,104.0,1.6721618578685593e-07
9.0,105.0,1.705075646896148e-06
9.0,106.0,2.6478758741177444e-07
9.0,107.0,7.257532388393884e-07
9.0,108.0,1.898664777399972e-05
9.0,109.0,2.2709116819896735e-05
9.0,110.0,2.000904714805074e-06
9.0,111.0,3.065578653149714e-07
9.0,112.0,1.8121929770131828e-06
9.0,113.0,3.504136111587286e-05
9.0,114.0,3.7629804864991456e-05
9.0,115.0,1.45861049531959e-05
9.0,116.0,3.632645166362636e-05
9.0,117.0,4.384974999993574e-06
9.0,118.0,2.210281536463299e-06
9.0,119.0,9.234189747076016e-06
9.0,120.0,2.975150437123375e-06
9.0,121.0,2.033975079029915e-06
9.0,122.0,1.074571514436684e-06
9.0,123.0,3.0864268296681985e-07
9.0,124.0,9.976469073080807e-07
9.0,125.0,3.098885201779922e-07
9.0,126.0,3.194047337728989e-08
9.0,127.0,1.4569008044418297e-07
9.0,128.0,5.2398334560166404e-08
9.0,129.0,1.823673301259987e-08
9.0,130.0,1.150679267425403e-07
9.0,131.0,1.7648650896262552e-07
9.0,132.0,2.2815298450495902e-07
9.0,133.0,7.442234277732496e-07
9.0,134.0,3.4416740390952327e-07
9.0,135.0,2.9117413191670494e-07
9.0,136.0,6.293174692473258e-07
9.0,137.0,2.682836282019707e-07
9.0,138.0,5.949695491835882e-07
9.0,139.0,1.8524167444411432e-06
9.0,140.0,1.575671490172681e-06
9.0,141.0,6.374374379447545e-07
9.0,142.0,5.777889668934222e-07
9.0,143.0,3.4969261264450324e-07
9.0,144.0,4.555348027679429e-07
9.0,145.0,3.5871701697942626e-07
9.0,146.0,4.970517579749867e-07
9.0,147.0,7.492726012969797e-07
9.0,148.0,2.2080189410189632e-06
9.0,149.0,9.773128795131925e-07
9.0,150.0,1.921759121614741e-06
9.0,151.0,1.2930419188705855e-06
9.0,152.0,1.3840480050930637e-06
9.0,153.0,3.070689217565814e-06
9.0,154.0,1.14114914140373e-06
9.0,155.0,1.3977476100990316e-06
9.0,156.0,9.060829142981675e-06
9.0,157.0,3.9326441765297204e-06
9.0,158.0,2.3799491373210913e-06
9.0,159.0,7.465503585990518e-06
9.0,160.0,6.001244855724508e-06
9.0,161.0,7.5355396802478936e-06
9.0,162.0,1.1283394997008145e-05
9.0,163.0,1.3067055078863632e-05
9.0,164.0,4.320922016631812e-06
9.0,165.0,2.057376150332857e-05
9.0,166.0,8.959463229984976e-06
9.0,167.0,5.844893621542724e-06
9.0,168.0,7.474679478036705e-06
9.0,169.0,4.099716534256004e-06
9.0,170.0,4.540567715594079e-06
9.0,171.0,4.527107648755191e-06
9.0,172.0,5.013936515751993e-06
9.0,173.0,8.362204425793607e-06
9.0,174.0,5.065332516096532e-06
9.0,175.0,7.5371422099124175e-06
9.0,176.0,2.5298391847172752e-05
9.0,177.0,4.933915533911204e-06
9.0,178.0,3.626047146099154e-06
9.0,179.0,7.603902304254007e-06
9.0,180.0,4.89607009512838e-06
9.0,-179.0,5.177077582629863e-06
9.0,-178.0,1.755191624397412e-05
9.0,-177.0,4.249439825798618e-06
9.0,-176.0,1.890296630335797e-06
9.0,-175.0,3.1226911687554093e-06
9.0,-174.0,4.790514140040614e-06
9.0,-173.0,1.0742419362941291e-05
9.0,-172.0,6.8684898906212766e-06
9.0,-171.0,2.6999177862307988e-05
9.0,-170.0,4.7736407395859715e-06
9.0,-169.0,2.7277058052277425e-06
9.0,-168.0,4.232872925058473e-06
9.0,-167.0,5.952652372798184e-06
9.0,-166.0,1.1662832548609003e-05
9.0,-165.0,1.3585624401457608e-05
9.0,-164.0,3.2506170555279823e-06
9.0,-163.0,4.266055384505307e-06
9.0,-162.0,3.646371987997554e-05
9.0,-161.0,3.0188708478817716e-05
9.0,-160.0,3.4114524169126526e-05
9.0,-159.0,0.00019939709454774857
9.0,-158.0,0.00017716916045174003
9.0,-157.0,0.00015733420150354505
9.0,-156.0,0.00012125341163482517
9.0,-155.0,0.00013599652447737753
9.0,-154.0,0.00021416344679892063
9.0,-153.0,0.00018155480211135
9.0,-152.0,9.287585999118164e-05
9.0,-151.0,0.00023442016390617937
9.0,-150.0,0.00016345924814231694
9.0,-149.0,0.0004388164379633963
9.0,-148.0,0.000777685025241226
9.0,-147.0,0.0003466755442786962
9.0,-146.0,0.0007980893133208156
9.0,-145.0,0.0007387139485217631
9.0,-144.0,0.00018690316937863827
9.0,-143.0,7.951794395921752e-05
9.0,-142.0,0.00012995571887586266
9.0,-141.0,0.00029469007859006524
9.0,-140.0,0.00018370975158177316
9.0,-139.0,0.0006004516617394984
9.0,-138.0,0.00010705198656069115
9.0,-137.0,1.7015967387123965e-05
9.0,-136.0,3.1614870295015862e-06
9.0,-135.0,2.1399464458227158e-06
9.0,-134.0,1.4382807194124325e-06
9.0,-133.0,2.600373591121752e-06
9.0,-132.0,9.500586202193517e-07
9.0,-131.0,4.078729318734986e-07
9.0,-130.0,6.960796099519939e-07
9.0,-129.0,2.2450883534474997e-06
9.0,-128.0,1.9902547165884243e-08
9.0,-127.0,4.7317637807964275e-08
9.0,-126.0,4.260300556779839e-07
9.0,-125.0,3.845683522740728e-07
9.0,-124.0,7.77922832639888e-06
9.0,-123.0,7.337683928199112e-05
9.0,-122.0,7.602348341606557e-05
9.0,-121.0,7.972915227583144e-06
9.0,-120.0,3.663433381007053e-05
9.0,-119.0,2.7859148758579977e-05
9.0,-118.0,9.115031389228534e-06
9.0,-117.0,3.997504336439306e-06
9.0,-116.0,9.81728680926608e-06
9.0,-115.0,1.4587468285753857e-05
9.0,-114.0,4.59919237982831e-06
9.0,-113.0,6.683697392873e-06
9.0,-112.0,4.4745875129592605e-06
9.0,-111.0,2.4841185108925856e-07
9.0,-110.0,1.6150954706972698e-06
9.0,-109.0,3.5058116054642596e-07
9.0,-108.0,0.00017856425256468356
9.0,-107.0,0.0003905766934622079
9.0,-106.0,7.42510674172081e-05
9.0,-105.0,6.943326297914609e-05
9.0,-104.0,8.089207881312177e-07
9.0,-103.0,3.1564438813802553e-06
9.0,-102.0,1.9523965875123395e-06
9.0,-101.0,9.495667541159492e-07
9.0,-100.0,3.2409745472250506e-05
9.0,-99.0,5.207322374189971e-06
9.0,-98.0,1.2549787243187893e-05
9.0,-97.0,3.974494757130742e-05
9.0,-96.0,3.118498352705501e-05
9.0,-95.0,0.00012351901386864483
9.0,-94.0,0.0001165255525847897
9.0,-93.0,5.509158654604107e-05
9.0,-92.0,0.0009761228575371206
9.0,-91.0,0.00026794071891345084
9.0,-90.0,2.4016040697460994e-05
9.0,-89.0,3.7028421502327546e-05
9.0,-88.0,0.00011677615839289501
9.0,-87.0,1.4641336747445166e-05
9.0,-86.0,9.078638868231792e-06
9.0,-85.0,3.079506132053211e-05
9.0,-84.0,2.1460293282871135e-05
9.0,-83.0,4.85313794342801e-05
9.0,-82.0,3.505533095449209e-05
9.0,-81.0,0.00014517515955958515
9.0,-80.0,0.00018590535910334438
9.0,-79.0,0.00014749194087926298
9.0,-78.0,7.123889372451231e-05
9.0,-77.0,1.510621041234117e-05
9.0,-76.0,5.226781649980694e-05
9.0,-75.0,2.7123669497086667e-05
9.0,-74.0,1.9309432900627144e-05
9.0,-73.0,1.187837369798217e-05
9.0,-72.0,1.2022815099044237e-05
9.0,-71.0,1.1830089533759747e-05
9.0,-70.0,7.879381882958114e-06
9.0,-69.0,3.898469458363252e-06
9.0,-68.0,5.132490059622796e-06
9.0,-67.0,7.290042958629783e-06
9.0,-66.0,1.8954107190438663e-06
9.0,-65.0,4.1689818317536265e-06
9.0,-64.0,1.6781345038907602e-05
9.0,-63.0,5.5633947340538725e-05
9.0,-62.0,1.9797103959717788e-05
9.0,-61.0,5.51074008399155e-05
9.0,-60.0,0.00023049573064781725
9.0,-59.0,4.40949406765867e-05
9.0,-58.0,3.943198316846974e-05
9.0,-57.0,4.887553950538859e-05
9.0,-56.0,9.189123375108466e-06
9.0,-55.0,1.0111710253113415e-05
9.0,-54.0,1.3866778317606077e-05
9.0,-53.0,1.0211708286078647e-05
9.0,-52.0,2.313281811439083e-06
9.0,-51.0,8.172852176357992e-06
9.0,-50.0,2.0353625131974695e-06
9.0,-49.0,4.530895694188075e-06
9.0,-48.0,2.6327102204959374e-06
9.0,-47.0,3.6719923173222924e-06
9.0,-46.0,4.376527613203507e-06
9.0,-45.0,1.574313614582934e-06
9.0,-44.0,8.52704033604823e-07
9.0,-43.0,7.518780762438837e-07
9.0,-42.0,4.379724316549982e-07
9.0,-41.0,7.212848345261591e-07
9.0,-40.0,3.9884764646558324e-07
9.0,-39.0,2.7652467338157294e-07
9.0,-38.0,4.6279845378194295e-07
9.0,-37.0,3.754471151751204e-07
9.0,-36.0,2.843840718469437e-07
9.0,-35.0,7.090893063832482e-07
9.0,-34.0,4.839214398089098e-07
9.0,-33.0,3.1219706215779297e-06
9.0,-32.0,2.5040365017048316e-06
9.0,-31.0,2.1054302123957314e-06
9.0,-30.0,7.277234999492066e-06
9.0,-29.0,9.214458259521052e-06
9.0,-28.0,3.344788638059981e-06
9.0,-27.0,5.7804854804999195e-06
9.0,-26.0,1.4363945410877932e-06
9.0,-25.0,1.2006454198854044e-05
9.0,-24.0,9.235925062966999e-06
9.0,-23.0,3.9631640902371146e-07
9.0,-22.0,3.269513399573043e-06
9.0,-21.0,1.864925991412747e-07
9.0,-20.0,1.4208153515937738e-06
9.0,-19.0,3.750730570573069e-08
9.0,-18.0,8.03484181233216e-06
9.0,-17.0,3.3289742873421346e-07
9.0,-16.0,4.408577660797164e-05
9.0,-15.0,8.999264764497639e-07
9.0,-14.0,1.1680408533720765e-05
9.0,-13.0,6.256827327888459e-05
9.0,-12.0,8.864282676768198e-07
9.0,-11.0,2.289261601617909e-06
9.0,-10.0,8.576554222372579e-08
9.0,-9.0,7.288404617611377e-07
9.0,-8.0,2.113526534230914e-05
9.0,-7.0,8.133977047464214e-08
9.0,-6.0,5.932833119004499e-06
9.0,-5.0,7.146724965423346e-05
9.0,-4.0,0.0006877331179566681
9.0,-3.0,0.0002381853701081127
9.0,-2.0,5.503954889718443e-05
9.0,-1.0,0.00021055273828096688
10.0,0.0,0.00024895466049201787
10.0,1.0,0.0003593979636207223
10.0,2.0,0.001204479020088911
10.0,3.0,0.011854158714413643
10.0,4.0,0.008443511091172695
10.0,5.0,0.0009016817202791572
10.0,6.0,0.0001272252411581576
10.0,7.0,0.04394868388772011
10.0,8.0,4.03528829338029e-05
10.0,9.0,0.0018311482854187489
10.0,10.0,0.007596405688673258
10.0,11.0,0.11645878106355667
10.0,12.0,0.015044387429952621
10.0,13.0,0.017140796408057213
10.0,14.0,0.09380058199167252
10.0,15.0,0.002120641991496086
10.0,16.0,0.006848316639661789
10.0,17.0,0.004034196026623249
10.0,18.0,0.0001325603516306728
10.0,19.0,0.07837940007448196
10.0,20.0,0.004735874477773905
10.0,21.0,0.006777472794055939
10.0,22.0,0.23793403804302216
10.0,23.0,0.0012514032423496246
10.0,24.0,0.0019190694438293576
10.0,25.0,9.655480243964121e-05
10.0,26.0,1.638270441617351e-05
10.0,27.0,6.15907265455462e-05
10.0,28.0,0.0010999972000718117
10.0,29.0,2.4950784791144542e-05
10.0,30.0,1.4905977877788246e-05
10.0,31.0,1.7507398297311738e-05
10.0,32.0,9.420106835023034e-06
10.0,33.0,6.472224072240351e-07
10.0,34.0,7.157980803640385e-07
10.0,35.0,4.1373359636054374e-06
10.0,36.0,4.216675370116718e-05
10.0,37.0,0.0008510472252964973
10.0,38.0,1.5041307960927952e-05
10.0,39.0,9.286062413593754e-05
10.0,40.0,0.0012099567102268338
10.0,41.0,0.002501433715224266
10.0,42.0,0.0002784694661386311
10.0,43.0,0.006149505730718374
10.0,44.0,0.0001905137614812702
10.0,45.0,0.0031969535630196333
10.0,46.0,0.0017313986318185925
10.0,47.0,8.707449887879193e-05
10.0,48.0,0.0003273039765190333
10.0,49.0,0.0008618095889687538
10.0,50.0,3.9897266105981544e-05
10.0,51.0,3.4649719964363612e-06
10.0,52.0,0.00037480774335563183
10.0,53.0,8.316071034641936e-05
10.0,54.0,7.155578032325138e-07
10.0,55.0,3.6699861084343866e-05
10.0,56.0,1.6969354987850238e-07
10.0,57.0,1.2842994223660753e-08
10.0,58.0,3.812973091044114e-06
10.0,59.0,1.3634157767228317e-06
10.0,60.0,6.585408662829195e-09
10.0,61.0,5.697162123396993e-06
10.0,62.0,2.169757209458112e-07
10.0,63.0,4.849296963982397e-09
10.0,64.0,2.6469037948118057e-06
10.0,65.0,9.448341664608506e-09
10.0,66.0,2.7536866120669856e-09
10.0,67.0,1.098825350709376e-06
10.0,68.0,6.723650969320261e-09
10.0,69.0,2.1419395423993848e-10
10.0,70.0,1.0695418239947685e-07
10.0,71.0,3.571559280962644e-12
10.0,72.0,5.243762757345394e-08
10.0,73.0,3.5435153478147186e-08
10.0,74.0,9.290571784115187e-11
10.0,75.0,3.150928762352123e-08
10.0,76.0,3.984193419626081e-09
10.0,77.0,3.2609820399542855e-10
10.0,78.0,6.145222108955295e-09
10.0,79.0,6.404073382704212e-10
10.0,80.0,1.1415034770288074e-13
10.0,81.0,1.299774038399093e-10
10.0,82.0,1.5937905439855626e-09
10.0,83.0,8.770547222508585e-13
10.0,84.0,2.391448705729715e-10
10.0,85.0,7.325216433429205e-09
10.0,86.0,7.071990996282418e-12
10.0,87.0,1.5005333864337445e-08
10.0,88.0,6.204740887749693e-11
10.0,89.0,7.461327389268746e-11
10.0,90.0,9.22057239449714e-08
10.0,91.0,3.77774721227464e-12
10.0,92.0,1.610456878964328e-09
10.0,93.0,1.665537291417607e-10
10.0,94.0,3.257306577242325e-11
10.0,95.0,2.6676516551304985e-09
10.0,96.0,3.468807185935674e-11
10.0,97.0,1.0373391035045643e-08
10.0,98.0,1.6329071428344832e-08
10.0,99.0,6.2989249371980804e-09
10.0,100.0,3.7392521790025057e-07
10.0,101.0,2.024285777224577e-06
10.0,102.0,3.6154808640276315e-06
10.0,103.0,7.452260142315481e-09
10.0,104.0,8.750164965931617e-07
10.0,105.0,2.6294783310731873e-06
10.0,106.0,9.09481343569496e-08
10.0,107.0,7.243763775477419e-06
10.0,108.0,8.347034054168034e-06
10.0,109.0,7.570986326754792e-06
10.0,110.0,7.483216904802248e-05
10.0,111.0,2.3525201413576724e-06
10.0,112.0,0.00010117788042407483
10.0,113.0,0.0003518693847581744
10.0,114.0,5.9935518947895616e-05
10.0,115.0,0.00013785653572995216
10.0,116.0,3.1333438528236e-05
10.0,117.0,7.065302270348184e-06
10.0,118.0,2.8624226615647785e-05
10.0,119.0,1.0708675290516112e-05
10.0,120.0,5.813784355268581e-06
10.0,121.0,1.2959125342604239e-05
10.0,122.0,1.6275826055789366e-06
10.0,123.0,3.2753669643170724e-07
10.0,124.0,2.339055072297924e-06
10.0,125.0,5.934208502367255e-07
10.0,126.0,2.913758123668231e-07
10.0,127.0,4.953113261763065e-07
10.0,128.0,1.6852156647928496e-07
10.0,129.0,4.747403181681875e-08
10.0,130.0,6.151809657239937e-07
10.0,131.0,4.7670707203906204e-07
10.0,132.0,3.0925582450436195e-07
10.0,133.0,8.365406074517523e-07
10.0,134.0,2.550423232605681e-07
10.0,135.0,2.2566038637705788e-07
10.0,136.0,8.171847412086208e-07
10.0,137.0,2.7943389113715966e-07
10.0,138.0,3.566080692962714e-07
10.0,139.0,5.414207748799527e-07
10.0,140.0,2.0941709522048768e-07
10.0,141.0,1.9899536596312828e-07
10.0,142.0,1.3645340857237898e-07
10.0,143.0,4.3956836748293426e-07
10.0,144.0,1.2371138780054025e-07
10.0,145.0,2.893783630497637e-07
10.0,146.0,3.2109267067426117e-06
10.0,147.0,7.673234563299047e-07
10.0,148.0,4.985342911822954e-07
10.0,149.0,5.410364337876672e-06
10.0,150.0,1.3929889064456802e-06
10.0,151.0,5.398152325142291e-07
10.0,152.0,3.295656370028155e-06
10.0,153.0,1.026551217364613e-06
10.0,154.0,3.679890596686164e-07
10.0,155.0,2.0484894776018336e-06
10.0,156.0,1.5898252740953467e-06
10.0,157.0,3.066039425903e-06
10.0,158.0,5.86177429795498e-06
10.0,159.0,2.7712367227650248e-06
10.0,160.0,2.6673785669117933e-06
10.0,161.0,8.019898814382032e-06
10.0,162.0,1.8351776134295505e-06
10.0,163.0,3.616546564444434e-06
10.0,164.0,1.0492563887964934e-05
10.0,165.0,4.699421424447792e-06
10.0,166.0,6.594255410163896e-06
10.0,167.0,1.0521010153752286e-05
10.0,168.0,5.148078798811184e-06
10.0,169.0,4.526835709839361e-06
10.0,170.0,5.082389179733582e-06
10.0,171.0,1.0909964657912496e-05
10.0,172.0,8.054712452576496e-06
10.0,173.0,4.308006737119285e-06
10.0,174.0,8.657285434310324e-06
10.0,175.0,6.687012501060963e-06
10.0,176.0,3.1110955660551554e-06
10.0,177.0,7.595110218971968e-06
10.0,178.0,5.255952146399068e-06
10.0,179.0,3.887898856191896e-06
10.0,180.0,5.112617600389058e-06
10.0,-179.0,7.328730589506449e-06
10.0,-178.0,1.3233520803623833e-05
10.0,-177.0,4.981958227290306e-06
10.0,-176.0,7.168026968429331e-06
10.0,-175.0,4.5614306145580485e-06
10.0,-174.0,1.5207522665150464e-05
10.0,-173.0,7.874567018006928e-06
10.0,-172.0,1.1816232472483534e-05
10.0,-171.0,1.162393618869828e-05
10.0,-170.0,3.4336135286139324e-06
10.0,-169.0,4.454359441297129e-06
10.0,-168.0,5.7293295867566485e-06
10.0,-167.0,2.3181892174761742e-06
10.0,-166.0,4.4246212382859085e-06
10.0,-165.0,3.015239599335473e-06
10.0,-164.0,2.225009666290134e-06
10.0,-163.0,8.090426604212553e-07
10.0,-162.0,7.781216481816955e-06
10.0,-161.0,2.5080777049879543e-05
10.0,-160.0,3.576980088837445e-05
10.0,-159.0,9.5292431069538e-05
10.0,-158.0,0.00020117998064961284
10.0,-157.0,0.00020333603606559336
10.0,-156.0,0.00019668029563035816
10.0,-155.0,7.083799573592842e-05
10.0,-154.0,8.372222509933636e-05
10.0,-153.0,0.00015097498544491827
10.0,-152.0,0.0001290602667722851
10.0,-151.0,0.00016972084995359182
10.0,-150.0,0.0002503394498489797
10.0,-149.0,0.0010151994647458196
10.0,-148.0,0.0003976728767156601
10.0,-147.0,0.0003378210822120309
10.0,-146.0,0.0007730411598458886
10.0,-145.0,0.0002873221237678081
10.0,-144.0,0.0001310380466748029
10.0,-143.0,0.0004418512398842722
10.0,-142.0,5.406751370173879e-05
10.0,-141.0,0.0001424946094630286
10.0,-140.0,0.00041149507160298526
10.0,-139.0,0.00013386270438786596
10.0,-138.0,0.0001479305501561612
10.0,-137.0,1.7790271158446558e-05
10.0,-136.0,6.188248789840145e-06
10.0,-135.0,5.051945208833786e-06
10.0,-134.0,1.6723372482374543e-06
10.0,-133.0,1.0316909992980072e-06
10.0,-132.0,3.3871171467581007e-07
10.0,-131.0,2.2257408716086502e-07
10.0,-130.0,6.636649914071313e-07
10.0,-129.0,1.687531607785786e-07
10.0,-128.0,1.0735911928350106e-06
10.0,-127.0,1.707620754132222e-06
10.0,-126.0,1.351361447632371e-06
10.0,-125.0,1.917152440000791e-05
10.0,-124.0,4.291031018510694e-06
10.0,-123.0,6.156246854516212e-07
10.0,-122.0,1.3372974535741378e-05
10.0,-121.0,3.662312155938707e-05
10.0,-120.0,1.18313992061303e-05
10.0,-119.0,0.00016952904115896672
10.0,-118.0,1.0554816981311888e-05
10.0,-117.0,6.475357622548472e-06
10.0,-116.0,8.344988600583747e-06
10.0,-115.0,4.783187250723131e-06
10.0,-114.0,4.995010021957569e-05
10.0,-113.0,1.8335546769776556e-07
10.0,-112.0,1.2306470580369933e-06
10.0,-111.0,3.5975683658762136e-06
10.0,-110.0,2.250307716167299e-06
10.0,-109.0,0.00015066865307744592
10.0,-108.0,0.0005130434292368591
10.0,-107.0,1.6307803889503703e-05
10.0,-106.0,3.4511835110606626e-05
10.0,-105.0,4.29375322710257e-05
10.0,-104.0,1.076783746611909e-07
10.0,-103.0,9.845178965406376e-07
10.0,-102.0,1.180695016955724e-05
10.0,-101.0,8.391799042328785e-07
10.0,-100.0,7.031914606159262e-07
10.0,-99.0,1.3580688573711086e-05
10.0,-98.0,3.677165068438626e-06
10.0,-97.0,4.418253593030386e-05
10.0,-96.0,4.461382559384219e-06
10.0,-95.0,4.175193316768855e-05
10.0,-94.0,0.00011355541209923103
10.0,-93.0,0.00013087433762848377
10.0,-92.0,0.0006363336578942835
10.0,-91.0,0.00010593303886707872
10.0,-90.0,6.455784750869498e-05
10.0,-89.0,0.00017660565208643675
10.0,-88.0,1.2094782505300827e-05
10.0,-87.0,2.833925282175187e-05
10.0,-86.0,6.613950245082378e-05
10.0,-85.0,0.00030298411729745567
10.0,-84.0,0.0001896660542115569
10.0,-83.0,1.4892905710439663e-05
10.0,-82.0,1.4012314750289079e-05
10.0,-81.0,3.161100175930187e-05
10.0,-80.0,0.0006675584008917212
10.0,-79.0,1.8156499208998866e-05
10.0,-78.0,1.4953047866583802e-05
10.0,-77.0,2.6593559596221894e-05
10.0,-76.0,3.9314140849455725e-06
10.0,-75.0,7.2851917138905264e-06
10.0,-74.0,6.450924956880044e-06
10.0,-73.0,5.903366968595947e-07
10.0,-72.0,6.77109028401901e-07
10.0,-71.0,1.9735241494345246e-06
10.0,-70.0,9.174012234325346e-07
10.0,-69.0,1.6081423837022157e-06
10.0,-68.0,5.577759566222085e-06
10.0,-67.0,2.9688892482226947e-06
10.0,-66.0,3.6096998883294873e-06
10.0,-65.0,2.281472234244575e-06
10.0,-64.0,2.5849278699752176e-06
10.0,-63.0,8.50001561047975e-06
10.0,-62.0,5.0276164984097704e-05
10.0,-61.0,7.509408897021785e-05
10.0,-60.0,3.46744382113684e-05
10.0,-59.0,2.4989574740175158e-05
10.0,-58.0,1.7047786968760192e-05
10.0,-57.0,1.889243685582187e-05
10.0,-56.0,7.67960591474548e-06
10.0,-55.0,4.273535523680039e-06
10.0,-54.0,1.2214904927532189e-05
10.0,-53.0,7.2431275839335285e-06
10.0,-52.0,1.788904774002731e-05
10.0,-51.0,8.001280548342038e-06
10.0,-50.0,6.544324605783913e-06
10.0,-49.0,1.7703008779790252e-05
10.0,-48.0,6.8454914980975445e-06
10.0,-47.0,2.7356618375051767e-06
10.0,-46.0,7.631006155861542e-06
10.0,-45.0,2.6309080567443743e-06
10.0,-44.0,1.6696966440576944e-06
10.0,-43.0,1.054283984558424e-06
10.0,-42.0,6.892466899444116e-07
10.0,-41.0,8.31657303024258e-07
10.0,-40.0,7.88208808444324e-07
10.0,-39.0,5.342176336853299e-07
10.0,-38.0,5.104059255245375e-07
10.0,-37.0,7.767994816276769e-07
10.0,-36.0,1.1348091675245087e-06
10.0,-35.0,1.4531474334944505e-06
10.0,-34.0,3.5355135423742468e-06
10.0,-33.0,1.3664631524079596e-06
10.0,-32.0,2.644768983373069e-06
10.0,-31.0,9.473683348915074e-06
10.0,-30.0,7.640895091753919e-06
10.0,-29.0,2.3964316824276466e-06
10.0,-28.0,8.597364285378717e-06
10.0,-27.0,7.163223472161917e-06
10.0,-26.0,1.6835580254337401e-06
10.0,-25.0,3.8595826481468976e-06
10.0,-24.0,2.171627784264274e-06
10.0,-23.0,1.2237162536621327e-06
10.0,-22.0,4.4535630877362564e-05
10.0,-21.0,1.7159676701794524e-07
10.0,-20.0,0.0001747325004544109
10.0,-19.0,2.0519647137007269e-07
10.0,-18.0,0.00013323909661266953
10.0,-17.0,4.693810478784144e-05
10.0,-16.0,1.8128029068975593e-06
10.0,-15.0,0.00023408692504744977
10.0,-14.0,4.357691796030849e-05
10.0,-13.0,1.3944709280622192e-06
10.0,-12.0,1.198086465592496e-06
10.0,-11.0,2.1751854717422248e-07
10.0,-10.0,5.908930324949324e-05
10.0,-9.0,7.653701686649583e-06
10.0,-8.0,5.151899586053332e-06
10.0,-7.0,0.00026960892137140036
10.0,-6.0,1.7060310710803606e-05
10.0,-5.0,9.752443475008477e-06
10.0,-4.0,0.0001294201210839674
10.0,-3.0,0.005189936608076096
10.0,-2.0,0.00034938761382363737
10.0,-1.0,0.0002634348929859698
11.0,0.0,0.0016505819512531161
11.0,1.0,0.0007516214391216636
11.0,2.0,0.0003871167136821896
11.0,3.0,0.016626084223389626
11.0,4.0,0.03191147744655609
11.0,5.0,0.0014022761024534702
11.0,6.0,0.005564380902796984
11.0,7.0,0.004523539915680885
11.0,8.0,0.0006760773248970509
11.0,9.0,0.09427297115325928
11.0,10.0,0.000116615483420901
11.0,11.0,0.004945516586303711
11.0,12.0,0.5503049492835999
11.0,13.0,0.0001394307764712721
11.0,14.0,0.017565177753567696
11.0,15.0,0.012753982096910477
11.0,16.0,0.0006558416062034667
11.0,17.0,0.030657077208161354
11.0,18.0,0.0179044958204031
11.0,19.0,0.013173834420740604
11.0,20.0,0.03542860969901085
11.0,21.0,0.008367287926375866
11.0,22.0,0.4169350564479828
11.0,23.0,0.0022839808370918036
11.0,24.0,0.00738108716905117
11.0,25.0,0.00363180018030107
11.0,26.0,2.623271484480938e-07
11.0,27.0,2.5225757781299762e-05
11.0,28.0,3.4514763683546335e-05
11.0,29.0,2.045081782853231e-05
11.0,30.0,3.7666072785214055e-06
11.0,31.0,2.682570084289182e-06
11.0,32.0,1.043586394189333e-06
11.0,33.0,0.0018974185222759843
11.0,34.0,2.8565120828716317e-06
11.0,35.0,5.600075837719487e-06
11.0,36.0,0.00025478817406110466
11.0,37.0,0.00036902527790516615
11.0,38.0,0.0024897654075175524
11.0,39.0,0.001409715274348855
11.0,40.0,8.757838077144697e-05
11.0,41.0,0.009183313697576523
11.0,42.0,0.0029414487071335316
11.0,43.0,0.0006673672469332814
11.0,44.0,0.07250416278839111
11.0,45.0,0.003800022415816784
11.0,46.0,0.002289676107466221
11.0,47.0,0.02793467976152897
11.0,48.0,0.0002634115517139435
11.0,49.0,0.0009251376031897962
11.0,50.0,0.002838182495906949
11.0,51.0,1.01254508990678e-05
11.0,52.0,0.0004674191295634955
11.0,53.0,0.0015674229944124818
11.0,54.0,1.2969668432560866e-06
11.0,55.0,1.6089374184957705e-05
11.0,56.0,4.086986336915288e-06
11.0,57.0,4.864102720603114e-07
11.0,58.0,8.039197751941174e-08
11.0,59.0,5.786784029737646e-08
11.0,60.0,2.086485295649254e-08
11.0,61.0,4.458744129465231e-08
11.0,62.0,9.663294164852232e-09
11.0,63.0,1.4570155748572233e-08
11.0,64.0,1.8588830030807912e-08
11.0,65.0,7.447460603771106e-08
11.0,66.0,3.070950924666249e-07
11.0,67.0,1.9670945050620503e-07
11.0,68.0,1.044088620005823e-07
11.0,69.0,1.264331928041429e-07
11.0,70.0,5.997028438287089e-06
11.0,71.0,1.4877287769776704e-12
11.0,72.0,1.6894978216441814e-07
11.0,73.0,8.133183087011275e-07
11.0,74.0,3.3312605451918387e-10
11.0,75.0,4.450273038969499e-08
11.0,76.0,4.745334680755775e-10
11.0,77.0,2.154507461327171e-09
11.0,78.0,7.618952579946381e-09
11.0,79.0,4.833036637563737e-09
11.0,80.0,5.284837012453636e-09
11.0,81.0,3.16356096874415e-09
11.0,82.0,1.184960352063058e-09
11.0,83.0,3.145371185730994e-10
11.0,84.0,8.02128016785808e-11
11.0,85.0,6.116698259006625e-10
11.0,86.0,1.0599709998615481e-10
11.0,87.0,5.859731366797405e-09
11.0,88.0,2.7508242905760483e-10
11.0,89.0,1.8536730483909025e-10
11.0,90.0,5.092107846493832e-10
11.0,91.0,7.551151370854825e-11
11.0,92.0,1.5564287636493646e-08
11.0,93.0,2.971824031305914e-08
11.0,94.0,1.3923970310081302e-10
11.0,95.0,2.452909264594183e-10
11.0,96.0,9.415900281695144e-10
11.0,97.0,3.327581613032926e-11
11.0,98.0,2.5260442626517943e-08
11.0,99.0,3.8981901040457956e-10
11.0,100.0,1.460117449170184e-08
11.0,101.0,1.9923996319448634e-07
11.0,102.0,8.228068537619038e-08
11.0,103.0,2.1263663541049027e-07
11.0,104.0,1.1083167805736593e-07
11.0,105.0,3.5206775805818324e-07
11.0,106.0,1.7487841432739515e-06
11.0,107.0,2.017694441747153e-06
11.0,108.0,2.452264652674785e-06
11.0,109.0,1.2977046026207972e-05
11.0,110.0,3.250164081691764e-05
11.0,111.0,3.921832831110805e-05
11.0,112.0,0.0005168971256352961
11.0,113.0,0.0004020465421490371
11.0,114.0,7.810626993887126e-05
11.0,115.0,0.00024668072001077235
11.0,116.0,7.666977035114542e-05
11.0,117.0,2.0024905097670853e-05
11.0,118.0,1.3884588952350896e-05
11.0,119.0,8.08320110081695e-05
11.0,120.0,1.8454167729942128e-05
11.0,121.0,3.3802502002799883e-05
11.0,122.0,2.9428334528347477e-05
11.0,123.0,2.966061856568558e-06
11.0,124.0,1.9460205749055604e-06
11.0,125.0,2.363165094720898e-06
11.0,126.0,7.535456347795844e-07
11.0,127.0,3.7605016700581473e-07
11.0,128.0,6.392546083588968e-07
11.0,129.0,1.3582061342276575e-07
11.0,130.0,5.207000981499732e-07
11.0,131.0,1.4431127510761144e-06
11.0,132.0,4.863114781983313e-07
11.0,133.0,1.5336414662669995e-06
11.0,134.0,6.73413182994409e-07
11.0,135.0,4.1500496195112646e-07
11.0,136.0,7.619362918376282e-08
11.0,137.0,1.2620856750800158e-06
11.0,138.0,1.2176836889921105e-06
11.0,139.0,5.887220027034346e-07
11.0,140.0,1.7553222733113216e-06
11.0,141.0,7.308548219953082e-07
11.0,142.0,1.1375742360542063e-05
11.0,143.0,5.434861122921575e-06
11.0,144.0,2.3839470486564096e-06
11.0,145.0,6.1688692767347675e-06
11.0,146.0,1.3566829011324444e-06
11.0,147.0,1.4800936014580657e-06
11.0,148.0,2.9496643492166186e-06
11.0,149.0,5.86269095492753e-07
11.0,150.0,2.4901078177208547e-06
11.0,151.0,8.309689292218536e-06
11.0,152.0,8.092139296422829e-07
11.0,153.0,6.425343030969088e-07
11.0,154.0,6.575934889951895e-07
11.0,155.0,1.0370979453000473e-06
11.0,156.0,2.502086317690555e-06
11.0,157.0,2.1805283267894993e-06
11.0,158.0,1.0294079402228817e-06
11.0,159.0,1.0282816447215737e-06
11.0,160.0,1.2303923995204968e-06
11.0,161.0,8.008961458472186e-07
11.0,162.0,4.3439462160677067e-07
11.0,163.0,1.767453909451433e-06
11.0,164.0,1.3059652701485902e-06
11.0,165.0,7.388704034383409e-06
11.0,166.0,7.0728056016378105e-06
11.0,167.0,1.0844340749827097e-06
11.0,168.0,4.518256901064888e-06
11.0,169.0,7.716319487371948e-06
11.0,170.0,5.591462922893697e-06
11.0,171.0,1.8511276721255854e-05
11.0,172.0,1.6677435269230045e-05
11.0,173.0,1.5500259905820712e-05
11.0,174.0,6.434887836803682e-06
11.0,175.0,6.2311119108926505e-06
11.0,176.0,1.3221902918303385e-05
11.0,177.0,6.397550350811798e-06
11.0,178.0,8.286344382213429e-06
11.0,179.0,8.783349585428368e-06
11.0,180.0,1.1955642548855394e-05
11.0,-179.0,1.4034139894647524e-05
11.0,-178.0,2.4716209736652672e-05
11.0,-177.0,2.4818860765662976e-05
11.0,-176.0,3.359999755048193e-05
11.0,-175.0,1.5436031389981508e-05
11.0,-174.0,2.8089803890907206e-05
11.0,-173.0,7.811298019078095e-06
11.0,-172.0,1.4894354535499588e-05
11.0,-171.0,8.374701792490669e-06
11.0,-170.0,1.7545843320476706e-06
11.0,-169.0,7.990125595824793e-06
11.0,-168.0,6.5486256062285975e-06
11.0,-167.0,5.851351943420013e-06
11.0,-166.0,3.393267661522259e-06
11.0,-165.0,6.853827017039293e-06
11.0,-164.0,4.560951367693633e-07
11.0,-163.0,2.589267523944727e-06
11.0,-162.0,3.5306082281749696e-05
11.0,-161.0,1.0016719897976145e-05
11.0,-160.0,2.9427830668282695e-05
11.0,-159.0,9.331155160907656e-05
11.0,-158.0,0.0004566927964333445
11.0,-157.0,0.00020340739865787327
11.0,-156.0,7.029360858723521e-05
11.0,-155.0,8.57973427628167e-05
11.0,-154.0,0.0001367851800750941
11.0,-153.0,0.000221744499867782
11.0,-152.0,0.00012120162136852741
11.0,-151.0,0.00019488150428514928
11.0,-150.0,0.0003442447050474584
11.0,-149.0,0.00016753512318246067
11.0,-148.0,0.0004838910244870931
11.0,-147.0,0.000253274425631389
11.0,-146.0,0.00020339457842055708
11.0,-145.0,0.0003110342368017882
11.0,-144.0,0.0003134744765702635
11.0,-143.0,0.0004942608065903187
11.0,-142.0,0.0006257547647692263
11.0,-141.0,0.00024645269149914384
11.0,-140.0,0.00015804798749741167
11.0,-139.0,0.00016777346900198609
11.0,-138.0,4.7582987463101745e-05
11.0,-137.0,1.4675516467832495e-05
11.0,-136.0,3.59398836735636e-06
11.0,-135.0,2.521265514587867e-06
11.0,-134.0,1.3034903076913906e-06
11.0,-133.0,6.967995886952849e-07
11.0,-132.0,5.347523028831347e-07
11.0,-131.0,2.676046619853878e-07
11.0,-130.0,5.4432575780083425e-08
11.0,-129.0,7.750458763666757e-08
11.0,-128.0,2.331649113784806e-07
11.0,-127.0,2.602974063847796e-06
11.0,-126.0,1.5931249208733789e-06
11.0,-125.0,1.5055227777338587e-05
11.0,-124.0,4.109941073693335e-06
11.0,-123.0,1.2312103535805363e-05
11.0,-122.0,6.300974200712517e-05
11.0,-121.0,7.2965744948305655e-06
11.0,-120.0,0.00015027567860670388
11.0,-119.0,0.00028904786449857056
11.0,-118.0,1.4035183085070457e-05
11.0,-117.0,1.3735976608586498e-05
11.0,-116.0,3.1628158467356116e-05
11.0,-115.0,8.522275720679318e-07
11.0,-114.0,3.942519924748922e-06
11.0,-113.0,1.7504344214103185e-06
11.0,-112.0,8.948754270932113e-07
11.0,-111.0,2.120190458754223e-07
11.0,-110.0,5.323315690475283e-06
11.0,-109.0,2.53031487318367e-07
11.0,-108.0,8.728155989956576e-06
11.0,-107.0,1.2985274224774912e-06
11.0,-106.0,3.876362370647257e-06
11.0,-105.0,9.719804802443832e-05
11.0,-104.0,8.551960490876809e-07
11.0,-103.0,9.037037671077996e-06
11.0,-102.0,2.3996697564143687e-05
11.0,-101.0,4.3045346842518484e-07
11.0,-100.0,0.0016346040647476912
11.0,-99.0,1.4308108802651986e-05
11.0,-98.0,2.544286871852819e-06
11.0,-97.0,0.0015853469958528876
11.0,-96.0,2.3267110009328462e-05
11.0,-95.0,2.830273842846509e-05
11.0,-94.0,0.0017546020681038499
11.0,-93.0,0.0015436001121997833
11.0,-92.0,1.847330895543564e-05
11.0,-91.0,0.00043639724026434124
11.0,-90.0,0.0010743221500888467
11.0,-89.0,3.186308094882406e-05
11.0,-88.0,2.3634967874386348e-05
11.0,-87.0,0.00017543348076287657
11.0,-86.0,0.0004167204606346786
11.0,-85.0,0.001472313655540347
11.0,-84.0,0.0006803743890486658
11.0,-83.0,5.926441008341499e-05
11.0,-82.0,2.81155025732005e-05
11.0,-81.0,1.3561883861257229e-05
11.0,-80.0,4.62087155028712e-06
11.0,-79.0,2.8070335247321054e-05
11.0,-78.0,6.131233021733351e-06
11.0,-77.0,7.303598067665007e-06
11.0,-76.0,1.130157306761248e-05
11.0,-75.0,1.5901390497674583e-06
11.0,-74.0,9.093811854654632e-07
11.0,-73.0,3.524994838244311e-07
11.0,-72.0,1.0649805517459754e-06
11.0,-71.0,1.3669009604200255e-06
11.0,-70.0,4.728074145532446e-07
11.0,-69.0,9.642710665502818e-07
11.0,-68.0,1.6042224615375744e-06
11.0,-67.0,1.781846094672801e-06
11.0,-66.0,3.93300797441043e-06
11.0,-65.0,2.392396709183231e-06
11.0,-64.0,3.1419438073498895e-06
11.0,-63.0,4.1928692553483415e-06
11.0,-62.0,5.049339051765855e-06
11.0,-61.0,5.280978712107753e-06
11.0,-60.0,2.4583480353612686e-06
11.0,-59.0,5.732560111937346e-06
11.0,-58.0,5.052296728536021e-06
11.0,-57.0,2.310411218786612e-06
11.0,-56.0,2.8642648430832196e-06
11.0,-55.0,9.564727406541351e-06
11.0,-54.0,1.5428789993165992e-05
11.0,-53.0,1.2799626347259618e-05
11.0,-52.0,3.090546442763298e-06
11.0,-51.0,1.0449186447658576e-05
11.0,-50.0,3.353178499310161e-06
11.0,-49.0,7.519351584051037e-06
11.0,-48.0,4.60940600532922e-06
11.0,-47.0,2.566705688877846e-06
11.0,-46.0,3.98729298467515e-06
11.0,-45.0,3.2380489756178576e-06
11.0,-44.0,2.3993586637516273e-06
11.0,-43.0,1.6571422065680963e-06
11.0,-42.0,1.2525412103059352e-06
11.0,-41.0,8.213867772610683e-07
11.0,-40.0,8.745533932597027e-07
11.0,-39.0,6.894248940625403e-07
11.0,-38.0,6.76621027650981e-07
11.0,-37.0,7.376759185717674e-07
11.0,-36.0,1.5509367585764267e-06
11.0,-35.0,2.4818998554110294e-06
11.0,-34.0,4.832310764868453e-07
11.0,-33.0,2.8596386982826516e-06
11.0,-32.0,2.9452596663759323e-06
11.0,-31.0,2.1241278318484547e-06
11.0,-30.0,6.490442956419429e-06
11.0,-29.0,7.506483598263003e-06
11.0,-28.0,1.0261537681799382e-06
11.0,-27.0,2.886060428863857e-06
11.0,-26.0,2.157290327886585e-05
11.0,-25.0,4.87939269078197e-06
11.0,-24.0,2.630639528433676e-06
11.0,-23.0,0.00016464370128232986
11.0,-22.0,0.00025669860769994557
11.0,-21.0,0.011386636644601822
11.0,-20.0,0.001386504154652357
11.0,-19.0,0.010640677064657211
11.0,-18.0,0.007715900894254446
11.0,-17.0,0.009540144354104996
11.0,-16.0,0.0004718037962447852
11.0,-15.0,0.008388092741370201
11.0,-14.0,9.303257684223354e-05
11.0,-13.0,0.00024478157865814865
11.0,-12.0,8.437768701696768e-05
11.0,-11.0,0.0012739883968606591
11.0,-10.0,9.175550803774968e-05
11.0,-9.0,0.004856778774410486
11.0,-8.0,0.0007340497686527669
11.0,-7.0,4.755809641210362e-06
11.0,-6.0,0.0031396045815199614
11.0,-5.0,0.0002695292350836098
11.0,-4.0,4.5927681640023366e-05
11.0,-3.0,0.001662144553847611
11.0,-2.0,0.0003906828351318836
11.0,-1.0,0.0007132526370696723
12.0,0.0,0.011348262429237366
12.0,1.0,0.00047054243623279035
12.0,2.0,0.07789978384971619
12.0,3.0,0.07736244797706604
12.0,4.0,0.01820499449968338
12.0,5.0,0.2522050440311432
12.0,6.0,0.12062952667474747
12.0,7.0,0.0003482270985841751
12.0,8.0,0.1120075061917305
12.0,9.0,0.004989901091903448
12.0,10.0,0.0018579121679067612
12.0,11.0,0.0013707821490243077
12.0,12.0,0.002286941511556506
12.0,13.0,0.06439866125583649
12.0,14.0,0.000961201440077275
12.0,15.0,0.00010748569911811501
12.0,16.0,0.0044432636350393295
12.0,17.0,0.005724899936467409
12.0,18.0,0.0003511721733957529
12.0,19.0,0.004075591918081045
12.0,20.0,0.002324022352695465
12.0,21.0,0.0004302471352275461
12.0,22.0,0.009321074932813644
12.0,23.0,0.002549766330048442
12.0,24.0,0.002175594214349985
12.0,25.0,0.00028978512273170054
12.0,26.0,0.0018278107745572925
12.0,27.0,0.0005139606655575335
12.0,28.0,1.546874591440428e-05
12.0,29.0,2.0093950752197998e-06
12.0,30.0,0.00011117299436591566
12.0,31.0,1.0601943358778954e-06
12.0,32.0,0.00011593547969823703
12.0,33.0,1.7100934201152995e-05
12.0,34.0,3.107425436610356e-05
12.0,35.0,6.1722935242869426e-06
12.0,36.0,4.36909613199532e-06
12.0,37.0,0.00023383776715490967
12.0,38.0,0.00031071563716977835
12.0,39.0,8.47798291943036e-05
12.0,40.0,7.446741074090824e-05
12.0,41.0,6.047870920156129e-05
12.0,42.0,2.4380300601478666e-05
12.0,43.0,5.3377898439066485e-05
12.0,44.0,0.00030831925687380135
12.0,45.0,0.00010073647717945278
12.0,46.0,0.0006177985924296081
12.0,47.0,0.0008765118545852602
12.0,48.0,0.00044028740376234055
12.0,49.0,1.655046253290493e-05
12.0,50.0,0.00016148666327353567
12.0,51.0,0.00030886204331181943
12.0,52.0,1.145504938904196e-05
12.0,53.0,0.0010302209993824363
12.0,54.0,0.0001712797675281763
12.0,55.0,4.137002179049887e-05
12.0,56.0,1.1877882570843212e-06
12.0,57.0,4.068696853209985e-06
12.0,58.0,3.7481206049960747e-07
12.0,59.0,1.4990648367074755e-07
12.0,60.0,6.823377134423936e-07
12.0,61.0,9.005655243754518e-08
12.0,62.0,7.610888587805675e-06
12.0,63.0,7.589700601329241e-08
12.0,64.0,4.070005843459512e-07
12.0,65.0,4.481134213696336e-11
12.0,66.0,9.239571607810859e-11
12.0,67.0,5.177184721105732e-05
12.0,68.0,2.8871891544213213e-08
12.0,69.0,1.8728496531394967e-10
12.0,70.0,1.0923662863149275e-08
12.0,71.0,2.6045000822705333e-08
12.0,72.0,1.8104642229843648e-09
12.0,73.0,8.357832115279962e-08
12.0,74.0,1.1339216232642002e-09
12.0,75.0,1.0755726265188059e-07
12.0,76.0,6.995374945972799e-08
12.0,77.0,1.2500299817475025e-07
12.0,78.0,9.442342907561851e-09
12.0,79.0,3.107555812675855e-08
12.0,80.0,1.84406534486925e-08
12.0,81.0,6.531403196063934e-10
12.0,82.0,1.1887561768286758e-10
12.0,83.0,6.418695436272159e-11
12.0,84.0,1.424450002396327e-09
12.0,85.0,1.7828725162871706e-08
12.0,86.0,2.3928845016563116e-11
12.0,87.0,6.349396386440276e-08
12.0,88.0,5.366802557915662e-09
12.0,89.0,4.1185505006424705e-10
12.0,90.0,8.803971951465428e-08
12.0,91.0,1.1496411822520258e-08
12.0,92.0,1.872973143690615e-06
12.0,93.0,5.885496193513973e-06
12.0,94.0,2.8035202603859943e-08
12.0,95.0,9.211761131666663e-09
12.0,96.0,6.227834887795325e-07
12.0,97.0,1.3760916317551164e-07
12.0,98.0,5.709916095497647e-08
12.0,99.0,1.3465478509999684e-08
12.0,100.0,3.557825323241559e-08
12.0,101.0,8.969792730795234e-08
12.0,102.0,5.18589473585962e-08
12.0,103.0,4.838249623162483e-08
12.0,104.0,7.519371081343706e-08
12.0,105.0,2.0843381776103342e-07
12.0,106.0,1.528374809822708e-06
12.0,107.0,2.2081449060351588e-06
12.0,108.0,1.7286001821048558e-05
12.0,109.0,2.4527380446670577e-05
12.0,110.0,6.57782147754915e-05
12.0,111.0,0.00026273285038769245
12.0,112.0,0.0005770270945504308
12.0,113.0,3.344533251947723e-05
12.0,114.0,4.206774974591099e-05
12.0,115.0,8.30822391435504e-05
12.0,116.0,7.685958553338423e-05
12.0,117.0,2.6452271413290873e-05
12.0,118.0,1.245888415724039e-05
12.0,119.0,4.927891495754011e-05
12.0,120.0,1.5634330338798463e-05
12.0,121.0,8.443628757959232e-05
12.0,122.0,9.069222869584337e-05
12.0,123.0,1.9429740859777667e-05
12.0,124.0,1.0513707820791751e-05
12.0,125.0,1.0094877325173002e-05
12.0,126.0,2.2544084004039178e-06
12.0,127.0,4.240905582264531e-06
12.0,128.0,7.753120371489786e-06
12.0,129.0,4.525372332864208e-06
12.0,130.0,2.424062586214859e-06
12.0,131.0,2.043209860858042e-06
12.0,132.0,1.4386824886969407e-06
12.0,133.0,3.21656625601463e-06
12.0,134.0,6.850650606793351e-07
12.0,135.0,3.708536553403974e-07
12.0,136.0,1.0875068028326496e-06
12.0,137.0,3.2465275126014603e-06
12.0,138.0,7.4580252658051904e-06
12.0,139.0,1.4244583326217253e-05
12.0,140.0,3.375601954758167e-05
12.0,141.0,0.00014848282444290817
12.0,142.0,1.322373191214865e-05
12.0,143.0,0.0001759969600243494
12.0,144.0,1.640534173930064e-05
12.0,145.0,2.048923079200904e-06
12.0,146.0,2.6746318326331675e-05
12.0,147.0,4.976664627065475e-07
12.0,148.0,1.352454660263902e-06
12.0,149.0,1.3648636922880542e-06
12.0,150.0,1.0129837164640776e-06
12.0,151.0,3.067217903662822e-06
12.0,152.0,1.8694113350647967e-06
12.0,153.0,4.808502467312792e-07
12.0,154.0,8.010924261725449e-07
12.0,155.0,1.2170648915343918e-06
12.0,156.0,8.701782121534052e-07
12.0,157.0,1.0669913308447576e-06
12.0,158.0,1.488154111939366e-06
12.0,159.0,1.3120635458108154e-06
12.0,160.0,7.852938210817229e-07
12.0,161.0,8.67135440785205e-07
12.0,162.0,6.566521619788546e-07
12.0,163.0,2.1969933641230455e-06
12.0,164.0,1.559493057357031e-06
12.0,165.0,7.652869498997461e-06
12.0,166.0,3.2877705962164328e-06
12.0,167.0,2.159480118280044e-06
12.0,168.0,1.0930425560218282e-06
12.0,169.0,1.2581080000018119e-06
12.0,170.0,3.6410622215043986e-06
12.0,171.0,1.889229315565899e-05
12.0,172.0,1.4395059224625584e-05
12.0,173.0,1.0716807082644664e-05
12.0,174.0,1.6180418242583983e-05
12.0,175.0,1.2925959708809387e-05
12.0,176.0,1.005254944175249e-05
12.0,177.0,6.640335868723923e-06
12.0,178.0,9.116596629610285e-06
12.0,179.0,1.8458269551047124e-05
12.0,180.0,9.211883480020333e-06
12.0,-179.0,2.986530671478249e-05
12.0,-178.0,3.0774219339946285e-05
12.0,-177.0,2.0522460545180365e-05
12.0,-176.0,9.117540321312845e-05
12.0,-175.0,5.771634096163325e-05
12.0,-174.0,1.9837736545014195e-05
12.0,-173.0,8.378560778510291e-06
12.0,-172.0,1.1641619494184852e-05
12.0,-171.0,1.5782590708113275e-05
12.0,-170.0,3.2165203265321907e-06
12.0,-169.0,1.4144735359877814e-05
12.0,-168.0,4.8948444600682706e-05
12.0,-167.0,1.0193222806265112e-05
12.0,-166.0,8.537914254702628e-06
12.0,-165.0,1.4674554904559045e-06
12.0,-164.0,2.3574100850964896e-05
12.0,-163.0,4.14159512729384e-06
12.0,-162.0,6.934425073268358e-06
12.0,-161.0,2.3973092538653873e-05
12.0,-160.0,3.477942300378345e-05
12.0,-159.0,8.32587102195248e-05
12.0,-158.0,0.0005151087534613907
12.0,-157.0,0.0002110163914039731
12.0,-156.0,9.605770173948258e-05
12.0,-155.0,0.00035760231548920274
12.0,-154.0,0.0004113658214919269
12.0,-153.0,6.985404615988955e-05
12.0,-152.0,0.00025593198370188475
12.0,-151.0,0.0004130647866986692
12.0,-150.0,0.0002471425978001207
12.0,-149.0,0.00036081369034945965
12.0,-148.0,0.0007953558815643191
12.0,-147.0,0.0001128234071074985
12.0,-146.0,0.00011548805196071044
12.0,-145.0,0.00022848293883726
12.0,-144.0,0.00033308661659248173
12.0,-143.0,8.461732068099082e-05
12.0,-142.0,0.0001914267340907827
12.0,-141.0,0.0002786601835396141
12.0,-140.0,0.00023946208239067346
12.0,-139.0,0.00015977215662132949
12.0,-138.0,2.69873344223015e-05
12.0,-137.0,1.6008332750061527e-05
12.0,-136.0,9.179261724057142e-06
12.0,-135.0,3.0355718081409577e-06
12.0,-134.0,2.816061396515579e-06
12.0,-133.0,1.4229837006496382e-06
12.0,-132.0,8.824900419313053e-07
12.0,-131.0,2.531186282794806e-07
12.0,-130.0,2.921554766999179e-07
12.0,-129.0,1.4077187415750814e-07
12.0,-128.0,2.3740453514164983e-07
12.0,-127.0,1.1751023265560434e-07
12.0,-126.0,1.6429844151844009e-07
12.0,-125.0,2.619256633806799e-07
12.0,-124.0,1.0090607815982366e-07
12.0,-123.0,2.0211050468788017e-06
12.0,-122.0,3.051498197237379e-06
12.0,-121.0,6.5818535404105205e-06
12.0,-120.0,3.7173515011090785e-05
12.0,-119.0,0.00029221075237728655
12.0,-118.0,2.0908648366457783e-05
12.0,-117.0,0.0001877784525277093
12.0,-116.0,7.594610906380694e-06
12.0,-115.0,1.4091619959799573e-05
12.0,-114.0,6.182851393532474e-06
12.0,-113.0,1.7697842849884182e-05
12.0,-112.0,9.755344763107132e-06
12.0,-111.0,5.909391984459944e-05
12.0,-110.0,1.94541771634249e-05
12.0,-109.0,4.2468847993859526e-08
12.0,-108.0,1.994388730963692e-05
12.0,-107.0,9.93438243312994e-06
12.0,-106.0,5.299329473018588e-07
12.0,-105.0,4.2515152927080635e-06
12.0,-104.0,1.484322092437651e-05
12.0,-103.0,6.427098469430348e-06
12.0,-102.0,8.695467840880156e-05
12.0,-101.0,3.375502274138853e-05
12.0,-100.0,5.713173436561192e-07
12.0,-99.0,1.38883360705222e-05
12.0,-98.0,9.830310773395468e-06
12.0,-97.0,2.0260076780687086e-05
12.0,-96.0,2.246491021651309e-06
12.0,-95.0,0.00023086942383088171
12.0,-94.0,0.00030953180976212025
12.0,-93.0,4.154258931521326e-05
12.0,-92.0,0.00021134379494469613
12.0,-91.0,0.00012174789299024269
12.0,-90.0,2.384758772677742e-05
12.0,-89.0,0.00013158521323930472
12.0,-88.0,4.812181941815652e-05
12.0,-87.0,9.126873919740319e-05
12.0,-86.0,0.00046260817907750607
12.0,-85.0,0.00025230288156308234
12.0,-84.0,0.00022049341350793839
12.0,-83.0,0.0003218621714040637
12.0,-82.0,1.3683143151865806e-05
12.0,-81.0,6.876451516291127e-05
12.0,-80.0,1.6802803656901233e-05
12.0,-79.0,1.8016355170402676e-05
12.0,-78.0,1.3694734661839902e-05
12.0,-77.0,1.9233732018619776e-05
12.0,-76.0,5.194406185182743e-06
12.0,-75.0,2.2490055471280357e-06
12.0,-74.0,6.342998517538945e-07
12.0,-73.0,7.770380534566357e-07
12.0,-72.0,6.230935127859993e-07
12.0,-71.0,2.743300910879043e-07
12.0,-70.0,4.778750621881045e-07
12.0,-69.0,9.379689345223596e-07
12.0,-68.0,6.25104121354525e-07
12.0,-67.0,5.044176418778079e-07
12.0,-66.0,1.496962113378686e-06
12.0,-65.0,2.102653297697543e-06
12.0,-64.0,3.2302582440024707e-06
12.0,-63.0,1.0935074215012719e-06
12.0,-62.0,9.177784363600949e-07
12.0,-61.0,1.6611564888080466e-06
12.0,-60.0,4.989557282897294e-07
12.0,-59.0,1.391509840686922e-06
12.0,-58.0,2.2028132207196904e-06
12.0,-57.0,7.454579531440686e-07
12.0,-56.0,1.649839646233886e-06
12.0,-55.0,6.5662488850648515e-06
12.0,-54.0,6.251038939808495e-06
12.0,-53.0,1.4879454965921468e-06
12.0,-52.0,3.900049705407582e-06
12.0,-51.0,3.7344877910072682e-06
12.0,-50.0,3.6803403418161906e-06
12.0,-49.0,7.978756912052631e-06
12.0,-48.0,5.820308160764398e-06
12.0,-47.0,3.4653885450097732e-06
12.0,-46.0,5.906209935346851e-06
12.0,-45.0,9.012284863274544e-06
12.0,-44.0,4.546642685454572e-06
12.0,-43.0,5.891432010685094e-06
12.0,-42.0,5.2247073654143605e-06
12.0,-41.0,1.3614253475680016e-06
12.0,-40.0,1.3218926824265509e-06
12.0,-39.0,1.4487678754449007e-06
12.0,-38.0,1.2814986121156835e-06
12.0,-37.0,1.3989131275593536e-06
12.0,-36.0,3.984369413956301e-06
12.0,-35.0,2.628706170071382e-06
12.0,-34.0,7.025519153103232e-06
12.0,-33.0,1.372429687762633e-05
12.0,-32.0,6.188390671013622e-06
12.0,-31.0,6.96182496540132e-06
12.0,-30.0,7.982693205121905e-05
12.0,-29.0,3.1932884212437784e-06
12.0,-28.0,6.308464890025789e-06
12.0,-27.0,0.00017255378770641983
12.0,-26.0,2.0803056031581946e-05
12.0,-25.0,6.838151875854237e-06
12.0,-24.0,0.00011360632197465748
12.0,-23.0,9.305022831540555e-05
12.0,-22.0,0.0013300474965944886
12.0,-21.0,0.001002589357085526
12.0,-20.0,0.09521708637475967
12.0,-19.0,0.016208238899707794
12.0,-18.0,0.007438899949193001
12.0,-17.0,0.007958021946251392
12.0,-16.0,0.0034945402294397354
12.0,-15.0,0.10133509337902069
12.0,-14.0,0.00438688462600112
12.0,-13.0,0.3465452194213867
12.0,-12.0,0.02278655394911766
12.0,-11.0,0.0001446522946935147
12.0,-10.0,0.02325870469212532
12.0,-9.0,0.00020177129772491753
12.0,-8.0,4.688553963205777e-05
12.0,-7.0,0.00135896191932261
12.0,-6.0,0.009137683548033237
12.0,-5.0,0.006445079110562801
12.0,-4.0,0.003686905140057206
12.0,-3.0,0.03412798419594765
12.0,-2.0,0.0005779562634415925
12.0,-1.0,0.0051901089027523994
13.0,0.0,0.0004336329293437302
13.0,1.0,0.013352937065064907
13.0,2.0,0.00605975603684783
13.0,3.0,0.10589240491390228
13.0,4.0,0.010433584451675415
13.0,5.0,0.8570300340652466
13.0,6.0,0.0033357113134115934
13.0,7.0,0.004486116115003824
13.0,8.0,0.5961716175079346
13.0,9.0,0.0048092687502503395
13.0,10.0,0.0041348496451973915
13.0,11.0,0.013522985391318798
13.0,12.0,6.991928967181593e-05
13.0,13.0,0.0010224753059446812
13.0,14.0,0.0002633286640048027
13.0,15.0,2.9105749490554444e-05
13.0,16.0,9.655932080931962e-05
13.0,17.0,0.0014298617606982589
13.0,18.0,0.0004133267211727798
13.0,19.0,0.0015718387439846992
13.0,20.0,0.0002609533257782459
13.0,21.0,0.00028360498254187405
13.0,22.0,0.0009200058993883431
13.0,23.0,0.0008162219310179353
13.0,24.0,0.0003010336367879063
13.0,25.0,0.0006581948255188763
13.0,26.0,0.001068699173629284
13.0,27.0,0.0011074560461565852
13.0,28.0,0.0012672136072069407
13.0,29.0,4.7142344556050375e-05
13.0,30.0,1.939306821441278e-05
13.0,31.0,1.065281253431749e-06
13.0,32.0,9.675933688413352e-05
13.0,33.0,7.907181134214625e-05
13.0,34.0,0.00020789816335309297
13.0,35.0,1.1027506843674928e-05
13.0,36.0,0.0002152377855964005
13.0,37.0,4.4973647163715214e-05
13.0,38.0,0.00010519538045627996
13.0,39.0,7.404933421639726e-05
13.0,40.0,3.3641485060798004e-05
13.0,41.0,0.0003086695505771786
13.0,42.0,1.7376160030835308e-05
13.0,43.0,8.673223783262074e-05
13.0,44.0,0.00039781336090527475
13.0,45.0,0.001391048775985837
13.0,46.0,0.0005429125740192831
13.0,47.0,0.0005710214609280229
13.0,48.0,0.00017770192062016577
13.0,49.0,0.0009522562031634152
13.0,50.0,4.217777313897386e-05
13.0,51.0,0.00016652267368044704
13.0,52.0,0.0006330059259198606
13.0,53.0,1.892290856631007e-05
13.0,54.0,2.2127693227957934e-05
13.0,55.0,0.0002171326632378623
13.0,56.0,1.9543356302165193e-06
13.0,57.0,1.317423811997287e-05
13.0,58.0,4.575904767989414e-06
13.0,59.0,3.887624643539311e-06
13.0,60.0,2.339918410143582e-06
13.0,61.0,6.181043090691674e-07
13.0,62.0,1.2485495517466916e-06
13.0,63.0,3.3517335396027192e-06
13.0,64.0,6.481049786088988e-05
13.0,65.0,1.0402462891079267e-07
13.0,66.0,7.320970052404618e-09
13.0,67.0,2.3758792266903583e-08
13.0,68.0,2.5144870630100513e-09
13.0,69.0,1.0068839984000988e-08
13.0,70.0,2.1259971560994018e-07
13.0,71.0,6.9210141090403354e-12
13.0,72.0,1.7840977761807153e-07
13.0,73.0,2.381209007751295e-09
13.0,74.0,2.192184389571139e-08
13.0,75.0,6.00916916226879e-09
13.0,76.0,1.3409611199222127e-07
13.0,77.0,5.8251107930284984e-12
13.0,78.0,1.0236168683508406e-11
13.0,79.0,3.806293058516985e-09
13.0,80.0,3.938483653792568e-12
13.0,81.0,9.919744886621729e-11
13.0,82.0,1.9662422801047796e-08
13.0,83.0,3.2160287766203055e-09
13.0,84.0,1.2153334338904642e-08
13.0,85.0,5.967393940098376e-11
13.0,86.0,3.808568038721205e-08
13.0,87.0,8.94013840735397e-09
13.0,88.0,2.928276232605498e-10
13.0,89.0,1.2980263086603827e-08
13.0,90.0,3.0852667975977965e-08
13.0,91.0,3.2092943857975342e-09
13.0,92.0,1.0817803968166118e-06
13.0,93.0,8.221420102927368e-06
13.0,94.0,5.416407322655914e-10
13.0,95.0,2.072362264016192e-07
13.0,96.0,1.6660064829920884e-06
13.0,97.0,9.411206036702424e-08
13.0,98.0,2.85414898826275e-07
13.0,99.0,4.249283236390511e-08
13.0,100.0,4.4306509849878495e-11
13.0,101.0,3.901213929680125e-08
13.0,102.0,1.4021760419424822e-09
13.0,103.0,6.042477185275175e-09
13.0,104.0,2.276247190735603e-09
13.0,105.0,4.1340271650369687e-08
13.0,106.0,1.2289869744108728e-07
13.0,107.0,4.948174705532438e-07
13.0,108.0,5.7754546105570626e-06
13.0,109.0,1.0818773716891883e-06
13.0,110.0,1.5453470041393302e-05
13.0,111.0,4.2139054130529985e-05
13.0,112.0,9.149406992037257e-07
13.0,113.0,2.608846261864528e-05
13.0,114.0,1.1261389772698749e-05
13.0,115.0,1.0849473255802877e-05
13.0,116.0,2.871511060220655e-05
13.0,117.0,3.42591738444753e-06
13.0,118.0,2.7999108169751707e-06
13.0,119.0,7.85562860983191e-06
13.0,120.0,1.0211573680862784e-05
13.0,121.0,1.4195910807757173e-05
13.0,122.0,4.365653148852289e-05
13.0,123.0,3.8427180697908625e-05
13.0,124.0,7.183320121839643e-05
13.0,125.0,2.053982825600542e-05
13.0,126.0,3.735101199708879e-05
13.0,127.0,2.7355203201295808e-05
13.0,128.0,1.753120704961475e-05
13.0,129.0,6.671629307675175e-06
13.0,130.0,1.0946878319373354e-05
13.0,131.0,2.785183596643037e-06
13.0,132.0,5.965057880530367e-06
13.0,133.0,4.8358833737438545e-06
13.0,134.0,3.2198163353314158e-06
13.0,135.0,1.7304408174823038e-05
13.0,136.0,7.64803189667873e-06
13.0,137.0,8.415245974902064e-05
13.0,138.0,4.4492375309346244e-05
13.0,139.0,3.065281271119602e-05
13.0,140.0,3.1679745006840676e-05
13.0,141.0,0.0008369878050871193
13.0,142.0,0.017845194786787033
13.0,143.0,0.0008541737915948033
13.0,144.0,0.02825683169066906
13.0,145.0,0.04342823475599289
13.0,146.0,0.0001462984218960628
13.0,147.0,0.00034414869151078165
13.0,148.0,0.0004676303651649505
13.0,149.0,1.5981942851794884e-05
13.0,150.0,1.5166112916631391e-06
13.0,151.0,4.9765381845645607e-05
13.0,152.0,5.829434940096689e-06
13.0,153.0,9.639078371037613e-07
13.0,154.0,1.374399562337203e-05
13.0,155.0,1.8474046328265104e-06
13.0,156.0,2.13269754567591e-06
13.0,157.0,9.578859135217499e-06
13.0,158.0,7.631593348378374e-07
13.0,159.0,8.022875022106746e-07
13.0,160.0,2.4395196760451654e-06
13.0,161.0,8.45015847517061e-07
13.0,162.0,1.6180539432752994e-06
13.0,163.0,3.4983681871381123e-06
13.0,164.0,8.989237585410592e-07
13.0,165.0,8.626558383184602e-07
13.0,166.0,1.3791188848699676e-06
13.0,167.0,1.2376110589684686e-06
13.0,168.0,6.442498943215469e-07
13.0,169.0,3.155796775899944e-06
13.0,170.0,2.6800155410455773e-06
13.0,171.0,9.88962437986629e-06
13.0,172.0,1.5267623894033022e-05
13.0,173.0,1.5508952856180258e-05
13.0,174.0,1.789121415640693e-05
13.0,175.0,7.064681994961575e-06
13.0,176.0,9.175892046187073e-06
13.0,177.0,8.64804405864561e-06
13.0,178.0,1.2475636140152346e-05
13.0,179.0,1.3258392755233217e-05
13.0,180.0,2.2343581804307178e-05
13.0,-179.0,2.9090017051203176e-05
13.0,-178.0,1.3898499673814513e-05
13.0,-177.0,1.6507430700585246e-05
13.0,-176.0,1.4645734154328238e-05
13.0,-175.0,6.467156254075235e-06
13.0,-174.0,2.4779149043752113e-06
13.0,-173.0,2.5875226583593758e-06
13.0,-172.0,7.844997526262887e-06
13.0,-171.0,6.124167612142628e-06
13.0,-170.0,9.229039278579876e-06
13.0,-169.0,1.9959243218181655e-05
13.0,-168.0,1.3191976904636249e-05
13.0,-167.0,3.20722465403378e-05
13.0,-166.0,9.818944818107411e-06
13.0,-165.0,3.3661061024758965e-05
13.0,-164.0,2.2947257093619555e-05
13.0,-163.0,3.896030466421507e-05
13.0,-162.0,4.448966137715615e-05
13.0,-161.0,2.7813728593173437e-05
13.0,-160.0,0.00011344285303493962
13.0,-159.0,0.0002163329190807417
13.0,-158.0,9.28565495996736e-05
13.0,-157.0,7.001062476774678e-05
13.0,-156.0,0.0002123545709764585
13.0,-155.0,0.00023118375975172967
13.0,-154.0,0.0003356707748025656
13.0,-153.0,0.00034983523073606193
13.0,-152.0,0.00035770153044722974
13.0,-151.0,0.0004560428496915847
13.0,-150.0,0.0007192271878011525
13.0,-149.0,0.0002647724759299308
13.0,-148.0,0.00046268029836937785
13.0,-147.0,0.0008295397856272757
13.0,-146.0,0.0004793632833752781
13.0,-145.0,0.0005499570397660136
13.0,-144.0,0.00043152368743903935
13.0,-143.0,0.00024615798611193895
13.0,-142.0,0.0008769442210905254
13.0,-141.0,0.0006391198839992285
13.0,-140.0,0.00018385240400675684
13.0,-139.0,0.0002558080595918
13.0,-138.0,8.465663267998025e-05
13.0,-137.0,1.7122671124525368e-05
13.0,-136.0,1.15612074296223e-05
13.0,-135.0,1.077946672012331e-05
13.0,-134.0,4.343106866144808e-06
13.0,-133.0,2.028862581937574e-06
13.0,-132.0,3.5563473375077592e-06
13.0,-131.0,1.64973266691959e-06
13.0,-130.0,5.930452289248933e-07
13.0,-129.0,5.332210548658622e-07
13.0,-128.0,5.285106681185425e-07
13.0,-127.0,1.4886691701576638e-07
13.0,-126.0,3.727787145635375e-07
13.0,-125.0,4.6197601477615535e-07
13.0,-124.0,8.159933031492983e-07
13.0,-123.0,7.173511676228372e-06
13.0,-122.0,1.778728619683534e-05
13.0,-121.0,1.9692920432134997e-06
13.0,-120.0,5.545470048673451e-05
13.0,-119.0,8.56012320582522e-06
13.0,-118.0,0.000499282730743289
13.0,-117.0,5.060078910901211e-05
13.0,-116.0,1.1689446182572283e-05
13.0,-115.0,3.223457679268904e-05
13.0,-114.0,7.528861169703305e-05
13.0,-113.0,1.1953841749345884e-05
13.0,-112.0,5.898138624615967e-06
13.0,-111.0,8.191063898266293e-06
13.0,-110.0,9.481584129389375e-05
13.0,-109.0,2.3290796889341436e-05
13.0,-108.0,1.871294625743758e-05
13.0,-107.0,7.544893833255628e-06
13.0,-106.0,5.3887815738562495e-05
13.0,-105.0,3.185258947269176e-06
13.0,-104.0,9.224120731232688e-06
13.0,-103.0,5.3864798246650025e-05
13.0,-102.0,7.009102773736231e-06
13.0,-101.0,7.620544784003869e-05
13.0,-100.0,6.867945194244385e-05
13.0,-99.0,2.9452289709297474e-06
13.0,-98.0,1.6643371054669842e-05
13.0,-97.0,4.04104903282132e-05
13.0,-96.0,0.0013811179669573903
13.0,-95.0,2.3222064555739053e-05
13.0,-94.0,2.190488885389641e-05
13.0,-93.0,0.0018237533513456583
13.0,-92.0,1.656042513786815e-05
13.0,-91.0,1.2268444152141456e-05
13.0,-90.0,0.00021455626119859517
13.0,-89.0,0.0002253035199828446
13.0,-88.0,6.22784937149845e-05
13.0,-87.0,0.00017116253729909658
13.0,-86.0,0.002898855833336711
13.0,-85.0,0.0004583850095514208
13.0,-84.0,0.00040557453758083284
13.0,-83.0,0.0005911723128519952
13.0,-82.0,0.00021301077504176646
13.0,-81.0,0.000192482621059753
13.0,-80.0,0.00017327429668512195
13.0,-79.0,2.6397083274787292e-05
13.0,-78.0,2.530637721065432e-05
13.0,-77.0,1.8362301489105448e-05
13.0,-76.0,4.734829872177215e-06
13.0,-75.0,1.3209916005507694e-06
13.0,-74.0,3.399950401217211e-06
13.0,-73.0,5.127442932462145e-07
13.0,-72.0,8.094015129245236e-07
13.0,-71.0,1.1076305099777528e-06
13.0,-70.0,1.0886150221267599e-06
13.0,-69.0,1.380894332214666e-06
13.0,-68.0,1.5297864592866972e-06
13.0,-67.0,8.439536145488091e-07
13.0,-66.0,1.4654206097475253e-06
13.0,-65.0,4.057838850712869e-06
13.0,-64.0,1.412495748809306e-06
13.0,-63.0,8.221641678574088e-07
13.0,-62.0,1.693950594017224e-06
13.0,-61.0,8.055058628997358e-07
13.0,-60.0,8.651909411128145e-07
13.0,-59.0,6.732809083587199e-07
13.0,-58.0,1.410336608387297e-06
13.0,-57.0,9.250180141862074e-07
13.0,-56.0,9.888462955132127e-07
13.0,-55.0,5.509050424734596e-06
13.0,-54.0,2.866606791940285e-06
13.0,-53.0,3.059491064050235e-06
13.0,-52.0,2.900380650316947e-06
13.0,-51.0,4.246843218425056e-06
13.0,-50.0,2.792702389342594e-06
13.0,-49.0,1.1857073332066648e-05
13.0,-48.0,2.826870058925124e-06
13.0,-47.0,3.9596875467395876e-06
13.0,-46.0,6.6809129748435225e-06
13.0,-45.0,8.184591024473775e-06
13.0,-44.0,9.255058103008196e-06
13.0,-43.0,1.2007953955617268e-05
13.0,-42.0,3.931980245397426e-06
13.0,-41.0,5.804128250019858e-06
13.0,-40.0,3.710146302182693e-06
13.0,-39.0,1.849162003964011e-06
13.0,-38.0,4.673374860431068e-06
13.0,-37.0,4.579602318699472e-06
13.0,-36.0,3.771732735913247e-06
13.0,-35.0,9.142848284682259e-06
13.0,-34.0,6.3903671616571955e-06
13.0,-33.0,1.8064563846564852e-05
13.0,-32.0,2.1539928638958372e-05
13.0,-31.0,5.3690848289988935e-05
13.0,-30.0,2.1778494556201622e-05
13.0,-29.0,3.423125599510968e-05
13.0,-28.0,0.00022639746021013707
13.0,-27.0,5.5178919865284115e-05
13.0,-26.0,2.931080962298438e-05
13.0,-25.0,4.122336395084858e-05
13.0,-24.0,0.0004170584725216031
13.0,-23.0,7.479100167984143e-05
13.0,-22.0,0.00014195230323821306
13.0,-21.0,0.010182429105043411
13.0,-20.0,0.0013320297002792358
13.0,-19.0,0.0001285957987420261
13.0,-18.0,0.0034821052104234695
13.0,-17.0,8.067692397162318e-05
13.0,-16.0,7.212367927422747e-05
13.0,-15.0,0.021027401089668274
13.0,-14.0,0.0009658796479925513
13.0,-13.0,0.00012099399464204907
13.0,-12.0,0.21013900637626648
13.0,-11.0,0.009572970680892467
13.0,-10.0,0.00390780670568347
13.0,-9.0,0.036963123828172684
13.0,-8.0,0.00015035666001494974
13.0,-7.0,0.02009906992316246
13.0,-6.0,0.008527325466275215
13.0,-5.0,0.005027536302804947
13.0,-4.0,0.036112230271101
13.0,-3.0,0.0022574563045054674
13.0,-2.0,0.017334572970867157
13.0,-1.0,0.0043994467705488205
14.0,0.0,0.3062979578971863
14.0,1.0,0.010527635924518108
14.0,2.0,0.1198018491268158
14.0,3.0,0.0009232048178091645
14.0,4.0,0.001807302120141685
14.0,5.0,0.437927782535553
14.0,6.0,0.017518147826194763
14.0,7.0,0.003279547207057476
14.0,8.0,0.021930614486336708
14.0,9.0,0.004736571107059717
14.0,10.0,0.019931569695472717
14.0,11.0,0.00010766654304461554
14.0,12.0,0.0038622093852609396
14.0,13.0,0.0006734433700330555
14.0,14.0,0.0001327384525211528
14.0,15.0,0.00034460489405319095
14.0,16.0,2.446477628836874e-05
14.0,17.0,8.996862561616581e-06
14.0,18.0,3.6797180655412376e-05
14.0,19.0,5.0874594307970256e-05
14.0,20.0,7.78667235863395e-05
14.0,21.0,6.127431697677821e-05
14.0,22.0,0.0001490550785092637
14.0,23.0,0.000701121287420392
14.0,24.0,0.00011321927013341337
14.0,25.0,0.0008343990193679929
14.0,26.0,0.0003226382250431925
14.0,27.0,0.0014430060982704163
14.0,28.0,0.0005103299045003951
14.0,29.0,0.00015412451466545463
14.0,30.0,3.521737380651757e-05
14.0,31.0,1.2754711860907264e-05
14.0,32.0,4.3747135350713506e-05
14.0,33.0,0.00012806507584173232
14.0,34.0,1.5493873434024863e-05
14.0,35.0,7.67139317758847e-06
14.0,36.0,0.00021884634043090045
14.0,37.0,1.521079866506625e-05
14.0,38.0,7.09322266629897e-05
14.0,39.0,1.4398711755347904e-05
14.0,40.0,8.367378177354112e-05
14.0,41.0,0.0009024693863466382
14.0,42.0,0.00014153045776765794
14.0,43.0,0.000151602944242768
14.0,44.0,0.00025993972667492926
14.0,45.0,7.794451084919274e-05
14.0,46.0,0.00016528846754226834
14.0,47.0,0.00026807640097104013
14.0,48.0,0.00014769192785024643
14.0,49.0,2.127670632035006e-05
14.0,50.0,0.00013758560817223042
14.0,51.0,6.642876087425975e-06
14.0,52.0,0.0001132444231188856
14.0,53.0,0.0007340214215219021
14.0,54.0,4.257216005498776e-06
14.0,55.0,1.9404500562814064e-05
14.0,56.0,1.6849538724272861e-06
14.0,57.0,0.00014883096446283162
14.0,58.0,5.3942167141940445e-05
14.0,59.0,8.371323929168284e-06
14.0,60.0,0.00031765864696353674
14.0,61.0,1.935415411935537e-06
14.0,62.0,0.00024450611090287566
14.0,63.0,0.00015928053471725434
14.0,64.0,6.056053507563774e-07
14.0,65.0,5.9903015880991e-08
14.0,66.0,1.0179944638366578e-06
14.0,67.0,1.1077220252175835e-09
14.0,68.0,5.052572049635273e-08
14.0,69.0,3.5094789296863382e-09
14.0,70.0,3.178431684514038e-10
14.0,71.0,2.1326094223894643e-09
14.0,72.0,4.57069804227217e-09
14.0,73.0,4.0505256483983065e-13
14.0,74.0,1.139014993434273e-10
14.0,75.0,3.478004551027425e-10
14.0,76.0,2.5859831637164987e-11
14.0,77.0,4.9692919917854184e-11
14.0,78.0,9.883041940383919e-09
14.0,79.0,3.0105765103094484e-10
14.0,80.0,8.658916250681159e-09
14.0,81.0,1.0083066115385009e-07
14.0,82.0,1.3081686844884644e-09
14.0,83.0,1.313571196259744e-10
14.0,84.0,4.26286006494081e-10
14.0,85.0,5.18828424667106e-10
14.0,86.0,1.7822757159002833e-10
14.0,87.0,8.818445279556997e-11
14.0,88.0,9.152386626354314e-10
14.0,89.0,1.9839243581287747e-09
14.0,90.0,5.101620104142057e-08
14.0,91.0,7.99883395075085e-08
14.0,92.0,1.952827677342839e-09
14.0,93.0,1.1339956529354822e-08
14.0,94.0,9.796074209589278e-07
14.0,95.0,1.6089889243176003e-07
14.0,96.0,4.081720561543989e-08
14.0,97.0,1.2815938816856942e-06
14.0,98.0,1.1042801872918062e-07
14.0,99.0,1.4241328116781915e-08
14.0,100.0,2.0993864424667663e-09
14.0,101.0,9.304777781604656e-11
14.0,102.0,1.4960394034702063e-10
14.0,103.0,5.681824108427769e-11
14.0,104.0,5.128899475265181e-12
14.0,105.0,9.015244728516336e-08
14.0,106.0,1.7920920925007522e-07
14.0,107.0,7.414154623575087e-08
14.0,108.0,4.278808319213567e-06
14.0,109.0,1.258710017282283e-05
14.0,110.0,4.804867330676643e-07
14.0,111.0,4.5953956941957586e-06
14.0,112.0,1.7085199033317622e-06
14.0,113.0,4.2776929376486805e-07
14.0,114.0,1.2590822734637186e-05
14.0,115.0,8.625162990938406e-06
14.0,116.0,9.806684829527512e-06
14.0,117.0,2.8378176466503646e-06
14.0,118.0,7.577579026474268e-07
14.0,119.0,5.712166057492141e-06
14.0,120.0,4.965774223819608e-06
14.0,121.0,2.0613176729966654e-06
14.0,122.0,7.0160181167011615e-06
14.0,123.0,5.731288911192678e-05
14.0,124.0,2.188837061112281e-05
14.0,125.0,2.3320868422160856e-05
14.0,126.0,1.7133728761109523e-05
14.0,127.0,3.9285900129470974e-05
14.0,128.0,2.369136200286448e-05
14.0,129.0,3.5684381145983934e-05
14.0,130.0,5.716758096241392e-05
14.0,131.0,1.7632462913752533e-05
14.0,132.0,8.774782327236608e-05
14.0,133.0,0.0004435882729012519
14.0,134.0,0.0007779347361065447
14.0,135.0,0.00012489048822317272
14.0,136.0,0.00032472179736942053
14.0,137.0,6.492512329714373e-05
14.0,138.0,3.7344350857893005e-05
14.0,139.0,1.1286807421129197e-05
14.0,140.0,8.411939234065358e-06
14.0,141.0,0.0020476749632507563
14.0,142.0,0.006597199011594057
14.0,143.0,0.0013232637429609895
14.0,144.0,0.0004710980283562094
14.0,145.0,1.0618320629873779e-05
14.0,146.0,4.621880634658737e-06
14.0,147.0,1.1033934242732357e-05
14.0,148.0,1.020827312459005e-06
14.0,149.0,2.842742105713114e-06
14.0,150.0,1.2340517514530802e-06
14.0,151.0,1.1205496264210524e-07
14.0,152.0,8.00975612946786e-07
14.0,153.0,4.411021109262947e-06
14.0,154.0,3.198419449290668e-07
14.0,155.0,1.8156215446651913e-06
14.0,156.0,5.389451416704105e-06
14.0,157.0,1.175616148429981e-06
14.0,158.0,1.3927152622272843e-06
14.0,159.0,2.642711706357659e-06
14.0,160.0,4.802658963853901e-07
14.0,161.0,2.6155826162721496e-06
14.0,162.0,3.959011337428819e-06
14.0,163.0,1.8915897044280428e-06
14.0,164.0,4.057718797412235e-06
14.0,165.0,2.846759798558196e-06
14.0,166.0,2.560222355896258e-06
14.0,167.0,2.0835661871387856e-06
14.0,168.0,9.253806751985394e-07
14.0,169.0,1.5381117464130512e-06
14.0,170.0,1.5550451735180104e-06
14.0,171.0,1.8976644469148596e-06
14.0,172.0,4.24531663156813e-06
14.0,173.0,2.9489333428500686e-06
14.0,174.0,3.261780648244894e-06
14.0,175.0,4.767325663124211e-06
14.0,176.0,3.9698811633570585e-06
14.0,177.0,9.878887794911861e-06
14.0,178.0,6.566154752363218e-06
14.0,179.0,6.49964158583316e-06
14.0,180.0,8.120099664665759e-06
14.0,-179.0,6.026588835084112e-06
14.0,-178.0,7.766411727061495e-06
14.0,-177.0,2.6442510716151446e-05
14.0,-176.0,1.4410526091523934e-05
14.0,-175.0,4.200453531666426e-06
14.0,-174.0,5.5052637435437646e-06
14.0,-173.0,3.9727292460156605e-06
14.0,-172.0,9.950711501005571e-06
14.0,-171.0,2.1368088710005395e-05
14.0,-170.0,3.3373391488566995e-05
14.0,-169.0,6.0320722695905715e-05
14.0,-168.0,3.240226942580193e-05
14.0,-167.0,2.6142979550058953e-05
14.0,-166.0,6.683095125481486e-05
14.0,-165.0,2.2316600734484382e-05
14.0,-164.0,2.1437363102450036e-05
14.0,-163.0,8.68874485604465e-05
14.0,-162.0,9.22057224670425e-05
14.0,-161.0,9.109970415011048e-05
14.0,-160.0,2.9627472031279467e-05
14.0,-159.0,3.587621540646069e-05
14.0,-158.0,5.36517400178127e-05
14.0,-157.0,0.00033924434683285654
14.0,-156.0,0.0006179593619890511
14.0,-155.0,7.701101276325062e-05
14.0,-154.0,0.000397658470319584
14.0,-153.0,0.0009062823955900967
14.0,-152.0,0.00030081559089012444
14.0,-151.0,0.000785870652180165
14.0,-150.0,0.0015590139664709568
14.0,-149.0,0.0004346596833784133
14.0,-148.0,0.0009847460314631462
14.0,-147.0,0.0032827910035848618
14.0,-146.0,0.0007264760788530111
14.0,-145.0,0.0007613181951455772
14.0,-144.0,0.0007596455980092287
14.0,-143.0,0.00031811202643439174
14.0,-142.0,0.00022454500140156597
14.0,-141.0,0.0030137584544718266
14.0,-140.0,0.000903157633729279
14.0,-139.0,0.00021054051467217505
14.0,-138.0,0.00044128423905931413
14.0,-137.0,2.3133494323701598e-05
14.0,-136.0,9.181642781186383e-06
14.0,-135.0,2.5836565328063443e-05
14.0,-134.0,4.528433237283025e-06
14.0,-133.0,2.4878813746909145e-06
14.0,-132.0,5.498563950823154e-06
14.0,-131.0,2.3650884486414725e-06
14.0,-130.0,1.3867419283997151e-06
14.0,-129.0,3.446289838393568e-06
14.0,-128.0,2.4872836092981743e-06
14.0,-127.0,1.8639941572473617e-06
14.0,-126.0,8.291522135550622e-06
14.0,-125.0,5.324204721546266e-06
14.0,-124.0,1.237217838934157e-05
14.0,-123.0,0.00024812977062538266
14.0,-122.0,6.737344847351778e-06
14.0,-121.0,7.753600584692322e-06
14.0,-120.0,4.390030153444968e-05
14.0,-119.0,4.1164998947351705e-06
14.0,-118.0,0.0022596784401685
14.0,-117.0,2.2350561721395934e-06
14.0,-116.0,3.285562706878409e-05
14.0,-115.0,4.883849760517478e-05
14.0,-114.0,3.1104555091587827e-05
14.0,-113.0,1.486392164906647e-07
14.0,-112.0,4.896145128441276e-06
14.0,-111.0,1.7325130841072678e-07
14.0,-110.0,1.625550538619791e-07
14.0,-109.0,8.580577173233905e-07
14.0,-108.0,3.812620263943245e-07
14.0,-107.0,3.822775056505634e-07
14.0,-106.0,4.1358816815773025e-05
14.0,-105.0,5.720408466913796e-07
14.0,-104.0,2.4075271198853443e-07
14.0,-103.0,3.090452082687989e-06
14.0,-102.0,5.161151648280793e-07
14.0,-101.0,9.811361678657704e-07
14.0,-100.0,2.5769088551896857e-06
14.0,-99.0,1.700681787042413e-05
14.0,-98.0,1.3445110198517796e-05
14.0,-97.0,2.213059360656189e-06
14.0,-96.0,6.56489355606027e-05
14.0,-95.0,6.320990360109136e-05
14.0,-94.0,9.57565816861461e-07
14.0,-93.0,3.607058897614479e-05
14.0,-92.0,0.0006905154441483319
14.0,-91.0,3.623732482083142e-05
14.0,-90.0,7.157617073971778e-05
14.0,-89.0,8.743210491957143e-05
14.0,-88.0,0.0002821801172103733
14.0,-87.0,7.075387838995084e-05
14.0,-86.0,0.00037914144922979176
14.0,-85.0,0.0007963823154568672
14.0,-84.0,0.00018025352619588375
14.0,-83.0,0.0003632661246228963
14.0,-82.0,0.0004841148038394749
14.0,-81.0,0.00020646184566430748
14.0,-80.0,0.00014225784980226308
14.0,-79.0,7.658128015464172e-05
14.0,-78.0,9.397305802849587e-06
14.0,-77.0,1.598127346369438e-05
14.0,-76.0,4.708968390332302e-06
14.0,-75.0,8.967267035586701e-07
14.0,-74.0,2.579497959231958e-06
14.0,-73.0,1.1176950920344098e-06
14.0,-72.0,4.354265570327698e-07
14.0,-71.0,1.2982711723452667e-06
14.0,-70.0,2.037885678873863e-06
14.0,-69.0,1.0900216693698894e-06
14.0,-68.0,1.6912532601054409e-06
14.0,-67.0,1.3927883628639393e-06
14.0,-66.0,2.7325459086569026e-06
14.0,-65.0,2.2180711312103085e-06
14.0,-64.0,7.172939149313606e-07
14.0,-63.0,1.0300560688847327e-06
14.0,-62.0,6.019518536959367e-07
14.0,-61.0,4.081873044015083e-07
14.0,-60.0,2.5822615157267137e-07
14.0,-59.0,2.0908342435177474e-07
14.0,-58.0,1.5278517366823507e-06
14.0,-57.0,8.48739887260308e-07
14.0,-56.0,1.151500782725634e-06
14.0,-55.0,2.2458571038441733e-06
14.0,-54.0,2.5801400624914095e-06
14.0,-53.0,4.668821929953992e-06
14.0,-52.0,7.917255061329342e-06
14.0,-51.0,2.8277625006012386e-06
14.0,-50.0,1.5182060451479629e-05
14.0,-49.0,1.3574241165770218e-05
14.0,-48.0,6.9984630499675404e-06
14.0,-47.0,1.3853454220225103e-05
14.0,-46.0,2.0461742678890005e-05
14.0,-45.0,1.1193741556780878e-05
14.0,-44.0,1.4458705663855653e-05
14.0,-43.0,1.3567367204814218e-05
14.0,-42.0,7.23124230717076e-06
14.0,-41.0,8.032727237150539e-06
14.0,-40.0,1.0877623026317451e-05
14.0,-39.0,1.1018098120985087e-05
14.0,-38.0,8.552404324291274e-06
14.0,-37.0,1.9011560652870685e-05
14.0,-36.0,2.427122126391623e-05
14.0,-35.0,2.651462818903383e-05
14.0,-34.0,3.073412517551333e-05
14.0,-33.0,2.5462006306042895e-05
14.0,-32.0,4.9243684770772234e-05
14.0,-31.0,4.174540299572982e-05
14.0,-30.0,6.864284659968689e-05
14.0,-29.0,0.00014367121912073344
14.0,-28.0,6.491806561825797e-05
14.0,-27.0,0.0001365024218102917
14.0,-26.0,3.251038606322254e-06
14.0,-25.0,0.0010479249758645892
14.0,-24.0,0.001364376861602068
14.0,-23.0,5.196859092393424e-06
14.0,-22.0,5.6870812841225415e-06
14.0,-21.0,0.009528202936053276
14.0,-20.0,0.0009551238617859781
14.0,-19.0,8.80430616234662e-06
14.0,-18.0,0.0008883600821718574
14.0,-17.0,0.0004798789450433105
14.0,-16.0,5.133415834279731e-05
14.0,-15.0,0.0019023980712518096
14.0,-14.0,0.0007406626245938241
14.0,-13.0,4.951133632857818e-06
14.0,-12.0,0.0030077542178332806
14.0,-11.0,0.0016335035907104611
14.0,-10.0,0.0006969652604311705
14.0,-9.0,0.0072723617777228355
14.0,-8.0,0.6334244012832642
14.0,-7.0,0.004827622789889574
14.0,-6.0,0.18031296133995056
14.0,-5.0,0.4249804615974426
14.0,-4.0,0.0020081689581274986
14.0,-3.0,0.0506119541823864
14.0,-2.0,0.0952814519405365
14.0,-1.0,0.07222142815589905
15.0,0.0,0.009318376891314983
15.0,1.0,0.008257683366537094
15.0,2.0,0.0005928461323492229
15.0,3.0,0.0011648301733657718
15.0,4.0,0.008472803980112076
15.0,5.0,0.008411605842411518
15.0,6.0,0.003144696354866028
15.0,7.0,0.0694471076130867
15.0,8.0,0.007320335600525141
15.0,9.0,0.0023970259353518486
15.0,10.0,0.0065663643181324005
15.0,11.0,0.00020794812007807195
15.0,12.0,0.00025563372764736414
15.0,13.0,0.0016527135157957673
15.0,14.0,4.224584699841216e-05
15.0,15.0,0.0024296422488987446
15.0,16.0,0.0008024796261452138
15.0,17.0,2.82736564258812e-05
15.0,18.0,0.00037408777279779315
15.0,19.0,4.3287403968861327e-05
15.0,20.0,8.534763765055686e-06
15.0,21.0,3.0491208235616796e-05
15.0,22.0,9.343163583253045e-06
15.0,23.0,1.3186730939196423e-05
15.0,24.0,2.6397361580166034e-05
15.0,25.0,5.7713419664651155e-05
15.0,26.0,4.609279130818322e-05
15.0,27.0,6.18346020928584e-05
15.0,28.0,4.8833651817403734e-05
15.0,29.0,0.0006406386382877827
15.0,30.0,4.822927621717099e-06
15.0,31.0,4.674803130910732e-05
15.0,32.0,2.988485175592359e-05
15.0,33.0,3.918354650522815e-06
15.0,34.0,2.3859574866946787e-05
15.0,35.0,2.8184147595311515e-05
15.0,36.0,3.443418609094806e-05
15.0,37.0,9.141062037087977e-05
15.0,38.0,0.00011388245911803097
15.0,39.0,0.00010646307055139914
15.0,40.0,0.0015397949609905481
15.0,41.0,0.00029193508089520037
15.0,42.0,0.00012884287571068853
15.0,43.0,0.0007741384906694293
15.0,44.0,7.236273813759908e-05
15.0,45.0,0.00022870022803544998
15.0,46.0,7.928722334327176e-05
15.0,47.0,5.663430056301877e-05
15.0,48.0,1.147016700997483e-05
15.0,49.0,1.0510419997444842e-05
15.0,50.0,0.0017267771763727069
15.0,51.0,0.0001582597178639844
15.0,52.0,1.4376730177900754e-05
15.0,53.0,2.5054170691873878e-05
15.0,54.0,5.3731523621536326e-06
15.0,55.0,2.7421150662121363e-05
15.0,56.0,3.345659206388518e-05
15.0,57.0,0.01053094957023859
15.0,58.0,0.0001721061853459105
15.0,59.0,1.1822105079772882e-05
15.0,60.0,9.189325282932259e-06
15.0,61.0,0.0006830706261098385
15.0,62.0,0.00012007830082438886
15.0,63.0,1.3158454748918302e-05
15.0,64.0,2.217446490249131e-05
15.0,65.0,6.060963642084971e-06
15.0,66.0,4.682083540319404e-11
15.0,67.0,4.007753773294098e-08
15.0,68.0,4.4975127622137734e-08
15.0,69.0,1.0716640075347783e-10
15.0,70.0,9.989245874919561e-09
15.0,71.0,7.139322377724966e-08
15.0,72.0,1.906317326216822e-09
15.0,73.0,2.1313843745485173e-10
15.0,74.0,4.589550073319515e-09
15.0,75.0,1.6146467274325005e-08
15.0,76.0,6.148619391410648e-10
15.0,77.0,2.980763635918038e-09
15.0,78.0,3.9370270599192736e-08
15.0,79.0,1.296476703771532e-09
15.0,80.0,9.0907503746962e-09
15.0,81.0,7.509463273436268e-09
15.0,82.0,1.9782138427348883e-10
15.0,83.0,5.523025925491254e-10
15.0,84.0,1.920833625490559e-08
15.0,85.0,1.7475441094205735e-09
15.0,86.0,3.4538967241815044e-09
15.0,87.0,5.775920630668452e-09
15.0,88.0,4.449288582009103e-08
15.0,89.0,3.9774135096593e-09
15.0,90.0,2.2816548153059557e-06
15.0,91.0,2.3013113604974933e-05
15.0,92.0,5.201417607736403e-08
15.0,93.0,2.2009287192759075e-07
15.0,94.0,1.5020422324596439e-05
15.0,95.0,1.3000800436202553e-06
15.0,96.0,1.761089123419879e-07
15.0,97.0,9.524281381345645e-07
15.0,98.0,2.005290753004374e-06
15.0,99.0,1.3356745398596104e-07
15.0,100.0,2.230462285979229e-07
15.0,101.0,1.4069821974160845e-09
15.0,102.0,1.192278081818543e-10
15.0,103.0,1.0728589128206067e-09
15.0,104.0,3.2045908149314073e-09
15.0,105.0,1.6260389656963525e-07
15.0,106.0,3.1840834253671346e-06
15.0,107.0,1.4315220141725149e-05
15.0,108.0,0.0004973257891833782
15.0,109.0,0.00027694046730175614
15.0,110.0,0.00017909488815348595
15.0,111.0,2.8558778808474017e-07
15.0,112.0,1.1344779977662256e-06
15.0,113.0,4.835113486478804e-06
15.0,114.0,1.6847441656864248e-05
15.0,115.0,2.5962704967241734e-05
15.0,116.0,4.906284812022932e-05
15.0,117.0,1.903915654111188e-05
15.0,118.0,3.125408693449572e-05
15.0,119.0,1.4974567420722451e-05
15.0,120.0,3.019740461240872e-06
15.0,121.0,4.304236426833086e-06
15.0,122.0,8.79465642356081e-06
15.0,123.0,2.01911120711884e-06
15.0,124.0,1.624670289857022e-06
15.0,125.0,6.443626716645667e-06
15.0,126.0,7.061745691316901e-06
15.0,127.0,7.73776355345035e-06
15.0,128.0,6.420421414077282e-06
15.0,129.0,9.179479820886627e-05
15.0,130.0,2.638387195474934e-05
15.0,131.0,8.182329474948347e-05
15.0,132.0,0.0007777513237670064
15.0,133.0,0.000440555828390643
15.0,134.0,0.00019281455024611205
15.0,135.0,4.364288179203868e-05
15.0,136.0,2.25806452363031e-05
15.0,137.0,8.342633918800857e-06
15.0,138.0,6.198224582476541e-05
15.0,139.0,6.203624252520967e-06
15.0,140.0,2.1427708816190716e-06
15.0,141.0,3.788792355408077e-06
15.0,142.0,5.549397883441998e-07
15.0,143.0,1.3677851029569865e-06
15.0,144.0,1.25623841995548e-07
15.0,145.0,1.2867481302691886e-07
15.0,146.0,2.933848008979112e-07
15.0,147.0,3.27383595788433e-08
15.0,148.0,4.0391728362010326e-07
15.0,149.0,3.773056732825353e-06
15.0,150.0,9.649278354117996e-07
15.0,151.0,4.935958486385061e-07
15.0,152.0,1.6403276958953938e-07
15.0,153.0,7.534401902375976e-08
15.0,154.0,7.339322678490134e-07
15.0,155.0,4.4143104105387465e-07
15.0,156.0,1.5762863085910794e-06
15.0,157.0,9.725478093969286e-07
15.0,158.0,4.137206701670948e-07
15.0,159.0,7.683332228225481e-07
15.0,160.0,1.0416446230010479e-06
15.0,161.0,5.522836659110908e-07
15.0,162.0,3.6735127650899813e-06
15.0,163.0,3.2768648452474736e-06
15.0,164.0,5.906999263061152e-07
15.0,165.0,4.234746484144125e-06
15.0,166.0,5.115592102811206e-06
15.0,167.0,7.25173492810427e-07
15.0,168.0,1.5333446299337083e-06
15.0,169.0,2.781064267765032e-06
15.0,170.0,1.2912206557302852e-06
15.0,171.0,1.698189976195863e-06
15.0,172.0,1.3220250139056589e-06
15.0,173.0,1.0012250868385308e-06
15.0,174.0,1.664348587837594e-06
15.0,175.0,2.78302786682616e-06
15.0,176.0,4.123651251575211e-06
15.0,177.0,1.1589418136281893e-06
15.0,178.0,4.330567207944114e-06
15.0,179.0,2.1254254534142092e-05
15.0,180.0,9.47370153880911e-06
15.0,-179.0,9.01792554941494e-06
15.0,-178.0,2.9480474950105418e-06
15.0,-177.0,9.630206477595493e-06
15.0,-176.0,5.263892489892896e-06
15.0,-175.0,2.4732687506912043e-06
15.0,-174.0,1.3916411489844904e-06
15.0,-173.0,2.4030662189034047e-06
15.0,-172.0,1.5180291939032031e-06
15.0,-171.0,2.2226342935027787e-06
15.0,-170.0,6.264508556341752e-06
15.0,-169.0,3.8279767977655865e-06
15.0,-168.0,7.699464731558692e-06
15.0,-167.0,9.493119250691961e-06
15.0,-166.0,1.0750915862445254e-05
15.0,-165.0,5.084338226879481e-06
15.0,-164.0,1.6342615708708763e-05
15.0,-163.0,2.259081338706892e-05
15.0,-162.0,5.072809653938748e-05
15.0,-161.0,5.3796837164554745e-05
15.0,-160.0,3.302922414150089e-05
15.0,-159.0,9.878146374830976e-05
15.0,-158.0,6.84406841173768e-05
15.0,-157.0,0.0001352748367935419
15.0,-156.0,8.822069503366947e-05
15.0,-155.0,4.502063529798761e-05
15.0,-154.0,0.00027866894379258156
15.0,-153.0,0.0003869432839564979
15.0,-152.0,6.489318911917508e-05
15.0,-151.0,0.00012003765004919842
15.0,-150.0,0.0004930049763061106
15.0,-149.0,0.00028620363445952535
15.0,-148.0,0.000722003635019064
15.0,-147.0,0.0005214264965616167
15.0,-146.0,0.0006056579877622426
15.0,-145.0,0.00013478608161676675
15.0,-144.0,0.00021711400768253952
15.0,-143.0,0.00031182108796201646
15.0,-142.0,0.00139691645745188
15.0,-141.0,0.003507189452648163
15.0,-140.0,0.001507040229626
15.0,-139.0,0.0010245747398585081
15.0,-138.0,0.0003588113759178668
15.0,-137.0,0.00019585613335948437
15.0,-136.0,1.2882947885373142e-05
15.0,-135.0,1.4181988262862433e-05
15.0,-134.0,1.916291512316093e-05
15.0,-133.0,4.044482921017334e-06
15.0,-132.0,5.343564680515556e-06
15.0,-131.0,1.1416148481657729e-05
15.0,-130.0,1.2839186638302635e-05
15.0,-129.0,5.284081453282852e-06
15.0,-128.0,8.108106158033479e-06
15.0,-127.0,2.316352038178593e-05
15.0,-126.0,6.37946359347552e-05
15.0,-125.0,0.00023407867411151528
15.0,-124.0,0.000161277232109569
15.0,-123.0,0.00010917264444287866
15.0,-122.0,4.2667234083637595e-05
15.0,-121.0,0.00031577268964610994
15.0,-120.0,2.3963011699379422e-05
15.0,-119.0,7.563395047327504e-05
15.0,-118.0,4.2667397792683914e-05
15.0,-117.0,9.709578080219217e-06
15.0,-116.0,0.00017447976279072464
15.0,-115.0,9.236737969331443e-05
15.0,-114.0,5.024385973229073e-05
15.0,-113.0,1.2453657291189302e-05
15.0,-112.0,1.3784941188532684e-07
15.0,-111.0,6.129427561063494e-07
15.0,-110.0,3.913856562576257e-05
15.0,-109.0,0.00012098927982151508
15.0,-108.0,1.7385097805799887e-07
15.0,-107.0,5.979930210742168e-05
15.0,-106.0,1.6080599380075e-05
15.0,-105.0,1.1091056251189002e-07
15.0,-104.0,1.043041811499279e-05
15.0,-103.0,2.1229288904578425e-06
15.0,-102.0,3.1211115469886863e-07
15.0,-101.0,6.473261464634561e-07
15.0,-100.0,1.997514800677891e-06
15.0,-99.0,2.574203961103194e-07
15.0,-98.0,1.6672252968419343e-05
15.0,-97.0,0.0009768527233973145
15.0,-96.0,3.3157673897221684e-05
15.0,-95.0,1.957757149284589e-06
15.0,-94.0,0.00020717430743388832
15.0,-93.0,1.0038332220574375e-05
15.0,-92.0,7.961935807543341e-06
15.0,-91.0,0.000184925040230155
15.0,-90.0,1.607567901373841e-05
15.0,-89.0,6.046077760402113e-05
15.0,-88.0,0.0006327480659820139
15.0,-87.0,6.484870391432196e-05
15.0,-86.0,6.681425293209031e-05
15.0,-85.0,0.001254184520803392
15.0,-84.0,0.00031991556170396507
15.0,-83.0,0.00015498769062105566
15.0,-82.0,0.0009568166569806635
15.0,-81.0,0.0004301386361476034
15.0,-80.0,0.00014898402150720358
15.0,-79.0,0.00011378554336261004
15.0,-78.0,1.997883737203665e-05
15.0,-77.0,1.0650652257027104e-05
15.0,-76.0,2.0066797787876567e-06
15.0,-75.0,2.855531420209445e-06
15.0,-74.0,7.561675374745391e-07
15.0,-73.0,3.1280873713512847e-07
15.0,-72.0,1.787909553740974e-07
15.0,-71.0,1.3720293168262288e-07
15.0,-70.0,5.550938908527314e-07
15.0,-69.0,7.798925594215689e-07
15.0,-68.0,7.154773129514069e-07
15.0,-67.0,1.1414214213800733e-06
15.0,-66.0,2.0265422335796757e-06
15.0,-65.0,9.933472711054492e-07
15.0,-64.0,5.284754251988488e-07
15.0,-63.0,8.798161275080929e-07
15.0,-62.0,1.9075478121521883e-06
15.0,-61.0,1.1162188684465946e-06
15.0,-60.0,6.724242780364875e-07
15.0,-59.0,7.137367106224701e-07
15.0,-58.0,2.2244623778533423e-06
15.0,-57.0,5.171915745449951e-06
15.0,-56.0,2.5650074348959606e-06
15.0,-55.0,3.981163899879903e-06
15.0,-54.0,1.768951005942654e-05
15.0,-53.0,1.219995738210855e-05
15.0,-52.0,3.3134399473055964e-06
15.0,-51.0,1.600937139301095e-05
15.0,-50.0,7.595799161208561e-06
15.0,-49.0,5.246557066129753e-06
15.0,-48.0,9.971838153433055e-06
15.0,-47.0,1.3265703273646068e-05
15.0,-46.0,1.08703634396079e-05
15.0,-45.0,1.3684826626558788e-05
15.0,-44.0,1.2141539627918974e-05
15.0,-43.0,1.6449630493298173e-05
15.0,-42.0,1.968657124962192e-05
15.0,-41.0,2.2653312043985352e-05
15.0,-40.0,2.0183151718811132e-05
15.0,-39.0,9.034323738887906e-06
15.0,-38.0,1.962342139449902e-05
15.0,-37.0,4.3343585275579244e-05
15.0,-36.0,5.037617665948346e-05
15.0,-35.0,0.0001196128359879367
15.0,-34.0,0.00027783779660239816
15.0,-33.0,0.00032339731114916503
15.0,-32.0,0.0005422823596745729
15.0,-31.0,0.0003821997088380158
15.0,-30.0,0.0001332994579570368
15.0,-29.0,0.00013254985969979316
15.0,-28.0,0.00031369298812933266
15.0,-27.0,4.951340815750882e-05
15.0,-26.0,0.0005042270640842617
15.0,-25.0,0.00017834237951319665
15.0,-24.0,0.0009081712923943996
15.0,-23.0,0.00034224760020151734
15.0,-22.0,7.356397691182792e-05
15.0,-21.0,1.2674803656409495e-05
15.0,-20.0,2.1349123926484026e-05
15.0,-19.0,0.0009777052327990532
15.0,-18.0,0.00011115082452306524
15.0,-17.0,9.772668272489682e-05
15.0,-16.0,0.007512983866035938
15.0,-15.0,0.0072895437479019165
15.0,-14.0,0.001103983260691166
15.0,-13.0,0.00018103067122865468
15.0,-12.0,3.481416206341237e-05
15.0,-11.0,0.00021393323550000787
15.0,-10.0,0.0004546230484265834
15.0,-9.0,0.008501553907990456
15.0,-8.0,0.002208583289757371
15.0,-7.0,8.226493810070679e-05
15.0,-6.0,0.0014431743184104562
15.0,-5.0,0.00439579738304019
15.0,-4.0,0.012854710221290588
15.0,-3.0,0.006155821494758129
15.0,-2.0,0.012128434143960476
15.0,-1.0,0.028765371069312096
16.0,0.0,0.029545864090323448
16.0,1.0,0.0038216779939830303
16.0,2.0,0.008997133933007717
16.0,3.0,0.006050495430827141
16.0,4.0,0.0011084070429205894
16.0,5.0,0.0003616743488237262
16.0,6.0,0.0005684170755557716
16.0,7.0,0.0005592150264419615
16.0,8.0,0.000247821444645524
16.0,9.0,0.0005392827442847192
16.0,10.0,0.007286434527486563
16.0,11.0,0.0003031571686733514
16.0,12.0,0.00033914638333953917
16.0,13.0,0.0007779681473039091
16.0,14.0,0.0001581551623530686
16.0,15.0,0.00037187771522440016
16.0,16.0,8.8201675680466e-05
16.0,17.0,5.8475605328567326e-05
16.0,18.0,2.88820629066322e-05
16.0,19.0,1.8054624888463877e-05
16.0,20.0,1.2572752893902361e-05
16.0,21.0,4.767866812471766e-06
16.0,22.0,7.632439519511536e-06
16.0,23.0,6.407405180652859e-06
16.0,24.0,9.83006611932069e-06
16.0,25.0,9.99944495561067e-06
16.0,26.0,1.1557879588508513e-05
16.0,27.0,9.118118214246351e-06
16.0,28.0,2.777067493298091e-06
16.0,29.0,7.394743443001062e-05
16.0,30.0,1.0223538993159309e-05
16.0,31.0,4.1639673327154014e-06
16.0,32.0,3.4958300147991395e-06
16.0,33.0,5.932358362770174e-06
16.0,34.0,1.0194750075243064e-06
16.0,35.0,4.7107650402722356e-07
16.0,36.0,1.0834770364454016e-05
16.0,37.0,3.093932900810614e-05
16.0,38.0,6.352475793391932e-06
16.0,39.0,2.562397094152402e-05
16.0,40.0,0.00015124586934689432
16.0,41.0,5.390066507970914e-05
16.0,42.0,0.0001282389712287113
16.0,43.0,0.00018609297694638371
16.0,44.0,1.6816204151837155e-05
16.0,45.0,6.179999036248773e-05
16.0,46.0,1.737571437843144e-05
16.0,47.0,6.436857074731961e-05
16.0,48.0,1.2407295798766427e-05
16.0,49.0,6.210040010046214e-05
16.0,50.0,4.145911952946335e-05
16.0,51.0,7.394842396024615e-05
16.0,52.0,0.00012057764979545027
16.0,53.0,2.421518729534e-06
16.0,54.0,2.9924891350674443e-05
16.0,55.0,3.0408011298277415e-05
16.0,56.0,9.667941185398377e-07
16.0,57.0,2.211948776675854e-05
16.0,58.0,3.8021476939320564e-05
16.0,59.0,5.049435640103184e-05
16.0,60.0,0.00018974472186528146
16.0,61.0,0.00018064856703858823
16.0,62.0,0.0002593896060716361
16.0,63.0,6.747819134034216e-05
16.0,64.0,7.344733603531495e-05
16.0,65.0,3.0550504561688285e-06
16.0,66.0,2.0367107936181128e-05
16.0,67.0,2.1936311895842664e-06
16.0,68.0,3.197471620808301e-09
16.0,69.0,6.326406946755014e-06
16.0,70.0,1.9863523448293563e-06
16.0,71.0,1.1555062684465156e-08
16.0,72.0,2.705428414628841e-07
16.0,73.0,5.302944572349588e-08
16.0,74.0,2.4781833474207815e-08
16.0,75.0,6.33714023479115e-08
16.0,76.0,3.5495901329340995e-08
16.0,77.0,1.1279900569149959e-08
16.0,78.0,1.562499640783699e-08
16.0,79.0,2.0441854875485888e-09
16.0,80.0,1.1017503576127297e-09
16.0,81.0,1.065536281430468e-08
16.0,82.0,9.128437561400915e-09
16.0,83.0,6.400584062760117e-09
16.0,84.0,8.047815747147524e-09
16.0,85.0,2.7132099233995177e-08
16.0,86.0,6.053149803619817e-08
16.0,87.0,5.885969045493766e-08
16.0,88.0,1.1421775525377598e-07
16.0,89.0,6.808829056126342e-08
16.0,90.0,9.58377404458588e-06
16.0,91.0,1.6884903743630275e-05
16.0,92.0,6.215946996235289e-06
16.0,93.0,2.8215076781634707e-06
16.0,94.0,5.4624269978376105e-06
16.0,95.0,1.4134576531432685e-07
16.0,96.0,4.167888619122095e-06
16.0,97.0,2.0648441534376616e-07
16.0,98.0,2.138772288162727e-07
16.0,99.0,6.584123184438795e-07
16.0,100.0,3.7114953332917366e-09
16.0,101.0,2.0330492844777837e-09
16.0,102.0,1.6403021163569065e-08
16.0,103.0,1.104936475648799e-09
16.0,104.0,1.4161083417008058e-10
16.0,105.0,6.573777966423222e-08
16.0,106.0,6.064711897124653e-07
16.0,107.0,1.9000511883859872e-06
16.0,108.0,1.1834784345410299e-05
16.0,109.0,3.922449138826778e-07
16.0,110.0,3.371721686562523e-05
16.0,111.0,5.895731760574563e-07
16.0,112.0,9.729377126177496e-08
16.0,113.0,2.1451596694532782e-05
16.0,114.0,2.177828946514637e-06
16.0,115.0,2.769817911030259e-06
16.0,116.0,4.65904813609086e-05
16.0,117.0,3.244605250074528e-05
16.0,118.0,1.320263709203573e-05
16.0,119.0,1.701216933724936e-05
16.0,120.0,1.6978734493022785e-05
16.0,121.0,3.0151904866215773e-06
16.0,122.0,6.429054337786511e-06
16.0,123.0,1.5764049976496608e-06
16.0,124.0,9.351972494187066e-07
16.0,125.0,5.588855856331065e-06
16.0,126.0,3.0046189749555197e-06
16.0,127.0,1.4011949360792642e-06
16.0,128.0,1.2708118219961761e-06
16.0,129.0,8.512772069479979e-07
16.0,130.0,1.0454970151840826e-06
16.0,131.0,2.590354370113346e-06
16.0,132.0,7.050387580420647e-07
16.0,133.0,1.5228345091600204e-06
16.0,134.0,1.312226231675595e-06
16.0,135.0,2.9556001663877396e-06
16.0,136.0,1.6377611245843582e-05
16.0,137.0,2.623812179081142e-06
16.0,138.0,7.31467525838525e-06
16.0,139.0,3.686920081236167e-06
16.0,140.0,5.94311757140531e-07
16.0,141.0,8.905302593120723e-07
16.0,142.0,2.572690164015512e-06
16.0,143.0,7.80967354785389e-07
16.0,144.0,2.26342535825097e-07
16.0,145.0,9.44215400977555e-07
16.0,146.0,9.569881598281427e-08
16.0,147.0,7.643539845503255e-08
16.0,148.0,6.460379609052325e-08
16.0,149.0,5.880850721950992e-07
16.0,150.0,1.4713554037371068e-06
16.0,151.0,1.2193426357498538e-07
16.0,152.0,1.139187702392519e-06
16.0,153.0,5.808380478811159e-07
16.0,154.0,4.316356694289425e-07
16.0,155.0,3.639065937477426e-07
16.0,156.0,9.694650771052693e-07
16.0,157.0,8.39250333228847e-07
16.0,158.0,1.2085268963346607e-06
16.0,159.0,1.3412134194368264e-06
16.0,160.0,1.3083998737783986e-06
16.0,161.0,7.658605909455218e-07
16.0,162.0,3.7032068576081656e-06
16.0,163.0,7.899757292761933e-06
16.0,164.0,2.8424410629668273e-06
16.0,165.0,3.8905841392988805e-06
16.0,166.0,4.892910510534421e-06
16.0,167.0,2.3610948574059876e-06
16.0,168.0,3.5442635635263287e-06
16.0,169.0,9.796765425562626e-07
16.0,170.0,8.227029866247904e-07
16.0,171.0,8.994545623863814e-07
16.0,172.0,6.77861692111037e-07
16.0,173.0,1.6603471522103064e-06
16.0,174.0,2.569461003076867e-06
16.0,175.0,1.2314617379161064e-06
16.0,176.0,1.0993044270435348e-06
16.0,177.0,4.542494934867136e-06
16.0,178.0,2.0649655198212713e-05
16.0,179.0,2.1343598746170755e-06
16.0,180.0,2.9366353828663705e-06
16.0,-179.0,6.545248197653564e-06
16.0,-178.0,6.425149877031799e-06
16.0,-177.0,1.4497297343041282e-05
16.0,-176.0,1.620276270841714e-05
16.0,-175.0,8.586637704866007e-06
16.0,-174.0,8.711407645023428e-06
16.0,-173.0,6.460375516326167e-06
16.0,-172.0,4.042944055981934e-06
16.0,-171.0,9.30046462599421e-06
16.0,-170.0,4.258543413016014e-06
16.0,-169.0,3.6668552638730034e-06
16.0,-168.0,4.574840204440989e-06
16.0,-167.0,7.387034202110954e-06
16.0,-166.0,6.571649009856628e-06
16.0,-165.0,8.590667675889563e-06
16.0,-164.0,1.149847867054632e-05
16.0,-163.0,1.2109149793104734e-05
16.0,-162.0,1.4054591702006292e-05
16.0,-161.0,2.286516610183753e-05
16.0,-160.0,6.10667048022151e-05
16.0,-159.0,5.7237240980612114e-05
16.0,-158.0,2.486292396497447e-05
16.0,-157.0,2.7090918592875823e-05
16.0,-156.0,1.4970026313676499e-05
16.0,-155.0,7.112323510227725e-05
16.0,-154.0,0.0003707708092406392
16.0,-153.0,9.30146561586298e-05
16.0,-152.0,0.00025450240354985
16.0,-151.0,0.0004785002092830837
16.0,-150.0,0.0002047451416729018
16.0,-149.0,0.0002776476612780243
16.0,-148.0,0.001224903971888125
16.0,-147.0,0.0005249222158454359
16.0,-146.0,0.0003354743530508131
16.0,-145.0,0.001659769332036376
16.0,-144.0,0.00012161386985098943
16.0,-143.0,0.00044331903336569667
16.0,-142.0,0.003040537005290389
16.0,-141.0,0.0005476546357385814
16.0,-140.0,0.0009898131247609854
16.0,-139.0,0.00038711982779204845
16.0,-138.0,0.0002672363189049065
16.0,-137.0,0.0001642754941713065
16.0,-136.0,2.7588761440711096e-05
16.0,-135.0,7.974215805006679e-06
16.0,-134.0,3.064448173972778e-05
16.0,-133.0,3.762406777241267e-05
16.0,-132.0,1.055684970197035e-05
16.0,-131.0,1.0989325346599799e-05
16.0,-130.0,9.351007975055836e-06
16.0,-129.0,8.032375262700953e-06
16.0,-128.0,6.980499620112823e-06
16.0,-127.0,4.619893388735363e-06
16.0,-126.0,5.795537799713202e-05
16.0,-125.0,7.3041769610426854e-06
16.0,-124.0,2.9121129045961425e-06
16.0,-123.0,3.7661507121811155e-06
16.0,-122.0,0.0003520785830914974
16.0,-121.0,0.0002522646391298622
16.0,-120.0,0.00019361964950803667
16.0,-119.0,1.9728369807126e-05
16.0,-118.0,0.000420967087848112
16.0,-117.0,0.00234328955411911
16.0,-116.0,4.41645534010604e-06
16.0,-115.0,0.0009194589802064002
16.0,-114.0,0.00047771743265911937
16.0,-113.0,1.549950502521824e-05
16.0,-112.0,0.00015766113938298076
16.0,-111.0,8.341032662428916e-05
16.0,-110.0,5.195969788474031e-05
16.0,-109.0,0.00033881384297274053
16.0,-108.0,0.0008705058717168868
16.0,-107.0,9.467623385717161e-06
16.0,-106.0,1.1889094821526669e-05
16.0,-105.0,4.30217623943463e-05
16.0,-104.0,7.20508478480042e-06
16.0,-103.0,6.058010967535665e-06
16.0,-102.0,7.706103497184813e-05
16.0,-101.0,5.643204872285423e-07
16.0,-100.0,1.5207865544653032e-07
16.0,-99.0,2.7655429221340455e-05
16.0,-98.0,3.283063051640056e-05
16.0,-97.0,0.021281490102410316
16.0,-96.0,0.000173824344528839
16.0,-95.0,0.0019221864640712738
16.0,-94.0,0.003437825944274664
16.0,-93.0,3.773794014705345e-05
16.0,-92.0,7.945555989863351e-05
16.0,-91.0,0.00023730403336230665
16.0,-90.0,0.00015183744835667312
16.0,-89.0,0.00019978340424131602
16.0,-88.0,0.0002866512513719499
16.0,-87.0,0.0004779796290677041
16.0,-86.0,0.00019064132357016206
16.0,-85.0,0.0009437496773898602
16.0,-84.0,0.00027125701308250427
16.0,-83.0,0.0005557346739806235
16.0,-82.0,0.0003189760318491608
16.0,-81.0,0.00021506502525880933
16.0,-80.0,0.00039359566289931536
16.0,-79.0,7.642902346560732e-05
16.0,-78.0,1.7836971892393194e-05
16.0,-77.0,7.810866009094752e-06
16.0,-76.0,6.327288247121032e-06
16.0,-75.0,2.7508904167916626e-06
16.0,-74.0,1.32385571305349e-06
16.0,-73.0,7.66442894928332e-07
16.0,-72.0,3.076030452575651e-07
16.0,-71.0,2.902326343701134e-07
16.0,-70.0,2.039347691606963e-06
16.0,-69.0,8.138677571878361e-07
16.0,-68.0,1.456275867894874e-06
16.0,-67.0,1.2701285641014692e-06
16.0,-66.0,3.3849030387500534e-06
16.0,-65.0,4.829536919714883e-06
16.0,-64.0,3.5289174320496386e-06
16.0,-63.0,1.2598790135598392e-06
16.0,-62.0,3.394646682863822e-06
16.0,-61.0,1.4523493518936448e-06
16.0,-60.0,7.777045425427787e-07
16.0,-59.0,1.0268096275467542e-06
16.0,-58.0,2.241819174741977e-06
16.0,-57.0,1.9331814655743074e-06
16.0,-56.0,4.972929673385806e-06
16.0,-55.0,4.954893938702298e-06
16.0,-54.0,1.0372399628977291e-05
16.0,-53.0,1.4836344234936405e-05
16.0,-52.0,1.1406256817281246e-05
16.0,-51.0,5.437195795821026e-05
16.0,-50.0,1.1422933312132955e-05
16.0,-49.0,1.4927301890566014e-05
16.0,-48.0,2.9814111258019693e-05
16.0,-47.0,2.396842864982318e-05
16.0,-46.0,1.1095939044025727e-05
16.0,-45.0,9.54058577917749e-06
16.0,-44.0,2.2808457288192585e-05
16.0,-43.0,3.010852560692001e-05
16.0,-42.0,1.5998932212824002e-05
16.0,-41.0,2.9682340027648024e-05
16.0,-40.0,4.731728040496819e-05
16.0,-39.0,3.3081556466640905e-05
16.0,-38.0,4.035269012092613e-05
16.0,-37.0,3.412965452298522e-05
16.0,-36.0,4.023031215183437e-05
16.0,-35.0,0.00022060614719521254
16.0,-34.0,0.00024705403484404087
16.0,-33.0,0.0006629968993365765
16.0,-32.0,0.001432795193977654
16.0,-31.0,0.0012194872833788395
16.0,-30.0,0.0022697309032082558
16.0,-29.0,0.001227856962941587
16.0,-28.0,0.00042344271787442267
16.0,-27.0,0.005440698936581612
16.0,-26.0,0.0037330554332584143
16.0,-25.0,0.00023043133842293173
16.0,-24.0,0.0021011580247431993
16.0,-23.0,0.0017916347132995725
16.0,-22.0,0.00011272007395746186
16.0,-21.0,0.0024192826822400093
16.0,-20.0,0.029146132990717888
16.0,-19.0,2.1323201508494094e-05
16.0,-18.0,0.00034828984644263983
16.0,-17.0,0.0002858990046661347
16.0,-16.0,2.651651129781385e-06
16.0,-15.0,0.001511925831437111
16.0,-14.0,0.0009728960576467216
16.0,-13.0,0.002729791682213545
16.0,-12.0,0.03811004012823105
16.0,-11.0,0.00012851048086304218
16.0,-10.0,9.091849642572924e-05
16.0,-9.0,0.06268661469221115
16.0,-8.0,0.0038673989474773407
16.0,-7.0,0.0002226932701887563
16.0,-6.0,0.0001315192348556593
16.0,-5.0,0.00047292132512666285
16.0,-4.0,0.00013226628652773798
16.0,-3.0,0.001066502882167697
16.0,-2.0,0.005114728584885597
16.0,-1.0,0.0205503161996603
17.0,0.0,0.0020353777799755335
17.0,1.0,0.001852187211625278
17.0,2.0,0.005018899217247963
17.0,3.0,0.0015897577395662665
17.0,4.0,0.0022934982553124428
17.0,5.0,0.004298328422009945
17.0,6.0,0.0018299469957128167
17.0,7.0,0.01817772537469864
17.0,8.0,0.00919675175100565
17.0,9.0,0.005046086851507425
17.0,10.0,0.0028576140757650137
17.0,11.0,0.002533748047426343
17.0,12.0,0.0028837518766522408
17.0,13.0,0.004526669159531593
17.0,14.0,0.00044865653035230935
17.0,15.0,0.00014841330994386226
17.0,16.0,4.389862806419842e-05
17.0,17.0,4.5832737669115886e-05
17.0,18.0,1.4515488146571442e-05
17.0,19.0,1.3784713701170404e-05
17.0,20.0,1.1683605407597497e-05
17.0,21.0,2.3842153495934326e-06
17.0,22.0,1.977193733182503e-06
17.0,23.0,1.6008174270609743e-06
17.0,24.0,2.172296717617428e-06
17.0,25.0,1.478524836784345e-06
17.0,26.0,1.497456196375424e-06
17.0,27.0,8.735759365663398e-06
17.0,28.0,1.6134019915625686e-06
17.0,29.0,1.5249228226821288e-06
17.0,30.0,4.3948683014605194e-05
17.0,31.0,1.623412913431821e-06
17.0,32.0,4.212453745822131e-07
17.0,33.0,9.834921002038755e-07
17.0,34.0,1.0818185955940862e-06
17.0,35.0,5.221586434345227e-07
17.0,36.0,1.5469689742531045e-06
17.0,37.0,2.618380221974803e-06
17.0,38.0,2.5384679247508757e-06
17.0,39.0,1.1710745638993103e-05
17.0,40.0,2.9798706236761063e-05
17.0,41.0,2.2978179913479835e-05
17.0,42.0,1.953437640622724e-05
17.0,43.0,6.177676368679386e-06
17.0,44.0,3.934624601242831e-06
17.0,45.0,9.66127117862925e-06
17.0,46.0,8.996080964607245e-07
17.0,47.0,1.601630538061727e-05
17.0,48.0,9.668294609355144e-08
17.0,49.0,3.101087600043684e-07
17.0,50.0,0.0003718906664289534
17.0,51.0,2.2294445898296544e-06
17.0,52.0,2.0776253222720698e-05
17.0,53.0,3.0009854526724666e-05
17.0,54.0,0.00014824105892330408
17.0,55.0,6.291590466389607e-07
17.0,56.0,3.838607938178029e-07
17.0,57.0,1.0711821232689545e-05
17.0,58.0,7.133569397410611e-06
17.0,59.0,3.377276152605191e-05
17.0,60.0,0.0024833076167851686
17.0,61.0,0.0002846954157575965
17.0,62.0,0.0004939401405863464
17.0,63.0,0.0006321263499557972
17.0,64.0,0.00017234528786502779
17.0,65.0,0.00011751151032513008
17.0,66.0,8.912949851946905e-06
17.0,67.0,1.2839843748224666e-06
17.0,68.0,1.751650052028708e-05
17.0,69.0,8.283028023470251e-07
17.0,70.0,1.9040635379496962e-06
17.0,71.0,7.115691914805211e-06
17.0,72.0,1.2677755023560167e-07
17.0,73.0,9.835530363488942e-07
17.0,74.0,3.9093970372050535e-07
17.0,75.0,4.837100959775853e-07
17.0,76.0,2.5087826927006063e-08
17.0,77.0,1.2612525779331918e-07
17.0,78.0,1.686493256158883e-08
17.0,79.0,2.070157378852855e-08
17.0,80.0,5.229427557651434e-09
17.0,81.0,1.0564540353641405e-08
17.0,82.0,1.4716695639904742e-09
17.0,83.0,3.4242544355578275e-09
17.0,84.0,1.3496725159711787e-07
17.0,85.0,1.7493215409558616e-07
17.0,86.0,3.357504940737499e-09
17.0,87.0,1.9592125966028107e-07
17.0,88.0,1.6727689455819927e-08
17.0,89.0,1.866418308793527e-08
17.0,90.0,3.0851019516831e-08
17.0,91.0,1.0627834168275285e-09
17.0,92.0,3.0588175548018626e-08
17.0,93.0,3.047723495797072e-08
17.0,94.0,1.8012948999057699e-07
17.0,95.0,3.089512347287382e-06
17.0,96.0,2.115794899282264e-07
17.0,97.0,1.7841123023387695e-10
17.0,98.0,9.091939432437357e-07
17.0,99.0,8.51926074574294e-07
17.0,100.0,4.86338569416489e-09
17.0,101.0,1.9428826547596145e-08
17.0,102.0,7.282674374664566e-08
17.0,103.0,3.759060120955837e-07
17.0,104.0,2.4561942757461708e-11
17.0,105.0,7.174251095420914e-06
17.0,106.0,4.234475436959428e-09
17.0,107.0,2.100824403328261e-09
17.0,108.0,5.176932972972281e-05
17.0,109.0,1.4104243746260181e-05
17.0,110.0,1.8662722922613284e-08
17.0,111.0,1.2767015505232848e-05
17.0,112.0,5.923446224187501e-05
17.0,113.0,9.951899215820958e-08
17.0,114.0,2.8051949811924715e-06
17.0,115.0,4.413086571730673e-05
17.0,116.0,3.876407390634995e-07
17.0,117.0,4.1630712075857446e-05
17.0,118.0,2.3136915842769668e-05
17.0,119.0,4.148888820054708e-06
17.0,120.0,3.703920583575382e-06
17.0,121.0,1.7867366750579095e-06
17.0,122.0,1.5114881080080522e-06
17.0,123.0,3.036944235645933e-06
17.0,124.0,1.6586379842919996e-06
17.0,125.0,1.219565319843241e-06
17.0,126.0,1.2260420589882415e-06
17.0,127.0,2.1633325104630785e-06
17.0,128.0,4.7077193698896735e-07
17.0,129.0,1.3223668702266878e-06
17.0,130.0,3.2794814615044743e-06
17.0,131.0,5.010269887861796e-06
17.0,132.0,5.55643237021286e-06
17.0,133.0,6.387290795828449e-06
17.0,134.0,1.0926081813522615e-05
17.0,135.0,5.200383839110145e-06
17.0,136.0,1.264664842892671e-05
17.0,137.0,5.402470378612634e-06
17.0,138.0,1.1192704732820857e-05
17.0,139.0,5.517976387636736e-05
17.0,140.0,2.5997984266723506e-05
17.0,141.0,5.737012088502524e-06
17.0,142.0,7.349608495132998e-06
17.0,143.0,1.5623614672222175e-05
17.0,144.0,2.7466833216749365e-06
17.0,145.0,3.964996722061187e-06
17.0,146.0,6.790503448428353e-06
17.0,147.0,2.7711625989468303e-06
17.0,148.0,3.7242054418129555e-07
17.0,149.0,4.546486252365867e-06
17.0,150.0,1.4767956599825993e-06
17.0,151.0,1.4788024316203519e-07
17.0,152.0,5.256339932202536e-07
17.0,153.0,1.0876576794771609e-07
17.0,154.0,1.2019958148812293e-06
17.0,155.0,3.4833763606911816e-07
17.0,156.0,1.2326072464929894e-05
17.0,157.0,1.1992775625913055e-06
17.0,158.0,1.3098506315145642e-06
17.0,159.0,4.167697625234723e-06
17.0,160.0,3.3083720154536422e-06
17.0,161.0,2.1174394078116165e-06
17.0,162.0,7.2886041380115785e-06
17.0,163.0,1.644329313421622e-05
17.0,164.0,8.028147931327112e-06
17.0,165.0,2.745229721767828e-06
17.0,166.0,8.925385373004247e-06
17.0,167.0,4.967195650351641e-07
17.0,168.0,2.063481360892183e-06
17.0,169.0,1.714231984806247e-06
17.0,170.0,6.710718594149512e-07
17.0,171.0,1.6618504332654993e-06
17.0,172.0,4.286266175768105e-06
17.0,173.0,3.109055114691728e-06
17.0,174.0,1.8236333971799468e-06
17.0,175.0,9.026460247696377e-06
17.0,176.0,1.259407690668013e-05
17.0,177.0,2.50599277933361e-05
17.0,178.0,2.1715635739383288e-05
17.0,179.0,2.6723751943791285e-05
17.0,180.0,2.2034115318092518e-05
17.0,-179.0,1.070078451448353e-05
17.0,-178.0,9.302860235038679e-06
17.0,-177.0,3.342444642839837e-06
17.0,-176.0,7.683107469347306e-06
17.0,-175.0,7.658418326172978e-06
17.0,-174.0,1.0072211807710119e-05
17.0,-173.0,1.1829592949652579e-05
17.0,-172.0,8.141424586938228e-06
17.0,-171.0,4.8853848966246005e-06
17.0,-170.0,6.450857199524762e-06
17.0,-169.0,7.858805474825203e-06
17.0,-168.0,4.5077727008902e-06
17.0,-167.0,6.010752713336842e-06
17.0,-166.0,4.809089205082273e-06
17.0,-165.0,6.851389571238542e-06
17.0,-164.0,9.03269483387703e-06
17.0,-163.0,1.3217364539741538e-05
17.0,-162.0,1.1036165233235806e-05
17.0,-161.0,8.662529580760747e-06
17.0,-160.0,1.778950718289707e-05
17.0,-159.0,2.1648929759976454e-05
17.0,-158.0,1.1665213605738245e-05
17.0,-157.0,5.640904782922007e-05
17.0,-156.0,2.999569187522866e-05
17.0,-155.0,6.815092638134956e-05
17.0,-154.0,0.00014671080862171948
17.0,-153.0,0.00010774059046525508
17.0,-152.0,0.0002809002762660384
17.0,-151.0,0.00035351491533219814
17.0,-150.0,0.0003517248260322958
17.0,-149.0,0.0010773183312267065
17.0,-148.0,0.0005361506482586265
17.0,-147.0,0.00016299636627081782
17.0,-146.0,0.0006739457603543997
17.0,-145.0,0.00012638006592169404
17.0,-144.0,0.00020508469606284052
17.0,-143.0,0.0011165038449689746
17.0,-142.0,0.0009848905028775334
17.0,-141.0,0.00041653061634860933
17.0,-140.0,0.0008698484161868691
17.0,-139.0,0.0011465793941169977
17.0,-138.0,0.0016707844333723187
17.0,-137.0,0.0003068228834308684
17.0,-136.0,0.0002627919311635196
17.0,-135.0,9.955520363291726e-05
17.0,-134.0,5.23442831763532e-05
17.0,-133.0,8.889863966032863e-05
17.0,-132.0,4.4997374061495066e-05
17.0,-131.0,3.790005575865507e-05
17.0,-130.0,4.453843575902283e-05
17.0,-129.0,1.4688719602418132e-05
17.0,-128.0,1.3478320397553034e-05
17.0,-127.0,6.0484304412966594e-05
17.0,-126.0,2.0649871657951735e-05
17.0,-125.0,2.6095303837792017e-05
17.0,-124.0,5.456944563775323e-06
17.0,-123.0,1.9602679458330385e-05
17.0,-122.0,3.729622051196202e-07
17.0,-121.0,0.0016796266427263618
17.0,-120.0,2.646830580488313e-06
17.0,-119.0,4.854167059420433e-07
17.0,-118.0,0.016057156026363373
17.0,-117.0,3.450407120908494e-06
17.0,-116.0,0.00012074253027094528
17.0,-115.0,1.2083102092219633e-06
17.0,-114.0,7.659172115381807e-05
17.0,-113.0,0.0008371046860702336
17.0,-112.0,0.00011270330287516117
17.0,-111.0,0.0006072103860788047
17.0,-110.0,0.007556747645139694
17.0,-109.0,3.3958153835556004e-06
17.0,-108.0,0.0002229988167528063
17.0,-107.0,2.6392528525320813e-05
17.0,-106.0,7.954421903377806e-07
17.0,-105.0,5.646341378451325e-05
17.0,-104.0,8.16093961475417e-05
17.0,-103.0,5.761465217801742e-06
17.0,-102.0,5.673413761542179e-05
17.0,-101.0,1.3563163520302624e-05
17.0,-100.0,2.6785830414155498e-05
17.0,-99.0,1.1080024705734104e-05
17.0,-98.0,4.381303142508841e-08
17.0,-97.0,0.0022332665976136923
17.0,-96.0,1.449948143772417e-07
17.0,-95.0,7.336215617215203e-07
17.0,-94.0,0.0007101446390151978
17.0,-93.0,9.728390750751714e-07
17.0,-92.0,2.1888183709961595e-06
17.0,-91.0,5.1193612307542935e-05
17.0,-90.0,7.391437247861177e-05
17.0,-89.0,7.971751983859576e-06
17.0,-88.0,1.1237144462938886e-05
17.0,-87.0,5.675318607245572e-05
17.0,-86.0,2.7915257305721752e-06
17.0,-85.0,5.747730392613448e-05
17.0,-84.0,7.738859130768105e-05
17.0,-83.0,1.1995134627795778e-05
17.0,-82.0,4.3938751332461834e-05
17.0,-81.0,2.157660674129147e-05
17.0,-80.0,4.9467580538475886e-05
17.0,-79.0,1.6704367226338945e-05
17.0,-78.0,3.283521664343425e-06
17.0,-77.0,1.2216081813676283e-05
17.0,-76.0,1.2871449825979653e-06
17.0,-75.0,1.1111611684100353e-06
17.0,-74.0,9.90582975646248e-07
17.0,-73.0,3.3992037629104743e-07
17.0,-72.0,2.846711595339002e-07
17.0,-71.0,4.953094503434841e-07
17.0,-70.0,4.329817784309853e-07
17.0,-69.0,3.671120509807224e-07
17.0,-68.0,8.86953387180256e-07
17.0,-67.0,1.5064686067489674e-06
17.0,-66.0,3.466964926701621e-06
17.0,-65.0,1.286113160858804e-06
17.0,-64.0,1.3067190138826845e-06
17.0,-63.0,2.0614197637769394e-06
17.0,-62.0,6.973174322411069e-07
17.0,-61.0,6.46497596790141e-07
17.0,-60.0,3.1119571985982475e-07
17.0,-59.0,4.6036461753828917e-07
17.0,-58.0,4.871851047028031e-07
17.0,-57.0,8.117608558677603e-07
17.0,-56.0,1.015351358546468e-06
17.0,-55.0,2.8683980417554267e-06
17.0,-54.0,8.592978701926768e-06
17.0,-53.0,1.980949309654534e-05
17.0,-52.0,2.5236127839889377e-05
17.0,-51.0,9.217692422680557e-06
17.0,-50.0,2.5705276129883714e-05
17.0,-49.0,5.991226134938188e-05
17.0,-48.0,0.0001445736997993663
17.0,-47.0,5.2157833124510944e-05
17.0,-46.0,1.2523067198344506e-05
17.0,-45.0,5.5892555792524945e-06
17.0,-44.0,0.00010911842400673777
17.0,-43.0,1.5210262063192204e-05
17.0,-42.0,9.398418114869855e-06
17.0,-41.0,2.8694388674921356e-05
17.0,-40.0,2.3210528524941765e-05
17.0,-39.0,1.8836810340872034e-05
17.0,-38.0,5.063114804215729e-05
17.0,-37.0,4.464453013497405e-05
17.0,-36.0,0.00018788286251947284
17.0,-35.0,6.081901301513426e-05
17.0,-34.0,0.00019716923998203129
17.0,-33.0,0.0010526020778343081
17.0,-32.0,0.00036123584141023457
17.0,-31.0,0.0012582708150148392
17.0,-30.0,0.008900553919374943
17.0,-29.0,0.0008454600465483963
17.0,-28.0,0.0009557688608765602
17.0,-27.0,0.0014207771746441722
17.0,-26.0,0.0005153823876753449
17.0,-25.0,0.0019408180378377438
17.0,-24.0,0.02205478772521019
17.0,-23.0,0.021233225241303444
17.0,-22.0,0.018590174615383148
17.0,-21.0,0.00038458179915323853
17.0,-20.0,0.32734185457229614
17.0,-19.0,0.0016902084462344646
17.0,-18.0,3.223703242838383e-05
17.0,-17.0,0.00015841190179344267
17.0,-16.0,0.0003933180996682495
17.0,-15.0,0.00024077945272438228
17.0,-14.0,0.0006380504928529263
17.0,-13.0,0.0007676913519389927
17.0,-12.0,0.0027623826172202826
17.0,-11.0,3.9474311051890254e-05
17.0,-10.0,0.00044523432734422386
17.0,-9.0,0.019218213856220245
17.0,-8.0,0.0016598862130194902
17.0,-7.0,0.0004495360772125423
17.0,-6.0,5.375560067477636e-05
17.0,-5.0,2.8291971830185503e-05
17.0,-4.0,1.454457378713414e-05
17.0,-3.0,0.0006862623267807066
17.0,-2.0,0.0005384157411754131
17.0,-1.0,0.006085203029215336
18.0,0.0,0.00020475393102969974
18.0,1.0,0.0068235998041927814
18.0,2.0,0.0020081631373614073
18.0,3.0,0.0005095655214972794
18.0,4.0,0.012488159351050854
18.0,5.0,0.008886163122951984
18.0,6.0,0.012940539047122002
18.0,7.0,0.005702672526240349
18.0,8.0,0.005965303163975477
18.0,9.0,0.0068831052631139755
18.0,10.0,0.020569823682308197
18.0,11.0,0.002013955730944872
18.0,12.0,0.001363322720862925
18.0,13.0,0.013326244428753853
18.0,14.0,0.0021247174590826035
18.0,15.0,0.0020812994334846735
18.0,16.0,0.0012978739105165005
18.0,17.0,0.00021913049567956477
18.0,18.0,1.806647560442798e-05
18.0,19.0,1.3319681784196291e-05
18.0,20.0,7.233677933982108e-06
18.0,21.0,1.2120692645112285e-06
18.0,22.0,1.0015593261414324e-06
18.0,23.0,3.683721615743707e-06
18.0,24.0,1.3733689456785214e-06
18.0,25.0,5.440949280455243e-06
18.0,26.0,1.6569714489378384e-07
18.0,27.0,6.733785085089039e-07
18.0,28.0,4.2178467083431315e-06
18.0,29.0,2.6075130676872504e-07
18.0,30.0,3.134772896373761e-06
18.0,31.0,1.7595675672055222e-05
18.0,32.0,1.8487652369003627e-06
18.0,33.0,2.200570634158794e-06
18.0,34.0,3.7582112781819887e-06
18.0,35.0,2.3651648461964214e-06
18.0,36.0,1.121539025916718e-05
18.0,37.0,1.6518137272214517e-05
18.0,38.0,2.0755418518092483e-05
18.0,39.0,1.857648021541536e-05
18.0,40.0,1.555966264277231e-05
18.0,41.0,3.3983280445681885e-05
18.0,42.0,5.164172762306407e-06
18.0,43.0,3.484835360723082e-06
18.0,44.0,4.2187316466879565e-06
18.0,45.0,1.8738218159342068e-06
18.0,46.0,1.030672137858346e-06
18.0,47.0,2.0435820715647424e-06
18.0,48.0,1.0708661193348235e-06
18.0,49.0,0.00029961607651785016
18.0,50.0,6.640386800427223e-06
18.0,51.0,4.3584364561866096e-07
18.0,52.0,0.0014156036777421832
18.0,53.0,3.909570295945741e-05
18.0,54.0,1.378631714032963e-05
18.0,55.0,2.4108148863888346e-05
18.0,56.0,1.1645694939943496e-05
18.0,57.0,2.8584037181644817e-07
18.0,58.0,1.000195334199816e-05
18.0,59.0,0.0017101762350648642
18.0,60.0,0.06848488003015518
18.0,61.0,0.0015625242376700044
18.0,62.0,0.0016595133347436786
18.0,63.0,0.0044872150756418705
18.0,64.0,0.0001501431834185496
18.0,65.0,0.0003214202879462391
18.0,66.0,9.785534530237783e-06
18.0,67.0,4.8603309551253915e-05
18.0,68.0,6.5320473368046805e-06
18.0,69.0,8.923443601815961e-07
18.0,70.0,6.424745606636861e-06
18.0,71.0,1.517004648121656e-06
18.0,72.0,2.874913207051577e-06
18.0,73.0,2.4413141090917634e-06
18.0,74.0,4.065184100454644e-07
18.0,75.0,5.773493967353716e-07
18.0,76.0,8.246403382372591e-08
18.0,77.0,1.5503702854857693e-07
18.0,78.0,1.0996372168392554e-07
18.0,79.0,2.6030089195216988e-09
18.0,80.0,2.329838821868435e-10
18.0,81.0,1.2946307359484877e-09
18.0,82.0,1.765267446107721e-11
18.0,83.0,4.865136626897026e-10
18.0,84.0,3.115630253791579e-10
18.0,85.0,9.967378034048124e-09
18.0,86.0,9.668124079098561e-09
18.0,87.0,2.202308557741617e-09
18.0,88.0,8.702104314917136e-11
18.0,89.0,3.3381695185852323e-09
18.0,90.0,1.1198804550360819e-08
18.0,91.0,5.765749655495256e-09
18.0,92.0,2.2960628598411859e-07
18.0,93.0,1.0029198582728327e-09
18.0,94.0,2.0079878026990627e-07
18.0,95.0,1.1514467587403487e-05
18.0,96.0,2.4335454327228945e-06
18.0,97.0,5.261977662485151e-07
18.0,98.0,2.60864976553421e-06
18.0,99.0,6.32788214716129e-07
18.0,100.0,1.2906432402814971e-06
18.0,101.0,6.174201644171262e-06
18.0,102.0,9.35176274197147e-08
18.0,103.0,2.041383737605429e-07
18.0,104.0,0.0009649254498071969
18.0,105.0,1.1782179676345095e-08
18.0,106.0,2.7067592611729197e-08
18.0,107.0,0.0030604954808950424
18.0,108.0,2.2438884172970575e-07
18.0,109.0,1.6447278028408618e-07
18.0,110.0,8.171191439032555e-06
18.0,111.0,2.6622958557709353e-06
18.0,112.0,0.0001233630464412272
18.0,113.0,1.6740759747335687e-05
18.0,114.0,2.5491174255876103e-06
18.0,115.0,0.0004222205898258835
18.0,116.0,9.836008393904194e-05
18.0,117.0,2.3904671252239496e-05
18.0,118.0,0.00021724450925830752
18.0,119.0,0.00010593233309919015
18.0,120.0,2.263160695292754e-06
18.0,121.0,2.4963088435470127e-05
18.0,122.0,3.474587356322445e-05
18.0,123.0,1.5967069657563115e-06
18.0,124.0,2.4825370928738266e-05
18.0,125.0,2.8306381864240393e-05
18.0,126.0,4.056945272168377e-06
18.0,127.0,9.781980224943254e-06
18.0,128.0,3.3823314424807904e-06
18.0,129.0,5.6884155128500424e-06
18.0,130.0,1.4188020941219293e-05
18.0,131.0,2.7039220640290296e-06
18.0,132.0,8.634937103124685e-07
18.0,133.0,5.999814220558619e-06
18.0,134.0,6.3043453337741084e-06
18.0,135.0,1.3241890883364249e-05
18.0,136.0,2.4023416699492373e-05
18.0,137.0,1.6022935596993193e-05
18.0,138.0,5.7373312301933765e-05
18.0,139.0,4.196361260255799e-05
18.0,140.0,6.728676817147061e-05
18.0,141.0,5.7299883337691426e-05
18.0,142.0,4.820105095859617e-05
18.0,143.0,6.196073809405789e-05
18.0,144.0,2.8893413400510326e-05
18.0,145.0,3.286227001808584e-05
18.0,146.0,2.8043525162502192e-05
18.0,147.0,7.828189154679421e-06
18.0,148.0,4.71295334136812e-06
18.0,149.0,7.872847049839038e-07
18.0,150.0,2.077766112051904e-06
18.0,151.0,1.4268932773120468e-06
18.0,152.0,4.151284116460374e-08
18.0,153.0,7.024039661018833e-08
18.0,154.0,4.1054846633414854e-07
18.0,155.0,7.218947217779714e-08
18.0,156.0,2.0645133247398917e-07
18.0,157.0,5.233634055912262e-06
18.0,158.0,1.1940154536205227e-06
18.0,159.0,1.4377732213688432e-06
18.0,160.0,4.221782546665054e-06
18.0,161.0,5.683904419129249e-06
18.0,162.0,9.715562555356883e-06
18.0,163.0,2.5535005988785997e-05
18.0,164.0,0.00012093149416614324
18.0,165.0,3.180432713634218e-06
18.0,166.0,2.4310959361173445e-06
18.0,167.0,1.5937661146381288e-06
18.0,168.0,1.3222216921349172e-06
18.0,169.0,2.5210779313056264e-06
18.0,170.0,5.264947048999602e-06
18.0,171.0,2.0456859601836186e-06
18.0,172.0,2.9703051040996797e-06
18.0,173.0,1.3838123777532019e-05
18.0,174.0,2.042362939391751e-05
18.0,175.0,2.101980680890847e-05
18.0,176.0,3.626508259912953e-05
18.0,177.0,1.6446414520032704e-05
18.0,178.0,1.6214697097893804e-05
18.0,179.0,1.4029122212377843e-05
18.0,180.0,5.81637959840009e-06
18.0,-179.0,4.873133093497017e-06
18.0,-178.0,3.1221406970871612e-06
18.0,-177.0,2.5970527985919034e-06
18.0,-176.0,4.431817160366336e-06
18.0,-175.0,3.7092581806064118e-06
18.0,-174.0,5.626542133541079e-06
18.0,-173.0,3.14249814437062e-06
18.0,-172.0,1.2793042287739809e-06
18.0,-171.0,4.615894340531668e-06
18.0,-170.0,4.784893917531008e-06
18.0,-169.0,2.8378447041177424e-06
18.0,-168.0,6.170569577079732e-06
18.0,-167.0,5.528929705178598e-06
18.0,-166.0,4.959796569892205e-06
18.0,-165.0,8.214257832150906e-06
18.0,-164.0,6.825388027209556e-06
18.0,-163.0,9.887804480968043e-06
18.0,-162.0,9.666634468885604e-06
18.0,-161.0,2.006713293667417e-05
18.0,-160.0,5.514627446245868e-06
18.0,-159.0,5.206666628509993e-06
18.0,-158.0,5.556115502258763e-05
18.0,-157.0,7.382385774690192e-06
18.0,-156.0,6.934848897799384e-06
18.0,-155.0,2.3926499125082046e-05
18.0,-154.0,1.6198235243791714e-05
18.0,-153.0,9.34463332669111e-06
18.0,-152.0,6.285262497840449e-05
18.0,-151.0,7.865255611250177e-05
18.0,-150.0,3.843814192805439e-05
18.0,-149.0,8.193511166609824e-05
18.0,-148.0,0.00014225119957700372
18.0,-147.0,0.0002588895440567285
18.0,-146.0,0.0007687652832828462
18.0,-145.0,0.00016209881869144738
18.0,-144.0,3.1014216801850125e-05
18.0,-143.0,9.541727922623977e-05
18.0,-142.0,0.00042704606312327087
18.0,-141.0,8.492547203786671e-05
18.0,-140.0,3.585729791666381e-05
18.0,-139.0,0.00022256909869611263
18.0,-138.0,0.00030898957629688084
18.0,-137.0,0.0003441736625973135
18.0,-136.0,0.0005532954819500446
18.0,-135.0,0.0005476499209180474
18.0,-134.0,0.0008919149986468256
18.0,-133.0,0.0008597169071435928
18.0,-132.0,0.0006353295757435262
18.0,-131.0,0.0010441307676956058
18.0,-130.0,0.00011021908721886575
18.0,-129.0,0.00024049358034972101
18.0,-128.0,0.0008907749434001744
18.0,-127.0,4.780872041010298e-05
18.0,-126.0,1.3497022337105591e-05
18.0,-125.0,7.832166738808155e-05
18.0,-124.0,0.00030776564381085336
18.0,-123.0,1.6696865714038722e-05
18.0,-122.0,0.004423345904797316
18.0,-121.0,0.00011138648551423103
18.0,-120.0,4.180902578809764e-06
18.0,-119.0,0.0007426819065585732
18.0,-118.0,0.0008459576638415456
18.0,-117.0,5.15972678840626e-05
18.0,-116.0,6.386580366779526e-07
18.0,-115.0,9.534850687487051e-05
18.0,-114.0,9.251874075744126e-07
18.0,-113.0,1.454239679787861e-07
18.0,-112.0,6.896257400512695e-05
18.0,-111.0,3.2614283554721624e-05
18.0,-110.0,5.059342242930143e-07
18.0,-109.0,8.891628385754302e-05
18.0,-108.0,0.0005960842245258391
18.0,-107.0,2.13781709135219e-06
18.0,-106.0,0.00014910141180735081
18.0,-105.0,8.579177665524185e-05
18.0,-104.0,1.892884938570205e-05
18.0,-103.0,0.0004394194402266294
18.0,-102.0,8.190463267965242e-05
18.0,-101.0,7.815595745341852e-05
18.0,-100.0,0.00035129860043525696
18.0,-99.0,6.8854369601467624e-06
18.0,-98.0,5.691572724231264e-08
18.0,-97.0,7.951253877536146e-08
18.0,-96.0,8.801953867987322e-07
18.0,-95.0,5.343188240658492e-05
18.0,-94.0,1.8906099285231903e-05
18.0,-93.0,6.994899194978643e-06
18.0,-92.0,3.814637238974683e-05
18.0,-91.0,1.584492201800458e-05
18.0,-90.0,6.212415428308304e-06
18.0,-89.0,5.322371634974843e-06
18.0,-88.0,8.739692566450685e-05
18.0,-87.0,6.3480670178250875e-06
18.0,-86.0,2.151133412553463e-05
18.0,-85.0,7.2908827860374e-05
18.0,-84.0,2.4962611860246398e-05
18.0,-83.0,2.6426429030834697e-05
18.0,-82.0,3.973835555370897e-05
18.0,-81.0,1.939443791343365e-05
18.0,-80.0,3.900472802342847e-05
18.0,-79.0,1.216285272676032e-05
18.0,-78.0,4.745923433802091e-06
18.0,-77.0,2.1690009361918783e-06
18.0,-76.0,2.15046225093829e-06
18.0,-75.0,1.2689334880633396e-06
18.0,-74.0,1.250453692591691e-06
18.0,-73.0,4.2654917820073024e-07
18.0,-72.0,5.159104716767615e-07
18.0,-71.0,2.2899880036675313e-07
18.0,-70.0,4.3553038153731904e-07
18.0,-69.0,7.433708333337563e-07
18.0,-68.0,6.162931072140054e-07
18.0,-67.0,1.33396156343224e-06
18.0,-66.0,1.6546659935556818e-06
18.0,-65.0,7.612352419528179e-07
18.0,-64.0,1.0467720130691305e-06
18.0,-63.0,1.2220975804666523e-06
18.0,-62.0,7.794389489390596e-07
18.0,-61.0,6.694087346659217e-07
18.0,-60.0,1.3854953522240976e-06
18.0,-59.0,1.4369041991812992e-06
18.0,-58.0,1.5961495591909625e-06
18.0,-57.0,9.637240054871654e-07
18.0,-56.0,2.52411155088339e-06
18.0,-55.0,1.1896625437657349e-05
18.0,-54.0,4.981008260074304e-06
18.0,-53.0,1.7419648429495282e-05
18.0,-52.0,6.188289717101725e-06
18.0,-51.0,7.396804448944749e-06
18.0,-50.0,2.218394001829438e-05
18.0,-49.0,1.0795505659189075e-05
18.0,-48.0,2.5981080398196355e-06
18.0,-47.0,1.420013632014161e-05
18.0,-46.0,1.9642706320155412e-05
18.0,-45.0,6.570539881067816e-06
18.0,-44.0,6.423887680284679e-05
18.0,-43.0,8.670967872603796e-06
18.0,-42.0,1.8552188976173056e-06
18.0,-41.0,8.826983685139567e-05
18.0,-40.0,1.3226707778812852e-05
18.0,-39.0,4.673630974139087e-05
18.0,-38.0,8.903710840968415e-05
18.0,-37.0,6.137422587926267e-06
18.0,-36.0,6.380498234648257e-05
18.0,-35.0,6.359765393426642e-05
18.0,-34.0,0.00023748374951537699
18.0,-33.0,0.00048797921044752
18.0,-32.0,0.0004326749767642468
18.0,-31.0,0.002177152782678604
18.0,-30.0,0.0017307549715042114
18.0,-29.0,0.003248832654207945
18.0,-28.0,0.002076502423733473
18.0,-27.0,0.0028543411754071712
18.0,-26.0,0.0026960622053593397
18.0,-25.0,0.24341757595539093
18.0,-24.0,0.054625608026981354
18.0,-23.0,0.06652222573757172
18.0,-22.0,0.33797240257263184
18.0,-21.0,0.021346092224121094
18.0,-20.0,0.002604828681796789
18.0,-19.0,0.526081919670105
18.0,-18.0,0.0002046124282060191
18.0,-17.0,0.000315393612254411
18.0,-16.0,0.022199686616659164
18.0,-15.0,0.001957087777554989
18.0,-14.0,0.06354714184999466
18.0,-13.0,0.00018486879707779735
18.0,-12.0,0.0014168741181492805
18.0,-11.0,0.0013060250785201788
18.0,-10.0,0.00046889513032510877
18.0,-9.0,0.00201124744489789
18.0,-8.0,0.005744069814682007
18.0,-7.0,0.00248356768861413
18.0,-6.0,0.0032085594721138477
18.0,-5.0,0.006128532346338034
18.0,-4.0,0.006855406332761049
18.0,-3.0,0.0036456736270338297
18.0,-2.0,0.008937663398683071
18.0,-1.0,0.004609167575836182
19.0,0.0,0.0005317670875228941
19.0,1.0,0.000522429181728512
19.0,2.0,0.0010571066522970796
19.0,3.0,0.009919423609972
19.0,4.0,0.005782052408903837
19.0,5.0,0.008561045862734318
19.0,6.0,0.0009225369431078434
19.0,7.0,0.0026747900992631912
19.0,8.0,0.0005908176535740495
19.0,9.0,0.0018034608801826835
19.0,10.0,0.0036438326351344585
19.0,11.0,0.0049399822019040585
19.0,12.0,0.006137074436992407
19.0,13.0,0.0005309385014697909
19.0,14.0,0.0013702039141207933
19.0,15.0,0.0014133931836113334
19.0,16.0,0.00022261810954660177
19.0,17.0,0.00047884584637358785
19.0,18.0,0.00015534988779108971
19.0,19.0,4.115325282327831e-05
19.0,20.0,6.6718653215502854e-06
19.0,21.0,1.967744992725784e-06
19.0,22.0,1.3363322750592488e-06
19.0,23.0,5.003375918022357e-07
19.0,24.0,3.8516805034305435e-06
19.0,25.0,1.919259148053243e-06
19.0,26.0,3.715846901286568e-07
19.0,27.0,3.4386860079393955e-06
19.0,28.0,6.296482979450957e-07
19.0,29.0,1.221540628648654e-06
19.0,30.0,1.713356027721602e-06
19.0,31.0,7.988464858499356e-07
19.0,32.0,4.782539235748118e-06
19.0,33.0,3.5053844840149395e-06
19.0,34.0,2.227578534075292e-06
19.0,35.0,6.604293957934715e-06
19.0,36.0,1.4330736121337395e-05
19.0,37.0,1.4253620065574069e-05
19.0,38.0,0.00015650498971808702
19.0,39.0,4.156156865064986e-05
19.0,40.0,2.6753279598779045e-05
19.0,41.0,1.856732342275791e-05
19.0,42.0,4.480647839955054e-05
19.0,43.0,3.176869358867407e-05
19.0,44.0,1.691331635811366e-05
19.0,45.0,3.428333002375439e-05
19.0,46.0,5.8862096921075135e-05
19.0,47.0,1.9037657921217033e-06
19.0,48.0,2.013454718508001e-07
19.0,49.0,0.00019191892351955175
19.0,50.0,1.5890636859694496e-05
19.0,51.0,7.831464608898386e-05
19.0,52.0,2.100572055496741e-05
19.0,53.0,0.00011703679774655029
19.0,54.0,9.385297016706318e-05
19.0,55.0,4.850960067415144e-06
19.0,56.0,1.2388956747599877e-05
19.0,57.0,1.8391461935607367e-06
19.0,58.0,3.3504968541819835e-06
19.0,59.0,0.03798293694853783
19.0,60.0,9.450701327295974e-06
19.0,61.0,0.11831548810005188
19.0,62.0,0.013724087737500668
19.0,63.0,6.709506124025211e-05
19.0,64.0,0.0097655626013875
19.0,65.0,0.010388720780611038
19.0,66.0,9.359003161080182e-05
19.0,67.0,0.0009447585907764733
19.0,68.0,9.094450797419995e-05
19.0,69.0,3.5475266031426145e-06
19.0,70.0,0.0003802169521804899
19.0,71.0,6.340284744510427e-05
19.0,72.0,4.144299055042211e-07
19.0,73.0,9.399013265465328e-07
19.0,74.0,1.200489574415542e-08
19.0,75.0,4.95439337555581e-07
19.0,76.0,7.68986208043998e-09
19.0,77.0,1.0184017185110861e-07
19.0,78.0,4.7368570221806294e-07
19.0,79.0,1.0417881002311447e-09
19.0,80.0,5.485880638644858e-10
19.0,81.0,5.046175477474435e-09
19.0,82.0,1.200511218213407e-10
19.0,83.0,9.57354306940772e-10
19.0,84.0,3.0423302765925087e-10
19.0,85.0,1.1756380313698855e-09
19.0,86.0,7.491734455022936e-10
19.0,87.0,3.061570996720775e-09
19.0,88.0,9.282022372936183e-10
19.0,89.0,7.699224829731122e-13
19.0,90.0,2.009220567700254e-10
19.0,91.0,1.594800913551353e-08
19.0,92.0,6.183796807945896e-10
19.0,93.0,3.8501085652953293e-10
19.0,94.0,3.8152787595890914e-08
19.0,95.0,1.864043838395446e-06
19.0,96.0,0.0003125991206616163
19.0,97.0,2.150440536752285e-07
19.0,98.0,4.857376097788801e-06
19.0,99.0,6.955015123821795e-05
19.0,100.0,6.622274668188766e-06
19.0,101.0,2.4024382128118305e-06
19.0,102.0,5.6840176512196194e-06
19.0,103.0,5.504439741343958e-06
19.0,104.0,4.1780384663070436e-07
19.0,105.0,5.322136189533921e-07
19.0,106.0,3.89323474792036e-07
19.0,107.0,6.057047130525461e-07
19.0,108.0,1.8286491467733867e-06
19.0,109.0,4.3959182960406906e-08
19.0,110.0,1.1979027547681653e-08
19.0,111.0,1.4241686585592106e-07
19.0,112.0,1.0248834314552369e-06
19.0,113.0,3.1650932896809536e-07
19.0,114.0,9.005260181993435e-08
19.0,115.0,3.0212324872991303e-06
19.0,116.0,1.3784397197014187e-05
19.0,117.0,1.037831907524378e-06
19.0,118.0,6.62499078316614e-05
19.0,119.0,6.898131687194109e-05
19.0,120.0,1.5142181837290991e-05
19.0,121.0,6.515715995192295e-06
19.0,122.0,7.239489150379086e-06
19.0,123.0,2.1779969756607898e-05
19.0,124.0,1.318069644185016e-05
19.0,125.0,7.796934369252995e-06
19.0,126.0,7.423057013511425e-06
19.0,127.0,1.6987445633276366e-05
19.0,128.0,1.1999344678770285e-05
19.0,129.0,7.009531145740766e-06
19.0,130.0,9.857412806013599e-06
19.0,131.0,1.6965381291811354e-05
19.0,132.0,1.1435697160777636e-05
19.0,133.0,2.1142988771316595e-05
19.0,134.0,2.3406784748658538e-05
19.0,135.0,1.4870965060254093e-05
19.0,136.0,0.00016010140825528651
19.0,137.0,5.378969945013523e-05
19.0,138.0,3.805753294727765e-05
19.0,139.0,0.00013156414206605405
19.0,140.0,0.0003153866855427623
19.0,141.0,0.0002987087646033615
19.0,142.0,0.00018079883011523634
19.0,143.0,0.0003153999277856201
19.0,144.0,0.0002203074691351503
19.0,145.0,4.8066511226352304e-05
19.0,146.0,2.8418087822501548e-05
19.0,147.0,4.026988608529791e-05
19.0,148.0,6.757788924005581e-06
19.0,149.0,1.073497060133377e-06
19.0,150.0,3.135502265649848e-05
19.0,151.0,1.7550527218190837e-06
19.0,152.0,9.050613130057172e-07
19.0,153.0,2.0203195560952736e-07
19.0,154.0,1.4115093094346776e-08
19.0,155.0,2.6306747713533696e-07
19.0,156.0,4.104931861093064e-08
19.0,157.0,4.307859668983838e-08
19.0,158.0,5.671557232744817e-07
19.0,159.0,1.135186380452069e-07
19.0,160.0,3.195870306171855e-07
19.0,161.0,6.6263364715268835e-06
19.0,162.0,1.7098254829761572e-06
19.0,163.0,5.027812221669592e-06
19.0,164.0,3.641340299509466e-05
19.0,165.0,1.259168675460387e-05
19.0,166.0,2.720706788750249e-06
19.0,167.0,5.497326583281392e-06
19.0,168.0,2.248622513434384e-05
19.0,169.0,2.810783735185396e-05
19.0,170.0,5.248053639661521e-05
19.0,171.0,1.999910091399215e-05
19.0,172.0,5.730980319640366e-06
19.0,173.0,6.623594526899979e-05
19.0,174.0,2.5160958102787845e-05
19.0,175.0,5.860320925421547e-06
19.0,176.0,5.58537503820844e-05
19.0,177.0,2.6408515623188578e-05
19.0,178.0,8.984352461993694e-06
19.0,179.0,5.66601192986127e-06
19.0,180.0,1.5612536117259879e-06
19.0,-179.0,5.370378062252712e-07
19.0,-178.0,5.328311090124771e-07
19.0,-177.0,5.916154464102874e-07
19.0,-176.0,3.1886233955447096e-06
19.0,-175.0,7.994774023245554e-06
19.0,-174.0,3.826159627351444e-06
19.0,-173.0,5.283154678181745e-06
19.0,-172.0,2.1727484636357985e-05
19.0,-171.0,1.3802669855067506e-05
19.0,-170.0,9.912701898429077e-06
19.0,-169.0,1.8431584976497106e-05
19.0,-168.0,5.925917776039569e-06
19.0,-167.0,1.7864165329228854e-06
19.0,-166.0,1.1480805369501468e-05
19.0,-165.0,5.434751983557362e-06
19.0,-164.0,3.874632966471836e-06
19.0,-163.0,1.0543721145950258e-05
19.0,-162.0,2.8030208341078833e-06
19.0,-161.0,2.5965500753954984e-06
19.0,-160.0,2.3356801648333203e-06
19.0,-159.0,2.548106749600265e-06
19.0,-158.0,5.181760116101941e-06
19.0,-157.0,4.383502982818754e-06
19.0,-156.0,4.7438693400181364e-06
19.0,-155.0,6.380294962582411e-06
19.0,-154.0,1.1289745089015923e-05
19.0,-153.0,8.435854397248477e-06
19.0,-152.0,2.5861339963739738e-05
19.0,-151.0,2.3027385395835154e-05
19.0,-150.0,1.5555669961031526e-05
19.0,-149.0,8.58833736856468e-05
19.0,-148.0,0.0003953401173930615
19.0,-147.0,0.0013518035411834717
19.0,-146.0,0.0003431427467148751
19.0,-145.0,0.00021635356824845076
19.0,-144.0,3.579016629373655e-05
19.0,-143.0,6.273281178437173e-05
19.0,-142.0,0.00022164809342939407
19.0,-141.0,4.939738937537186e-05
19.0,-140.0,0.00010474365262780339
19.0,-139.0,0.00022458203602582216
19.0,-138.0,0.0006706850253976882
19.0,-137.0,0.0017517645610496402
19.0,-136.0,0.004389765672385693
19.0,-135.0,0.006762572098523378
19.0,-134.0,0.02053173817694187
19.0,-133.0,0.00738092977553606
19.0,-132.0,0.007026212755590677
19.0,-131.0,0.009084968827664852
19.0,-130.0,0.0031073815189301968
19.0,-129.0,0.0013929822016507387
19.0,-128.0,0.0034274079371243715
19.0,-127.0,0.0003625997342169285
19.0,-126.0,7.048436964396387e-05
19.0,-125.0,0.00033906425232999027
19.0,-124.0,0.00022866578365210444
19.0,-123.0,0.02932615391910076
19.0,-122.0,1.4461779755947646e-05
19.0,-121.0,0.0001224514708155766
19.0,-120.0,4.386071668704972e-05
19.0,-119.0,8.453965710941702e-05
19.0,-118.0,2.83793324342696e-05
19.0,-117.0,6.395780928869499e-06
19.0,-116.0,1.0911035133176483e-05
19.0,-115.0,1.4463297759448324e-07
19.0,-114.0,1.526530832052231e-05
19.0,-113.0,9.583126666257158e-05
19.0,-112.0,0.0007979467627592385
19.0,-111.0,0.0009024032042361796
19.0,-110.0,0.0011380602372810245
19.0,-109.0,4.082954092154978e-06
19.0,-108.0,0.0010496616596356034
19.0,-107.0,0.0004191341286059469
19.0,-106.0,3.629643106251024e-05
19.0,-105.0,0.000860041007399559
19.0,-104.0,0.0005625307676382363
19.0,-103.0,0.004862527828663588
19.0,-102.0,0.0008636938873678446
19.0,-101.0,5.823498577228747e-05
19.0,-100.0,7.853159331716597e-05
19.0,-99.0,4.879666903434554e-06
19.0,-98.0,5.195010544412071e-06
19.0,-97.0,1.3135117171714228e-07
19.0,-96.0,7.186198858200044e-11
19.0,-95.0,2.5365621695527807e-05
19.0,-94.0,5.857655651198002e-06
19.0,-93.0,1.3015720412568044e-07
19.0,-92.0,1.7277234292123467e-05
19.0,-91.0,8.426359272561967e-06
19.0,-90.0,3.0459914341918193e-06
19.0,-89.0,4.345526576798875e-06
19.0,-88.0,5.812054268972133e-07
19.0,-87.0,5.521147613762878e-06
19.0,-86.0,6.715848940075375e-06
19.0,-85.0,1.639223592064809e-05
19.0,-84.0,1.6050249541876838e-05
19.0,-83.0,6.468771971412934e-06
19.0,-82.0,4.659203841583803e-05
19.0,-81.0,4.4465352402767166e-05
19.0,-80.0,3.0558450816897675e-05
19.0,-79.0,0.00011551085481187329
19.0,-78.0,3.638330326793948e-06
19.0,-77.0,7.967777492012829e-06
19.0,-76.0,1.34582451210008e-05
19.0,-75.0,1.2714180002149078e-06
19.0,-74.0,1.7191847518915893e-06
19.0,-73.0,2.5192034627252724e-06
19.0,-72.0,3.528634238136874e-07
19.0,-71.0,1.3923606729804305e-06
19.0,-70.0,1.5895144542810158e-06
19.0,-69.0,8.021282837944455e-07
19.0,-68.0,9.297559131482558e-07
19.0,-67.0,9.757286534295417e-07
19.0,-66.0,3.342456409427541e-07
19.0,-65.0,9.320507956545043e-07
19.0,-64.0,1.166630909210653e-06
19.0,-63.0,8.685548777975782e-07
19.0,-62.0,1.8573363149698707e-06
19.0,-61.0,2.658469838934252e-06
19.0,-60.0,3.2502109661436407e-06
19.0,-59.0,6.74085458740592e-06
19.0,-58.0,1.0173877853958402e-05
19.0,-57.0,8.436602911388036e-06
19.0,-56.0,8.492609595123213e-06
19.0,-55.0,1.8182316125603393e-05
19.0,-54.0,3.244887238906813e-06
19.0,-53.0,7.90986632637214e-06
19.0,-52.0,8.127715773298405e-06
19.0,-51.0,8.445255843980704e-06
19.0,-50.0,7.756078957754653e-06
19.0,-49.0,9.568226460032747e-07
19.0,-48.0,2.131677092620521e-06
19.0,-47.0,5.329396117303986e-06
19.0,-46.0,2.598650553409243e-06
19.0,-45.0,1.0454040420881938e-05
19.0,-44.0,1.1223318324482534e-05
19.0,-43.0,1.4697014194098301e-05
19.0,-42.0,1.833656097005587e-05
19.0,-41.0,2.0945770302205347e-05
19.0,-40.0,5.397241693572141e-05
19.0,-39.0,5.1283514039823785e-05
19.0,-38.0,7.445917435688898e-05
19.0,-37.0,3.6055458622286096e-05
19.0,-36.0,2.3852797312429175e-05
19.0,-35.0,5.717898238799535e-05
19.0,-34.0,0.0005901336553506553
19.0,-33.0,6.520906026707962e-05
19.0,-32.0,0.0005779314087703824
19.0,-31.0,0.0009287727880291641
19.0,-30.0,0.00048696878366172314
19.0,-29.0,0.0017532225465402007
19.0,-28.0,0.0018738849321380258
19.0,-27.0,0.08045788109302521
19.0,-26.0,0.46341946721076965
19.0,-25.0,0.030782321467995644
19.0,-24.0,0.002595423022285104
19.0,-23.0,0.7778498530387878
19.0,-22.0,0.02034994214773178
19.0,-21.0,0.003570978995412588
19.0,-20.0,0.004538252949714661
19.0,-19.0,0.0013796595158055425
19.0,-18.0,0.00012192251597298309
19.0,-17.0,0.0003903752949554473
19.0,-16.0,0.00403503468260169
19.0,-15.0,0.01125772763043642
19.0,-14.0,0.0020877348724752665
19.0,-13.0,0.7692670822143555
19.0,-12.0,0.00012509143562056124
19.0,-11.0,0.017262665554881096
19.0,-10.0,0.0015045360196381807
19.0,-9.0,6.525739445351064e-05
19.0,-8.0,0.0013666258892044425
19.0,-7.0,0.001000580145046115
19.0,-6.0,0.0032235076650977135
19.0,-5.0,0.013285833410918713
19.0,-4.0,0.0010783143807202578
19.0,-3.0,0.010088671930134296
19.0,-2.0,0.00041447568219155073
19.0,-1.0,0.0014039709931239486
20.0,0.0,0.004374705720692873
20.0,1.0,0.0020109410397708416
20.0,2.0,0.0014465722488239408
20.0,3.0,0.0017505191499367356
20.0,4.0,0.014806962572038174
20.0,5.0,0.011814890429377556
20.0,6.0,0.013759489171206951
20.0,7.0,0.019846243783831596
20.0,8.0,0.01174894068390131
20.0,9.0,0.007990016601979733
20.0,10.0,0.0007108640857040882
20.0,11.0,0.001205507549457252
20.0,12.0,0.005911410320550203
20.0,13.0,0.003101071808487177
20.0,14.0,0.0012910086661577225
20.0,15.0,0.0025797481648623943
20.0,16.0,0.0019038672326132655
20.0,17.0,0.00018785812426358461
20.0,18.0,0.00020389632845763117
20.0,19.0,0.00010863917123060673
20.0,20.0,1.4105993614066392e-05
20.0,21.0,2.8012762413709424e-05
20.0,22.0,6.212806056282716e-06
20.0,23.0,1.7344704019706114e-06
20.0,24.0,2.1654597048836877e-07
20.0,25.0,2.234384965049685e-06
20.0,26.0,2.2928901444174699e-07
20.0,27.0,1.4661067382348847e-07
20.0,28.0,3.498952310110326e-06
20.0,29.0,5.072909061709652e-07
20.0,30.0,5.611595383925305e-07
20.0,31.0,1.0426035714772297e-06
20.0,32.0,8.662352684041252e-07
20.0,33.0,1.1177900205439073e-06
20.0,34.0,2.7927292194362963e-06
20.0,35.0,3.0060834887990495e-06
20.0,36.0,6.968912657612236e-06
20.0,37.0,8.503711796947755e-06
20.0,38.0,3.197720798198134e-05
20.0,39.0,5.585732651525177e-05
20.0,40.0,4.211366467643529e-05
20.0,41.0,7.662978896405548e-05
20.0,42.0,2.1326455680537038e-05
20.0,43.0,1.3475185369316023e-05
20.0,44.0,5.5675504881946836e-06
20.0,45.0,7.239536444103578e-06
20.0,46.0,7.711727084824815e-05
20.0,47.0,6.789544499952171e-07
20.0,48.0,7.667472345929127e-08
20.0,49.0,0.00042839767411351204
20.0,50.0,3.4905622214864707e-07
20.0,51.0,2.7028570912079886e-05
20.0,52.0,7.424320210702717e-05
20.0,53.0,2.028375820373185e-05
20.0,54.0,3.873886726069031e-06
20.0,55.0,5.8680216170614585e-06
20.0,56.0,7.834028110664804e-07
20.0,57.0,5.198769486014498e-07
20.0,58.0,1.4357781765284017e-05
20.0,59.0,4.2331618033131235e-07
20.0,60.0,0.00017294268764089793
20.0,61.0,0.0010357382707297802
20.0,62.0,0.002088956069201231
20.0,63.0,0.0016905077500268817
20.0,64.0,0.003464300883933902
20.0,65.0,0.00026826022076420486
20.0,66.0,0.001925878576003015
20.0,67.0,0.0056440383195877075
20.0,68.0,2.720701195357833e-05
20.0,69.0,3.46122651535552e-05
20.0,70.0,0.0001839456963352859
20.0,71.0,2.9266936962812906e-06
20.0,72.0,1.9813860490103252e-06
20.0,73.0,3.5456769182928838e-06
20.0,74.0,6.738996205513104e-08
20.0,75.0,1.4463278574794458e-08
20.0,76.0,5.072270141681656e-07
20.0,77.0,7.0001675567255e-08
20.0,78.0,2.432571921673343e-10
20.0,79.0,8.215992863824795e-08
20.0,80.0,1.7594683043853365e-08
20.0,81.0,1.763844764690603e-10
20.0,82.0,5.2066410211049075e-11
20.0,83.0,2.218912609208701e-09
20.0,84.0,1.1479944772574413e-10
20.0,85.0,2.7269233746074484e-11
20.0,86.0,6.792625573126543e-09
20.0,87.0,2.1964858820666677e-09
20.0,88.0,2.7531035229344525e-09
20.0,89.0,5.169077255118282e-08
20.0,90.0,7.821436831534356e-10
20.0,91.0,2.4356429761951404e-08
20.0,92.0,1.4438492623725097e-09
20.0,93.0,4.9423478643007e-09
20.0,94.0,1.7119122048825375e-06
20.0,95.0,1.1830066796392202e-05
20.0,96.0,9.558763849781826e-06
20.0,97.0,0.00010498443589312956
20.0,98.0,7.2392263064102735e-06
20.0,99.0,3.1161947845248505e-05
20.0,100.0,2.4389835743932053e-05
20.0,101.0,0.0003082331386394799
20.0,102.0,0.002229558303952217
20.0,103.0,3.053037744393805e-06
20.0,104.0,5.244831299933139e-06
20.0,105.0,0.00024796207435429096
20.0,106.0,4.7193668706313474e-07
20.0,107.0,2.458112602354845e-10
20.0,108.0,3.3054614050342934e-06
20.0,109.0,8.443464025731373e-07
20.0,110.0,5.165795258221806e-08
20.0,111.0,2.7639320251182653e-05
20.0,112.0,6.973873922788698e-08
20.0,113.0,1.5464822354260832e-05
20.0,114.0,5.025526206736686e-06
20.0,115.0,2.411946411484678e-07
20.0,116.0,8.34720140119316e-06
20.0,117.0,1.1600629932217998e-06
20.0,118.0,2.7394030439609196e-06
20.0,119.0,2.1256242689560167e-05
20.0,120.0,4.4784083002014086e-06
20.0,121.0,0.00011806772818090394
20.0,122.0,1.695603168627713e-05
20.0,123.0,1.3724701602768619e-05
20.0,124.0,6.490747909992933e-05
20.0,125.0,1.5805258954060264e-05
20.0,126.0,5.835453066538321e-06
20.0,127.0,4.5790184231009334e-05
20.0,128.0,3.309578460175544e-05
20.0,129.0,4.6133595787978265e-06
20.0,130.0,8.848532888805494e-05
20.0,131.0,4.374062700662762e-05
20.0,132.0,8.183492172975093e-05
20.0,133.0,0.00045222166227176785
20.0,134.0,0.000488672754727304
20.0,135.0,0.0013563443208113313
20.0,136.0,0.0014365557581186295
20.0,137.0,0.00017272794502787292
20.0,138.0,0.0020309030078351498
20.0,139.0,0.0015446946490556002
20.0,140.0,0.00030818404047749937
20.0,141.0,0.0005284142098389566
20.0,142.0,0.00036761461524292827
20.0,143.0,0.00016112398589029908
20.0,144.0,0.00011817223276011646
20.0,145.0,2.5077406462514773e-06
20.0,146.0,1.53607707034098e-05
20.0,147.0,3.003504389198497e-06
20.0,148.0,8.637844075565226e-07
20.0,149.0,2.241627407784108e-05
20.0,150.0,1.5430761777679436e-05
20.0,151.0,2.3817176497686887e-06
20.0,152.0,9.217825208907016e-06
20.0,153.0,1.1145093594677746e-06
20.0,154.0,1.4012168314536666e-08
20.0,155.0,8.243413276431966e-07
20.0,156.0,9.554780433518317e-08
20.0,157.0,1.0644052395036852e-07
20.0,158.0,9.185127964883577e-06
20.0,159.0,1.0920501125610826e-07
20.0,160.0,7.07880687400575e-08
20.0,161.0,5.66049720873707e-06
20.0,162.0,1.7324435930277104e-06
20.0,163.0,1.126084384850401e-06
20.0,164.0,2.3205240722745657e-05
20.0,165.0,3.331923289806582e-05
20.0,166.0,4.561700279737124e-06
20.0,167.0,3.2599360565654933e-05
20.0,168.0,0.000251343211857602
20.0,169.0,0.00017180514987558126
20.0,170.0,7.555817319371272e-06
20.0,171.0,4.454576355783502e-06
20.0,172.0,1.7751227687767823e-06
20.0,173.0,1.5473688108613715e-05
20.0,174.0,3.6346784781926544e-06
20.0,175.0,6.414594281523023e-06
20.0,176.0,3.876469418173656e-05
20.0,177.0,4.8582318413536996e-05
20.0,178.0,2.2224150598049164e-05
20.0,179.0,5.525677352125058e-06
20.0,180.0,1.7810527879191795e-06
20.0,-179.0,1.7543300145916874e-06
20.0,-178.0,6.571991093551333e-07
20.0,-177.0,1.8116018054570304e-06
20.0,-176.0,1.9797994355030823e-06
20.0,-175.0,1.0716516953834798e-06
20.0,-174.0,6.687389031867497e-06
20.0,-173.0,1.6302456060657278e-05
20.0,-172.0,4.3586292122199666e-06
20.0,-171.0,1.2755351690429961e-06
20.0,-170.0,2.494122099960805e-06
20.0,-169.0,4.364423148217611e-06
20.0,-168.0,8.319921107613482e-07
20.0,-167.0,9.085195415536873e-06
20.0,-166.0,1.2512871762737632e-05
20.0,-165.0,2.1418782125692815e-06
20.0,-164.0,1.5002813597675413e-05
20.0,-163.0,8.911963050195482e-06
20.0,-162.0,3.3018852718669223e-06
20.0,-161.0,7.639583600393962e-06
20.0,-160.0,5.91430443819263e-06
20.0,-159.0,4.51830419478938e-06
20.0,-158.0,4.503132004174404e-06
20.0,-157.0,1.6703527307981858e-06
20.0,-156.0,7.599378022860037e-06
20.0,-155.0,9.074016816157382e-06
20.0,-154.0,9.853163646766916e-06
20.0,-153.0,3.689873483381234e-05
20.0,-152.0,3.436843689996749e-05
20.0,-151.0,2.724364458117634e-05
20.0,-150.0,9.406550816493109e-06
20.0,-149.0,4.8761710786493495e-05
20.0,-148.0,3.58182041964028e-05
20.0,-147.0,9.625934035284445e-05
20.0,-146.0,0.0003372833598405123
20.0,-145.0,0.00028188404394313693
20.0,-144.0,0.00012812920613214374
20.0,-143.0,0.0003045015037059784
20.0,-142.0,0.0006211480358615518
20.0,-141.0,0.00022394314873963594
20.0,-140.0,0.00011759782501030713
20.0,-139.0,9.595699521014467e-05
20.0,-138.0,0.0003222932864446193
20.0,-137.0,0.00032580216065980494
20.0,-136.0,0.0015341918915510178
20.0,-135.0,0.006120396312326193
20.0,-134.0,0.022031765431165695
20.0,-133.0,0.022906046360731125
20.0,-132.0,0.012273650616407394
20.0,-131.0,0.072938472032547
20.0,-130.0,0.007595683913677931
20.0,-129.0,0.0441228449344635
20.0,-128.0,0.10716544836759567
20.0,-127.0,0.0009076326387003064
20.0,-126.0,0.005252838134765625
20.0,-125.0,0.006226103287190199
20.0,-124.0,0.0006000397261232138
20.0,-123.0,0.004997470881789923
20.0,-122.0,0.0004388350644148886
20.0,-121.0,6.361433042911813e-05
20.0,-120.0,2.186173151130788e-05
20.0,-119.0,0.0001225991582032293
20.0,-118.0,3.0118175345705822e-05
20.0,-117.0,4.89591639052378e-06
20.0,-116.0,0.0015604626387357712
20.0,-115.0,3.4570156515201234e-08
20.0,-114.0,0.00011800975335063413
20.0,-113.0,0.00154559884686023
20.0,-112.0,6.133070087344095e-07
20.0,-111.0,4.6550154365831986e-05
20.0,-110.0,6.959991151234135e-05
20.0,-109.0,1.1802117114712019e-06
20.0,-108.0,7.4905360634147655e-06
20.0,-107.0,0.0006853838567622006
20.0,-106.0,5.318826879374683e-05
20.0,-105.0,0.004307379014790058
20.0,-104.0,0.0020634394604712725
20.0,-103.0,0.00017573402146808803
20.0,-102.0,0.00017220040899701416
20.0,-101.0,0.0008793603046797216
20.0,-100.0,3.646587401817669e-06
20.0,-99.0,5.363992841012077e-06
20.0,-98.0,7.977721907082014e-06
20.0,-97.0,1.2904078516839945e-07
20.0,-96.0,6.43783195641845e-08
20.0,-95.0,1.6928603372434736e-06
20.0,-94.0,9.266506140193087e-07
20.0,-93.0,1.8293712855665945e-06
20.0,-92.0,7.08248535374878e-06
20.0,-91.0,2.4374719941988587e-05
20.0,-90.0,5.174569014343433e-05
20.0,-89.0,2.880786496461951e-06
20.0,-88.0,2.3759100713505177e-06
20.0,-87.0,1.056854580383515e-05
20.0,-86.0,4.773801992996596e-05
20.0,-85.0,6.473282610386377e-06
20.0,-84.0,0.00020999157277401537
20.0,-83.0,6.527594814542681e-05
20.0,-82.0,4.778442962560803e-05
20.0,-81.0,0.000279959145700559
20.0,-80.0,0.0002138143463525921
20.0,-79.0,8.315412560477853e-05
20.0,-78.0,6.274202314671129e-05
20.0,-77.0,4.785091368830763e-05
20.0,-76.0,1.2193559086881578e-05
20.0,-75.0,3.489133814582601e-05
20.0,-74.0,1.1711126717273146e-05
20.0,-73.0,9.878539458441082e-06
20.0,-72.0,1.772941686795093e-05
20.0,-71.0,3.4435988709446974e-06
20.0,-70.0,2.9167099455662537e-06
20.0,-69.0,5.062193395133363e-06
20.0,-68.0,1.162069338533911e-06
20.0,-67.0,8.104852327051049e-07
20.0,-66.0,1.508295895291667e-06
20.0,-65.0,6.519659905279696e-07
20.0,-64.0,1.1372109156582155e-06
20.0,-63.0,2.2233277832128806e-06
20.0,-62.0,1.896283947644406e-06
20.0,-61.0,1.5324192190746544e-06
20.0,-60.0,2.9462037218763726e-06
20.0,-59.0,5.096222139400197e-06
20.0,-58.0,1.0454907169332728e-05
20.0,-57.0,3.5863836274074856e-06
20.0,-56.0,3.2729451504565077e-06
20.0,-55.0,2.451925638524699e-06
20.0,-54.0,9.948764727596426e-07
20.0,-53.0,1.5730531686131144e-06
20.0,-52.0,3.0315823096316308e-06
20.0,-51.0,2.3351958589046262e-05
20.0,-50.0,8.154392162396107e-06
20.0,-49.0,3.813998546320363e-06
20.0,-48.0,2.365896216360852e-05
20.0,-47.0,6.284069058892783e-06
20.0,-46.0,7.14121279088431e-06
20.0,-45.0,1.7752156054484658e-05
20.0,-44.0,1.822245030780323e-05
20.0,-43.0,5.3597791520587634e-06
20.0,-42.0,1.6718726328690536e-05
20.0,-41.0,7.1017398113326635e-06
20.0,-40.0,5.234082891547587e-06
20.0,-39.0,4.698041266237851e-06
20.0,-38.0,2.887359869419015e-06
20.0,-37.0,4.972577153239399e-05
20.0,-36.0,4.8470342335349414e-06
20.0,-35.0,8.281145710498095e-06
20.0,-34.0,0.00010907015530392528
20.0,-33.0,2.095278432534542e-05
20.0,-32.0,7.965644908836111e-05
20.0,-31.0,0.00045469350880011916
20.0,-30.0,0.00018547971558291465
20.0,-29.0,0.0002461333351675421
20.0,-28.0,0.00046725833090022206
20.0,-27.0,0.0013824411435052752
20.0,-26.0,0.0035212307702749968
20.0,-25.0,0.023867566138505936
20.0,-24.0,0.557934582233429
20.0,-23.0,0.06916380673646927
20.0,-22.0,0.15166497230529785
20.0,-21.0,0.05381133034825325
20.0,-20.0,0.058530520647764206
20.0,-19.0,0.004276500549167395
20.0,-18.0,0.9118229746818542
20.0,-17.0,0.0032307826913893223
20.0,-16.0,6.661772931693122e-05
20.0,-15.0,0.009044243954122066
20.0,-14.0,4.483053999138065e-05
20.0,-13.0,2.2192616597749293e-05
20.0,-12.0,0.0018206241074949503
20.0,-11.0,0.0003001260629389435
20.0,-10.0,0.004430200904607773
20.0,-9.0,0.0003782148996833712
20.0,-8.0,0.0001427162642357871
20.0,-7.0,0.002704618265852332
20.0,-6.0,0.060185302048921585
20.0,-5.0,0.000207542470889166
20.0,-4.0,9.02302999747917e-05
20.0,-3.0,0.0078226737678051
20.0,-2.0,0.001568754087202251
20.0,-1.0,0.0018586968071758747
21.0,0.0,0.012415631674230099
21.0,1.0,0.007005844730883837
21.0,2.0,0.06494699418544769
21.0,3.0,0.05834008753299713
21.0,4.0,0.009759380482137203
21.0,5.0,0.06114021688699722
21.0,6.0,0.01883561536669731
21.0,7.0,0.03417350351810455
21.0,8.0,0.057560887187719345
21.0,9.0,0.1715448796749115
21.0,10.0,0.05158759653568268
21.0,11.0,0.027730002999305725
21.0,12.0,0.011884919367730618
21.0,13.0,0.022811511531472206
21.0,14.0,0.007779605221003294
21.0,15.0,0.0030868863686919212
21.0,16.0,0.004427814390510321
21.0,17.0,5.879325544810854e-05
21.0,18.0,0.00011705018550856039
21.0,19.0,5.307695028022863e-05
21.0,20.0,7.964556061779149e-06
21.0,21.0,2.827592425092007e-06
21.0,22.0,7.638432180101518e-06
21.0,23.0,1.6221544001382426e-06
21.0,24.0,3.7540593211815576e-07
21.0,25.0,4.985200803275802e-07
21.0,26.0,4.692448101195623e-07
21.0,27.0,7.86211785452906e-07
21.0,28.0,4.4311985902822926e-07
21.0,29.0,4.550840628780861e-07
21.0,30.0,6.927940603418392e-07
21.0,31.0,6.035798492121103e-07
21.0,32.0,4.507518269747379e-07
21.0,33.0,7.039329261715466e-07
21.0,34.0,2.669989953574259e-06
21.0,35.0,4.612000338966027e-06
21.0,36.0,1.3414587556326296e-05
21.0,37.0,1.9293345758342184e-05
21.0,38.0,3.078146619373001e-05
21.0,39.0,1.9752487787627615e-06
21.0,40.0,1.0289749297953676e-05
21.0,41.0,1.4152467883832287e-05
21.0,42.0,5.310826509230537e-06
21.0,43.0,3.636505425674841e-06
21.0,44.0,7.656728939764434e-07
21.0,45.0,0.0004554196202661842
21.0,46.0,2.5283661670982838e-06
21.0,47.0,2.9335680551412224e-07
21.0,48.0,2.89638069261855e-06
21.0,49.0,9.404279262525961e-05
21.0,50.0,2.7199048417969607e-06
21.0,51.0,6.0397819652280305e-06
21.0,52.0,3.287041909061372e-05
21.0,53.0,2.3326361770159565e-05
21.0,54.0,2.4290266082971357e-06
21.0,55.0,9.030361070472281e-06
21.0,56.0,2.549657438066788e-06
21.0,57.0,2.119886175933061e-06
21.0,58.0,3.2826417282194598e-06
21.0,59.0,1.395626725297916e-07
21.0,60.0,0.0050657098181545734
21.0,61.0,7.0094374677864835e-06
21.0,62.0,0.00010453321010572836
21.0,63.0,0.002394871786236763
21.0,64.0,1.7956364217752707e-06
21.0,65.0,1.8170694602304138e-06
21.0,66.0,9.604563274479005e-06
21.0,67.0,8.027902822504984e-07
21.0,68.0,3.7033150874776766e-05
21.0,69.0,9.991857723434805e-07
21.0,70.0,4.5156838268667343e-07
21.0,71.0,5.271659119898686e-06
21.0,72.0,4.7738630826188455e-08
21.0,73.0,1.9842886445076147e-08
21.0,74.0,7.916040800637347e-08
21.0,75.0,6.039057325324393e-07
21.0,76.0,4.1111829496287555e-09
21.0,77.0,2.99591498276186e-08
21.0,78.0,9.31670740556001e-08
21.0,79.0,6.523252604750951e-09
21.0,80.0,2.385468267362967e-09
21.0,81.0,2.389798510193941e-07
21.0,82.0,2.292937395509398e-08
21.0,83.0,3.9152727282498745e-08
21.0,84.0,1.8530302270391985e-07
21.0,85.0,1.8885432107040856e-10
21.0,86.0,2.2908393404463823e-08
21.0,87.0,7.394703960272864e-09
21.0,88.0,5.071897901665068e-10
21.0,89.0,1.7097276838740072e-07
21.0,90.0,7.405886037759046e-08
21.0,91.0,4.235196371382699e-08
21.0,92.0,3.6717112683604114e-10
21.0,93.0,1.9820380003920945e-08
21.0,94.0,2.8989093792120002e-08
21.0,95.0,1.3321520953013533e-07
21.0,96.0,5.813839834445389e-06
21.0,97.0,5.468492076943221e-07
21.0,98.0,8.968892871052958e-06
21.0,99.0,3.267704596510157e-05
21.0,100.0,4.177291884843726e-06
21.0,101.0,4.975641786586493e-05
21.0,102.0,0.003244974883273244
21.0,103.0,8.486289857501106e-07
21.0,104.0,1.1961002201132942e-05
21.0,105.0,0.0006524875061586499
21.0,106.0,2.590384351464081e-09
21.0,107.0,0.0003948313242290169
21.0,108.0,3.5581182601163164e-05
21.0,109.0,6.743856033608608e-07
21.0,110.0,6.278260116232559e-05
21.0,111.0,7.677460416743997e-06
21.0,112.0,9.897401298530895e-08
21.0,113.0,5.704527339389642e-08
21.0,114.0,6.374128588504391e-06
21.0,115.0,2.1760875767995458e-08
21.0,116.0,1.865733736394759e-07
21.0,117.0,1.6776118627603864e-06
21.0,118.0,1.7892929804474988e-07
21.0,119.0,3.8988473534118384e-05
21.0,120.0,6.182185643410776e-06
21.0,121.0,1.4553093024005648e-05
21.0,122.0,4.0790506318444386e-05
21.0,123.0,6.951229443075135e-05
21.0,124.0,0.00015560636529698968
21.0,125.0,5.1738581532845274e-05
21.0,126.0,5.9708017943194136e-05
21.0,127.0,0.00013054914597887546
21.0,128.0,0.00031364423921331763
21.0,129.0,0.00028753557126037776
21.0,130.0,0.00039467192254960537
21.0,131.0,0.0005801047082059085
21.0,132.0,0.00029800020274706185
21.0,133.0,0.0007671816274523735
21.0,134.0,0.004124503117054701
21.0,135.0,0.002380876336246729
21.0,136.0,0.0012861203867942095
21.0,137.0,0.0004517468623816967
21.0,138.0,0.004757771268486977
21.0,139.0,0.0023442127276211977
21.0,140.0,0.0013879422331228852
21.0,141.0,0.002556856954470277
21.0,142.0,0.001325080986134708
21.0,143.0,0.0005331953288987279
21.0,144.0,0.0009574576397426426
21.0,145.0,0.00014363847731146961
21.0,146.0,0.00012303997937124223
21.0,147.0,7.598087540827692e-05
21.0,148.0,6.806927103752969e-06
21.0,149.0,0.00023429124848917127
21.0,150.0,6.271073971220176e-07
21.0,151.0,6.616656264668563e-06
21.0,152.0,1.0008957360696513e-05
21.0,153.0,8.430904472334078e-07
21.0,154.0,2.298236950082355e-06
21.0,155.0,8.412337848540119e-08
21.0,156.0,2.0101762476798513e-09
21.0,157.0,4.7439820605177374e-07
21.0,158.0,9.993098615268536e-08
21.0,159.0,3.385201452488218e-08
21.0,160.0,2.104902250721352e-06
21.0,161.0,3.22321568546613e-07
21.0,162.0,7.295226964743051e-07
21.0,163.0,6.810335889895214e-06
21.0,164.0,3.56917007593438e-05
21.0,165.0,5.495557707035914e-05
21.0,166.0,6.115768337622285e-05
21.0,167.0,6.0818030760856345e-05
21.0,168.0,9.161631896859035e-05
21.0,169.0,0.00040901871398091316
21.0,170.0,0.00010240849223919213
21.0,171.0,6.185553502291441e-05
21.0,172.0,0.0001519479410490021
21.0,173.0,0.00011041211109841242
21.0,174.0,8.305388473672792e-05
21.0,175.0,0.00018954671395476907
21.0,176.0,5.5392334616044536e-05
21.0,177.0,0.00011961157724726945
21.0,178.0,2.19831144931959e-05
21.0,179.0,1.578546653036028e-05
21.0,180.0,1.4763685612706468e-05
21.0,-179.0,5.5242812777578365e-06
21.0,-178.0,4.818899924430298e-06
21.0,-177.0,9.222317203239072e-06
21.0,-176.0,5.139405857335078e-06
21.0,-175.0,2.0920078895869665e-05
21.0,-174.0,3.540810939739458e-05
21.0,-173.0,5.563861122936942e-06
21.0,-172.0,7.172280220402172e-06
21.0,-171.0,2.3010529730527196e-06
21.0,-170.0,4.9182244765688665e-06
21.0,-169.0,8.668256668897811e-06
21.0,-168.0,4.488148078962695e-06
21.0,-167.0,4.54826295026578e-05
21.0,-166.0,1.7170381170217297e-06
21.0,-165.0,6.5667054514051415e-06
21.0,-164.0,7.822895713616163e-05
21.0,-163.0,1.6685453374520876e-05
21.0,-162.0,1.8614377040648833e-05
21.0,-161.0,1.3879532161809038e-05
21.0,-160.0,2.1722800738643855e-05
21.0,-159.0,3.462936729192734e-05
21.0,-158.0,1.214327676279936e-05
21.0,-157.0,4.7765570343472064e-05
21.0,-156.0,4.519303547567688e-05
21.0,-155.0,1.2907963537145406e-05
21.0,-154.0,9.466928531765006e-06
21.0,-153.0,2.595443402242381e-05
21.0,-152.0,2.6213352612103336e-05
21.0,-151.0,2.6794210498337634e-05
21.0,-150.0,5.70017728023231e-05
21.0,-149.0,2.634507472976111e-05
21.0,-148.0,0.000278469204204157
21.0,-147.0,0.0002059239341178909
21.0,-146.0,8.08660188340582e-05
21.0,-145.0,0.002884917426854372
21.0,-144.0,0.000942909624427557
21.0,-143.0,0.0002565419999882579
21.0,-142.0,0.00048597552813589573
21.0,-141.0,0.00010377225407864898
21.0,-140.0,0.0017387036932632327
21.0,-139.0,6.876333645777777e-05
21.0,-138.0,2.6377956601209007e-05
21.0,-137.0,0.0007661696872673929
21.0,-136.0,0.0003692307509481907
21.0,-135.0,0.0005399843212217093
21.0,-134.0,0.008517855778336525
21.0,-133.0,0.001441802829504013
21.0,-132.0,0.005184297449886799
21.0,-131.0,0.03889356553554535
21.0,-130.0,0.009095164947211742
21.0,-129.0,0.17492686212062836
21.0,-128.0,0.1677730232477188
21.0,-127.0,0.054269928485155106
21.0,-126.0,0.01814575120806694
21.0,-125.0,0.012906329706311226
21.0,-124.0,0.02443057857453823
21.0,-123.0,0.0034680296666920185
21.0,-122.0,0.0006306009599938989
21.0,-121.0,0.000505048141349107
21.0,-120.0,3.616278991103172e-05
21.0,-119.0,0.0006776200025342405
21.0,-118.0,5.364368576010747e-07
21.0,-117.0,0.000168690545251593
21.0,-116.0,0.007304934319108725
21.0,-115.0,0.0055613527074456215
21.0,-114.0,8.20019340608269e-05
21.0,-113.0,9.774477075552568e-05
21.0,-112.0,0.0014706406509503722
21.0,-111.0,1.5673876987420954e-05
21.0,-110.0,4.706041636381997e-06
21.0,-109.0,0.0012677363120019436
21.0,-108.0,2.125697210431099e-05
21.0,-107.0,4.0886116039473563e-05
21.0,-106.0,0.001869114930741489
21.0,-105.0,0.0016281752614304423
21.0,-104.0,0.001747455564327538
21.0,-103.0,0.0003884671605192125
21.0,-102.0,0.0023591984063386917
21.0,-101.0,0.0004134461341891438
21.0,-100.0,3.23380263580475e-05
21.0,-99.0,0.00023033931211102754
21.0,-98.0,1.755196717567742e-05
21.0,-97.0,1.096300707104092e-06
21.0,-96.0,2.959496328003297e-07
21.0,-95.0,9.636389222578146e-06
21.0,-94.0,2.8818194550694898e-06
21.0,-93.0,1.602908014319837e-05
21.0,-92.0,5.986719406791963e-05
21.0,-91.0,7.5809788540937e-05
21.0,-90.0,0.00011632106179604307
21.0,-89.0,0.00028124169330112636
21.0,-88.0,3.5217606637161225e-05
21.0,-87.0,1.4138113328954205e-05
21.0,-86.0,3.6618792364606634e-05
21.0,-85.0,4.065086898208392e-07
21.0,-84.0,2.737446720857406e-06
21.0,-83.0,3.825263411272317e-05
21.0,-82.0,3.436470069573261e-05
21.0,-81.0,6.148691318230703e-05
21.0,-80.0,0.0004127469437662512
21.0,-79.0,2.0223998944857158e-05
21.0,-78.0,1.21475040941732e-05
21.0,-77.0,9.527290239930153e-05
21.0,-76.0,2.598420178401284e-05
21.0,-75.0,2.3044211047817953e-05
21.0,-74.0,0.0001963634422281757
21.0,-73.0,5.8027984778163955e-05
21.0,-72.0,6.969402602408081e-05
21.0,-71.0,2.0505931388470344e-05
21.0,-70.0,1.551670538901817e-05
21.0,-69.0,6.1505288613261655e-06
21.0,-68.0,3.1696590667706914e-06
21.0,-67.0,2.7578541903494624e-06
21.0,-66.0,2.5540791739331326e-06
21.0,-65.0,1.2062871519447071e-06
21.0,-64.0,8.164641371877224e-07
21.0,-63.0,2.651544946274953e-06
21.0,-62.0,1.6197135437323595e-06
21.0,-61.0,2.156611117243301e-06
21.0,-60.0,4.168822670180816e-06
21.0,-59.0,6.463486897700932e-06
21.0,-58.0,3.760885647352552e-06
21.0,-57.0,5.337152288120706e-06
21.0,-56.0,6.9419879764609504e-06
21.0,-55.0,4.425891347636934e-06
21.0,-54.0,8.11030258773826e-06
21.0,-53.0,9.19220838113688e-06
21.0,-52.0,1.2130555660405662e-05
21.0,-51.0,1.2161448466940783e-05
21.0,-50.0,1.5356905350927263e-05
21.0,-49.0,7.5545490290096495e-06
21.0,-48.0,4.4504685092761065e-07
21.0,-47.0,1.1430776680754207e-07
21.0,-46.0,3.70692028184294e-08
21.0,-45.0,1.2583439001900842e-07
21.0,-44.0,2.4754278911132133e-06
21.0,-43.0,3.4524116472312016e-06
21.0,-42.0,1.5039479421830038e-06
21.0,-41.0,2.5699998786876677e-06
21.0,-40.0,3.356847457780532e-07
21.0,-39.0,2.501737981219776e-06
21.0,-38.0,3.846856998279691e-06
21.0,-37.0,3.895068857673323e-06
21.0,-36.0,7.073028427839745e-06
21.0,-35.0,2.6776480808621272e-05
21.0,-34.0,7.816267316229641e-05
21.0,-33.0,2.5695620934129693e-05
21.0,-32.0,0.00011068999447161332
21.0,-31.0,0.00022746894683223218
21.0,-30.0,8.98741782293655e-05
21.0,-29.0,0.0005647530779242516
21.0,-28.0,0.0009714399930089712
21.0,-27.0,0.00027926123584620655
21.0,-26.0,0.005356320645660162
21.0,-25.0,0.003646282944828272
21.0,-24.0,0.06702356785535812
21.0,-23.0,0.06318420171737671
21.0,-22.0,0.2394227832555771
21.0,-21.0,0.8809855580329895
21.0,-20.0,0.003948632627725601
21.0,-19.0,0.01883787475526333
21.0,-18.0,0.9755761027336121
21.0,-17.0,0.19261600077152252
21.0,-16.0,0.000520524219609797
21.0,-15.0,0.02746378816664219
21.0,-14.0,0.006119732279330492
21.0,-13.0,6.456141272792593e-05
21.0,-12.0,0.00016560823132749647
21.0,-11.0,0.001390148070640862
21.0,-10.0,8.503706339979544e-05
21.0,-9.0,0.029328269883990288
21.0,-8.0,8.86627021827735e-05
21.0,-7.0,0.001977963373064995
21.0,-6.0,0.41447314620018005
21.0,-5.0,0.00102982297539711
21.0,-4.0,0.22281578183174133
21.0,-3.0,0.10200857371091843
21.0,-2.0,0.05691436305642128
21.0,-1.0,0.26969560980796814
22.0,0.0,0.002174981636926532
22.0,1.0,0.0021618795581161976
22.0,2.0,0.004433796741068363
22.0,3.0,0.0006500866147689521
22.0,4.0,0.0004288499476388097
22.0,5.0,0.021179314702749252
22.0,6.0,0.033879008144140244
22.0,7.0,0.09707839787006378
22.0,8.0,0.37675777077674866
22.0,9.0,0.6483097076416016
22.0,10.0,0.6222904920578003
22.0,11.0,0.15511493384838104
22.0,12.0,0.016133001074194908
22.0,13.0,0.002955205272883177
22.0,14.0,0.008682857267558575
22.0,15.0,0.008907792158424854
22.0,16.0,0.002529905177652836
22.0,17.0,0.0004455079324543476
22.0,18.0,0.005382448434829712
22.0,19.0,0.00015555904246866703
22.0,20.0,2.5017045118147507e-05
22.0,21.0,0.00016925153613556176
22.0,22.0,7.234105396491941e-06
22.0,23.0,3.486397872620728e-06
22.0,24.0,3.6248682135919807e-06
22.0,25.0,3.928120406726521e-07
22.0,26.0,7.028320965218882e-07
22.0,27.0,5.724146490138082e-07
22.0,28.0,2.1450576070947136e-07
22.0,29.0,4.781298912348575e-07
22.0,30.0,5.326888867784874e-07
22.0,31.0,4.0460230366079486e-07
22.0,32.0,2.412098638160387e-06
22.0,33.0,1.564428316669364e-06
22.0,34.0,4.385175543575315e-06
22.0,35.0,6.0803758969996125e-06
22.0,36.0,3.0113026241451735e-06
22.0,37.0,2.0055367713212036e-05
22.0,38.0,1.4865804587316234e-05
22.0,39.0,8.663628250360489e-06
22.0,40.0,5.706182491849177e-06
22.0,41.0,1.5836891407161602e-06
22.0,42.0,3.4944034723594086e-06
22.0,43.0,1.312527473373848e-07
22.0,44.0,1.5493047840209329e-06
22.0,45.0,6.394951924448833e-06
22.0,46.0,2.39113234101751e-07
22.0,47.0,2.163717454095604e-07
22.0,48.0,3.345273216837086e-05
22.0,49.0,1.5749814338050783e-05
22.0,50.0,9.3516046035802e-06
22.0,51.0,0.0005808311398141086
22.0,52.0,0.00013244221918284893
22.0,53.0,1.1803573215729557e-05
22.0,54.0,0.0001388140517519787
22.0,55.0,9.453477105125785e-06
22.0,56.0,3.7804983321620966e-07
22.0,57.0,7.95003870734945e-06
22.0,58.0,1.9522333616350807e-07
22.0,59.0,5.350314040697413e-07
22.0,60.0,8.088245095905222e-08
22.0,61.0,0.002145639155060053
22.0,62.0,0.00020934425992891192
22.0,63.0,0.0004964188556186855
22.0,64.0,0.002777484944090247
22.0,65.0,0.0001099532819353044
22.0,66.0,7.947449921630323e-05
22.0,67.0,9.031497938849498e-06
22.0,68.0,1.0712644780142e-06
22.0,69.0,0.004893781151622534
22.0,70.0,1.4187873603077605e-05
22.0,71.0,1.0593727211016812e-06
22.0,72.0,0.00010399810707895085
22.0,73.0,2.5459030439378694e-07
22.0,74.0,2.0799527646886418e-06
22.0,75.0,2.7049197797168745e-06
22.0,76.0,2.709660407163028e-07
22.0,77.0,2.0086899894522503e-06
22.0,78.0,4.248364007253258e-07
22.0,79.0,6.651382022937469e-08
22.0,80.0,2.565289092260059e-09
22.0,81.0,2.0268590361638417e-08
22.0,82.0,3.544094795415731e-09
22.0,83.0,2.810668604524835e-07
22.0,84.0,3.909474699526072e-08
22.0,85.0,2.8811873775680397e-08
22.0,86.0,1.231039874483031e-07
22.0,87.0,5.6650161894822304e-08
22.0,88.0,2.8916202765572052e-08
22.0,89.0,2.0245678911123832e-08
22.0,90.0,1.2379315705857152e-07
22.0,91.0,4.0600266260071294e-08
22.0,92.0,4.6036582546093996e-08
22.0,93.0,5.585255813400636e-09
22.0,94.0,6.348917054310732e-07
22.0,95.0,7.192298312475032e-08
22.0,96.0,1.6456879166071303e-05
22.0,97.0,1.8061714399664197e-06
22.0,98.0,4.3798749516099633e-07
22.0,99.0,1.3098969247948844e-05
22.0,100.0,2.453164711369027e-07
22.0,101.0,2.7038728148909286e-05
22.0,102.0,0.0012957729632034898
22.0,103.0,3.7830474752809096e-08
22.0,104.0,1.1377075679774862e-05
22.0,105.0,0.020370911806821823
22.0,106.0,1.6704541749845703e-08
22.0,107.0,1.1814677236543503e-05
22.0,108.0,3.178605766152032e-05
22.0,109.0,1.6817639503230453e-09
22.0,110.0,2.3206347066206945e-07
22.0,111.0,1.5365149863555416e-07
22.0,112.0,6.418147679987385e-10
22.0,113.0,5.288470106279419e-08
22.0,114.0,6.996239143575167e-09
22.0,115.0,5.4712439023774095e-09
22.0,116.0,2.03165157586227e-07
22.0,117.0,2.1062016131168093e-08
22.0,118.0,6.730556378897745e-08
22.0,119.0,9.938401490217075e-06
22.0,120.0,1.2720752238237765e-06
22.0,121.0,6.250126261875266e-06
22.0,122.0,1.7210042642545886e-05
22.0,123.0,9.628480256651528e-06
22.0,124.0,2.6763307687360793e-05
22.0,125.0,7.22091572242789e-05
22.0,126.0,2.2444317437475547e-05
22.0,127.0,0.00015970849199220538
22.0,128.0,0.0018843594007194042
22.0,129.0,0.001479653175920248
22.0,130.0,0.0014326150994747877
22.0,131.0,0.005653937812894583
22.0,132.0,0.0014054076746106148
22.0,133.0,0.0032144791912287474
22.0,134.0,0.007023242302238941
22.0,135.0,0.0024495916441082954
22.0,136.0,0.0014839110663160682
22.0,137.0,0.001451119314879179
22.0,138.0,0.0021973138209432364
22.0,139.0,0.0049340995028615
22.0,140.0,0.003920889925211668
22.0,141.0,0.004287230782210827
22.0,142.0,0.005032647866755724
22.0,143.0,0.00959115382283926
22.0,144.0,0.007177938707172871
22.0,145.0,0.011218670755624771
22.0,146.0,0.0081351138651371
22.0,147.0,0.0001522372622275725
22.0,148.0,0.0007485356763936579
22.0,149.0,7.756147533655167e-05
22.0,150.0,0.0007586570573039353
22.0,151.0,6.502134056063369e-06
22.0,152.0,5.037662731410819e-07
22.0,153.0,1.1389975043130107e-06
22.0,154.0,1.0675353223632555e-05
22.0,155.0,1.615417346556569e-07
22.0,156.0,7.527808065788122e-08
22.0,157.0,3.7908341710135574e-07
22.0,158.0,1.8996421147221554e-07
22.0,159.0,2.032318064948413e-07
22.0,160.0,1.6115382095449604e-07
22.0,161.0,3.1953126722328307e-07
22.0,162.0,3.5819164168060524e-06
22.0,163.0,1.3260631703815307e-06
22.0,164.0,4.35688161815051e-05
22.0,165.0,0.00010150247544515878
22.0,166.0,8.443621482001618e-06
22.0,167.0,0.0002313491131644696
22.0,168.0,7.915245805634186e-05
22.0,169.0,9.957655856851488e-05
22.0,170.0,9.528729606245179e-06
22.0,171.0,3.3108601201092824e-05
22.0,172.0,2.8294562071096152e-05
22.0,173.0,5.4331885621650144e-05
22.0,174.0,0.0002239151654066518
22.0,175.0,0.0002118475822499022
22.0,176.0,0.0001612979976925999
22.0,177.0,3.441383523750119e-05
22.0,178.0,3.121703048236668e-05
22.0,179.0,2.8827575079048984e-05
22.0,180.0,1.6855268768267706e-05
22.0,-179.0,2.618719190650154e-05
22.0,-178.0,1.4868071048113052e-05
22.0,-177.0,6.592714726139093e-06
22.0,-176.0,2.0820285499212332e-05
22.0,-175.0,2.7959458748227917e-05
22.0,-174.0,1.3070982276985887e-05
22.0,-173.0,1.3944633792561945e-05
22.0,-172.0,1.2589488505909685e-05
22.0,-171.0,8.739324584894348e-06
22.0,-170.0,3.986273895861814e-06
22.0,-169.0,7.799329068802763e-06
22.0,-168.0,2.0469140508794226e-05
22.0,-167.0,4.86064300275757e-06
22.0,-166.0,4.03488274969277e-06
22.0,-165.0,0.0002155269030481577
22.0,-164.0,0.0001719984138617292
22.0,-163.0,2.1909985662205145e-05
22.0,-162.0,1.4080388609727379e-05
22.0,-161.0,1.5391578926937655e-05
22.0,-160.0,4.248294862918556e-05
22.0,-159.0,5.680728281731717e-05
22.0,-158.0,3.0178807719494216e-05
22.0,-157.0,1.691039688012097e-05
22.0,-156.0,2.3756725568091497e-05
22.0,-155.0,5.467957180371741e-06
22.0,-154.0,6.660885446763132e-06
22.0,-153.0,2.1377891243901104e-05
22.0,-152.0,9.948518709279597e-06
22.0,-151.0,7.466010720236227e-05
22.0,-150.0,4.7888031986076385e-05
22.0,-149.0,1.9736291505978443e-05
22.0,-148.0,7.789287337800488e-05
22.0,-147.0,4.142999023315497e-05
22.0,-146.0,7.361120515270159e-05
22.0,-145.0,0.0043599531054496765
22.0,-144.0,0.00018146393995266408
22.0,-143.0,0.00047709624050185084
22.0,-142.0,0.0011388735147193074
22.0,-141.0,5.4723230277886614e-05
22.0,-140.0,0.0005258005694486201
22.0,-139.0,0.0001706355542410165
22.0,-138.0,4.824317147722468e-05
22.0,-137.0,0.00011077118688262999
22.0,-136.0,0.00048595349653624
22.0,-135.0,7.691053906455636e-05
22.0,-134.0,0.0009371445048600435
22.0,-133.0,0.0019842565525323153
22.0,-132.0,0.0004397167358547449
22.0,-131.0,0.0027631286066025496
22.0,-130.0,0.011959931813180447
22.0,-129.0,0.03384116291999817
22.0,-128.0,0.037599869072437286
22.0,-127.0,0.02836996130645275
22.0,-126.0,0.05174743011593819
22.0,-125.0,0.2484545260667801
22.0,-124.0,0.0008423399995081127
22.0,-123.0,0.004002932924777269
22.0,-122.0,0.011383340694010258
22.0,-121.0,0.0005085106822662055
22.0,-120.0,8.910586075216997e-06
22.0,-119.0,0.0007183134439401329
22.0,-118.0,6.63765104036429e-06
22.0,-117.0,0.0004944755346514285
22.0,-116.0,3.171090554587863e-07
22.0,-115.0,0.0005290100816637278
22.0,-114.0,2.6972646082867868e-05
22.0,-113.0,7.633901191184123e-07
22.0,-112.0,0.00010252994979964569
22.0,-111.0,5.5257376516237855e-05
22.0,-110.0,4.153013833274599e-06
22.0,-109.0,2.8904407372465357e-05
22.0,-108.0,9.657663758844137e-05
22.0,-107.0,0.0007910647545941174
22.0,-106.0,0.001535206800326705
22.0,-105.0,0.0061869327910244465
22.0,-104.0,0.015477191656827927
22.0,-103.0,0.0010186174185946584
22.0,-102.0,0.0008130291244015098
22.0,-101.0,0.0061632441356778145
22.0,-100.0,0.0002465478901285678
22.0,-99.0,0.01390192098915577
22.0,-98.0,0.00019251125922892243
22.0,-97.0,7.092431769706309e-05
22.0,-96.0,0.00023187516489997506
22.0,-95.0,0.0003784852451644838
22.0,-94.0,4.342229203757597e-06
22.0,-93.0,0.00025224467390216887
22.0,-92.0,0.0008745669038034976
22.0,-91.0,7.162594556575641e-05
22.0,-90.0,5.122597940498963e-06
22.0,-89.0,0.0008495163638144732
22.0,-88.0,0.0002765267563518137
22.0,-87.0,3.365901648066938e-06
22.0,-86.0,3.15097531711217e-05
22.0,-85.0,6.55714757158421e-05
22.0,-84.0,4.677547451592545e-07
22.0,-83.0,2.0017751012346707e-06
22.0,-82.0,2.3603249701409368e-06
22.0,-81.0,1.3404844594333554e-06
22.0,-80.0,5.574297574639786e-06
22.0,-79.0,5.403019895311445e-05
22.0,-78.0,8.330016498803161e-06
22.0,-77.0,7.551794283244817e-07
22.0,-76.0,6.5965132307610475e-06
22.0,-75.0,1.1844212167488877e-05
22.0,-74.0,9.902119927573949e-06
22.0,-73.0,0.00010288016346748918
22.0,-72.0,4.9930527893593535e-05
22.0,-71.0,6.937064608791843e-05
22.0,-70.0,2.864533780666534e-05
22.0,-69.0,1.8783248378895223e-05
22.0,-68.0,1.571692519064527e-05
22.0,-67.0,4.096491920790868e-06
22.0,-66.0,3.7400191104097757e-06
22.0,-65.0,6.650520390394377e-06
22.0,-64.0,2.237095031887293e-06
22.0,-63.0,3.9076185203157365e-06
22.0,-62.0,5.257360498944763e-06
22.0,-61.0,4.005854407296283e-06
22.0,-60.0,8.298775355797261e-06
22.0,-59.0,6.557281722052721e-06
22.0,-58.0,5.457709448819514e-06
22.0,-57.0,8.831991181068588e-06
22.0,-56.0,1.889661689347122e-05
22.0,-55.0,9.128968486038502e-06
22.0,-54.0,1.5444011296494864e-05
22.0,-53.0,2.6638435883796774e-05
22.0,-52.0,1.7137470422312617e-05
22.0,-51.0,1.1578740668483078e-05
22.0,-50.0,1.930907728819875e-06
22.0,-49.0,9.637327025302511e-08
22.0,-48.0,7.748197106138832e-08
22.0,-47.0,5.356986321203294e-08
22.0,-46.0,1.2184383990643255e-07
22.0,-45.0,9.760897867749918e-09
22.0,-44.0,7.711486205153051e-08
22.0,-43.0,1.5830683253170719e-07
22.0,-42.0,1.2035908980578824e-07
22.0,-41.0,4.873016905548866e-07
22.0,-40.0,2.041218323256544e-07
22.0,-39.0,2.646048187671113e-06
22.0,-38.0,1.119085936807096e-06
22.0,-37.0,1.3442546560327173e-06
22.0,-36.0,5.3562944231089205e-06
22.0,-35.0,1.0504648344067391e-05
22.0,-34.0,8.975881792139262e-05
22.0,-33.0,0.00011760287452489138
22.0,-32.0,0.0001579827512614429
22.0,-31.0,0.00015418845578096807
22.0,-30.0,0.00033437545062042773
22.0,-29.0,0.0004950445145368576
22.0,-28.0,0.0001912762236315757
22.0,-27.0,0.0008689280366525054
22.0,-26.0,0.0006905213813297451
22.0,-25.0,0.003196744015440345
22.0,-24.0,0.005263802595436573
22.0,-23.0,0.04300359636545181
22.0,-22.0,0.23576883971691132
22.0,-21.0,0.15753264725208282
22.0,-20.0,0.024773718789219856
22.0,-19.0,0.1293565034866333
22.0,-18.0,0.056910693645477295
22.0,-17.0,0.0004942945670336485
22.0,-16.0,0.009719333611428738
22.0,-15.0,0.1611139327287674
22.0,-14.0,0.026558279991149902
22.0,-13.0,0.005657989531755447
22.0,-12.0,0.005127341952174902
22.0,-11.0,0.0020013730973005295
22.0,-10.0,0.0034557741601020098
22.0,-9.0,0.014335649088025093
22.0,-8.0,0.010279105044901371
22.0,-7.0,0.0019571231678128242
22.0,-6.0,0.0009070499800145626
22.0,-5.0,0.0005279232864268124
22.0,-4.0,0.003536370350047946
22.0,-3.0,0.0019442663760855794
22.0,-2.0,0.0531947985291481
22.0,-1.0,0.01526116393506527
23.0,0.0,0.0019079779740422964
23.0,1.0,0.0003777684469241649
23.0,2.0,0.014634939841926098
23.0,3.0,0.0064872149378061295
23.0,4.0,0.007748850155621767
23.0,5.0,0.04443851858377457
23.0,6.0,0.02556505985558033
23.0,7.0,0.008517803624272346
23.0,8.0,0.08294393122196198
23.0,9.0,0.26384487748146057
23.0,10.0,0.07780592888593674
23.0,11.0,0.3574463427066803
23.0,12.0,0.04582267999649048
23.0,13.0,0.014776309952139854
23.0,14.0,0.024610133841633797
23.0,15.0,0.0016946103423833847
23.0,16.0,0.0016437004087492824
23.0,17.0,0.005023496691137552
23.0,18.0,0.0014985556481406093
23.0,19.0,0.003166596172377467
23.0,20.0,5.255069481790997e-05
23.0,21.0,3.3920336136361584e-05
23.0,22.0,5.525962023966713e-06
23.0,23.0,6.59503314182075e-07
23.0,24.0,1.0235413583359332e-06
23.0,25.0,1.8369887300195842e-07
23.0,26.0,2.3495152845498524e-07
23.0,27.0,1.1018329132639337e-05
23.0,28.0,4.201091741151686e-08
23.0,29.0,8.800731166047626e-08
23.0,30.0,1.0506965963941184e-06
23.0,31.0,2.9750799512839876e-07
23.0,32.0,6.18856290657277e-07
23.0,33.0,3.6362632727104938e-06
23.0,34.0,9.468674875279248e-07
23.0,35.0,1.7340815929856035e-06
23.0,36.0,7.891339009802323e-06
23.0,37.0,1.5689358860981883e-06
23.0,38.0,1.012942084344104e-05
23.0,39.0,2.072614552162122e-05
23.0,40.0,2.427345179967233e-06
23.0,41.0,1.8326644521948765e-06
23.0,42.0,1.5935913211251318e-07
23.0,43.0,4.256870852259453e-06
23.0,44.0,2.6268963893016917e-07
23.0,45.0,1.3179691222831025e-06
23.0,46.0,3.1057215892360546e-06
23.0,47.0,4.591869128489634e-06
23.0,48.0,1.1816513506346382e-05
23.0,49.0,2.5136638214462437e-05
23.0,50.0,3.554424984031357e-05
23.0,51.0,0.1299475133419037
23.0,52.0,0.00021834217477589846
23.0,53.0,0.0014494708739221096
23.0,54.0,0.0022780196741223335
23.0,55.0,1.992168472497724e-05
23.0,56.0,2.9883642582717584e-06
23.0,57.0,6.999947800068185e-05
23.0,58.0,3.2662073863320984e-06
23.0,59.0,2.0909171780658653e-06
23.0,60.0,6.917608516232576e-06
23.0,61.0,1.4188141904014628e-05
23.0,62.0,0.006445564795285463
23.0,63.0,0.0031757226679474115
23.0,64.0,0.00012603538925759494
23.0,65.0,0.0011570503702387214
23.0,66.0,0.00012316992797423154
23.0,67.0,1.2331800007814309e-06
23.0,68.0,0.0036793446633964777
23.0,69.0,3.199453146862652e-07
23.0,70.0,1.1507775177221902e-08
23.0,71.0,2.3649714421480894e-05
23.0,72.0,4.441095825313823e-06
23.0,73.0,4.829854849397464e-10
23.0,74.0,2.2723403958480048e-07
23.0,75.0,4.758734917231777e-08
23.0,76.0,4.530696969595738e-06
23.0,77.0,1.2325756415521028e-06
23.0,78.0,1.0651974235997841e-07
23.0,79.0,3.4925767522508977e-07
23.0,80.0,2.6006727438243615e-08
23.0,81.0,3.983416263508843e-06
23.0,82.0,6.114300958870444e-07
23.0,83.0,3.2049818354806803e-09
23.0,84.0,2.8983095035073347e-06
23.0,85.0,1.7939572671821225e-06
23.0,86.0,4.36282370230856e-08
23.0,87.0,2.110766317287016e-08
23.0,88.0,1.206773561079899e-07
23.0,89.0,4.5444603635758085e-10
23.0,90.0,6.295168475389801e-08
23.0,91.0,1.9511791293780334e-08
23.0,92.0,5.10385689267423e-09
23.0,93.0,7.1553092340082e-09
23.0,94.0,1.0681897144593222e-08
23.0,95.0,1.4975796602811897e-08
23.0,96.0,4.238832929104319e-08
23.0,97.0,3.032051836271421e-07
23.0,98.0,6.121173896644905e-07
23.0,99.0,9.494227626305474e-09
23.0,100.0,1.0223480785498396e-05
23.0,101.0,5.10245126861264e-06
23.0,102.0,8.217926392717345e-07
23.0,103.0,2.6233661628793925e-05
23.0,104.0,3.767933094422915e-06
23.0,105.0,1.5258787243510596e-05
23.0,106.0,1.0289630154147744e-05
23.0,107.0,8.944669389165938e-05
23.0,108.0,7.61943539373533e-08
23.0,109.0,1.551478089822922e-05
23.0,110.0,5.6999429943971336e-05
23.0,111.0,1.679635430740234e-09
23.0,112.0,3.3523843967486755e-07
23.0,113.0,4.3627562263282016e-05
23.0,114.0,6.934472440711659e-10
23.0,115.0,2.2456649872992784e-08
23.0,116.0,8.347284392584697e-07
23.0,117.0,3.1337195061098555e-09
23.0,118.0,1.2268229454548418e-07
23.0,119.0,2.850693817890715e-06
23.0,120.0,7.933550705274683e-07
23.0,121.0,3.0968633382144617e-06
23.0,122.0,6.198555638547987e-06
23.0,123.0,1.3440891052596271e-05
23.0,124.0,3.6203045965521596e-06
23.0,125.0,1.347210127278231e-05
23.0,126.0,2.2742144210496917e-05
23.0,127.0,2.3298505766433664e-05
23.0,128.0,5.660681563313119e-05
23.0,129.0,0.00033777987118810415
23.0,130.0,0.0011680889874696732
23.0,131.0,0.0023643362801522017
23.0,132.0,0.000785000273026526
23.0,133.0,0.0009394739172421396
23.0,134.0,0.0016466546803712845
23.0,135.0,0.006027971860021353
23.0,136.0,0.0010803471086546779
23.0,137.0,0.0008984883897937834
23.0,138.0,0.001036735367961228
23.0,139.0,0.0018634434090927243
23.0,140.0,0.0009706796263344586
23.0,141.0,0.0005401995149441063
23.0,142.0,0.0014633677201345563
23.0,143.0,0.0011876017088070512
23.0,144.0,0.00019910698756575584
23.0,145.0,0.0018892093794420362
23.0,146.0,0.0010755847906693816
23.0,147.0,2.5046956579899415e-05
23.0,148.0,5.827436689287424e-05
23.0,149.0,9.433920786250383e-05
23.0,150.0,1.4785849089093972e-05
23.0,151.0,1.0963487966364482e-06
23.0,152.0,2.440596347241808e-07
23.0,153.0,2.185039420510293e-06
23.0,154.0,1.396059445823994e-07
23.0,155.0,1.1899797982550808e-06
23.0,156.0,2.4017091959649406e-07
23.0,157.0,6.765665361285755e-09
23.0,158.0,7.926102796318446e-08
23.0,159.0,2.6791084906108154e-07
23.0,160.0,2.387399256065237e-08
23.0,161.0,3.770473995245993e-07
23.0,162.0,3.688460026296525e-07
23.0,163.0,1.9646247437776765e-06
23.0,164.0,4.2352130549261346e-05
23.0,165.0,3.296574050182244e-06
23.0,166.0,7.023698708508164e-05
23.0,167.0,3.721487519214861e-05
23.0,168.0,8.148484994308092e-06
23.0,169.0,6.148011016193777e-05
23.0,170.0,0.0001281207805732265
23.0,171.0,3.5351091355551034e-05
23.0,172.0,3.287582558186841e-06
23.0,173.0,7.314277354453225e-06
23.0,174.0,3.7967711250530556e-06
23.0,175.0,8.79992512636818e-06
23.0,176.0,9.649875573813915e-05
23.0,177.0,3.7450237869052216e-05
23.0,178.0,1.4492085938400123e-05
23.0,179.0,1.8866132450057194e-05
23.0,180.0,1.9218368834117427e-05
23.0,-179.0,3.219826248823665e-05
23.0,-178.0,9.625220627640374e-06
23.0,-177.0,5.989369583403459e-06
23.0,-176.0,1.0322713933419436e-05
23.0,-175.0,2.468634193064645e-05
23.0,-174.0,8.166727639036253e-06
23.0,-173.0,3.286786295575439e-06
23.0,-172.0,3.029842446267139e-06
23.0,-171.0,2.2350009203364607e-06
23.0,-170.0,2.7599614895734703e-06
23.0,-169.0,3.6177882520860294e-06
23.0,-168.0,1.704864189377986e-06
23.0,-167.0,3.718059133461793e-06
23.0,-166.0,3.6534447644953616e-06
23.0,-165.0,2.905189285229426e-05
23.0,-164.0,8.53657184052281e-06
23.0,-163.0,1.8631712919159327e-06
23.0,-162.0,7.460735105269123e-06
23.0,-161.0,1.8142287444788963e-05
23.0,-160.0,9.20610546017997e-06
23.0,-159.0,2.941427919722628e-05
23.0,-158.0,1.3477279026119504e-05
23.0,-157.0,8.879565029928926e-06
23.0,-156.0,1.3686511010746472e-05
23.0,-155.0,9.223091183230281e-06
23.0,-154.0,1.417279122506443e-06
23.0,-153.0,8.268353667517658e-06
23.0,-152.0,9.570951078785583e-06
23.0,-151.0,5.374105512601091e-06
23.0,-150.0,4.47697766503552e-06
23.0,-149.0,5.140778739587404e-06
23.0,-148.0,1.5782801710884087e-05
23.0,-147.0,3.7927322864561575e-06
23.0,-146.0,4.796809207618935e-06
23.0,-145.0,1.9344286556588486e-05
23.0,-144.0,1.8884911696659401e-06
23.0,-143.0,4.002727109764237e-06
23.0,-142.0,7.045688107609749e-05
23.0,-141.0,3.309887688374147e-05
23.0,-140.0,6.917827704455703e-05
23.0,-139.0,0.00011480588000267744
23.0,-138.0,5.380052971304394e-05
23.0,-137.0,6.292177567956969e-05
23.0,-136.0,1.7872593161882833e-05
23.0,-135.0,9.389360457134899e-06
23.0,-134.0,0.0004366701759863645
23.0,-133.0,0.00023583589063491672
23.0,-132.0,1.3545777619583532e-05
23.0,-131.0,0.00011579406418604776
23.0,-130.0,0.0001225979794980958
23.0,-129.0,0.0003086021461058408
23.0,-128.0,0.03655179962515831
23.0,-127.0,0.023700986057519913
23.0,-126.0,0.00046709307935088873
23.0,-125.0,0.04362659528851509
23.0,-124.0,0.0018210150301456451
23.0,-123.0,1.642002462176606e-05
23.0,-122.0,1.0147713510377798e-05
23.0,-121.0,0.05977242812514305
23.0,-120.0,1.5379284377559088e-05
23.0,-119.0,9.382807911606506e-05
23.0,-118.0,0.00021572716650553048
23.0,-117.0,3.5786149510386167e-06
23.0,-116.0,7.008395186858252e-06
23.0,-115.0,0.0008767800754867494
23.0,-114.0,1.2368026546027977e-05
23.0,-113.0,8.633257380097348e-07
23.0,-112.0,5.133802005730104e-06
23.0,-111.0,4.866587551077828e-05
23.0,-110.0,3.50146037817467e-05
23.0,-109.0,5.668984613294015e-06
23.0,-108.0,7.863860810175538e-05
23.0,-107.0,4.7538101171085145e-06
23.0,-106.0,0.002130913781002164
23.0,-105.0,0.0010665485169738531
23.0,-104.0,0.003176625818014145
23.0,-103.0,0.00013612471229862422
23.0,-102.0,0.0025440871249884367
23.0,-101.0,0.014244403690099716
23.0,-100.0,0.0015674432506784797
23.0,-99.0,0.005882027558982372
23.0,-98.0,0.017573218792676926
23.0,-97.0,0.0015280770603567362
23.0,-96.0,1.1359005611666362e-06
23.0,-95.0,3.3989046642091125e-05
23.0,-94.0,3.2083473342936486e-05
23.0,-93.0,9.851846698438749e-07
23.0,-92.0,3.359513357281685e-06
23.0,-91.0,3.3212697871931596e-06
23.0,-90.0,5.138564347362262e-07
23.0,-89.0,3.689892309921561e-06
23.0,-88.0,6.902702352817869e-06
23.0,-87.0,1.421395609213505e-05
23.0,-86.0,2.2181875465321355e-06
23.0,-85.0,2.699878905332298e-06
23.0,-84.0,5.291408797347685e-06
23.0,-83.0,7.96704739514098e-07
23.0,-82.0,4.598091152274719e-07
23.0,-81.0,1.0722216359226877e-07
23.0,-80.0,1.629214807508106e-07
23.0,-79.0,1.8234877074974065e-07
23.0,-78.0,1.2990042250748957e-06
23.0,-77.0,7.042121978884097e-07
23.0,-76.0,3.049281716016594e-08
23.0,-75.0,5.991838634145097e-07
23.0,-74.0,8.485330909024924e-06
23.0,-73.0,2.4850265617715195e-05
23.0,-72.0,9.044789476320148e-05
23.0,-71.0,0.00012211623834446073
23.0,-70.0,0.0003540312754921615
23.0,-69.0,9.811344352783635e-05
23.0,-68.0,3.797860335907899e-05
23.0,-67.0,3.658256173366681e-05
23.0,-66.0,6.1893406382296234e-06
23.0,-65.0,1.0634707905410323e-05
23.0,-64.0,4.997828909836244e-06
23.0,-63.0,9.168343240162358e-06
23.0,-62.0,4.041687134304084e-06
23.0,-61.0,1.943205643328838e-05
23.0,-60.0,1.7123178622568958e-05
23.0,-59.0,7.723306225670967e-06
23.0,-58.0,4.2318057239754125e-05
23.0,-57.0,1.953568062162958e-05
23.0,-56.0,1.2346484254521783e-05
23.0,-55.0,2.3554548533866182e-05
23.0,-54.0,1.988981239264831e-05
23.0,-53.0,1.5210406672849786e-05
23.0,-52.0,7.582496436953079e-06
23.0,-51.0,2.885911726480117e-06
23.0,-50.0,4.583647239542188e-07
23.0,-49.0,3.813882472059049e-07
23.0,-48.0,1.4292737660070998e-07
23.0,-47.0,1.1617454021006779e-07
23.0,-46.0,3.7516005590987334e-07
23.0,-45.0,9.50796845700097e-08
23.0,-44.0,2.1683067785716048e-08
23.0,-43.0,1.216618841226591e-07
23.0,-42.0,3.15282804308481e-08
23.0,-41.0,1.8443877536356013e-07
23.0,-40.0,1.9106628315057606e-06
23.0,-39.0,4.009519670944428e-06
23.0,-38.0,1.022267269945587e-06
23.0,-37.0,8.288693607028108e-07
23.0,-36.0,2.5418012228328735e-06
23.0,-35.0,4.3467534851515666e-06
23.0,-34.0,2.1361731342040002e-05
23.0,-33.0,4.074078970006667e-05
23.0,-32.0,2.399800177954603e-05
23.0,-31.0,5.537675315281376e-05
23.0,-30.0,0.0001641600829316303
23.0,-29.0,0.00020064132695551962
23.0,-28.0,0.0005563695449382067
23.0,-27.0,8.217454160330817e-05
23.0,-26.0,5.527914618141949e-05
23.0,-25.0,0.0005200515734031796
23.0,-24.0,0.00037676194915547967
23.0,-23.0,0.002259740838780999
23.0,-22.0,0.0048401495441794395
23.0,-21.0,0.06365622580051422
23.0,-20.0,0.005782224703580141
23.0,-19.0,0.08321287482976913
23.0,-18.0,0.0002973174268845469
23.0,-17.0,5.032854460296221e-06
23.0,-16.0,0.059650737792253494
23.0,-15.0,0.0009722887189127505
23.0,-14.0,2.3872640667832457e-05
23.0,-13.0,0.001256486983038485
23.0,-12.0,0.004593009129166603
23.0,-11.0,0.010451983660459518
23.0,-10.0,0.003631218569353223
23.0,-9.0,0.000502346083521843
23.0,-8.0,0.0018859888659790158
23.0,-7.0,0.0006983737694099545
23.0,-6.0,0.0001393992715748027
23.0,-5.0,0.0003467872738838196
23.0,-4.0,0.0009776274673640728
23.0,-3.0,0.003260711906477809
23.0,-2.0,0.003045894205570221
23.0,-1.0,0.005810603033751249
24.0,0.0,0.000569630938116461
24.0,1.0,0.0005076322122476995
24.0,2.0,0.002965576946735382
24.0,3.0,0.0018158374587073922
24.0,4.0,0.024576915428042412
24.0,5.0,0.01865668036043644
24.0,6.0,0.03212969750165939
24.0,7.0,0.023601632565259933
24.0,8.0,0.24199429154396057
24.0,9.0,0.260794073343277
24.0,10.0,0.5713633894920349
24.0,11.0,0.4673739969730377
24.0,12.0,0.6441542506217957
24.0,13.0,0.7330214977264404
24.0,14.0,0.19160409271717072
24.0,15.0,0.12104354053735733
24.0,16.0,0.1616402268409729
24.0,17.0,0.07364197820425034
24.0,18.0,0.04027403146028519
24.0,19.0,0.031252700835466385
24.0,20.0,0.0008099577389657497
24.0,21.0,0.00012550782412290573
24.0,22.0,2.3936403522384353e-05
24.0,23.0,2.239208015453187e-06
24.0,24.0,1.8322050436836435e-06
24.0,25.0,1.5009720755188027e-06
24.0,26.0,1.5895888054728857e-06
24.0,27.0,7.124621788534569e-06
24.0,28.0,1.5513807056777296e-06
24.0,29.0,2.822260967150214e-06
24.0,30.0,2.2156400518724695e-06
24.0,31.0,2.643790594447637e-06
24.0,32.0,1.7565296730026603e-05
24.0,33.0,3.2399238989455625e-06
24.0,34.0,2.1718885818700073e-06
24.0,35.0,3.0061378311074805e-06
24.0,36.0,6.31409284324036e-06
24.0,37.0,1.0540417179072392e-06
24.0,38.0,4.601750333677046e-06
24.0,39.0,6.551177875735448e-07
24.0,40.0,6.272156838349474e-08
24.0,41.0,5.506317393155769e-07
24.0,42.0,1.0064367188533652e-06
24.0,43.0,1.1357576568116201e-06
24.0,44.0,3.167704321072051e-08
24.0,45.0,0.0001432821445632726
24.0,46.0,2.737010262876538e-08
24.0,47.0,3.536223971423169e-07
24.0,48.0,0.0006903154426254332
24.0,49.0,1.1066179013141664e-06
24.0,50.0,1.8836028914392955e-07
24.0,51.0,0.007115045562386513
24.0,52.0,9.881998266791925e-06
24.0,53.0,8.77578895597253e-06
24.0,54.0,0.00017956066585611552
24.0,55.0,2.9966579404572258e-06
24.0,56.0,1.0721076932895812e-06
24.0,57.0,5.4345659918908495e-06
24.0,58.0,2.7260543902229983e-06
24.0,59.0,6.824613763001253e-08
24.0,60.0,6.459369217282074e-08
24.0,61.0,0.0003719199448823929
24.0,62.0,3.5913190004066564e-06
24.0,63.0,0.00023002480156719685
24.0,64.0,2.9720235033892095e-05
24.0,65.0,5.93784025113564e-05
24.0,66.0,0.00029386355890892446
24.0,67.0,1.959124119821354e-06
24.0,68.0,1.3082436112199503e-07
24.0,69.0,9.122992850052469e-08
24.0,70.0,9.335563078138875e-08
24.0,71.0,1.0322178667365733e-07
24.0,72.0,1.1120557701360667e-06
24.0,73.0,3.48048985188143e-08
24.0,74.0,3.5582118584898126e-08
24.0,75.0,5.664152524786914e-08
24.0,76.0,7.754494504297327e-07
24.0,77.0,2.172950708256849e-09
24.0,78.0,1.1216396842428367e-06
24.0,79.0,1.4743583278686856e-06
24.0,80.0,9.203165518556489e-07
24.0,81.0,2.1479063434526324e-06
24.0,82.0,2.8896351977891754e-06
24.0,83.0,1.7497830739898745e-08
24.0,84.0,8.522479220118839e-07
24.0,85.0,2.927913840267138e-07
24.0,86.0,3.5221344063529614e-08
24.0,87.0,2.2176375296112383e-06
24.0,88.0,4.738546977023361e-08
24.0,89.0,3.6129333125245466e-07
24.0,90.0,5.382466042647138e-06
24.0,91.0,9.277658818973578e-08
24.0,92.0,2.0767252362219324e-09
24.0,93.0,3.922190444427542e-06
24.0,94.0,3.364394041138752e-10
24.0,95.0,2.7062927188126196e-07
24.0,96.0,3.5707197199030816e-09
24.0,97.0,2.2426220880333858e-07
24.0,98.0,4.704614184447564e-06
24.0,99.0,2.070489841798917e-07
24.0,100.0,1.811212314350996e-05
24.0,101.0,1.8206724234914873e-06
24.0,102.0,1.5046335875013028e-06
24.0,103.0,1.1737934073607903e-06
24.0,104.0,0.0004420678014867008
24.0,105.0,4.647800324164564e-06
24.0,106.0,2.3976042484719073e-06
24.0,107.0,0.0008731271955184639
24.0,108.0,3.07046389025345e-06
24.0,109.0,1.0215335350949317e-06
24.0,110.0,0.0003206912078894675
24.0,111.0,1.8188654138384663e-08
24.0,112.0,5.342843678590725e-07
24.0,113.0,6.598311586003547e-08
24.0,114.0,7.433397541944942e-08
24.0,115.0,4.811807396976064e-09
24.0,116.0,8.73378880328346e-09
24.0,117.0,4.856482149762087e-08
24.0,118.0,1.793090405044495e-07
24.0,119.0,7.44427836707473e-07
24.0,120.0,1.1069240599681507e-06
24.0,121.0,2.9175757276789227e-07
24.0,122.0,3.155139711452648e-05
24.0,123.0,1.5770214076837874e-06
24.0,124.0,0.000160456751473248
24.0,125.0,6.311083325272193e-06
24.0,126.0,8.826837984088343e-06
24.0,127.0,4.3353589717298746e-05
24.0,128.0,0.00012165506632300094
24.0,129.0,8.083340799203143e-05
24.0,130.0,0.00040302483830600977
24.0,131.0,0.0017390016000717878
24.0,132.0,0.00036488997284322977
24.0,133.0,0.0004585442948155105
24.0,134.0,0.0074300747364759445
24.0,135.0,0.0013199527747929096
24.0,136.0,0.0010421979241073132
24.0,137.0,0.0014867463614791632
24.0,138.0,0.0011041405377909541
24.0,139.0,0.0005282696220092475
24.0,140.0,0.0002472019987180829
24.0,141.0,0.0014679724117740989
24.0,142.0,0.003771539544686675
24.0,143.0,0.0002787396078929305
24.0,144.0,0.00048335676547139883
24.0,145.0,0.0004969799192622304
24.0,146.0,0.0017051605973392725
24.0,147.0,0.00017505102732684463
24.0,148.0,0.000266772520262748
24.0,149.0,4.232453193253605e-06
24.0,150.0,2.4370547180296853e-06
24.0,151.0,7.275138614204479e-06
24.0,152.0,1.7351138694721158e-06
24.0,153.0,1.9638905541796703e-06
24.0,154.0,7.073042525007622e-07
24.0,155.0,3.801137040682079e-07
24.0,156.0,5.268183826956374e-07
24.0,157.0,3.241520118990593e-07
24.0,158.0,7.1631069964439575e-09
24.0,159.0,4.3930601378860956e-08
24.0,160.0,1.2263778437215933e-08
24.0,161.0,1.1460493851700448e-06
24.0,162.0,1.8639251209151553e-07
24.0,163.0,3.1567810765409376e-06
24.0,164.0,0.00010203836427535862
24.0,165.0,4.839675239054486e-05
24.0,166.0,6.108383240643889e-05
24.0,167.0,1.9372751921764575e-05
24.0,168.0,2.221368413302116e-05
24.0,169.0,4.862115747528151e-05
24.0,170.0,5.465198773890734e-05
24.0,171.0,4.180320047453279e-06
24.0,172.0,1.6896614397410303e-05
24.0,173.0,1.4583564507120172e-06
24.0,174.0,5.518610123544931e-06
24.0,175.0,1.612782580195926e-05
24.0,176.0,1.900322240544483e-05
24.0,177.0,3.513609044603072e-05
24.0,178.0,1.4975111298554111e-05
24.0,179.0,7.247542725963285e-06
24.0,180.0,1.576625436428003e-05
24.0,-179.0,1.340091876045335e-05
24.0,-178.0,3.674753088489524e-06
24.0,-177.0,4.171439286437817e-06
24.0,-176.0,7.693673069297802e-06
24.0,-175.0,2.2088254354457604e-06
24.0,-174.0,8.330795026267879e-06
24.0,-173.0,1.1633784197329078e-05
24.0,-172.0,8.358249942830298e-06
24.0,-171.0,7.890474080340937e-06
24.0,-170.0,4.446910224942258e-06
24.0,-169.0,1.8967940604852629e-06
24.0,-168.0,4.685048679675674e-06
24.0,-167.0,2.1713212845497765e-06
24.0,-166.0,1.0416346185593284e-06
24.0,-165.0,4.974756393494317e-06
24.0,-164.0,2.6199841158813797e-06
24.0,-163.0,1.859230678746826e-06
24.0,-162.0,5.905241323489463e-06
24.0,-161.0,8.564875315641984e-06
24.0,-160.0,6.846608357591322e-06
24.0,-159.0,1.5773111954331398e-05
24.0,-158.0,7.534669293818297e-06
24.0,-157.0,7.961351002450101e-06
24.0,-156.0,4.582524979923619e-06
24.0,-155.0,2.085655296468758e-06
24.0,-154.0,5.670524842571467e-06
24.0,-153.0,8.176312803698238e-06
24.0,-152.0,3.4105860322597437e-06
24.0,-151.0,2.4622477212687954e-06
24.0,-150.0,1.2542086551547982e-06
24.0,-149.0,1.9318970316817285e-06
24.0,-148.0,1.0635919807100436e-06
24.0,-147.0,6.312235427685664e-07
24.0,-146.0,2.432443352518021e-06
24.0,-145.0,3.267899046477396e-06
24.0,-144.0,4.1924849938368425e-06
24.0,-143.0,1.189048589367303e-06
24.0,-142.0,7.789339178998489e-06
24.0,-141.0,9.072649845620617e-06
24.0,-140.0,9.94745619209425e-07
24.0,-139.0,2.550314093241468e-06
24.0,-138.0,1.4542369171977043e-05
24.0,-137.0,1.4436578794629895e-06
24.0,-136.0,2.4507942271156935e-06
24.0,-135.0,1.2051787052769214e-06
24.0,-134.0,2.4893219233490527e-05
24.0,-133.0,8.773605259193573e-06
24.0,-132.0,4.967266704625217e-07
24.0,-131.0,4.181129497737857e-06
24.0,-130.0,8.41195560496999e-06
24.0,-129.0,0.0001434043369954452
24.0,-128.0,0.06103034317493439
24.0,-127.0,0.0006256155320443213
24.0,-126.0,0.005966329015791416
24.0,-125.0,0.06707870215177536
24.0,-124.0,0.00628624577075243
24.0,-123.0,0.002187716541811824
24.0,-122.0,0.00538303516805172
24.0,-121.0,0.012524954043328762
24.0,-120.0,3.4391616736684227e-06
24.0,-119.0,0.000645380700007081
24.0,-118.0,5.159328065929003e-05
24.0,-117.0,2.567841875134036e-06
24.0,-116.0,0.0008289199322462082
24.0,-115.0,1.07063226550963e-06
24.0,-114.0,6.4224059315165505e-06
24.0,-113.0,0.00010232854401692748
24.0,-112.0,1.647141857574752e-06
24.0,-111.0,2.5637145881773904e-05
24.0,-110.0,0.00022008239466231316
24.0,-109.0,4.503102445596596e-06
24.0,-108.0,0.0001637904642848298
24.0,-107.0,2.612862408568617e-05
24.0,-106.0,0.002507020253688097
24.0,-105.0,0.011353650130331516
24.0,-104.0,0.00032538556843064725
24.0,-103.0,0.09332390874624252
24.0,-102.0,0.08782152831554413
24.0,-101.0,0.021969109773635864
24.0,-100.0,0.018432611599564552
24.0,-99.0,0.0664859488606453
24.0,-98.0,0.03333926945924759
24.0,-97.0,0.0004165588179603219
24.0,-96.0,0.018238961696624756
24.0,-95.0,9.1943635197822e-05
24.0,-94.0,5.373037197387021e-07
24.0,-93.0,6.2243470893008634e-06
24.0,-92.0,2.39109141375593e-07
24.0,-91.0,4.161129751878434e-08
24.0,-90.0,3.0033362463655067e-07
24.0,-89.0,4.4056886849830335e-07
24.0,-88.0,2.655737496581878e-08
24.0,-87.0,4.3525884052542096e-07
24.0,-86.0,8.65867235688711e-08
24.0,-85.0,2.8170421728646033e-07
24.0,-84.0,9.62349190558598e-07
24.0,-83.0,5.5892939165858024e-09
24.0,-82.0,5.891019672077391e-09
24.0,-81.0,6.0986100614002225e-09
24.0,-80.0,9.840306347541627e-09
24.0,-79.0,1.9284478014469641e-07
24.0,-78.0,5.214026987943043e-10
24.0,-77.0,1.7580131839167734e-07
24.0,-76.0,3.045396965717373e-07
24.0,-75.0,1.2623543987899666e-08
24.0,-74.0,1.458779053109538e-07
24.0,-73.0,5.309127573127626e-07
24.0,-72.0,2.364619831496384e-05
24.0,-71.0,2.3121057893149555e-05
24.0,-70.0,0.00029973205528222024
24.0,-69.0,0.00018377634114585817
24.0,-68.0,6.975439464440569e-05
24.0,-67.0,6.0604052123380825e-05
24.0,-66.0,1.5108530533325393e-05
24.0,-65.0,1.6257074094028212e-05
24.0,-64.0,1.1161974725837354e-05
24.0,-63.0,7.023857506283093e-06
24.0,-62.0,1.0282940820616204e-05
24.0,-61.0,2.5012843252625316e-05
24.0,-60.0,2.1732497771154158e-05
24.0,-59.0,2.565154863987118e-05
24.0,-58.0,5.710830009775236e-05
24.0,-57.0,6.0717895394191146e-05
24.0,-56.0,6.881351146148518e-05
24.0,-55.0,0.00011328298569424078
24.0,-54.0,6.278140790527686e-05
24.0,-53.0,1.7720391042530537e-05
24.0,-52.0,7.2158190960180946e-06
24.0,-51.0,3.403656592126936e-05
24.0,-50.0,8.475149115838576e-06
24.0,-49.0,6.210495939740213e-06
24.0,-48.0,1.4911273638062994e-06
24.0,-47.0,3.781551072279399e-07
24.0,-46.0,5.112354983793921e-07
24.0,-45.0,7.027055204389399e-08
24.0,-44.0,2.1932494576049066e-07
24.0,-43.0,1.4595501340863848e-07
24.0,-42.0,3.401965997795742e-08
24.0,-41.0,1.0199100586305576e-07
24.0,-40.0,1.603389776505537e-08
24.0,-39.0,1.2985219655092806e-07
24.0,-38.0,4.2122202614791604e-08
24.0,-37.0,1.3618387306735258e-08
24.0,-36.0,8.919158744902234e-08
24.0,-35.0,6.643406322837109e-07
24.0,-34.0,9.821517323871376e-07
24.0,-33.0,1.0259255759592634e-05
24.0,-32.0,3.868891144520603e-05
24.0,-31.0,2.054251126537565e-05
24.0,-30.0,0.00013899935584049672
24.0,-29.0,9.909894288284704e-05
24.0,-28.0,0.00010369854135205969
24.0,-27.0,0.00011171112419106066
24.0,-26.0,0.0006031477823853493
24.0,-25.0,7.665171142434701e-05
24.0,-24.0,0.00022112522856332362
24.0,-23.0,0.0012349418830126524
24.0,-22.0,0.004048119764775038
24.0,-21.0,0.002447533654049039
24.0,-20.0,0.022522643208503723
24.0,-19.0,0.005687897093594074
24.0,-18.0,0.00010802008910104632
24.0,-17.0,0.0006202139193192124
24.0,-16.0,0.0006316409562714398
24.0,-15.0,0.0015083460602909327
24.0,-14.0,0.0001929841237142682
24.0,-13.0,0.00023687700740993023
24.0,-12.0,0.0012027713237330317
24.0,-11.0,0.0025739939883351326
24.0,-10.0,0.004307889845222235
24.0,-9.0,0.0016704313457012177
24.0,-8.0,0.0002436376380501315
24.0,-7.0,0.00019755367247853428
24.0,-6.0,0.04250144585967064
24.0,-5.0,0.0009322535479441285
24.0,-4.0,0.00016155534831341356
24.0,-3.0,0.002398305805400014
24.0,-2.0,0.00032361072953790426
24.0,-1.0,0.004024498164653778
25.0,0.0,0.00010869782272493467
25.0,1.0,0.00017797663167584687
25.0,2.0,0.015729740262031555
25.0,3.0,1.939367393788416e-06
25.0,4.0,8.054824138525873e-05
25.0,5.0,0.003810345195233822
25.0,6.0,0.00018589489627629519
25.0,7.0,7.21709438948892e-05
25.0,8.0,8.932675700634718e-05
25.0,9.0,9.930886335496325e-07
25.0,10.0,6.203955126693472e-05
25.0,11.0,0.0005359636852517724
25.0,12.0,4.419172182679176e-05
25.0,13.0,0.004004547372460365
25.0,14.0,0.007878260686993599
25.0,15.0,0.002022441942244768
25.0,16.0,0.1706911325454712
25.0,17.0,0.1649884283542633
25.0,18.0,0.07108414173126221
25.0,19.0,0.07481587678194046
25.0,20.0,0.001822620048187673
25.0,21.0,0.0006809215410612524
25.0,22.0,0.00016978802159428596
25.0,23.0,3.9793951145838946e-05
25.0,24.0,7.729606295470148e-06
25.0,25.0,1.3582919109467184e-06
25.0,26.0,2.9178596605561324e-07
25.0,27.0,1.1004870259512245e-07
25.0,28.0,3.1809875054022996e-06
25.0,29.0,3.4568392948131077e-06
25.0,30.0,9.165974006464239e-07
25.0,31.0,1.9494011667120503e-06
25.0,32.0,2.3660763872612733e-06
25.0,33.0,1.0425605069031008e-05
25.0,34.0,9.080544259632006e-06
25.0,35.0,2.5512223146506585e-05
25.0,36.0,1.8737731807050295e-05
25.0,37.0,4.1765323999243265e-07
25.0,38.0,5.355484518076992e-07
25.0,39.0,2.320836074432009e-07
25.0,40.0,8.16467160547063e-09
25.0,41.0,4.4327702397595203e-08
25.0,42.0,2.5711382477311417e-05
25.0,43.0,7.149112968285465e-10
25.0,44.0,1.0740042853285559e-05
25.0,45.0,1.5388115571113303e-05
25.0,46.0,1.6296920080094424e-07
25.0,47.0,0.00021181869669817388
25.0,48.0,1.8406482240607147e-06
25.0,49.0,1.9082106916812336e-07
25.0,50.0,9.003888408187777e-05
25.0,51.0,0.000345784705132246
25.0,52.0,3.4109393709513824e-07
25.0,53.0,1.727357812342234e-05
25.0,54.0,0.00020027490973006934
25.0,55.0,4.4250165842640854e-07
25.0,56.0,2.710197861688357e-07
25.0,57.0,1.5166430102908635e-06
25.0,58.0,1.7201434943103777e-08
25.0,59.0,3.968251505170883e-09
25.0,60.0,3.0486504987159435e-10
25.0,61.0,1.062626182601889e-07
25.0,62.0,1.2311505088291597e-05
25.0,63.0,2.1236952306935564e-05
25.0,64.0,1.628860673008603e-07
25.0,65.0,0.00042970647336915135
25.0,66.0,3.6299374187365174e-05
25.0,67.0,4.53593116844786e-07
25.0,68.0,9.04713488125708e-06
25.0,69.0,1.3812190445605665e-05
25.0,70.0,6.429906989069423e-06
25.0,71.0,3.437646955717355e-05
25.0,72.0,1.7288734852627385e-06
25.0,73.0,2.93684547614248e-06
25.0,74.0,6.943332209630171e-06
25.0,75.0,1.8743075997917913e-05
25.0,76.0,3.856702956994695e-09
25.0,77.0,2.625191200422705e-06
25.0,78.0,1.0288976000083494e-06
25.0,79.0,4.389094669932092e-07
25.0,80.0,1.946022791798896e-07
25.0,81.0,1.0512485459912568e-05
25.0,82.0,1.5518186273766332e-06
25.0,83.0,6.006295620863966e-07
25.0,84.0,1.841647616629416e-07
25.0,85.0,3.977209871663945e-06
25.0,86.0,1.6417956771874742e-07
25.0,87.0,3.944716354453703e-06
25.0,88.0,2.7226117254031124e-06
25.0,89.0,1.0788307918119244e-06
25.0,90.0,2.43976732150486e-08
25.0,91.0,1.742950189509429e-06
25.0,92.0,1.1747281547513921e-07
25.0,93.0,2.135068832842535e-08
25.0,94.0,1.7222811266037752e-06
25.0,95.0,2.2577619063213206e-07
25.0,96.0,6.83830547743014e-09
25.0,97.0,2.5893765268847346e-05
25.0,98.0,0.00011320965131744742
25.0,99.0,1.6982806982923648e-06
25.0,100.0,0.0036980584263801575
25.0,101.0,1.060192403201654e-06
25.0,102.0,5.107840934215346e-06
25.0,103.0,7.946814002934843e-05
25.0,104.0,2.581714966254367e-07
25.0,105.0,5.366382083593635e-06
25.0,106.0,2.4382694391533732e-05
25.0,107.0,0.00016204318671952933
25.0,108.0,1.1409040780563373e-05
25.0,109.0,4.0526952034269925e-06
25.0,110.0,1.1021229511243291e-05
25.0,111.0,2.75641326652476e-07
25.0,112.0,2.6071427328133723e-06
25.0,113.0,2.6194140900770435e-06
25.0,114.0,1.5644559425709303e-08
25.0,115.0,1.749799949379849e-08
25.0,116.0,2.839783803665341e-07
25.0,117.0,1.3542105214980893e-08
25.0,118.0,4.9120238543309824e-08
25.0,119.0,0.0004482728545553982
25.0,120.0,2.408314685453661e-07
25.0,121.0,0.00012603274080902338
25.0,122.0,2.6509671442909166e-05
25.0,123.0,7.895653908462918e-08
25.0,124.0,3.463656685198657e-05
25.0,125.0,8.23666705400683e-05
25.0,126.0,3.289936501005286e-07
25.0,127.0,7.937016562209465e-06
25.0,128.0,0.00012115944264223799
25.0,129.0,1.9325750599819003e-06
25.0,130.0,0.0004611743788700551
25.0,131.0,0.0007689425838179886
25.0,132.0,3.345694494782947e-05
25.0,133.0,0.00012988521484658122
25.0,134.0,0.00031976617174223065
25.0,135.0,0.003829288063570857
25.0,136.0,0.0004780103627126664
25.0,137.0,0.0004478498303797096
25.0,138.0,0.003852503839880228
25.0,139.0,0.00013231043703854084
25.0,140.0,0.0011728531681001186
25.0,141.0,0.0001368884986732155
25.0,142.0,3.1045288778841496e-05
25.0,143.0,8.780440839473158e-05
25.0,144.0,1.4995419405749999e-05
25.0,145.0,0.0017699971795082092
25.0,146.0,4.665485903387889e-05
25.0,147.0,3.0397345653909724e-06
25.0,148.0,0.001290712272748351
25.0,149.0,4.3145551899215207e-05
25.0,150.0,1.50091034356592e-06
25.0,151.0,1.6486175809404813e-05
25.0,152.0,6.337484705909446e-07
25.0,153.0,4.699653644024693e-08
25.0,154.0,2.014505662373267e-05
25.0,155.0,1.350515930198526e-07
25.0,156.0,1.3851134781361907e-06
25.0,157.0,1.9565755792427808e-05
25.0,158.0,3.806317039334317e-08
25.0,159.0,3.220251398872165e-09
25.0,160.0,7.703589517404907e-07
25.0,161.0,2.3323984521539387e-07
25.0,162.0,2.8131572094025614e-07
25.0,163.0,7.1654717430647e-06
25.0,164.0,0.00010604310227790847
25.0,165.0,1.383167091262294e-05
25.0,166.0,0.00016488830442540348
25.0,167.0,2.8281989216338843e-05
25.0,168.0,2.9142577204765985e-06
25.0,169.0,7.519871724070981e-05
25.0,170.0,5.832406895933673e-05
25.0,171.0,1.1670721505652182e-05
25.0,172.0,0.00016116209735628217
25.0,173.0,6.13635711488314e-06
25.0,174.0,2.037133526755497e-06
25.0,175.0,2.241986476292368e-05
25.0,176.0,2.1101420770719415e-06
25.0,177.0,5.1534329941205215e-06
25.0,178.0,3.3932903988898033e-06
25.0,179.0,7.898740363998513e-07
25.0,180.0,2.9607997475977754e-06
25.0,-179.0,4.233975232637022e-06
25.0,-178.0,3.0569622140319552e-06
25.0,-177.0,1.9806889213214163e-06
25.0,-176.0,7.3345408964087255e-06
25.0,-175.0,1.4474310319201322e-06
25.0,-174.0,1.0009749757955433e-06
25.0,-173.0,2.155842139472952e-06
25.0,-172.0,7.61274407068413e-07
25.0,-171.0,3.9073282209756144e-07
25.0,-170.0,3.820245524366328e-07
25.0,-169.0,1.1486130233606673e-06
25.0,-168.0,1.1229742540308507e-06
25.0,-167.0,6.390857265614613e-07
25.0,-166.0,2.481391220499063e-06
25.0,-165.0,1.3140507917341893e-06
25.0,-164.0,1.1110095101685147e-06
25.0,-163.0,1.1520562111400068e-05
25.0,-162.0,2.846412371582119e-06
25.0,-161.0,1.0604982890072279e-05
25.0,-160.0,1.319644525210606e-05
25.0,-159.0,1.80888528120704e-05
25.0,-158.0,3.0490632525470573e-06
25.0,-157.0,5.229203907219926e-06
25.0,-156.0,4.423882728588069e-06
25.0,-155.0,1.782264433813907e-07
25.0,-154.0,2.2294318569038296e-06
25.0,-153.0,1.2550941619338118e-06
25.0,-152.0,3.481393093807128e-07
25.0,-151.0,1.7181453131343005e-06
25.0,-150.0,1.727754352032207e-06
25.0,-149.0,3.9857692968325864e-07
25.0,-148.0,2.406145767963608e-06
25.0,-147.0,7.84912845119834e-06
25.0,-146.0,6.823682269896381e-06
25.0,-145.0,0.0001393585989717394
25.0,-144.0,2.4156524887075648e-05
25.0,-143.0,9.087526450457517e-06
25.0,-142.0,6.525646313093603e-05
25.0,-141.0,0.00013725853932555765
25.0,-140.0,4.250611254974501e-06
25.0,-139.0,9.650229912949726e-06
25.0,-138.0,4.684316081693396e-06
25.0,-137.0,1.606011028343346e-05
25.0,-136.0,4.7356379582197405e-06
25.0,-135.0,2.811057413509843e-07
25.0,-134.0,2.281224078615196e-05
25.0,-133.0,1.1444536767157842e-06
25.0,-132.0,4.981807251169812e-07
25.0,-131.0,4.0397180782747455e-06
25.0,-130.0,1.5550956504739588e-06
25.0,-129.0,1.089168836188037e-05
25.0,-128.0,5.722490823245607e-05
25.0,-127.0,0.005405684467405081
25.0,-126.0,0.00018191193521488458
25.0,-125.0,6.786311860196292e-05
25.0,-124.0,0.015252042561769485
25.0,-123.0,6.716449547639058e-07
25.0,-122.0,0.08228065073490143
25.0,-121.0,3.1298557587433606e-05
25.0,-120.0,3.2458744954055874e-06
25.0,-119.0,9.14030460990034e-05
25.0,-118.0,9.540885059777793e-08
25.0,-117.0,2.0684581159002846e-06
25.0,-116.0,6.249870693864068e-06
25.0,-115.0,1.2470120509533444e-06
25.0,-114.0,6.597173523914535e-06
25.0,-113.0,1.88318172149593e-05
25.0,-112.0,2.771865865724976e-06
25.0,-111.0,1.2595961379702203e-05
25.0,-110.0,1.1414931577746756e-06
25.0,-109.0,1.3209350072429515e-05
25.0,-108.0,1.7596584029888618e-06
25.0,-107.0,6.611926073674113e-05
25.0,-106.0,0.0009670333820395172
25.0,-105.0,7.665827979508322e-06
25.0,-104.0,0.0026575690135359764
25.0,-103.0,0.003087055403739214
25.0,-102.0,0.0004905203823000193
25.0,-101.0,0.006189320236444473
25.0,-100.0,0.0003338094975333661
25.0,-99.0,0.002791200065985322
25.0,-98.0,0.0010005678050220013
25.0,-97.0,6.421235593734309e-05
25.0,-96.0,1.1947378879995085e-05
25.0,-95.0,9.178954496746883e-05
25.0,-94.0,3.2296172776113963e-06
25.0,-93.0,1.5707068996562157e-06
25.0,-92.0,1.724047820061969e-07
25.0,-91.0,7.348786112970629e-08
25.0,-90.0,3.963690264896513e-09
25.0,-89.0,1.9921795324506775e-09
25.0,-88.0,4.224610705705345e-08
25.0,-87.0,2.8978092814213596e-08
25.0,-86.0,2.4747540905423193e-08
25.0,-85.0,6.04382819346938e-08
25.0,-84.0,2.2542906208400382e-08
25.0,-83.0,5.778134859468764e-09
25.0,-82.0,1.5149018151028315e-10
25.0,-81.0,2.944197941001647e-10
25.0,-80.0,4.325918789849226e-11
25.0,-79.0,7.528246359633783e-10
25.0,-78.0,3.2671021443775317e-10
25.0,-77.0,1.663173043731092e-09
25.0,-76.0,1.555060009650333e-07
25.0,-75.0,2.068701547841556e-07
25.0,-74.0,4.284523313913269e-08
25.0,-73.0,1.9009844365314166e-08
25.0,-72.0,1.829809406217464e-07
25.0,-71.0,6.379603973982739e-07
25.0,-70.0,1.5863115550018847e-06
25.0,-69.0,3.4035656426567584e-05
25.0,-68.0,2.0618841517716646e-05
25.0,-67.0,1.5373008864116855e-05
25.0,-66.0,1.717207305773627e-05
25.0,-65.0,2.6146870368393138e-05
25.0,-64.0,2.2817050194134936e-05
25.0,-63.0,2.0887226128252223e-05
25.0,-62.0,1.0710513379308395e-05
25.0,-61.0,9.662385309638921e-06
25.0,-60.0,9.178893378702924e-05
25.0,-59.0,7.667071622563526e-05
25.0,-58.0,9.922849858412519e-05
25.0,-57.0,0.0004817716544494033
25.0,-56.0,0.000227961121709086
25.0,-55.0,0.00015372222696896642
25.0,-54.0,0.00013526863767765462
25.0,-53.0,4.680539859691635e-05
25.0,-52.0,4.089317371835932e-05
25.0,-51.0,6.519730959553272e-05
25.0,-50.0,4.475643072510138e-05
25.0,-49.0,8.761614481045399e-06
25.0,-48.0,9.833955800786498e-07
25.0,-47.0,9.831911711444263e-07
25.0,-46.0,6.632935196648759e-07
25.0,-45.0,1.0046783671668891e-07
25.0,-44.0,4.278280414382607e-07
25.0,-43.0,4.559524882097321e-07
25.0,-42.0,3.221758149152265e-08
25.0,-41.0,3.1759208241055603e-07
25.0,-40.0,1.1240258857014851e-07
25.0,-39.0,5.375256151296526e-08
25.0,-38.0,1.6097358113142946e-08
25.0,-37.0,1.5103880812716852e-08
25.0,-36.0,2.0167981062968465e-08
25.0,-35.0,8.282389529767897e-08
25.0,-34.0,2.3277343075278623e-07
25.0,-33.0,2.5387387267983286e-06
25.0,-32.0,6.299964297795668e-06
25.0,-31.0,3.182254295097664e-05
25.0,-30.0,2.532289181544911e-05
25.0,-29.0,7.781633030390367e-05
25.0,-28.0,0.00013473184662871063
25.0,-27.0,0.00012272922322154045
25.0,-26.0,0.00030752515885978937
25.0,-25.0,0.0005103051080368459
25.0,-24.0,0.0006725310231558979
25.0,-23.0,0.0006807405152358115
25.0,-22.0,0.0004237932153046131
25.0,-21.0,0.0004209791077300906
25.0,-20.0,0.00043873488903045654
25.0,-19.0,0.001586843398399651
25.0,-18.0,0.0001126018978538923
25.0,-17.0,0.0004651917552109808
25.0,-16.0,4.4826050725532696e-05
25.0,-15.0,0.0001700292486930266
25.0,-14.0,0.016622865572571754
25.0,-13.0,0.0003924787451978773
25.0,-12.0,0.0001983874390134588
25.0,-11.0,0.0003234275209251791
25.0,-10.0,4.5387780119199306e-05
25.0,-9.0,0.0023083286359906197
25.0,-8.0,0.0025638018269091845
25.0,-7.0,3.232051312807016e-05
25.0,-6.0,0.0006776109803467989
25.0,-5.0,0.09021531790494919
25.0,-4.0,1.9181161405867897e-05
25.0,-3.0,9.687040437711403e-05
25.0,-2.0,0.0016251791967079043
25.0,-1.0,0.0011716930894181132
26.0,0.0,5.3580668463837355e-05
26.0,1.0,0.0009375284425914288
26.0,2.0,0.00022095389431342483
26.0,3.0,7.889774860814214e-05
26.0,4.0,0.0004397764860186726
26.0,5.0,0.0071244267746806145
26.0,6.0,0.0006154457805678248
26.0,7.0,8.899127715267241e-05
26.0,8.0,0.00015353852359112352
26.0,9.0,0.00030146504286676645
26.0,10.0,6.480577667389298e-06
26.0,11.0,0.0002966200700029731
26.0,12.0,0.002137926407158375
26.0,13.0,0.0001509769936092198
26.0,14.0,0.00010363339970353991
26.0,15.0,0.0016635219799354672
26.0,16.0,0.22425034642219543
26.0,17.0,0.016792621463537216
26.0,18.0,0.26183491945266724
26.0,19.0,0.036849245429039
26.0,20.0,0.0019194375490769744
26.0,21.0,0.0004867495154030621
26.0,22.0,0.0025094049051404
26.0,23.0,1.916964174597524e-05
26.0,24.0,1.8394832295598462e-05
26.0,25.0,1.8002573369813035e-06
26.0,26.0,2.7670505886590036e-08
26.0,27.0,4.975203182766563e-07
26.0,28.0,2.0926988142377922e-08
26.0,29.0,1.9475910661981288e-08
26.0,30.0,5.984870767861139e-07
26.0,31.0,1.1397027321891073e-08
26.0,32.0,9.902348807599992e-08
26.0,33.0,2.0393904378579464e-06
26.0,34.0,1.557069253976806e-06
26.0,35.0,1.5647161717424751e-06
26.0,36.0,9.861907528829761e-06
26.0,37.0,1.646323681825379e-07
26.0,38.0,3.305163431832625e-07
26.0,39.0,5.131985744810663e-06
26.0,40.0,2.3827008988064335e-07
26.0,41.0,2.469953983563755e-07
26.0,42.0,1.850679751669304e-07
26.0,43.0,1.75045130390572e-07
26.0,44.0,1.1945086271225591e-06
26.0,45.0,1.248599573955289e-06
26.0,46.0,2.631715324241668e-05
26.0,47.0,1.3376047718338668e-05
26.0,48.0,5.209617029322544e-06
26.0,49.0,9.14175107027404e-05
26.0,50.0,3.6260437354940223e-06
26.0,51.0,0.0010245884768664837
26.0,52.0,9.835627679422032e-06
26.0,53.0,2.192652118537808e-06
26.0,54.0,0.00010280052811140195
26.0,55.0,7.551797807536786e-06
26.0,56.0,5.5735108617227525e-06
26.0,57.0,3.6033503647558973e-07
26.0,58.0,3.084561512878281e-07
26.0,59.0,5.301225058929049e-08
26.0,60.0,3.0259947880750815e-09
26.0,61.0,6.350159509338482e-08
26.0,62.0,2.839543267185718e-09
26.0,63.0,1.916479419605821e-07
26.0,64.0,2.0920841947713598e-08
26.0,65.0,1.775031144291006e-08
26.0,66.0,1.127582322624221e-06
26.0,67.0,2.3843425879022107e-05
26.0,68.0,3.692109373787389e-07
26.0,69.0,1.0477712208967205e-07
26.0,70.0,6.394287538569188e-06
26.0,71.0,2.3367206267721485e-06
26.0,72.0,2.8673447616256453e-08
26.0,73.0,7.235011025841231e-07
26.0,74.0,2.085452706523938e-06
26.0,75.0,2.408666659903247e-06
26.0,76.0,1.1330680536048021e-06
26.0,77.0,1.5122651575438795e-07
26.0,78.0,5.517087515727326e-07
26.0,79.0,6.262656825128943e-06
26.0,80.0,3.609517023051012e-07
26.0,81.0,3.7837944546481594e-06
26.0,82.0,1.430341626473819e-06
26.0,83.0,1.705633508208848e-06
26.0,84.0,8.116972821881063e-06
26.0,85.0,1.9247891032136977e-06
26.0,86.0,6.771232818891804e-08
26.0,87.0,3.4351322142356366e-07
26.0,88.0,2.854300684695943e-10
26.0,89.0,3.925554636907691e-08
26.0,90.0,2.537172463235038e-07
26.0,91.0,2.4184892977174854e-10
26.0,92.0,9.974358228248548e-09
26.0,93.0,8.733439749164518e-09
26.0,94.0,1.7344087055448654e-08
26.0,95.0,3.333132667648897e-07
26.0,96.0,2.600626771709358e-07
26.0,97.0,2.110425612045219e-06
26.0,98.0,2.346587643842213e-05
26.0,99.0,7.3282967605337035e-06
26.0,100.0,9.502629836788401e-06
26.0,101.0,8.299670298583806e-06
26.0,102.0,6.118968087776011e-08
26.0,103.0,1.6558642528252676e-06
26.0,104.0,3.644316564077599e-07
26.0,105.0,2.0008474166388623e-06
26.0,106.0,1.6224174714807305e-06
26.0,107.0,4.535460902843624e-06
26.0,108.0,2.57904775935458e-06
26.0,109.0,2.436474824207835e-05
26.0,110.0,2.2626838926953496e-06
26.0,111.0,0.0005351071013137698
26.0,112.0,1.2008970315946499e-06
26.0,113.0,3.392858707229607e-05
26.0,114.0,7.473068308172515e-06
26.0,115.0,1.795225124112676e-08
26.0,116.0,1.582233721819648e-06
26.0,117.0,3.9773848214963436e-08
26.0,118.0,1.0466762567773458e-08
26.0,119.0,3.7352027248971353e-08
26.0,120.0,7.332834229600849e-06
26.0,121.0,4.346202331362292e-06
26.0,122.0,1.1970284674589493e-07
26.0,123.0,3.0562539450329496e-06
26.0,124.0,3.598076318667154e-06
26.0,125.0,3.702214712575369e-07
26.0,126.0,3.154123987769708e-06
26.0,127.0,6.66746127535589e-05
26.0,128.0,5.6146415516877823e-08
26.0,129.0,2.7029343982576393e-05
26.0,130.0,2.330850657017436e-05
26.0,131.0,6.927994400030002e-05
26.0,132.0,0.0001470507268095389
26.0,133.0,1.5672276276745833e-05
26.0,134.0,0.0009224283858202398
26.0,135.0,0.0006998688913881779
26.0,136.0,0.0003149744006805122
26.0,137.0,0.002273756079375744
26.0,138.0,0.000263077236013487
26.0,139.0,0.00043264281703159213
26.0,140.0,0.002255095634609461
26.0,141.0,0.0003018547431565821
26.0,142.0,0.0007322269375436008
26.0,143.0,0.0012446719920262694
26.0,144.0,2.688512540771626e-05
26.0,145.0,0.00026674807304516435
26.0,146.0,0.000139301861054264
26.0,147.0,0.0006005301256664097
26.0,148.0,0.0014010280137881637
26.0,149.0,5.674171188729815e-05
26.0,150.0,5.637069534714101e-06
26.0,151.0,3.179183067913982e-06
26.0,152.0,9.258249633603555e-08
26.0,153.0,9.840270649874583e-06
26.0,154.0,2.2127364900370594e-06
26.0,155.0,1.943285042216303e-06
26.0,156.0,2.1069137801532634e-05
26.0,157.0,1.5161742794589372e-07
26.0,158.0,2.9219194175311713e-07
26.0,159.0,1.2274115590571455e-07
26.0,160.0,2.4702413270460966e-07
26.0,161.0,4.537480890576262e-06
26.0,162.0,3.8020070292077435e-07
26.0,163.0,3.550768497007084e-07
26.0,164.0,0.00014118297258391976
26.0,165.0,2.190140003222041e-05
26.0,166.0,4.696723863162333e-06
26.0,167.0,1.6367337593692355e-05
26.0,168.0,1.059562146110693e-05
26.0,169.0,3.475166886346415e-05
26.0,170.0,9.427534678252414e-05
26.0,171.0,0.0009962331969290972
26.0,172.0,5.237349250819534e-05
26.0,173.0,7.467804971383885e-05
26.0,174.0,7.842981722205877e-05
26.0,175.0,5.692773811460938e-06
26.0,176.0,2.6397083274787292e-05
26.0,177.0,2.8403865144355223e-05
26.0,178.0,1.0636401384545024e-05
26.0,179.0,5.501422492670827e-06
26.0,180.0,1.572175278852228e-05
26.0,-179.0,2.7928597319260007e-06
26.0,-178.0,2.5776603251870256e-07
26.0,-177.0,4.425425856879883e-07
26.0,-176.0,8.617866456006595e-07
26.0,-175.0,9.205141964230279e-07
26.0,-174.0,2.1563386098932824e-07
26.0,-173.0,6.722795120595038e-08
26.0,-172.0,5.589692591456696e-06
26.0,-171.0,2.8904407372465357e-05
26.0,-170.0,4.892411197943147e-06
26.0,-169.0,9.553888958180323e-06
26.0,-168.0,7.482989076379454e-06
26.0,-167.0,8.471481123706326e-06
26.0,-166.0,5.160027740203077e-06
26.0,-165.0,1.9971432720922166e-06
26.0,-164.0,3.7493332456506323e-06
26.0,-163.0,4.765743597090477e-06
26.0,-162.0,1.9089555280515924e-05
26.0,-161.0,1.0024336916103493e-05
26.0,-160.0,8.590413926867768e-06
26.0,-159.0,4.379625806905096e-06
26.0,-158.0,1.726397272250324e-06
26.0,-157.0,3.388252252989332e-06
26.0,-156.0,9.21729906622204e-07
26.0,-155.0,6.380833497132699e-07
26.0,-154.0,7.087019184837118e-07
26.0,-153.0,4.2072389305758406e-07
26.0,-152.0,3.1017677315503533e-07
26.0,-151.0,3.017176197772642e-07
26.0,-150.0,3.333100835334335e-07
26.0,-149.0,4.764407890434086e-07
26.0,-148.0,3.4638219403859694e-06
26.0,-147.0,1.989590236917138e-05
26.0,-146.0,7.05868806107901e-05
26.0,-145.0,3.5682816815096885e-05
26.0,-144.0,1.682165930105839e-05
26.0,-143.0,1.1617708878475241e-05
26.0,-142.0,6.845830648671836e-05
26.0,-141.0,0.00014120573177933693
26.0,-140.0,0.00033261533826589584
26.0,-139.0,0.00011338110925862566
26.0,-138.0,0.00016663767746649683
26.0,-137.0,0.0005292902933433652
26.0,-136.0,5.3041808314446826e-06
26.0,-135.0,2.6679995244194288e-06
26.0,-134.0,4.0889979572966695e-05
26.0,-133.0,2.711534534682869e-07
26.0,-132.0,2.45560357825525e-07
26.0,-131.0,3.85510566047742e-06
26.0,-130.0,6.992393082327908e-07
26.0,-129.0,7.050493877613917e-06
26.0,-128.0,0.001853262190707028
26.0,-127.0,0.00011895345232915133
26.0,-126.0,1.6536423572688363e-06
26.0,-125.0,0.0003551632398739457
26.0,-124.0,0.00010927076073130593
26.0,-123.0,4.455946327652782e-05
26.0,-122.0,0.6087337732315063
26.0,-121.0,0.0002840647357515991
26.0,-120.0,6.133472197689116e-06
26.0,-119.0,4.280919165466912e-05
26.0,-118.0,1.0726778043590457e-07
26.0,-117.0,3.6848345189355314e-05
26.0,-116.0,9.55379633182929e-08
26.0,-115.0,1.8257841247759643e-06
26.0,-114.0,5.125814368511783e-07
26.0,-113.0,9.317735703007202e-07
26.0,-112.0,4.569274949517421e-07
26.0,-111.0,1.4238212315831333e-06
26.0,-110.0,2.0029830920975655e-05
26.0,-109.0,2.0616635083570145e-06
26.0,-108.0,3.0091188818914816e-05
26.0,-107.0,0.0003284104459453374
26.0,-106.0,0.0005962290451861918
26.0,-105.0,0.08984660357236862
26.0,-104.0,0.04568234458565712
26.0,-103.0,0.015474852174520493
26.0,-102.0,0.2749101221561432
26.0,-101.0,0.004409491550177336
26.0,-100.0,0.010684802196919918
26.0,-99.0,0.011636794544756413
26.0,-98.0,5.35752551513724e-05
26.0,-97.0,8.129824891511817e-06
26.0,-96.0,0.00011877437646035105
26.0,-95.0,2.7718951400856895e-07
26.0,-94.0,1.9157286867965695e-09
26.0,-93.0,1.3310003055266861e-07
26.0,-92.0,1.3172381407855482e-08
26.0,-91.0,4.480670412476684e-08
26.0,-90.0,4.5445693785950425e-07
26.0,-89.0,6.152238540835242e-08
26.0,-88.0,4.5759687594681964e-08
26.0,-87.0,7.687842298764735e-06
26.0,-86.0,1.0668829730775542e-07
26.0,-85.0,5.418809934099045e-08
26.0,-84.0,1.1562865438463632e-06
26.0,-83.0,1.1861680526692453e-09
26.0,-82.0,9.548650758972599e-10
26.0,-81.0,2.809106947054829e-09
26.0,-80.0,5.652814327739009e-10
26.0,-79.0,3.0460016731126416e-09
26.0,-78.0,5.6012474658473366e-09
26.0,-77.0,1.7277942410132141e-09
26.0,-76.0,3.8868184226714675e-09
26.0,-75.0,1.4960728833557368e-07
26.0,-74.0,4.38115250744886e-08
26.0,-73.0,3.4934721782065026e-08
26.0,-72.0,1.529141684386559e-07
26.0,-71.0,1.739081878504578e-09
26.0,-70.0,1.7847936817361187e-07
26.0,-69.0,9.898114967654692e-07
26.0,-68.0,4.82535710943921e-07
26.0,-67.0,1.758378311933484e-05
26.0,-66.0,6.6823590714193415e-06
26.0,-65.0,7.868044122005813e-06
26.0,-64.0,4.496211477089673e-05
26.0,-63.0,1.3440301700029522e-05
26.0,-62.0,2.3879925720393658e-05
26.0,-61.0,3.123445276287384e-05
26.0,-60.0,8.111532224575058e-05
26.0,-59.0,0.00016116486222017556
26.0,-58.0,0.0003992357524111867
26.0,-57.0,0.0004519751528277993
26.0,-56.0,0.0002737438480835408
26.0,-55.0,0.000347837369190529
26.0,-54.0,8.620262815384194e-05
26.0,-53.0,3.645426477305591e-05
26.0,-52.0,4.419981632963754e-05
26.0,-51.0,0.00015464653552044183
26.0,-50.0,4.893033838015981e-05
26.0,-49.0,3.585230660974048e-05
26.0,-48.0,2.6072721084346995e-06
26.0,-47.0,5.130676186126948e-07
26.0,-46.0,3.234012410757714e-06
26.0,-45.0,4.4519072162074735e-07
26.0,-44.0,4.500486454617203e-07
26.0,-43.0,1.0883135104222674e-07
26.0,-42.0,6.365966669363843e-07
26.0,-41.0,2.5389903157702065e-07
26.0,-40.0,2.397754599314794e-07
26.0,-39.0,5.135507663567296e-08
26.0,-38.0,7.265040125048472e-08
26.0,-37.0,3.33652309336685e-07
26.0,-36.0,2.0323955141066108e-07
26.0,-35.0,1.0870204505408765e-06
26.0,-34.0,8.89233524503652e-06
26.0,-33.0,5.801073712063953e-06
26.0,-32.0,4.080128292116569e-06
26.0,-31.0,4.759474177262746e-05
26.0,-30.0,2.75681413768325e-05
26.0,-29.0,6.194590969244018e-05
26.0,-28.0,0.00012852383952122182
26.0,-27.0,0.00019363070896361023
26.0,-26.0,0.0003455642145127058
26.0,-25.0,0.00037250397144816816
26.0,-24.0,0.0005541425198316574
26.0,-23.0,0.001675117528066039
26.0,-22.0,0.00017175731773022562
26.0,-21.0,9.331574256066233e-05
26.0,-20.0,0.001239076373167336
26.0,-19.0,1.917483314173296e-05
26.0,-18.0,5.403313480201177e-05
26.0,-17.0,0.000686591665726155
26.0,-16.0,1.6405123233198537e-06
26.0,-15.0,1.485174652771093e-05
26.0,-14.0,0.00010767230560304597
26.0,-13.0,0.004828731529414654
26.0,-12.0,6.413310984498821e-06
26.0,-11.0,2.0487223082454875e-05
26.0,-10.0,0.00043789405026473105
26.0,-9.0,2.4672808649484068e-05
26.0,-8.0,2.445968857500702e-05
26.0,-7.0,0.00020363618386909366
26.0,-6.0,3.6516021282295696e-06
26.0,-5.0,0.0007347405189648271
26.0,-4.0,0.0003423862799536437
26.0,-3.0,3.40250444423873e-05
26.0,-2.0,0.0005255966098047793
26.0,-1.0,5.145177783560939e-05
27.0,0.0,8.063300629146397e-05
27.0,1.0,0.0017817358020693064
27.0,2.0,0.0017072780756279826
27.0,3.0,0.0002173368848161772
27.0,4.0,0.0034162465017288923
27.0,5.0,0.0018156688893213868
27.0,6.0,0.013838058337569237
27.0,7.0,0.07712701708078384
27.0,8.0,0.0004011162673123181
27.0,9.0,0.00014279248716775328
27.0,10.0,0.002879614010453224
27.0,11.0,3.2421768992207944e-05
27.0,12.0,5.879600939806551e-05
27.0,13.0,0.0006535081192851067
27.0,14.0,0.0009073075489141047
27.0,15.0,0.00012075068661943078
27.0,16.0,0.03994125500321388
27.0,17.0,0.00191868853289634
27.0,18.0,0.001238534809090197
27.0,19.0,0.05554874986410141
27.0,20.0,0.0014971843920648098
27.0,21.0,0.0014427704736590385
27.0,22.0,0.0005937236710451543
27.0,23.0,3.5960405512014404e-05
27.0,24.0,0.00030188437085598707
27.0,25.0,2.8925916922162287e-05
27.0,26.0,2.125029368471587e-06
27.0,27.0,2.040097206190694e-05
27.0,28.0,2.939885916930507e-06
27.0,29.0,1.1310480658721644e-06
27.0,30.0,7.765640219759007e-08
27.0,31.0,5.032144940742e-07
27.0,32.0,1.1142873290737043e-06
27.0,33.0,1.3857884084700345e-07
27.0,34.0,5.685486570428111e-08
27.0,35.0,3.158931122015929e-06
27.0,36.0,3.0323946702992544e-05
27.0,37.0,2.223417183699894e-08
27.0,38.0,1.3415481703304977e-07
27.0,39.0,9.242200758308172e-05
27.0,40.0,2.3732891918371024e-07
27.0,41.0,1.8455713401976936e-08
27.0,42.0,1.3559400940721389e-05
27.0,43.0,9.399580136459917e-08
27.0,44.0,4.992861022401485e-07
27.0,45.0,0.011526411399245262
27.0,46.0,6.987599476815376e-07
27.0,47.0,1.9960998542956077e-06
27.0,48.0,9.525127825327218e-05
27.0,49.0,5.732477461606322e-07
27.0,50.0,5.536801381822443e-07
27.0,51.0,1.2042734169881442e-06
27.0,52.0,2.4547129214624874e-05
27.0,53.0,9.137861525232438e-06
27.0,54.0,9.06641344045056e-06
27.0,55.0,4.405934305395931e-06
27.0,56.0,2.0928960111632477e-06
27.0,57.0,2.5684292381811247e-07
27.0,58.0,2.7085543479188345e-06
27.0,59.0,1.322691787208896e-07
27.0,60.0,9.081863794335732e-08
27.0,61.0,1.0725386800913839e-07
27.0,62.0,2.1482263079519726e-08
27.0,63.0,1.4140967152798112e-07
27.0,64.0,7.508277377610284e-08
27.0,65.0,2.92415791136591e-07
27.0,66.0,1.5075407588938106e-07
27.0,67.0,4.596542879653498e-08
27.0,68.0,3.65882783626148e-07
27.0,69.0,3.233954615211587e-08
27.0,70.0,8.820692620759019e-09
27.0,71.0,2.228626883038487e-08
27.0,72.0,1.9657548477880482e-08
27.0,73.0,0.00011268374510109425
27.0,74.0,5.517227119611334e-09
27.0,75.0,2.6440169165198313e-08
27.0,76.0,1.1328995697112987e-06
27.0,77.0,1.5985504830950958e-07
27.0,78.0,3.1389532750836224e-07
27.0,79.0,8.950528922468948e-07
27.0,80.0,1.458407405152684e-05
27.0,81.0,2.4553512503189268e-06
27.0,82.0,3.7495115634555987e-07
27.0,83.0,1.7683795761058718e-07
27.0,84.0,1.0732158443715889e-05
27.0,85.0,6.684130227085916e-08
27.0,86.0,6.493374939964269e-07
27.0,87.0,8.152380246428947e-07
27.0,88.0,3.662196661480266e-07
27.0,89.0,3.989762120681917e-08
27.0,90.0,1.0793520033303139e-07
27.0,91.0,6.989579333094298e-07
27.0,92.0,2.3376799163088435e-08
27.0,93.0,6.873008828733873e-09
27.0,94.0,8.011887075554114e-06
27.0,95.0,5.422663434728747e-06
27.0,96.0,4.139431439398322e-06
27.0,97.0,2.2379867914423812e-06
27.0,98.0,1.3787868738290854e-05
27.0,99.0,1.6948544725892134e-05
27.0,100.0,1.8227099829459803e-08
27.0,101.0,7.268508852575906e-06
27.0,102.0,1.3552406926464755e-05
27.0,103.0,1.777564193616854e-07
27.0,104.0,7.119806014088681e-06
27.0,105.0,1.571419670653995e-05
27.0,106.0,1.2808867744240615e-08
27.0,107.0,6.814454422965355e-07
27.0,108.0,5.576748662861064e-06
27.0,109.0,2.285877826579963e-06
27.0,110.0,2.530345955165103e-05
27.0,111.0,6.681868399027735e-06
27.0,112.0,0.0010970100993290544
27.0,113.0,0.00020737864542752504
27.0,114.0,0.00016635158681310713
27.0,115.0,7.534806627518265e-06
27.0,116.0,4.0996317807184823e-07
27.0,117.0,5.5767209516943694e-08
27.0,118.0,2.2641885152552277e-05
27.0,119.0,1.2738280430468762e-09
27.0,120.0,9.337785513707786e-07
27.0,121.0,2.2753663415642222e-06
27.0,122.0,2.986103208968416e-05
27.0,123.0,1.0282842595188413e-05
27.0,124.0,1.4509566426568199e-05
27.0,125.0,1.5458174402738223e-06
27.0,126.0,8.633030120108742e-06
27.0,127.0,1.586242979101371e-05
27.0,128.0,1.1537333755029522e-08
27.0,129.0,2.6460647859494202e-05
27.0,130.0,1.5129292478377465e-05
27.0,131.0,2.369938556512352e-05
27.0,132.0,0.0003325585857965052
27.0,133.0,0.002519808243960142
27.0,134.0,6.283698894549161e-05
27.0,135.0,0.0029370582196861506
27.0,136.0,0.0007276498363353312
27.0,137.0,0.00015684665413573384
27.0,138.0,0.007261158432811499
27.0,139.0,0.003602074459195137
27.0,140.0,0.00026503289700485766
27.0,141.0,7.066702528391033e-05
27.0,142.0,0.0010831357212737203
27.0,143.0,0.0006581342895515263
27.0,144.0,0.0005508643807843328
27.0,145.0,4.662066203309223e-05
27.0,146.0,1.2023446288367268e-05
27.0,147.0,0.00016710850468371063
27.0,148.0,2.4531826056772843e-05
27.0,149.0,1.5839414118090644e-06
27.0,150.0,6.659011432930129e-06
27.0,151.0,1.1076601822423982e-06
27.0,152.0,1.5937015632516704e-05
27.0,153.0,4.205604000162566e-06
27.0,154.0,1.3453534108975873e-07
27.0,155.0,3.890628431690857e-05
27.0,156.0,3.567930980352685e-05
27.0,157.0,7.683979563744003e-10
27.0,158.0,5.90181807638146e-05
27.0,159.0,1.020131534801294e-08
27.0,160.0,1.238273572568005e-08
27.0,161.0,3.4565053397273005e-07
27.0,162.0,6.645908570135362e-07
27.0,163.0,7.593066584377084e-07
27.0,164.0,0.0001608150196261704
27.0,165.0,1.814662368815334e-06
27.0,166.0,2.305232555954717e-06
27.0,167.0,2.5158158223348437e-06
27.0,168.0,2.8030983685312094e-06
27.0,169.0,6.901111919432878e-05
27.0,170.0,0.00017433558241464198
27.0,171.0,4.328026625444181e-05
27.0,172.0,0.000178538728505373
27.0,173.0,0.0005372070008888841
27.0,174.0,2.003533336392138e-05
27.0,175.0,0.00011446547432569787
27.0,176.0,0.00012951566895935684
27.0,177.0,0.00017437615315429866
27.0,178.0,5.154061727807857e-05
27.0,179.0,3.6999826988903806e-05
27.0,180.0,3.001040022354573e-05
27.0,-179.0,2.548223164922092e-06
27.0,-178.0,2.3415370833390625e-06
27.0,-177.0,3.2646003091940656e-06
27.0,-176.0,3.681164741919929e-07
27.0,-175.0,2.2644314867648063e-07
27.0,-174.0,1.709946246819527e-07
27.0,-173.0,1.3325053771495732e-07
27.0,-172.0,1.7612331930649816e-06
27.0,-171.0,2.445367286441069e-08
27.0,-170.0,1.5215671567148092e-07
27.0,-169.0,2.167189995816443e-05
27.0,-168.0,2.0431086795724696e-06
27.0,-167.0,6.839997013230459e-07
27.0,-166.0,5.800863164040493e-06
27.0,-165.0,2.5807701149460627e-06
27.0,-164.0,2.3937338937685126e-06
27.0,-163.0,1.948163662746083e-05
27.0,-162.0,7.243949767143931e-06
27.0,-161.0,5.23590051670908e-06
27.0,-160.0,1.988342546610511e-06
27.0,-159.0,1.3582816791313235e-06
27.0,-158.0,1.0038677373813698e-06
27.0,-157.0,9.374422802466142e-07
27.0,-156.0,4.471207546430378e-07
27.0,-155.0,1.9671563222800614e-07
27.0,-154.0,4.054737701153499e-07
27.0,-153.0,3.7831307508895406e-07
27.0,-152.0,4.0156203340302454e-07
27.0,-151.0,6.110196864028694e-07
27.0,-150.0,1.2731628658002592e-06
27.0,-149.0,1.3694897234017844e-06
27.0,-148.0,1.7555249769429793e-06
27.0,-147.0,6.000026132824132e-06
27.0,-146.0,3.5346095046406845e-06
27.0,-145.0,6.336883416224737e-06
27.0,-144.0,1.5059377801662777e-05
27.0,-143.0,1.2825786143366713e-05
27.0,-142.0,1.8429476767778397e-05
27.0,-141.0,1.3911468158767093e-05
27.0,-140.0,0.0001022874639602378
27.0,-139.0,0.0002486247103661299
27.0,-138.0,3.395211388124153e-05
27.0,-137.0,6.850486533949152e-05
27.0,-136.0,9.031937224790454e-06
27.0,-135.0,1.4210698395800136e-07
27.0,-134.0,1.862997436319347e-07
27.0,-133.0,8.845614019037384e-08
27.0,-132.0,1.3865124159906372e-08
27.0,-131.0,1.1504329933131885e-08
27.0,-130.0,1.680284071881033e-07
27.0,-129.0,0.00010804996418301016
27.0,-128.0,0.048302147537469864
27.0,-127.0,3.677431777759921e-06
27.0,-126.0,5.362151568988338e-05
27.0,-125.0,0.046212535351514816
27.0,-124.0,9.435070182917116e-07
27.0,-123.0,0.24151396751403809
27.0,-122.0,0.0003235700132790953
27.0,-121.0,6.447412943089148e-06
27.0,-120.0,0.32726505398750305
27.0,-119.0,1.380843883680427e-07
27.0,-118.0,8.370856789952086e-07
27.0,-117.0,0.045249342918395996
27.0,-116.0,8.932570239039705e-09
27.0,-115.0,1.1342043535478297e-06
27.0,-114.0,0.00044036839972250164
27.0,-113.0,3.7216032069409266e-06
27.0,-112.0,2.0213969037286006e-05
27.0,-111.0,5.743208930653054e-06
27.0,-110.0,0.00013814642443321645
27.0,-109.0,1.859067560872063e-05
27.0,-108.0,0.00029483032994903624
27.0,-107.0,0.004341458436101675
27.0,-106.0,0.0016151736490428448
27.0,-105.0,0.0025499300099909306
27.0,-104.0,0.014242053963243961
27.0,-103.0,0.008497864939272404
27.0,-102.0,0.06008273363113403
27.0,-101.0,0.061415351927280426
27.0,-100.0,0.002860212931409478
27.0,-99.0,0.10836663842201233
27.0,-98.0,0.031332988291978836
27.0,-97.0,0.0002274287980981171
27.0,-96.0,0.0006641196669079363
27.0,-95.0,3.7666934531443985e-06
27.0,-94.0,7.369349219743526e-08
27.0,-93.0,6.389849204424536e-06
27.0,-92.0,7.472321372770097e-11
27.0,-91.0,2.7733330298929104e-08
27.0,-90.0,6.95076607826195e-07
27.0,-89.0,7.011614844287806e-09
27.0,-88.0,7.720984740444692e-07
27.0,-87.0,6.67642279950087e-06
27.0,-86.0,6.637694838218522e-08
27.0,-85.0,8.531020284863189e-06
27.0,-84.0,3.217152766410436e-08
27.0,-83.0,1.4583215746100109e-09
27.0,-82.0,7.20101089868308e-09
27.0,-81.0,3.759253175417143e-08
27.0,-80.0,3.659575753545141e-09
27.0,-79.0,3.511005486345198e-09
27.0,-78.0,3.4637645529578265e-10
27.0,-77.0,1.1274667865990295e-09
27.0,-76.0,7.699706427999331e-10
27.0,-75.0,4.330868552671063e-09
27.0,-74.0,5.5362652240376065e-09
27.0,-73.0,7.219012498893562e-09
27.0,-72.0,4.4008000799067304e-08
27.0,-71.0,2.373433538593872e-08
27.0,-70.0,5.045280193627377e-09
27.0,-69.0,2.098202500633306e-08
27.0,-68.0,5.380893526307773e-07
27.0,-67.0,2.897997717354883e-07
27.0,-66.0,1.974698534468189e-05
27.0,-65.0,4.2461924749659374e-05
27.0,-64.0,1.3343737009563483e-05
27.0,-63.0,5.634840636048466e-05
27.0,-62.0,3.7548721593338996e-05
27.0,-61.0,4.364416963653639e-05
27.0,-60.0,0.0002743251679930836
27.0,-59.0,0.0003664197283796966
27.0,-58.0,0.0005439220694825053
27.0,-57.0,0.0014054792700335383
27.0,-56.0,0.0023626473266631365
27.0,-55.0,0.0016975024482235312
27.0,-54.0,0.0005219245213083923
27.0,-53.0,0.00021017645485699177
27.0,-52.0,6.061202293494716e-05
27.0,-51.0,0.00013753522944170982
27.0,-50.0,5.041630720370449e-05
27.0,-49.0,4.497321788221598e-05
27.0,-48.0,1.7338750694761984e-05
27.0,-47.0,4.753030225401744e-06
27.0,-46.0,1.4931430087017361e-05
27.0,-45.0,1.323983155998576e-06
27.0,-44.0,1.510152401351661e-06
27.0,-43.0,8.25411120786157e-07
27.0,-42.0,2.2334253912958957e-07
27.0,-41.0,2.0217093776864203e-07
27.0,-40.0,3.995565407421964e-07
27.0,-39.0,3.606722884796909e-07
27.0,-38.0,2.2670288046811038e-07
27.0,-37.0,1.8418913896312006e-06
27.0,-36.0,2.114519247697899e-06
27.0,-35.0,4.301511580706574e-06
27.0,-34.0,9.430847967450973e-06
27.0,-33.0,1.9178446564183105e-06
27.0,-32.0,3.838483280560467e-06
27.0,-31.0,7.485129572160076e-06
27.0,-30.0,3.3853484637802467e-06
27.0,-29.0,2.241550464532338e-05
27.0,-28.0,5.7515230764693115e-06
27.0,-27.0,2.513115032343194e-05
27.0,-26.0,7.710389036219567e-05
27.0,-25.0,0.00010835712600965053
27.0,-24.0,0.0008473513880744576
27.0,-23.0,0.0017576029058545828
27.0,-22.0,0.00034912925912067294
27.0,-21.0,0.00019524864910636097
27.0,-20.0,5.278831667965278e-05
27.0,-19.0,8.57537379488349e-05
27.0,-18.0,7.63454008847475e-05
27.0,-17.0,0.0001980261004064232
27.0,-16.0,2.5234970962628722e-05
27.0,-15.0,3.162533403155976e-06
27.0,-14.0,1.0505569662200287e-05
27.0,-13.0,2.7935177513427334e-06
27.0,-12.0,0.00028475403087213635
27.0,-11.0,1.6691326891304925e-05
27.0,-10.0,6.471341475844383e-05
27.0,-9.0,6.384508742485195e-05
27.0,-8.0,9.786647569853812e-05
27.0,-7.0,0.00023644109023734927
27.0,-6.0,3.173275399603881e-05
27.0,-5.0,0.00010653863137122244
27.0,-4.0,0.000217008069739677
27.0,-3.0,9.190824130200781e-06
27.0,-2.0,5.342092663340736e-06
27.0,-1.0,7.02657998772338e-05
28.0,0.0,0.0005707691889256239
28.0,1.0,0.0036926791071891785
28.0,2.0,5.394746403908357e-05
28.0,3.0,0.056780360639095306
28.0,4.0,0.00023219814465846866
28.0,5.0,0.012073464691638947
28.0,6.0,0.013935941271483898
28.0,7.0,0.0005101808346807957
28.0,8.0,0.0059125991538167
28.0,9.0,0.006395052652806044
28.0,10.0,0.000319174985634163
28.0,11.0,7.530039147241041e-05
28.0,12.0,2.2916139641893096e-05
28.0,13.0,0.00018130532407667488
28.0,14.0,1.2882310329587199e-05
28.0,15.0,3.0423268981394358e-05
28.0,16.0,0.0020020895171910524
28.0,17.0,3.987695527030155e-05
28.0,18.0,0.0007105234544724226
28.0,19.0,0.0002419313823338598
28.0,20.0,2.2635538698523305e-05
28.0,21.0,0.0006041332962922752
28.0,22.0,3.047571226488799e-05
28.0,23.0,8.35337232274469e-06
28.0,24.0,0.00011415852350182831
28.0,25.0,4.845929197472287e-06
28.0,26.0,2.6320474262320204e-06
28.0,27.0,0.0008427105494774878
28.0,28.0,0.00046951844706200063
28.0,29.0,8.435685595031828e-05
28.0,30.0,8.562464063288644e-05
28.0,31.0,1.4913250652170973e-06
28.0,32.0,2.6694053303799592e-05
28.0,33.0,0.00016309322381857783
28.0,34.0,6.804635631851852e-06
28.0,35.0,9.8880002497026e-07
28.0,36.0,8.509800863976125e-07
28.0,37.0,3.1064837457961403e-07
28.0,38.0,1.7527479485579534e-06
28.0,39.0,1.0252381343889283e-06
28.0,40.0,7.360329732364335e-07
28.0,41.0,1.1748389283638971e-07
28.0,42.0,0.0003811787173617631
28.0,43.0,1.6449143913632724e-07
28.0,44.0,4.511828137765406e-06
28.0,45.0,1.043308566295309e-05
28.0,46.0,1.29643126456358e-06
28.0,47.0,2.924268983406364e-06
28.0,48.0,2.4857345692907984e-07
28.0,49.0,1.317461283179e-06
28.0,50.0,2.549155215092469e-05
28.0,51.0,2.384430786150915e-07
28.0,52.0,1.5160458133323118e-06
28.0,53.0,1.2588037861860357e-05
28.0,54.0,1.105175215343479e-06
28.0,55.0,2.417831183265662e-06
28.0,56.0,4.167550741840387e-06
28.0,57.0,1.7496115106041543e-05
28.0,58.0,9.617907380743418e-06
28.0,59.0,6.137909167591715e-07
28.0,60.0,1.0126456118086935e-06
28.0,61.0,7.173128324211575e-06
28.0,62.0,8.586325606074752e-08
28.0,63.0,6.779961267966428e-07
28.0,64.0,5.065954322702737e-09
28.0,65.0,1.0246799320157152e-05
28.0,66.0,5.68660880162497e-07
28.0,67.0,1.2276437701075338e-05
28.0,68.0,2.1785868739243597e-05
28.0,69.0,1.1888573681062553e-05
28.0,70.0,2.2254967916524038e-05
28.0,71.0,3.649339487310499e-05
28.0,72.0,0.003313319990411401
28.0,73.0,0.00013695038796868175
28.0,74.0,0.00010613485210342333
28.0,75.0,0.00046722180559299886
28.0,76.0,3.3958283438551007e-06
28.0,77.0,5.125057214172557e-07
28.0,78.0,1.757999234541785e-05
28.0,79.0,1.6581982436036924e-06
28.0,80.0,1.3970689849429618e-07
28.0,81.0,5.554671815843903e-07
28.0,82.0,1.0299969289917499e-05
28.0,83.0,1.3426762279777904e-06
28.0,84.0,1.0292764045516378e-06
28.0,85.0,6.447702162404312e-06
28.0,86.0,4.1909282799679204e-07
28.0,87.0,3.721088432939723e-07
28.0,88.0,4.622145297616953e-06
28.0,89.0,1.3764362982726652e-08
28.0,90.0,7.620654969286988e-07
28.0,91.0,2.9375710255408194e-06
28.0,92.0,2.9958520997297455e-08
28.0,93.0,1.2523688383225817e-05
28.0,94.0,1.9631077520898543e-05
28.0,95.0,3.2874027056095656e-07
28.0,96.0,7.244198513944866e-06
28.0,97.0,2.4700207177374978e-06
28.0,98.0,1.5582220385113033e-06
28.0,99.0,3.554689328666427e-06
28.0,100.0,3.2251359698420856e-06
28.0,101.0,3.7030341104582476e-07
28.0,102.0,0.0002544674789533019
28.0,103.0,1.4582613403035793e-05
28.0,104.0,1.403408623446012e-05
28.0,105.0,2.648961981321918e-06
28.0,106.0,4.911976816401875e-07
28.0,107.0,1.099180124697341e-07
28.0,108.0,2.0918744212394813e-06
28.0,109.0,1.5369839729828527e-06
28.0,110.0,1.0733342605817597e-06
28.0,111.0,2.2355070541379973e-05
28.0,112.0,0.00016687634342815727
28.0,113.0,0.0004983351682312787
28.0,114.0,3.14906174025964e-05
28.0,115.0,5.64953988941852e-05
28.0,116.0,0.00027382554253563285
28.0,117.0,1.3428770216705743e-05
28.0,118.0,1.5632930683295854e-07
28.0,119.0,7.214208380901255e-06
28.0,120.0,1.1415302196837729e-06
28.0,121.0,1.5986883227014914e-05
28.0,122.0,2.5435361749259755e-05
28.0,123.0,1.3535719517676625e-05
28.0,124.0,2.928256435552612e-05
28.0,125.0,9.7610227385303e-06
28.0,126.0,0.00026987306773662567
28.0,127.0,1.0846163604583126e-05
28.0,128.0,2.167347020076704e-06
28.0,129.0,3.633250571510871e-06
28.0,130.0,0.0003931522078346461
28.0,131.0,5.60066728212405e-05
28.0,132.0,1.873405017249752e-05
28.0,133.0,1.8739625375019386e-05
28.0,134.0,0.0033224436920136213
28.0,135.0,0.00046039611333981156
28.0,136.0,9.123323252424598e-05
28.0,137.0,0.0033844716381281614
28.0,138.0,0.0011016515782102942
28.0,139.0,0.0004343366308603436
28.0,140.0,0.004601477645337582
28.0,141.0,0.0006536887376569211
28.0,142.0,0.006251524668186903
28.0,143.0,0.0017959268298000097
28.0,144.0,8.132428047247231e-05
28.0,145.0,0.0003939036396332085
28.0,146.0,5.626281563309021e-05
28.0,147.0,2.527374635974411e-05
28.0,148.0,4.2559454414003994e-06
28.0,149.0,6.718718395859469e-06
28.0,150.0,5.740886535932077e-06
28.0,151.0,5.635401407744212e-07
28.0,152.0,5.5586747294000816e-06
28.0,153.0,6.4748637669254094e-06
28.0,154.0,4.4109853547524835e-08
28.0,155.0,1.4100633904945425e-07
28.0,156.0,2.5304231598966e-07
28.0,157.0,2.1731742094743822e-07
28.0,158.0,6.704930655132557e-08
28.0,159.0,1.1190971349606116e-07
28.0,160.0,1.1176673979207408e-05
28.0,161.0,1.2021656402794179e-05
28.0,162.0,5.149963566708493e-09
28.0,163.0,4.19079078710638e-05
28.0,164.0,0.0019083023071289062
28.0,165.0,1.7971078705159016e-06
28.0,166.0,3.6341516533866525e-06
28.0,167.0,1.1328086657158565e-05
28.0,168.0,2.646055918376078e-06
28.0,169.0,0.00036560656735673547
28.0,170.0,0.0006189924315549433
28.0,171.0,2.9339062166400254e-06
28.0,172.0,0.0018108203075826168
28.0,173.0,4.3493804696481675e-05
28.0,174.0,1.943982351804152e-05
28.0,175.0,1.758641519700177e-05
28.0,176.0,0.00021897637634538114
28.0,177.0,0.00026765067013911903
28.0,178.0,9.561338083585724e-05
28.0,179.0,4.894778976449743e-05
28.0,180.0,9.576246156939305e-06
28.0,-179.0,1.6539844409635407e-06
28.0,-178.0,2.160582198484917e-06
28.0,-177.0,3.5983130146632902e-06
28.0,-176.0,2.0562422378134215e-06
28.0,-175.0,8.488734692946309e-07
28.0,-174.0,1.9930412236135453e-06
28.0,-173.0,1.0840858521987684e-05
28.0,-172.0,5.8541935743505746e-08
28.0,-171.0,2.1355114654397767e-07
28.0,-170.0,1.0413098152639577e-06
28.0,-169.0,1.0803947816384607e-06
28.0,-168.0,7.238922535179881e-06
28.0,-167.0,1.950745627254946e-06
28.0,-166.0,1.4977861155784922e-06
28.0,-165.0,4.577925665216753e-06
28.0,-164.0,4.6298214328999165e-06
28.0,-163.0,5.73631723455037e-06
28.0,-162.0,1.9489087208057754e-05
28.0,-161.0,8.067942872003186e-06
28.0,-160.0,1.785295694389788e-06
28.0,-159.0,5.4234192248259205e-06
28.0,-158.0,9.035185030370485e-06
28.0,-157.0,2.8799925075873034e-06
28.0,-156.0,1.5284754226740915e-06
28.0,-155.0,3.179662144248141e-06
28.0,-154.0,3.4381914701953065e-06
28.0,-153.0,2.746690825006226e-06
28.0,-152.0,3.169532192259794e-06
28.0,-151.0,3.5190037124266382e-06
28.0,-150.0,1.816064809645468e-06
28.0,-149.0,9.92950390354963e-07
28.0,-148.0,1.585349650667922e-06
28.0,-147.0,4.248832283337833e-06
28.0,-146.0,1.2330024219409097e-06
28.0,-145.0,1.061258080881089e-05
28.0,-144.0,3.6428791645448655e-05
28.0,-143.0,1.3343035789148416e-05
28.0,-142.0,1.7520560504635796e-06
28.0,-141.0,1.9147580587741686e-06
28.0,-140.0,3.371638376847841e-05
28.0,-139.0,3.3057462133001536e-05
28.0,-138.0,2.6375073503004387e-07
28.0,-137.0,4.460246600501705e-06
28.0,-136.0,2.7308524863656203e-07
28.0,-135.0,5.531884283982436e-09
28.0,-134.0,9.848101711895652e-08
28.0,-133.0,7.565218140825891e-08
28.0,-132.0,7.942779944869471e-08
28.0,-131.0,1.1655205867100449e-07
28.0,-130.0,0.002885733963921666
28.0,-129.0,1.5368141248472966e-05
28.0,-128.0,0.0009451384539715946
28.0,-127.0,0.0003686033596750349
28.0,-126.0,3.274528353358619e-06
28.0,-125.0,6.781333468097728e-06
28.0,-124.0,0.00019156458438374102
28.0,-123.0,1.9471810446702875e-05
28.0,-122.0,3.199041020707227e-05
28.0,-121.0,1.4492969967250247e-05
28.0,-120.0,0.00020284303172957152
28.0,-119.0,3.7933909879939165e-06
28.0,-118.0,1.896700996439904e-05
28.0,-117.0,1.5040919606690295e-05
28.0,-116.0,8.425210580753628e-06
28.0,-115.0,3.895874397130683e-05
28.0,-114.0,4.7267944864870515e-06
28.0,-113.0,0.08322378247976303
28.0,-112.0,1.2459977369871922e-05
28.0,-111.0,3.006146243933472e-06
28.0,-110.0,0.0003325116995256394
28.0,-109.0,0.0011700908653438091
28.0,-108.0,8.01449345999572e-07
28.0,-107.0,0.0001554875634610653
28.0,-106.0,0.00040008575888350606
28.0,-105.0,0.002075114520266652
28.0,-104.0,0.034305132925510406
28.0,-103.0,0.03666979447007179
28.0,-102.0,0.06488019227981567
28.0,-101.0,0.20112191140651703
28.0,-100.0,0.10702066123485565
28.0,-99.0,0.09816953539848328
28.0,-98.0,0.014225661754608154
28.0,-97.0,0.023855779320001602
28.0,-96.0,0.029298854991793633
28.0,-95.0,0.003795723197981715
28.0,-94.0,1.1180618457728997e-05
28.0,-93.0,8.421369784628041e-06
28.0,-92.0,9.125661222242343e-07
28.0,-91.0,7.392264578243157e-09
28.0,-90.0,6.680331665620542e-08
28.0,-89.0,3.3231981433345936e-07
28.0,-88.0,5.916595569033234e-08
28.0,-87.0,1.413752124790335e-05
28.0,-86.0,1.0664736009857734e-06
28.0,-85.0,3.889065069984099e-09
28.0,-84.0,2.300827439682962e-08
28.0,-83.0,8.529573096893728e-05
28.0,-82.0,2.139739718742817e-09
28.0,-81.0,7.326026896237181e-09
28.0,-80.0,1.1082762263470158e-08
28.0,-79.0,3.754758726159935e-09
28.0,-78.0,3.3293816592561143e-09
28.0,-77.0,3.0172635501202194e-09
28.0,-76.0,3.9010856767163204e-09
28.0,-75.0,5.8820120996117e-10
28.0,-74.0,2.340619031926394e-09
28.0,-73.0,6.652384598737626e-08
28.0,-72.0,9.027993428389891e-07
28.0,-71.0,4.625610472430708e-08
28.0,-70.0,7.279715674712861e-08
28.0,-69.0,1.3870871953258757e-06
28.0,-68.0,1.0433939223730704e-07
28.0,-67.0,2.50953235081397e-07
28.0,-66.0,3.939310317946365e-06
28.0,-65.0,1.1099876246589702e-05
28.0,-64.0,1.1238666047574952e-05
28.0,-63.0,0.00012726285785902292
28.0,-62.0,0.00014950515469536185
28.0,-61.0,0.00018895593530032784
28.0,-60.0,0.0013338710414245725
28.0,-59.0,0.0005396123160608113
28.0,-58.0,0.0010135048069059849
28.0,-57.0,0.0028881030157208443
28.0,-56.0,0.00250196922570467
28.0,-55.0,0.002948358189314604
28.0,-54.0,0.0035748665686696768
28.0,-53.0,0.00022020873439032584
28.0,-52.0,8.517876995028928e-05
28.0,-51.0,0.00013143937394488603
28.0,-50.0,5.875755596207455e-05
28.0,-49.0,2.623438740556594e-05
28.0,-48.0,4.0866976632969454e-05
28.0,-47.0,2.6641764634405263e-05
28.0,-46.0,1.8718264982453547e-05
28.0,-45.0,3.164840381941758e-05
28.0,-44.0,6.322492481558584e-06
28.0,-43.0,3.7905160752416123e-06
28.0,-42.0,3.4651341138669522e-06
28.0,-41.0,1.3171963928471087e-06
28.0,-40.0,1.957579570444068e-06
28.0,-39.0,2.6391128358227434e-06
28.0,-38.0,1.5616629980286234e-06
28.0,-37.0,3.5831906188832363e-06
28.0,-36.0,6.246123120945413e-06
28.0,-35.0,4.19372508986271e-06
28.0,-34.0,3.868444764520973e-06
28.0,-33.0,5.64316860618419e-06
28.0,-32.0,9.535964636597782e-06
28.0,-31.0,1.14938520709984e-05
28.0,-30.0,1.5763533156132326e-05
28.0,-29.0,6.369601123878965e-06
28.0,-28.0,7.1046797529561445e-06
28.0,-27.0,2.3882090317783877e-05
28.0,-26.0,1.360666828986723e-05
28.0,-25.0,2.5659672246547416e-05
28.0,-24.0,0.0002246501244371757
28.0,-23.0,0.0002415690541965887
28.0,-22.0,0.0008929489995352924
28.0,-21.0,0.0012572022387757897
28.0,-20.0,0.000142649732879363
28.0,-19.0,2.0991626570321387e-06
28.0,-18.0,0.0009252864983864129
28.0,-17.0,7.937929331092164e-05
28.0,-16.0,6.527519144583493e-05
28.0,-15.0,5.6981494708452374e-05
28.0,-14.0,1.9915054508601315e-05
28.0,-13.0,0.001791546936146915
28.0,-12.0,0.00021743842808064073
28.0,-11.0,6.656381401626277e-07
28.0,-10.0,8.604787581134588e-06
28.0,-9.0,6.620662134082522e-07
28.0,-8.0,2.163695853596437e-06
28.0,-7.0,1.2391390555421822e-05
28.0,-6.0,1.1250623174419161e-05
28.0,-5.0,6.459737778641284e-05
28.0,-4.0,0.0004442359786480665
28.0,-3.0,0.007920443080365658
28.0,-2.0,0.000760954397264868
28.0,-1.0,8.051483746385202e-05
29.0,0.0,0.0009797646198421717
29.0,1.0,0.0005640219897031784
29.0,2.0,0.00034114799927920103
29.0,3.0,0.000320523715345189
29.0,4.0,2.8192723675601883e-06
29.0,5.0,0.00013002562627661973
29.0,6.0,7.455985905835405e-05
29.0,7.0,8.823688517622941e-07
29.0,8.0,8.580397116020322e-05
29.0,9.0,3.615003515733406e-05
29.0,10.0,1.8382363123237155e-05
29.0,11.0,6.577912699867738e-06
29.0,12.0,0.0006284817354753613
29.0,13.0,2.2491502022603527e-05
29.0,14.0,8.832455932861194e-05
29.0,15.0,0.00022303454170469195
29.0,16.0,5.453609992400743e-05
29.0,17.0,0.0004743589088320732
29.0,18.0,0.00046957636368460953
29.0,19.0,0.0002987469488289207
29.0,20.0,1.4256772828957764e-06
29.0,21.0,7.440175249939784e-05
29.0,22.0,5.152813537279144e-05
29.0,23.0,3.5533983009372605e-06
29.0,24.0,5.7504494179738685e-05
29.0,25.0,1.6912517253331316e-07
29.0,26.0,0.00022485567023977637
29.0,27.0,1.3643717693412327e-06
29.0,28.0,3.3012040034918755e-07
29.0,29.0,5.891634282306768e-05
29.0,30.0,1.3066293149677222e-06
29.0,31.0,9.599942814020324e-07
29.0,32.0,7.240385912155034e-06
29.0,33.0,1.4432765738092712e-06
29.0,34.0,5.831258249600069e-07
29.0,35.0,5.601310022029793e-06
29.0,36.0,0.00013954703172203153
29.0,37.0,1.7618347669667855e-07
29.0,38.0,1.7543955266319244e-07
29.0,39.0,1.2076456187060103e-05
29.0,40.0,1.2303708274430392e-07
29.0,41.0,4.801395334652625e-06
29.0,42.0,3.885163550876314e-06
29.0,43.0,2.0639379727072082e-05
29.0,44.0,7.5990883487975225e-06
29.0,45.0,2.464192675688537e-06
29.0,46.0,7.999755098353489e-07
29.0,47.0,4.4493222617347783e-07
29.0,48.0,3.5226125305598543e-07
29.0,49.0,4.591497145156609e-06
29.0,50.0,2.780097202048637e-05
29.0,51.0,2.0142924768151715e-05
29.0,52.0,1.248315857083071e-05
29.0,53.0,3.508563167997636e-05
29.0,54.0,1.8230357454740442e-05
29.0,55.0,2.7466847313917242e-05
29.0,56.0,3.978666427428834e-06
29.0,57.0,3.9420625398634e-05
29.0,58.0,2.726669845287688e-05
29.0,59.0,2.0347306417534128e-07
29.0,60.0,4.5476608079297876e-07
29.0,61.0,1.5722490331882e-07
29.0,62.0,2.4622717319289222e-05
29.0,63.0,3.1436886871460956e-08
29.0,64.0,2.404977017533838e-08
29.0,65.0,5.738379016406725e-08
29.0,66.0,2.431949269521283e-06
29.0,67.0,2.556284698584932e-06
29.0,68.0,2.076809977324956e-07
29.0,69.0,4.200118723929336e-07
29.0,70.0,3.0916903597244527e-06
29.0,71.0,7.126234891075e-08
29.0,72.0,7.662872576474911e-07
29.0,73.0,1.1941558113903739e-05
29.0,74.0,1.3342782949621323e-06
29.0,75.0,3.531317247507104e-07
29.0,76.0,1.0288219982612645e-06
29.0,77.0,4.9854385508751875e-08
29.0,78.0,1.05709693798417e-06
29.0,79.0,1.511313207913645e-08
29.0,80.0,5.5937632303937335e-09
29.0,81.0,4.247118795319693e-06
29.0,82.0,4.8298595345386275e-08
29.0,83.0,3.137961712695869e-08
29.0,84.0,4.901868919660046e-07
29.0,85.0,1.7629172077704425e-07
29.0,86.0,2.930802622813644e-07
29.0,87.0,1.2921001371068996e-06
29.0,88.0,5.437902359517466e-07
29.0,89.0,5.22803361491242e-07
29.0,90.0,4.124075985600939e-06
29.0,91.0,9.021684491017368e-06
29.0,92.0,9.318497177446261e-06
29.0,93.0,0.00016732740914449096
29.0,94.0,7.804469350958243e-05
29.0,95.0,8.216020069085062e-05
29.0,96.0,0.0004786945355590433
29.0,97.0,5.986194082652219e-06
29.0,98.0,6.222364027053118e-05
29.0,99.0,7.29653038433753e-05
29.0,100.0,8.077088750724215e-06
29.0,101.0,1.828356488431382e-07
29.0,102.0,7.785313755448442e-06
29.0,103.0,6.096437346059247e-07
29.0,104.0,1.7220376236082302e-08
29.0,105.0,2.96321559289936e-07
29.0,106.0,1.4740854794581537e-06
29.0,107.0,9.856724325629784e-09
29.0,108.0,2.1805816174946813e-07
29.0,109.0,0.00033478281693533063
29.0,110.0,2.714520235258533e-07
29.0,111.0,4.099754733033478e-05
29.0,112.0,0.030248792842030525
29.0,113.0,3.823015049420064e-06
29.0,114.0,0.0005926568410359323
29.0,115.0,0.0023589974734932184
29.0,116.0,0.0005172924720682204
29.0,117.0,0.0013744758907705545
29.0,118.0,8.342115506820846e-06
29.0,119.0,0.00022205000277608633
29.0,120.0,4.5162109927332494e-06
29.0,121.0,9.085574129130691e-05
29.0,122.0,4.6705703425686806e-05
29.0,123.0,3.074022242799401e-05
29.0,124.0,4.312391683924943e-05
29.0,125.0,1.871325002866797e-05
29.0,126.0,2.0965695512131788e-05
29.0,127.0,6.976277654757723e-05
29.0,128.0,6.598172035410244e-07
29.0,129.0,0.00011824866669485345
29.0,130.0,7.608442956552608e-06
29.0,131.0,6.14880164562237e-08
29.0,132.0,0.01965148374438286
29.0,133.0,5.939023321843706e-05
29.0,134.0,2.0252424803857139e-07
29.0,135.0,0.0008264966309070587
29.0,136.0,0.00038544784183613956
29.0,137.0,4.235685628373176e-05
29.0,138.0,0.0010687607573345304
29.0,139.0,0.00034212510217912495
29.0,140.0,0.001075156033039093
29.0,141.0,0.10737962275743484
29.0,142.0,0.0014556595124304295
29.0,143.0,0.00016341156151611358
29.0,144.0,9.68118547461927e-05
29.0,145.0,4.733917012345046e-05
29.0,146.0,3.730429853021633e-06
29.0,147.0,0.000424672820372507
29.0,148.0,1.842213168856688e-05
29.0,149.0,9.99845506157726e-05
29.0,150.0,7.83123596193036e-06
29.0,151.0,4.744987109006615e-06
29.0,152.0,4.9273465265287086e-05
29.0,153.0,4.6836012188578025e-06
29.0,154.0,1.2456352749268262e-07
29.0,155.0,4.2875477390680317e-08
29.0,156.0,8.65939682626049e-07
29.0,157.0,2.626090065405151e-07
29.0,158.0,4.38457800555625e-06
29.0,159.0,5.061770025349688e-07
29.0,160.0,2.135822967375134e-07
29.0,161.0,1.8128029068975593e-06
29.0,162.0,5.5001264627208e-06
29.0,163.0,3.392288999748416e-05
29.0,164.0,0.0003045909106731415
29.0,165.0,7.447096140822396e-05
29.0,166.0,7.013094545982312e-06
29.0,167.0,5.423744369181804e-06
29.0,168.0,0.00019487629469949752
29.0,169.0,0.0003444894391577691
29.0,170.0,3.2584346627118066e-05
29.0,171.0,9.107287041842937e-05
29.0,172.0,4.734598769573495e-05
29.0,173.0,0.000193799365661107
29.0,174.0,9.55681680352427e-05
29.0,175.0,6.588952237507328e-05
29.0,176.0,8.455587703792844e-06
29.0,177.0,2.890256291721016e-05
29.0,178.0,2.3870865334174596e-05
29.0,179.0,1.3181778740545269e-05
29.0,180.0,2.5842282411758788e-05
29.0,-179.0,8.035714927245863e-06
29.0,-178.0,1.1384911886125337e-05
29.0,-177.0,1.183038330054842e-05
29.0,-176.0,4.271775651432108e-06
29.0,-175.0,5.1736274144786876e-06
29.0,-174.0,2.5254623778891983e-06
29.0,-173.0,8.370728892259649e-07
29.0,-172.0,2.1678731343399704e-07
29.0,-171.0,2.1452643750308198e-07
29.0,-170.0,1.2508981228620542e-07
29.0,-169.0,1.40494460509899e-08
29.0,-168.0,6.172978464746848e-05
29.0,-167.0,1.7102348692787928e-06
29.0,-166.0,1.2816489061151515e-06
29.0,-165.0,8.811808584141545e-06
29.0,-164.0,6.779878731322242e-06
29.0,-163.0,1.1315776646370068e-05
29.0,-162.0,1.1769718184950761e-05
29.0,-161.0,3.18855950354191e-06
29.0,-160.0,1.3125342775310855e-05
29.0,-159.0,1.0500361895537935e-05
29.0,-158.0,1.0372844371886458e-05
29.0,-157.0,8.570546015107539e-06
29.0,-156.0,1.500601865700446e-05
29.0,-155.0,8.330588570970576e-06
29.0,-154.0,1.0251978892483748e-05
29.0,-153.0,1.540469384053722e-05
29.0,-152.0,8.029825039557181e-06
29.0,-151.0,5.231089289736701e-06
29.0,-150.0,3.9392689359374344e-06
29.0,-149.0,1.4389652278623544e-06
29.0,-148.0,2.6959244223689893e-06
29.0,-147.0,5.642119049298344e-06
29.0,-146.0,2.131792598447646e-06
29.0,-145.0,5.3451194617082365e-06
29.0,-144.0,4.7896752221276984e-05
29.0,-143.0,9.511351890978403e-06
29.0,-142.0,4.824142365578155e-07
29.0,-141.0,1.4569924644547427e-07
29.0,-140.0,3.060108792851679e-05
29.0,-139.0,1.565336305020537e-08
29.0,-138.0,1.1070043548500053e-08
29.0,-137.0,1.3706856982764748e-08
29.0,-136.0,5.1388900079718525e-11
29.0,-135.0,6.719775846875109e-10
29.0,-134.0,1.1098431063061298e-09
29.0,-133.0,9.206049256249571e-10
29.0,-132.0,9.073324314101683e-09
29.0,-131.0,1.9410108507145196e-05
29.0,-130.0,2.612540868085489e-07
29.0,-129.0,0.0018040025606751442
29.0,-128.0,0.0016989284195005894
29.0,-127.0,4.8803464380853256e-08
29.0,-126.0,0.00011705198267009109
29.0,-125.0,4.375614662421867e-05
29.0,-124.0,5.695498543900612e-07
29.0,-123.0,0.02574552223086357
29.0,-122.0,6.255907578633924e-07
29.0,-121.0,1.2556132844565582e-07
29.0,-120.0,0.00038897147169336677
29.0,-119.0,8.496706271898802e-08
29.0,-118.0,3.2161735816771397e-06
29.0,-117.0,3.8474889151984826e-05
29.0,-116.0,5.80646485559555e-07
29.0,-115.0,1.3199301065469626e-05
29.0,-114.0,7.173596259235637e-07
29.0,-113.0,1.0255244887957815e-05
29.0,-112.0,0.002345023676753044
29.0,-111.0,1.4427330370381242e-06
29.0,-110.0,4.218757680973795e-07
29.0,-109.0,0.0003519329766277224
29.0,-108.0,0.0012514896225184202
29.0,-107.0,0.00014138061669655144
29.0,-106.0,0.00013483221118804067
29.0,-105.0,0.11836608499288559
29.0,-104.0,0.013709946535527706
29.0,-103.0,0.004042333457618952
29.0,-102.0,0.03037470579147339
29.0,-101.0,0.009295878931879997
29.0,-100.0,0.00860854983329773
29.0,-99.0,0.0008635296253487468
29.0,-98.0,0.00029890905716456473
29.0,-97.0,0.00041079820948652923
29.0,-96.0,0.00039854765054769814
29.0,-95.0,1.1807930604845751e-05
29.0,-94.0,1.1454797459009569e-05
29.0,-93.0,1.6892649000510573e-05
29.0,-92.0,3.382778595550917e-05
29.0,-91.0,1.3585809028882068e-06
29.0,-90.0,6.99629651990108e-08
29.0,-89.0,7.118225653357513e-07
29.0,-88.0,2.6940172119793715e-06
29.0,-87.0,2.3011907615000382e-05
29.0,-86.0,2.138499297643648e-07
29.0,-85.0,9.615109775040764e-08
29.0,-84.0,9.877390766632743e-06
29.0,-83.0,3.488765116799186e-07
29.0,-82.0,1.934854232388261e-08
29.0,-81.0,2.7565045357391682e-08
29.0,-80.0,1.543617855759294e-07
29.0,-79.0,8.554880537303688e-07
29.0,-78.0,3.6970625671983726e-08
29.0,-77.0,5.230851307658213e-10
29.0,-76.0,9.856422344967086e-09
29.0,-75.0,6.854183887128329e-09
29.0,-74.0,2.6367500183255288e-08
29.0,-73.0,8.381199734230904e-09
29.0,-72.0,4.552533283685989e-08
29.0,-71.0,2.400997573204222e-06
29.0,-70.0,5.854807838545639e-08
29.0,-69.0,1.74295475829922e-08
29.0,-68.0,2.497715740901185e-07
29.0,-67.0,6.555055279022781e-06
29.0,-66.0,1.1425010626453513e-07
29.0,-65.0,3.021212251042016e-06
29.0,-64.0,2.349107944610296e-06
29.0,-63.0,1.460876865166938e-05
29.0,-62.0,4.7502966481260955e-05
29.0,-61.0,0.00015202751092147082
29.0,-60.0,0.0005322315846569836
29.0,-59.0,0.0004334952973295003
29.0,-58.0,0.00045201671309769154
29.0,-57.0,0.0012274611508473754
29.0,-56.0,0.0016540861688554287
29.0,-55.0,0.0003258086508139968
29.0,-54.0,0.0018417281098663807
29.0,-53.0,0.000755266344640404
29.0,-52.0,0.00018408939649816602
29.0,-51.0,0.00023108282766770571
29.0,-50.0,7.98082837718539e-05
29.0,-49.0,7.944730168674141e-05
29.0,-48.0,3.0084787795203738e-05
29.0,-47.0,2.23199440370081e-05
29.0,-46.0,8.384742250200361e-05
29.0,-45.0,4.808269295608625e-05
29.0,-44.0,6.29303485766286e-06
29.0,-43.0,2.0912179024890065e-05
29.0,-42.0,1.747175701893866e-05
29.0,-41.0,9.592909009370487e-06
29.0,-40.0,4.972738679498434e-05
29.0,-39.0,1.188288297271356e-05
29.0,-38.0,7.594640010211151e-06
29.0,-37.0,2.408838554401882e-05
29.0,-36.0,1.6781201338744722e-05
29.0,-35.0,1.0249838851450477e-05
29.0,-34.0,4.020739197585499e-06
29.0,-33.0,1.5371160770882852e-05
29.0,-32.0,1.2679349310928956e-05
29.0,-31.0,3.5694799862540094e-06
29.0,-30.0,3.778349764615996e-06
29.0,-29.0,4.835666459257482e-06
29.0,-28.0,7.097299203451257e-06
29.0,-27.0,2.750493149505928e-05
29.0,-26.0,5.749818228650838e-06
29.0,-25.0,2.235257488791831e-05
29.0,-24.0,0.00040688097942620516
29.0,-23.0,0.00046197185292840004
29.0,-22.0,0.00046416479744948447
29.0,-21.0,0.0008848225115798414
29.0,-20.0,0.000502868031617254
29.0,-19.0,2.6323828933527693e-05
29.0,-18.0,5.851028618053533e-06
29.0,-17.0,2.0238177967257798e-05
29.0,-16.0,9.711177426652284e-07
29.0,-15.0,4.369877899534913e-07
29.0,-14.0,3.538659711921355e-07
29.0,-13.0,0.00012129238166380674
29.0,-12.0,2.2929074816602224e-07
29.0,-11.0,1.9193744265066925e-06
29.0,-10.0,2.4489875727340404e-07
29.0,-9.0,8.792910648480756e-07
29.0,-8.0,2.3440916763206587e-08
29.0,-7.0,2.5782901502680033e-06
29.0,-6.0,1.5176039596553892e-05
29.0,-5.0,6.242520157684339e-06
29.0,-4.0,0.0011836523190140724
29.0,-3.0,0.0027291039004921913
29.0,-2.0,0.0056838286109268665
29.0,-1.0,0.003557362128049135
30.0,0.0,0.00039002177072688937
30.0,1.0,0.0009308999869972467
30.0,2.0,0.0003024507313966751
30.0,3.0,0.00012331201287452132
30.0,4.0,0.00012983320630155504
30.0,5.0,4.085205728188157e-05
30.0,6.0,3.652326631709002e-05
30.0,7.0,1.807736771297641e-05
30.0,8.0,0.00011135378008475527
30.0,9.0,2.71458993665874e-05
30.0,10.0,4.467300641408656e-06
30.0,11.0,1.2439722013368737e-05
30.0,12.0,7.756843115203083e-05
30.0,13.0,3.787061359616928e-05
30.0,14.0,8.002609320101328e-06
30.0,15.0,1.5246511793520767e-05
30.0,16.0,1.1244927918596659e-05
30.0,17.0,1.655553023738321e-05
30.0,18.0,1.1886271749972366e-05
30.0,19.0,1.2472972230170853e-05
30.0,20.0,4.3916421418543905e-05
30.0,21.0,6.703090912196785e-05
30.0,22.0,3.480073246464599e-06
30.0,23.0,2.5563090275682043e-06
30.0,24.0,1.4111764357949141e-05
30.0,25.0,7.725485033915902e-07
30.0,26.0,0.0005071001942269504
30.0,27.0,2.2508451991143374e-08
30.0,28.0,1.2638876114579034e-06
30.0,29.0,3.7088127555762185e-06
30.0,30.0,9.792285737830753e-08
30.0,31.0,3.7315516237867996e-05
30.0,32.0,1.738755059932373e-07
30.0,33.0,9.261128752768855e-08
30.0,34.0,2.604836254249676e-06
30.0,35.0,3.611642341638799e-06
30.0,36.0,4.56240854873613e-07
30.0,37.0,1.0073279099742649e-08
30.0,38.0,9.002611705000163e-07
30.0,39.0,1.0628964446368627e-06
30.0,40.0,9.162701530840422e-08
30.0,41.0,2.980773388117086e-06
30.0,42.0,3.3651858757366426e-06
30.0,43.0,4.294914219826751e-07
30.0,44.0,9.889190550893545e-06
30.0,45.0,6.3247839534597006e-06
30.0,46.0,2.3506743218604242e-06
30.0,47.0,8.641497515782248e-06
30.0,48.0,4.4265034375712276e-06
30.0,49.0,6.75673654768616e-05
30.0,50.0,7.745013135718182e-06
30.0,51.0,1.847966996137984e-05
30.0,52.0,2.534990562708117e-05
30.0,53.0,9.945141755451914e-06
30.0,54.0,1.4944423128326889e-05
30.0,55.0,7.3886690188373905e-06
30.0,56.0,2.7876398235093802e-05
30.0,57.0,3.103167182416655e-05
30.0,58.0,3.38214334760778e-07
30.0,59.0,6.716957432217896e-05
30.0,60.0,1.684795643086545e-05
30.0,61.0,2.1976720745442435e-05
30.0,62.0,0.00017325181397609413
30.0,63.0,0.00014272374392021447
30.0,64.0,1.2434597920218948e-05
30.0,65.0,2.6616065952111967e-05
30.0,66.0,1.0475357157702092e-05
30.0,67.0,0.0006851049838587642
30.0,68.0,3.959763125749305e-05
30.0,69.0,0.07153929769992828
30.0,70.0,4.79966911370866e-06
30.0,71.0,0.00019299480482004583
30.0,72.0,0.00013012175622861832
30.0,73.0,2.5458351160523307e-07
30.0,74.0,0.0003332539927214384
30.0,75.0,6.381293133017607e-06
30.0,76.0,3.428351362799731e-07
30.0,77.0,4.745511716919282e-07
30.0,78.0,0.00012038464774377644
30.0,79.0,9.964606562107292e-08
30.0,80.0,6.101195140217897e-07
30.0,81.0,0.000179691516677849
30.0,82.0,2.461183612467721e-07
30.0,83.0,3.3487269774923334e-06
30.0,84.0,1.8998516679857858e-06
30.0,85.0,7.58039817583267e-08
30.0,86.0,2.1876404332488164e-07
30.0,87.0,5.6600374165327594e-08
30.0,88.0,6.314718969946398e-09
30.0,89.0,6.729773360802938e-08
30.0,90.0,4.787494845004403e-07
30.0,91.0,7.16389925159433e-09
30.0,92.0,6.863553608127404e-06
30.0,93.0,3.028540618288389e-07
30.0,94.0,2.576480824245664e-07
30.0,95.0,3.821473455900559e-06
30.0,96.0,1.0679543720470974e-06
30.0,97.0,6.1690575421380345e-06
30.0,98.0,3.66511449101381e-05
30.0,99.0,1.2164511645096354e-05
30.0,100.0,1.114334099838743e-05
30.0,101.0,3.98644124288694e-06
30.0,102.0,1.136182348204784e-08
30.0,103.0,1.2165334055680432e-06
30.0,104.0,6.7602130116029e-08
30.0,105.0,4.918491569583239e-08
30.0,106.0,4.763674223795533e-05
30.0,107.0,3.3459846235928126e-06
30.0,108.0,4.261709918296219e-08
30.0,109.0,4.2699233745224774e-05
30.0,110.0,3.6272705727924404e-08
30.0,111.0,1.7795036910683848e-05
30.0,112.0,1.5609943147865124e-05
30.0,113.0,2.6967449230141938e-05
30.0,114.0,9.341286931885406e-05
30.0,115.0,5.7909575843950734e-05
30.0,116.0,0.00011882716353284195
30.0,117.0,1.6007448721211404e-05
30.0,118.0,6.393471267074347e-05
30.0,119.0,0.00017396527982782573
30.0,120.0,8.000564412213862e-05
30.0,121.0,0.0009694360196590424
30.0,122.0,0.00160530477296561
30.0,123.0,0.00010736133845057338
30.0,124.0,0.0005880214157514274
30.0,125.0,0.004571947269141674
30.0,126.0,0.0008127416949719191
30.0,127.0,0.00047301832819357514
30.0,128.0,0.00011257483856752515
30.0,129.0,9.706884156912565e-05
30.0,130.0,1.9314055066388391e-07
30.0,131.0,3.395188832655549e-05
30.0,132.0,0.005508012138307095
30.0,133.0,1.4932313206372783e-05
30.0,134.0,3.70092629964347e-06
30.0,135.0,7.478002771676984e-06
30.0,136.0,1.9501803762977943e-06
30.0,137.0,3.3120845728262793e-06
30.0,138.0,9.18962359719444e-06
30.0,139.0,4.013644229416968e-06
30.0,140.0,1.274052152666627e-08
30.0,141.0,0.00032942736288532615
30.0,142.0,2.20389283640543e-05
30.0,143.0,1.5929394692193455e-07
30.0,144.0,1.2323440614636638e-06
30.0,145.0,0.0001225580053869635
30.0,146.0,1.6586046740485472e-06
30.0,147.0,1.578989213157911e-05
30.0,148.0,7.594755152240396e-05
30.0,149.0,1.1214330697839614e-05
30.0,150.0,8.14040467957966e-05
30.0,151.0,0.0008583118906244636
30.0,152.0,7.442176138283685e-05
30.0,153.0,8.348943083547056e-05
30.0,154.0,3.71110149899323e-06
30.0,155.0,6.791838131903205e-06
30.0,156.0,1.4586413499273476e-07
30.0,157.0,3.17704802910157e-07
30.0,158.0,2.254657829325879e-06
30.0,159.0,2.837795953780642e-08
30.0,160.0,1.67383390703435e-07
30.0,161.0,9.788288480194751e-06
30.0,162.0,1.9902430722140707e-05
30.0,163.0,8.47935280035017e-06
30.0,164.0,7.39669703762047e-05
30.0,165.0,9.753401172929443e-06
30.0,166.0,7.017818461463321e-06
30.0,167.0,1.691007310000714e-05
30.0,168.0,1.5675417671445757e-05
30.0,169.0,0.0004690066853072494
30.0,170.0,0.0005984898889437318
30.0,171.0,2.610755109344609e-05
30.0,172.0,0.00027864077128469944
30.0,173.0,0.00012327379954513162
30.0,174.0,0.00015529774827882648
30.0,175.0,0.00033292180160060525
30.0,176.0,0.00010515045141801238
30.0,177.0,0.00010924472007900476
30.0,178.0,3.284653939772397e-05
30.0,179.0,1.8096410713042133e-05
30.0,180.0,1.3893529285269324e-05
30.0,-179.0,5.2676286941277795e-06
30.0,-178.0,1.7795875919546233e-06
30.0,-177.0,2.0212669369357172e-06
30.0,-176.0,1.5711054857092677e-06
30.0,-175.0,8.070852572927834e-07
30.0,-174.0,8.196503813451272e-07
30.0,-173.0,1.8985205088029034e-06
30.0,-172.0,5.027013116887247e-07
30.0,-171.0,3.6903460909343266e-07
30.0,-170.0,1.179202016032832e-07
30.0,-169.0,1.3581686175712093e-07
30.0,-168.0,6.730698714818573e-06
30.0,-167.0,3.2611899314360926e-06
30.0,-166.0,1.374564021716651e-06
30.0,-165.0,3.0194869395927526e-06
30.0,-164.0,5.020663593313657e-06
30.0,-163.0,2.5499988623778336e-05
30.0,-162.0,3.719573442140245e-06
30.0,-161.0,3.822650796792004e-06
30.0,-160.0,1.7029489754349925e-05
30.0,-159.0,2.548201109675574e-06
30.0,-158.0,1.322103344136849e-05
30.0,-157.0,3.2429099519504234e-05
30.0,-156.0,1.2229568710608874e-05
30.0,-155.0,9.653119377617259e-06
30.0,-154.0,1.7888194633997045e-05
30.0,-153.0,1.0512585504329763e-05
30.0,-152.0,4.81919869343983e-06
30.0,-151.0,4.82735003970447e-06
30.0,-150.0,4.441425971890567e-06
30.0,-149.0,3.0037165288376855e-06
30.0,-148.0,2.345687335036928e-06
30.0,-147.0,1.2003691836071084e-06
30.0,-146.0,1.6291527344947099e-06
30.0,-145.0,1.880393028841354e-05
30.0,-144.0,2.4041573851718567e-06
30.0,-143.0,5.037435585109051e-06
30.0,-142.0,1.4753492649788313e-08
30.0,-141.0,4.194004759483505e-06
30.0,-140.0,1.83043084689416e-07
30.0,-139.0,4.8040881495126087e-08
30.0,-138.0,1.9185193878001883e-08
30.0,-137.0,7.86867515589762e-10
30.0,-136.0,2.5738955411469533e-09
30.0,-135.0,2.82375101079424e-09
30.0,-134.0,5.962527693803565e-10
30.0,-133.0,6.360171056485342e-08
30.0,-132.0,1.0324159305241665e-09
30.0,-131.0,8.721272592993046e-07
30.0,-130.0,2.3249351670528995e-06
30.0,-129.0,3.8618029066128656e-05
30.0,-128.0,8.651763891975861e-06
30.0,-127.0,1.4079286074775155e-06
30.0,-126.0,1.5678002455388196e-05
30.0,-125.0,8.189923406121125e-09
30.0,-124.0,0.00020764397049788386
30.0,-123.0,5.411589881987311e-05
30.0,-122.0,1.8376996422375669e-06
30.0,-121.0,1.1308915418339893e-05
30.0,-120.0,5.797854214506515e-07
30.0,-119.0,7.150412262291184e-09
30.0,-118.0,3.646831281400864e-09
30.0,-117.0,5.9996082200086676e-06
30.0,-116.0,7.4255217441532295e-06
30.0,-115.0,2.0838800907085897e-08
30.0,-114.0,7.00989971846866e-07
30.0,-113.0,1.3482411986842635e-06
30.0,-112.0,8.524146943855726e-10
30.0,-111.0,1.21386801765766e-06
30.0,-110.0,8.596609404776245e-06
30.0,-109.0,0.0002037060767179355
30.0,-108.0,0.013761132955551147
30.0,-107.0,0.00013390944513957947
30.0,-106.0,0.0004077831981703639
30.0,-105.0,0.06751537322998047
30.0,-104.0,0.0016416640719398856
30.0,-103.0,0.04838983714580536
30.0,-102.0,0.13403253257274628
30.0,-101.0,0.0014267570804804564
30.0,-100.0,0.0004528870922513306
30.0,-99.0,0.1400587260723114
30.0,-98.0,0.0004516495100688189
30.0,-97.0,0.0002708975225687027
30.0,-96.0,0.0007977912900969386
30.0,-95.0,5.221162791713141e-05
30.0,-94.0,7.439706678269431e-05
30.0,-93.0,0.0002539948036428541
30.0,-92.0,9.923256584443152e-05
30.0,-91.0,0.00022326326870825142
30.0,-90.0,3.862122866848949e-06
30.0,-89.0,1.1287247616564855e-05
30.0,-88.0,2.946824679384008e-06
30.0,-87.0,1.1551012903510127e-05
30.0,-86.0,9.918037591205575e-08
30.0,-85.0,8.709386634109251e-07
30.0,-84.0,1.2667760529438965e-07
30.0,-83.0,4.4555815037483626e-08
30.0,-82.0,1.126030497289321e-06
30.0,-81.0,1.2452208466129377e-05
30.0,-80.0,3.498169462545775e-05
30.0,-79.0,1.1162539522047155e-05
30.0,-78.0,1.7114472061763308e-09
30.0,-77.0,1.9776922499659122e-07
30.0,-76.0,1.1710305898304796e-06
30.0,-75.0,3.541920179372937e-08
30.0,-74.0,5.306794150783389e-07
30.0,-73.0,1.308643593489478e-08
30.0,-72.0,1.2643280200563822e-08
30.0,-71.0,8.615703706027489e-09
30.0,-70.0,7.369312697846908e-07
30.0,-69.0,7.20395405551244e-08
30.0,-68.0,2.2213958800421096e-05
30.0,-67.0,1.9802166661975207e-06
30.0,-66.0,1.9602941847551847e-06
30.0,-65.0,1.947192140505649e-05
30.0,-64.0,2.104532768498757e-06
30.0,-63.0,2.551856596255675e-06
30.0,-62.0,5.1148079364793375e-05
30.0,-61.0,0.00021240174828562886
30.0,-60.0,0.00010133719479199499
30.0,-59.0,0.0004752364766318351
30.0,-58.0,0.0005063173011876643
30.0,-57.0,0.0020058611407876015
30.0,-56.0,0.0010696356184780598
30.0,-55.0,0.0014075119979679585
30.0,-54.0,0.0040892926044762135
30.0,-53.0,0.00041673911619000137
30.0,-52.0,0.0006264941766858101
30.0,-51.0,0.00020013898028992116
30.0,-50.0,0.000472415384138003
30.0,-49.0,0.00011002837709384039
30.0,-48.0,2.3900864107417874e-05
30.0,-47.0,8.223835175158456e-05
30.0,-46.0,8.460376557195559e-05
30.0,-45.0,4.830080797546543e-05
30.0,-44.0,5.544957093661651e-05
30.0,-43.0,3.245285915909335e-05
30.0,-42.0,1.7933869457920082e-05
30.0,-41.0,1.2477374184527434e-05
30.0,-40.0,3.036622547369916e-05
30.0,-39.0,7.175933660619194e-06
30.0,-38.0,1.3566838788392488e-05
30.0,-37.0,6.155610662972322e-06
30.0,-36.0,2.1525120246224105e-06
30.0,-35.0,1.726665573187347e-06
30.0,-34.0,2.801999926305143e-06
30.0,-33.0,9.329291060566902e-06
30.0,-32.0,3.042573780476232e-06
30.0,-31.0,2.77679760074534e-06
30.0,-30.0,4.6492632463923655e-06
30.0,-29.0,3.839787041215459e-06
30.0,-28.0,1.4300783277576556e-06
30.0,-27.0,3.3900591915880796e-06
30.0,-26.0,3.784076398005709e-06
30.0,-25.0,9.415965905645862e-06
30.0,-24.0,3.782495332416147e-05
30.0,-23.0,0.00043748493772000074
30.0,-22.0,0.0005136568215675652
30.0,-21.0,0.0007302023004740477
30.0,-20.0,0.001510289846919477
30.0,-19.0,2.7397651138016954e-05
30.0,-18.0,1.1108030776085798e-05
30.0,-17.0,3.217544872313738e-06
30.0,-16.0,2.0610757474059938e-06
30.0,-15.0,5.552410016207432e-07
30.0,-14.0,1.8278924471815117e-06
30.0,-13.0,6.416920314222807e-06
30.0,-12.0,1.0012078746512998e-05
30.0,-11.0,1.162582137226309e-07
30.0,-10.0,8.38438791106455e-06
30.0,-9.0,1.7538197880639927e-06
30.0,-8.0,1.8003453305937e-07
30.0,-7.0,6.085411587264389e-05
30.0,-6.0,0.00038900357321836054
30.0,-5.0,0.00012139212776673958
30.0,-4.0,0.00011366364924469963
30.0,-3.0,0.00013984233373776078
30.0,-2.0,0.00022555455507244915
30.0,-1.0,0.00018892422667704523
31.0,0.0,0.00013772158126812428
31.0,1.0,0.006890603341162205
31.0,2.0,5.135226820129901e-05
31.0,3.0,5.797306221211329e-05
31.0,4.0,0.00021322374232113361
31.0,5.0,5.8962319599231705e-05
31.0,6.0,4.1147613956127316e-06
31.0,7.0,0.002848780946806073
31.0,8.0,1.767343928804621e-05
31.0,9.0,1.4913855920895003e-05
31.0,10.0,0.0003440010768827051
31.0,11.0,8.612304895905254e-07
31.0,12.0,8.463755420962116e-07
31.0,13.0,2.5412591639906168e-05
31.0,14.0,4.612201962572726e-07
31.0,15.0,1.4298439054982737e-05
31.0,16.0,3.4208371744171018e-06
31.0,17.0,7.173744052124675e-06
31.0,18.0,6.00291684804688e-07
31.0,19.0,1.786254529179132e-06
31.0,20.0,1.0675118573999498e-05
31.0,21.0,4.148371886003588e-07
31.0,22.0,1.2954561725564417e-06
31.0,23.0,4.899821988146869e-07
31.0,24.0,2.4376700480388536e-07
31.0,25.0,3.362686356922495e-06
31.0,26.0,3.915027093626122e-07
31.0,27.0,1.0523463060962968e-06
31.0,28.0,3.311506816316978e-06
31.0,29.0,2.2148002187805105e-07
31.0,30.0,2.2256951979215955e-06
31.0,31.0,4.575913408189081e-06
31.0,32.0,5.755247798333585e-07
31.0,33.0,1.3619562651001615e-06
31.0,34.0,6.872428457427304e-06
31.0,35.0,1.3297635632625315e-06
31.0,36.0,1.3413627186764643e-07
31.0,37.0,9.844549140325398e-07
31.0,38.0,5.683176595994155e-07
31.0,39.0,1.2091696532934293e-07
31.0,40.0,6.199241761351004e-05
31.0,41.0,2.1717953586630756e-06
31.0,42.0,1.1556913932508905e-06
31.0,43.0,2.1428226318676025e-05
31.0,44.0,2.1274365735735046e-06
31.0,45.0,2.5494750843790825e-06
31.0,46.0,5.5432865337934345e-05
31.0,47.0,8.307461939693894e-06
31.0,48.0,3.5700213629752398e-06
31.0,49.0,2.8900798497488722e-05
31.0,50.0,1.1736047781596426e-05
31.0,51.0,7.366386853391305e-06
31.0,52.0,5.0176106014987454e-05
31.0,53.0,4.3505664507392794e-05
31.0,54.0,2.0134435544605367e-05
31.0,55.0,8.180618351616431e-06
31.0,56.0,1.133171645051334e-05
31.0,57.0,6.912952699167363e-07
31.0,58.0,4.767141945194453e-05
31.0,59.0,2.6376099526714825e-08
31.0,60.0,3.552540022155881e-07
31.0,61.0,8.73819226399064e-05
31.0,62.0,4.821405127586331e-06
31.0,63.0,0.00017255313287023455
31.0,64.0,0.00625957828015089
31.0,65.0,1.3559429135057144e-06
31.0,66.0,0.00728821475058794
31.0,67.0,0.0006696439813822508
31.0,68.0,0.0003901749732904136
31.0,69.0,0.02128869853913784
31.0,70.0,0.00027984840562567115
31.0,71.0,0.00016477153985761106
31.0,72.0,2.132513327524066e-05
31.0,73.0,0.00014521712728310376
31.0,74.0,0.013241044245660305
31.0,75.0,0.008841026574373245
31.0,76.0,2.1353114789235406e-05
31.0,77.0,0.00036018600803799927
31.0,78.0,0.011635066010057926
31.0,79.0,3.252269834774779e-06
31.0,80.0,0.00018159426690544933
31.0,81.0,8.62719607539475e-05
31.0,82.0,6.312226469162852e-05
31.0,83.0,7.203978384495713e-06
31.0,84.0,9.16264525585575e-07
31.0,85.0,5.03608571307268e-05
31.0,86.0,4.744035686599091e-05
31.0,87.0,2.1541218302445486e-06
31.0,88.0,0.00011285396612947807
31.0,89.0,8.329221600433812e-05
31.0,90.0,3.2290106446453137e-06
31.0,91.0,0.00011680411989800632
31.0,92.0,1.5089063708728645e-05
31.0,93.0,1.6377439351344947e-06
31.0,94.0,9.547840818413533e-06
31.0,95.0,1.643170980969444e-05
31.0,96.0,0.00013610743917524815
31.0,97.0,0.00014982512220740318
31.0,98.0,5.507622063305462e-06
31.0,99.0,0.0018517281860113144
31.0,100.0,0.00015672450535930693
31.0,101.0,1.7845410184236243e-05
31.0,102.0,1.0893069884332363e-05
31.0,103.0,2.2662612764179357e-07
31.0,104.0,4.777556910084968e-07
31.0,105.0,1.7104011362789606e-07
31.0,106.0,1.6038742614910007e-05
31.0,107.0,0.002060299040749669
31.0,108.0,1.3675159607373644e-05
31.0,109.0,0.0004917891346849501
31.0,110.0,0.009327638894319534
31.0,111.0,0.0003853937960229814
31.0,112.0,2.495999251550529e-05
31.0,113.0,1.7470523744123057e-05
31.0,114.0,0.007553465198725462
31.0,115.0,3.0724700081918854e-06
31.0,116.0,4.9858986130857375e-06
31.0,117.0,8.445353159913793e-06
31.0,118.0,3.0859894639689855e-09
31.0,119.0,3.370503236510558e-07
31.0,120.0,2.1089721258249483e-07
31.0,121.0,2.4844719064276433e-06
31.0,122.0,1.4915199244569521e-06
31.0,123.0,3.8477264752145857e-07
31.0,124.0,1.752843127178494e-05
31.0,125.0,7.188353379206092e-07
31.0,126.0,1.1370404536137357e-05
31.0,127.0,0.00015338326920755208
31.0,128.0,3.5654452403832693e-06
31.0,129.0,9.003214472613763e-06
31.0,130.0,1.3723854408453917e-07
31.0,131.0,0.0007039634510874748
31.0,132.0,8.005774709829439e-09
31.0,133.0,1.7380552890244871e-06
31.0,134.0,8.974410775408614e-06
31.0,135.0,3.8063512342034755e-09
31.0,136.0,5.850618656211282e-09
31.0,137.0,1.2747740640861593e-08
31.0,138.0,1.5802251596142014e-07
31.0,139.0,2.3332913769991137e-06
31.0,140.0,3.9220788039529e-07
31.0,141.0,8.356840552892209e-09
31.0,142.0,0.00015783503476995975
31.0,143.0,1.3080919416097458e-05
31.0,144.0,9.56369262894441e-07
31.0,145.0,6.521770410472527e-05
31.0,146.0,5.498026803252287e-05
31.0,147.0,1.5789614735695068e-06
31.0,148.0,2.0009460058645345e-05
31.0,149.0,0.00036380032543092966
31.0,150.0,4.0150785935111344e-05
31.0,151.0,0.003375676926225424
31.0,152.0,0.00012178389442851767
31.0,153.0,4.3359006667742506e-05
31.0,154.0,0.0003457650600466877
31.0,155.0,4.4340691829347634e-07
31.0,156.0,8.375424158657552e-07
31.0,157.0,2.288069845235441e-05
31.0,158.0,6.620952035518712e-07
31.0,159.0,1.1733183669093705e-07
31.0,160.0,7.647312304470688e-05
31.0,161.0,7.12254477548413e-05
31.0,162.0,5.291809657137492e-07
31.0,163.0,5.497670281329192e-05
31.0,164.0,0.0003450967196840793
31.0,165.0,9.84731741482392e-05
31.0,166.0,9.910621884046122e-06
31.0,167.0,0.0009691104060038924
31.0,168.0,1.0554313121247105e-05
31.0,169.0,6.139726610854268e-05
31.0,170.0,0.00022334244567900896
31.0,171.0,0.00010881998605327681
31.0,172.0,0.0015751166502013803
31.0,173.0,0.001297657610848546
31.0,174.0,3.057590947719291e-05
31.0,175.0,0.0007646584417670965
31.0,176.0,7.642953278264031e-05
31.0,177.0,6.507276702905074e-05
31.0,178.0,7.647217717021704e-05
31.0,179.0,0.0003152739373035729
31.0,180.0,7.624186400789768e-05
31.0,-179.0,6.490975465567317e-06
31.0,-178.0,3.810795533354394e-06
31.0,-177.0,4.57822670796304e-06
31.0,-176.0,8.447201480521471e-07
31.0,-175.0,6.538040224768338e-07
31.0,-174.0,2.0001739358121995e-06
31.0,-173.0,1.20735182917997e-06
31.0,-172.0,1.3685680642083753e-06
31.0,-171.0,4.1636312175796775e-07
31.0,-170.0,1.8630774434313935e-07
31.0,-169.0,2.31062290367845e-06
31.0,-168.0,1.4585942835765309e-06
31.0,-167.0,1.197080223391822e-06
31.0,-166.0,2.3816041903046425e-06
31.0,-165.0,1.1233695431656088e-06
31.0,-164.0,9.267142786484328e-07
31.0,-163.0,2.2741623979527503e-05
31.0,-162.0,2.695040348044131e-05
31.0,-161.0,1.2810721727873897e-06
31.0,-160.0,8.0607678683009e-06
31.0,-159.0,1.4031892533239443e-05
31.0,-158.0,1.1874114534293767e-05
31.0,-157.0,2.467177364451345e-05
31.0,-156.0,1.269844506168738e-05
31.0,-155.0,7.492315035051433e-06
31.0,-154.0,1.9322382286190987e-05
31.0,-153.0,2.767595651675947e-05
31.0,-152.0,1.296736991207581e-05
31.0,-151.0,2.060594670183491e-05
31.0,-150.0,1.1972242646152154e-05
31.0,-149.0,4.594125130097382e-06
31.0,-148.0,5.966781827737577e-06
31.0,-147.0,3.3914982395799598e-06
31.0,-146.0,3.0922801670385525e-06
31.0,-145.0,3.036379439436132e-06
31.0,-144.0,1.4131410353002138e-06
31.0,-143.0,4.963705464433588e-07
31.0,-142.0,4.2959672441611474e-07
31.0,-141.0,1.7672887224762235e-06
31.0,-140.0,1.6370613309391047e-07
31.0,-139.0,1.3288259381738499e-08
31.0,-138.0,1.9206504831004167e-08
31.0,-137.0,6.364598625907547e-09
31.0,-136.0,6.973591037962024e-09
31.0,-135.0,8.845155718972819e-09
31.0,-134.0,6.2307314863119245e-09
31.0,-133.0,2.4997552472427742e-08
31.0,-132.0,2.897113290600828e-06
31.0,-131.0,3.2471004942635773e-06
31.0,-130.0,1.214528708715079e-07
31.0,-129.0,3.640982413344318e-06
31.0,-128.0,1.3026468877797015e-05
31.0,-127.0,5.935114586463897e-07
31.0,-126.0,2.7828712063637795e-06
31.0,-125.0,6.472533300438954e-07
31.0,-124.0,0.010181188583374023
31.0,-123.0,1.671279824222438e-05
31.0,-122.0,5.037912274019618e-07
31.0,-121.0,0.00013210104953031987
31.0,-120.0,6.643900292147009e-07
31.0,-119.0,2.3006380160950357e-06
31.0,-118.0,6.578015745617449e-05
31.0,-117.0,1.0408159312191856e-07
31.0,-116.0,0.008883001282811165
31.0,-115.0,2.739104409954507e-08
31.0,-114.0,6.247435635486909e-07
31.0,-113.0,9.350615982839372e-06
31.0,-112.0,6.392509703800897e-07
31.0,-111.0,1.428591349394992e-05
31.0,-110.0,7.062149961711839e-06
31.0,-109.0,0.08068709820508957
31.0,-108.0,4.272847581887618e-05
31.0,-107.0,0.00026617772527970374
31.0,-106.0,0.007921896874904633
31.0,-105.0,0.0014756092568859458
31.0,-104.0,0.003085843287408352
31.0,-103.0,0.029818281531333923
31.0,-102.0,0.003582873847335577
31.0,-101.0,0.00014852856111247092
31.0,-100.0,0.0013137670466676354
31.0,-99.0,4.415785224409774e-05
31.0,-98.0,0.00043824082240462303
31.0,-97.0,0.0033928437624126673
31.0,-96.0,0.0001912940788315609
31.0,-95.0,0.0004311649245209992
31.0,-94.0,0.000682698970194906
31.0,-93.0,1.1370404536137357e-05
31.0,-92.0,0.0006075096898712218
31.0,-91.0,6.751403998350725e-05
31.0,-90.0,3.845390529022552e-05
31.0,-89.0,6.71144516672939e-05
31.0,-88.0,0.00013084476813673973
31.0,-87.0,9.032956427290628e-08
31.0,-86.0,1.808693923521787e-05
31.0,-85.0,2.721604460020899e-06
31.0,-84.0,4.538217357463736e-09
31.0,-83.0,2.0564011720125563e-06
31.0,-82.0,2.679698809515685e-07
31.0,-81.0,0.0010455272858962417
31.0,-80.0,0.001237823162227869
31.0,-79.0,8.425426494795829e-05
31.0,-78.0,9.765569120645523e-05
31.0,-77.0,2.949613708835841e-08
31.0,-76.0,4.8482082348755284e-08
31.0,-75.0,3.1376350762002403e-06
31.0,-74.0,3.4869060527853435e-07
31.0,-73.0,1.928821324881369e-09
31.0,-72.0,4.724248356069438e-06
31.0,-71.0,7.526789147505042e-08
31.0,-70.0,2.2363884077947205e-09
31.0,-69.0,2.4340329218830448e-06
31.0,-68.0,4.614591091467446e-07
31.0,-67.0,5.237652977996277e-09
31.0,-66.0,0.00031646830029785633
31.0,-65.0,2.7055753889726475e-05
31.0,-64.0,1.794494437490357e-06
31.0,-63.0,0.003735494799911976
31.0,-62.0,0.00018062807794194669
31.0,-61.0,4.930147770210169e-05
31.0,-60.0,0.0013565289555117488
31.0,-59.0,0.0004674681695178151
31.0,-58.0,0.00017342189676128328
31.0,-57.0,0.0014776060124859214
31.0,-56.0,0.012823405675590038
31.0,-55.0,0.003715592436492443
31.0,-54.0,0.0012084310874342918
31.0,-53.0,0.00040227407589554787
31.0,-52.0,0.0002669108798727393
31.0,-51.0,0.0011447191936895251
31.0,-50.0,0.00016662465350236744
31.0,-49.0,0.0001301298034377396
31.0,-48.0,9.401814168086275e-05
31.0,-47.0,8.244887430919334e-05
31.0,-46.0,4.316420017858036e-05
31.0,-45.0,2.5832179744611494e-05
31.0,-44.0,3.136037412332371e-05
31.0,-43.0,7.57510997573263e-06
31.0,-42.0,8.278082532342523e-06
31.0,-41.0,1.5933153918012977e-05
31.0,-40.0,1.3022903658566065e-05
31.0,-39.0,1.6216830772464164e-05
31.0,-38.0,4.7234780140570365e-06
31.0,-37.0,1.312933636654634e-05
31.0,-36.0,5.44072718184907e-05
31.0,-35.0,2.4659801056259312e-05
31.0,-34.0,3.973422644776292e-05
31.0,-33.0,1.96564997168025e-05
31.0,-32.0,1.3577685422205832e-05
31.0,-31.0,2.334900727873901e-06
31.0,-30.0,7.201856078609126e-06
31.0,-29.0,2.046369445452001e-05
31.0,-28.0,1.3611252143164165e-06
31.0,-27.0,1.4200052191881696e-06
31.0,-26.0,2.480411467331578e-06
31.0,-25.0,6.600956112379208e-06
31.0,-24.0,4.116067884751828e-06
31.0,-23.0,3.685006595333107e-05
31.0,-22.0,6.335703074000776e-05
31.0,-21.0,7.252210343722254e-05
31.0,-20.0,3.685990668600425e-05
31.0,-19.0,7.602653204230592e-05
31.0,-18.0,5.174259058549069e-06
31.0,-17.0,1.2391050177029683e-06
31.0,-16.0,9.823495474847732e-07
31.0,-15.0,9.032853398593943e-08
31.0,-14.0,2.3250572667166125e-06
31.0,-13.0,5.565032168419748e-08
31.0,-12.0,4.890013769909274e-06
31.0,-11.0,2.3361383227893384e-07
31.0,-10.0,6.846281848993385e-06
31.0,-9.0,1.295777451559843e-06
31.0,-8.0,5.4751049901824445e-05
31.0,-7.0,7.403478230116889e-05
31.0,-6.0,0.0001004086880129762
31.0,-5.0,0.0020255944691598415
31.0,-4.0,0.0003191884025000036
31.0,-3.0,2.8837660011049593e-06
31.0,-2.0,0.00015472574159502983
31.0,-1.0,0.0002404644328635186
32.0,0.0,1.3451893210003618e-05
32.0,1.0,0.00016185508866328746
32.0,2.0,7.260618531290675e-06
32.0,3.0,8.326572356054385e-07
32.0,4.0,5.381592200137675e-05
32.0,5.0,1.605358556844294e-05
32.0,6.0,3.141604975098744e-05
32.0,7.0,8.458392403554171e-05
32.0,8.0,8.770090062171221e-05
32.0,9.0,0.00023436208721250296
32.0,10.0,0.0007044419180601835
32.0,11.0,3.260309313191101e-05
32.0,12.0,4.437331881490536e-06
32.0,13.0,2.321208012290299e-05
32.0,14.0,5.2792561291425955e-06
32.0,15.0,1.860216616478283e-05
32.0,16.0,0.0011660507880151272
32.0,17.0,1.9832723410218023e-05
32.0,18.0,4.067720169587119e-07
32.0,19.0,0.005051710642874241
32.0,20.0,1.5263300156220794e-05
32.0,21.0,2.013796120081679e-06
32.0,22.0,4.835929212276824e-05
32.0,23.0,4.232152787153609e-05
32.0,24.0,1.368176526739262e-06
32.0,25.0,1.4331229067465756e-05
32.0,26.0,2.3717263957223622e-06
32.0,27.0,1.7504396510048537e-06
32.0,28.0,7.09780360921286e-05
32.0,29.0,1.4193257129591075e-06
32.0,30.0,8.143644663505256e-06
32.0,31.0,9.363583899357764e-07
32.0,32.0,1.2653987369048991e-06
32.0,33.0,4.771601197717246e-06
32.0,34.0,8.605797120253555e-06
32.0,35.0,1.3429564660327742e-06
32.0,36.0,1.1624517810560064e-06
32.0,37.0,4.30367236958773e-07
32.0,38.0,3.729103070782003e-07
32.0,39.0,7.209533805507817e-07
32.0,40.0,5.033844558965939e-07
32.0,41.0,3.6433650620892877e-06
32.0,42.0,4.553863163891947e-06
32.0,43.0,8.618778224445123e-07
32.0,44.0,3.7074016745464178e-06
32.0,45.0,4.3386466131778434e-05
32.0,46.0,2.699479864531895e-06
32.0,47.0,1.792909824871458e-05
32.0,48.0,4.6006978664081544e-05
32.0,49.0,1.100840381695889e-05
32.0,50.0,4.486398393055424e-05
32.0,51.0,0.00014336168533191085
32.0,52.0,4.836053994949907e-05
32.0,53.0,0.00016580715600866824
32.0,54.0,0.00024922823649831116
32.0,55.0,7.932141306810081e-05
32.0,56.0,0.00011132469080621377
32.0,57.0,7.316785195143893e-05
32.0,58.0,6.558936001965776e-05
32.0,59.0,7.493971497751772e-05
32.0,60.0,2.0921977466059616e-06
32.0,61.0,1.6610788122761733e-07
32.0,62.0,1.9874519807672186e-07
32.0,63.0,0.001992675708606839
32.0,64.0,1.5070864378685656e-07
32.0,65.0,0.00020880681404378265
32.0,66.0,0.008131428621709347
32.0,67.0,0.0013427127851173282
32.0,68.0,0.10551895201206207
32.0,69.0,0.0026635308749973774
32.0,70.0,0.021422911435365677
32.0,71.0,0.0002874108904507011
32.0,72.0,0.01110878400504589
32.0,73.0,0.00013619702076539397
32.0,74.0,0.0020938364323228598
32.0,75.0,0.01053661946207285
32.0,76.0,1.409046399203362e-05
32.0,77.0,0.008281229995191097
32.0,78.0,0.2778668701648712
32.0,79.0,0.0033491579815745354
32.0,80.0,0.001544096157886088
32.0,81.0,0.005995124578475952
32.0,82.0,2.027177970376215e-06
32.0,83.0,4.015978265670128e-05
32.0,84.0,1.7981410564971156e-05
32.0,85.0,1.0191931778535945e-06
32.0,86.0,1.158690338343149e-05
32.0,87.0,8.0617013736628e-05
32.0,88.0,8.680885366629809e-05
32.0,89.0,0.0006296172505244613
32.0,90.0,0.00038844754453748465
32.0,91.0,0.0007344248006120324
32.0,92.0,7.671731145819649e-05
32.0,93.0,7.625488069606945e-05
32.0,94.0,9.173555008601397e-05
32.0,95.0,2.7497249902808107e-05
32.0,96.0,3.08729249809403e-05
32.0,97.0,7.281733360287035e-06
32.0,98.0,2.428546031296719e-05
32.0,99.0,1.0497017683519516e-05
32.0,100.0,4.570912278722972e-05
32.0,101.0,6.711386049573775e-06
32.0,102.0,2.0713005142170005e-06
32.0,103.0,0.0002434873895253986
32.0,104.0,1.800872996682301e-05
32.0,105.0,0.0010134541662409902
32.0,106.0,6.290706096478971e-06
32.0,107.0,0.007948053069412708
32.0,108.0,1.0627230722093373e-06
32.0,109.0,1.4983109394961502e-05
32.0,110.0,0.0007593738846480846
32.0,111.0,0.0015323951374739408
32.0,112.0,3.0866290217090864e-06
32.0,113.0,0.011275622062385082
32.0,114.0,1.2919731489091646e-06
32.0,115.0,1.9915275117909914e-07
32.0,116.0,6.301690973486984e-07
32.0,117.0,4.968673650296296e-08
32.0,118.0,1.9781639082339098e-07
32.0,119.0,2.0025140656798612e-06
32.0,120.0,2.0856219862253056e-08
32.0,121.0,2.4270685017313554e-08
32.0,122.0,1.8823513414645276e-07
32.0,123.0,9.197735835186904e-07
32.0,124.0,6.419346618713462e-07
32.0,125.0,1.641427843424026e-06
32.0,126.0,6.435280738514848e-06
32.0,127.0,9.967711775971111e-06
32.0,128.0,2.5016520339704584e-06
32.0,129.0,3.1039005534694297e-06
32.0,130.0,3.6660969726654002e-06
32.0,131.0,0.00020169570052530617
32.0,132.0,2.6945722311211284e-06
32.0,133.0,9.680777111498173e-06
32.0,134.0,1.0644580470398068e-05
32.0,135.0,2.3603421084317233e-07
32.0,136.0,2.3764873446907586e-07
32.0,137.0,8.263608464176286e-09
32.0,138.0,5.352283616311126e-10
32.0,139.0,1.6288996675939416e-06
32.0,140.0,5.3204385039862245e-06
32.0,141.0,5.9671856433851644e-06
32.0,142.0,5.3586085414281115e-05
32.0,143.0,0.0002556291001383215
32.0,144.0,0.0012562714982777834
32.0,145.0,1.3164818483346608e-05
32.0,146.0,1.9140450604027137e-05
32.0,147.0,0.00013990529987495393
32.0,148.0,2.7857797249453142e-05
32.0,149.0,0.0010998992947861552
32.0,150.0,0.022617528215050697
32.0,151.0,0.0004250338824931532
32.0,152.0,5.8178531617159024e-05
32.0,153.0,0.00018454843666404486
32.0,154.0,4.354038992460119e-06
32.0,155.0,1.3102393268127344e-06
32.0,156.0,1.0208851364268412e-07
32.0,157.0,6.226824780242168e-07
32.0,158.0,8.540176898996776e-10
32.0,159.0,0.00022410802193917334
32.0,160.0,6.429623056192213e-08
32.0,161.0,1.7552891051764163e-07
32.0,162.0,1.752749909655904e-07
32.0,163.0,3.5172178058928694e-07
32.0,164.0,1.5174213103819056e-06
32.0,165.0,8.581607835367322e-05
32.0,166.0,1.3604331797978375e-05
32.0,167.0,8.346484719368163e-06
32.0,168.0,8.071806405496318e-06
32.0,169.0,2.723281068028882e-05
32.0,170.0,2.2617285139858723e-05
32.0,171.0,9.654367022449151e-05
32.0,172.0,4.278870255802758e-05
32.0,173.0,1.4172401279211044e-05
32.0,174.0,2.568503623479046e-05
32.0,175.0,0.00022034233552403748
32.0,176.0,0.00011142049334011972
32.0,177.0,0.00010400079190731049
32.0,178.0,8.992673974717036e-05
32.0,179.0,3.589908601497882e-06
32.0,180.0,5.060821786173619e-05
32.0,-179.0,2.0539198430924444e-06
32.0,-178.0,4.0241505416815926e-07
32.0,-177.0,2.07655580197752e-06
32.0,-176.0,4.9102341108664405e-06
32.0,-175.0,2.694999068353354e-07
32.0,-174.0,1.7613358238577348e-07
32.0,-173.0,6.341262519526936e-07
32.0,-172.0,1.2393225006235298e-06
32.0,-171.0,5.057557359577913e-07
32.0,-170.0,3.14739665441266e-08
32.0,-169.0,8.621263702934812e-08
32.0,-168.0,5.8520942758377714e-08
32.0,-167.0,4.9188770390173886e-08
32.0,-166.0,5.098527253721841e-07
32.0,-165.0,1.585196514497511e-05
32.0,-164.0,5.508782578544924e-06
32.0,-163.0,5.497037818713579e-06
32.0,-162.0,3.3061402064049616e-05
32.0,-161.0,4.331532181822695e-05
32.0,-160.0,4.7511630327790044e-06
32.0,-159.0,1.130113196268212e-05
32.0,-158.0,2.588334791653324e-05
32.0,-157.0,3.938094596378505e-05
32.0,-156.0,2.8112313884776086e-05
32.0,-155.0,3.169010960846208e-05
32.0,-154.0,3.548498352756724e-05
32.0,-153.0,4.7073481255210936e-05
32.0,-152.0,4.385582360555418e-05
32.0,-151.0,3.6970483051845804e-05
32.0,-150.0,3.17560916300863e-05
32.0,-149.0,1.0577609828033019e-05
32.0,-148.0,2.3442369638360105e-05
32.0,-147.0,5.558870725508314e-06
32.0,-146.0,1.0459208397151087e-06
32.0,-145.0,9.072779789676133e-07
32.0,-144.0,3.805500909948023e-06
32.0,-143.0,2.1995763290760806e-06
32.0,-142.0,4.359155525435199e-07
32.0,-141.0,7.533987172791967e-06
32.0,-140.0,3.058298148062022e-08
32.0,-139.0,1.662691850867759e-08
32.0,-138.0,3.883678090232934e-08
32.0,-137.0,4.4414449007490475e-08
32.0,-136.0,2.1787039727882984e-08
32.0,-135.0,5.636509570194903e-08
32.0,-134.0,5.044404893794763e-09
32.0,-133.0,1.38319393272468e-07
32.0,-132.0,8.506143700515167e-08
32.0,-131.0,1.5342382084782002e-06
32.0,-130.0,1.307414265738771e-07
32.0,-129.0,8.852236419443216e-07
32.0,-128.0,8.632162575850089e-07
32.0,-127.0,6.5118528347341e-09
32.0,-126.0,6.736407613061601e-06
32.0,-125.0,2.465747093083337e-05
32.0,-124.0,0.004764079581946135
32.0,-123.0,1.284251811739523e-05
32.0,-122.0,0.002203528303653002
32.0,-121.0,1.1042355254176073e-05
32.0,-120.0,8.519390348737943e-07
32.0,-119.0,5.312155917636119e-05
32.0,-118.0,1.894461032492245e-09
32.0,-117.0,0.0031804770696908236
32.0,-116.0,1.5801733255216277e-08
32.0,-115.0,9.344751639162041e-09
32.0,-114.0,0.004548367112874985
32.0,-113.0,1.1334166316601113e-07
32.0,-112.0,2.465423847297643e-07
32.0,-111.0,7.762581617498654e-07
32.0,-110.0,0.00022991912555880845
32.0,-109.0,0.0009221828076988459
32.0,-108.0,3.5163598113285843e-06
32.0,-107.0,0.004360630176961422
32.0,-106.0,0.00012672109005507082
32.0,-105.0,0.004903080873191357
32.0,-104.0,0.12893207371234894
32.0,-103.0,0.0009426456526853144
32.0,-102.0,0.0005474281497299671
32.0,-101.0,0.0004402592603582889
32.0,-100.0,4.9753711209632456e-05
32.0,-99.0,0.0001822704798541963
32.0,-98.0,0.0014581582508981228
32.0,-97.0,0.00010319438297301531
32.0,-96.0,0.0002563747693784535
32.0,-95.0,0.00274636410176754
32.0,-94.0,0.0006769344909116626
32.0,-93.0,0.0005955523229204118
32.0,-92.0,0.002967019332572818
32.0,-91.0,0.0007758832653053105
32.0,-90.0,0.0002662503393366933
32.0,-89.0,0.00013506344112101942
32.0,-88.0,8.655038982396945e-05
32.0,-87.0,4.201979754725471e-05
32.0,-86.0,2.8818690225307364e-06
32.0,-85.0,3.065540852276172e-07
32.0,-84.0,6.906257567607099e-06
32.0,-83.0,1.3247203867194912e-07
32.0,-82.0,1.4967935779708341e-09
32.0,-81.0,0.0023047314025461674
32.0,-80.0,9.863723704484073e-08
32.0,-79.0,3.812777151779301e-07
32.0,-78.0,9.849772141024005e-06
32.0,-77.0,2.9185603267478655e-08
32.0,-76.0,1.2824147077594716e-08
32.0,-75.0,1.7915068539764434e-08
32.0,-74.0,2.3790946102053567e-08
32.0,-73.0,2.2555122214384937e-08
32.0,-72.0,4.8151883902392e-07
32.0,-71.0,5.2784731252586425e-08
32.0,-70.0,3.5568385214901355e-07
32.0,-69.0,1.4171267139317933e-05
32.0,-68.0,8.204710799653014e-10
32.0,-67.0,1.1236019190619118e-06
32.0,-66.0,9.60316992859589e-06
32.0,-65.0,1.1637257557595149e-07
32.0,-64.0,7.905522579676472e-06
32.0,-63.0,0.00012583844363689423
32.0,-62.0,0.0002346451219636947
32.0,-61.0,0.002181138377636671
32.0,-60.0,0.0002636681019794196
32.0,-59.0,0.0004007436509709805
32.0,-58.0,0.0001599697134224698
32.0,-57.0,0.002049550414085388
32.0,-56.0,0.0002949472691398114
32.0,-55.0,0.0006984336650930345
32.0,-54.0,0.002373312832787633
32.0,-53.0,0.0001471086434321478
32.0,-52.0,0.00023621304717380553
32.0,-51.0,0.0002105342864524573
32.0,-50.0,4.009316035080701e-05
32.0,-49.0,0.0004938162746839225
32.0,-48.0,3.261269739596173e-05
32.0,-47.0,5.772316944785416e-05
32.0,-46.0,0.00015464609896298498
32.0,-45.0,5.943312862655148e-05
32.0,-44.0,0.00012196321767987683
32.0,-43.0,4.3482523324200884e-05
32.0,-42.0,4.4583863200386986e-05
32.0,-41.0,6.879717693664134e-05
32.0,-40.0,0.00011152953811688349
32.0,-39.0,3.3012442145263776e-05
32.0,-38.0,5.3195064538158476e-05
32.0,-37.0,0.00019842338224407285
32.0,-36.0,0.00011340511264279485
32.0,-35.0,6.383297295542434e-05
32.0,-34.0,7.314629328902811e-05
32.0,-33.0,6.46254193270579e-05
32.0,-32.0,5.729859822167782e-06
32.0,-31.0,2.1311880118446425e-05
32.0,-30.0,9.184489499602932e-06
32.0,-29.0,1.0147753073397325e-06
32.0,-28.0,5.503550255525624e-07
32.0,-27.0,3.3984645142481895e-07
32.0,-26.0,2.2915389763511484e-07
32.0,-25.0,2.496230138149258e-07
32.0,-24.0,4.5633225909114117e-07
32.0,-23.0,1.112676386583189e-06
32.0,-22.0,7.101714345481014e-07
32.0,-21.0,5.769520043941156e-07
32.0,-20.0,5.1473325584083796e-06
32.0,-19.0,4.349527443991974e-06
32.0,-18.0,9.108819085668074e-07
32.0,-17.0,1.385766381645226e-06
32.0,-16.0,1.5237801562761888e-06
32.0,-15.0,2.1402469130293866e-08
32.0,-14.0,2.0378065812565183e-07
32.0,-13.0,1.2733190146718698e-07
32.0,-12.0,2.291568890200324e-08
32.0,-11.0,8.684422141413961e-07
32.0,-10.0,2.655794105521636e-06
32.0,-9.0,3.3086087114497786e-06
32.0,-8.0,3.619211565819569e-05
32.0,-7.0,0.0001288800995098427
32.0,-6.0,0.0008356367470696568
32.0,-5.0,0.0002965168678201735
32.0,-4.0,0.0006332609336823225
32.0,-3.0,7.111333252396435e-05
32.0,-2.0,1.6940515706664883e-05
32.0,-1.0,3.8981303077889606e-05
33.0,0.0,1.272077838621044e-06
33.0,1.0,5.3274602578312624e-06
33.0,2.0,0.00011257075675530359
33.0,3.0,2.0011424567201175e-05
33.0,4.0,2.5583966589692864e-07
33.0,5.0,5.3841190492676105e-06
33.0,6.0,2.9342863854253665e-05
33.0,7.0,7.336450835282449e-06
33.0,8.0,0.00016978915664367378
33.0,9.0,0.00035539251985028386
33.0,10.0,1.416669965692563e-05
33.0,11.0,2.0610426872735843e-05
33.0,12.0,4.315954356570728e-05
33.0,13.0,5.2566487283911556e-05
33.0,14.0,1.4521414470891614e-07
33.0,15.0,0.000189789425348863
33.0,16.0,0.0004084706597495824
33.0,17.0,3.1100455544219585e-06
33.0,18.0,6.896533159306273e-05
33.0,19.0,0.0016929544508457184
33.0,20.0,0.0003582799981813878
33.0,21.0,0.016944214701652527
33.0,22.0,9.770062661118573e-07
33.0,23.0,0.0001203274805448018
33.0,24.0,2.9697428544750437e-05
33.0,25.0,5.601335215033032e-05
33.0,26.0,2.268363914481597e-06
33.0,27.0,2.3743203200865537e-05
33.0,28.0,7.610083230247255e-06
33.0,29.0,1.318476961387205e-06
33.0,30.0,5.5101725592976436e-05
33.0,31.0,2.933321923137555e-07
33.0,32.0,5.437448180600768e-06
33.0,33.0,3.993399388946273e-09
33.0,34.0,1.7986052114338236e-07
33.0,35.0,4.3950046801910503e-07
33.0,36.0,8.40452329953223e-09
33.0,37.0,1.0676743933402122e-08
33.0,38.0,9.301224679347797e-08
33.0,39.0,3.233791971979372e-07
33.0,40.0,1.8086256048377436e-08
33.0,41.0,5.086916280561127e-05
33.0,42.0,1.4795792594668455e-05
33.0,43.0,2.0005288661195664e-06
33.0,44.0,9.786852024262771e-05
33.0,45.0,1.1342505786160473e-05
33.0,46.0,8.998672456073109e-06
33.0,47.0,3.281873796368018e-05
33.0,48.0,6.368920367094688e-06
33.0,49.0,2.6296153009752743e-05
33.0,50.0,3.2385152735514566e-05
33.0,51.0,4.005568371212576e-06
33.0,52.0,2.7116326236864552e-05
33.0,53.0,2.140755532309413e-05
33.0,54.0,4.039727718918584e-05
33.0,55.0,8.641390013508499e-05
33.0,56.0,0.00017273469711653888
33.0,57.0,0.0001935936015797779
33.0,58.0,8.960813283920288e-05
33.0,59.0,4.83897429148783e-06
33.0,60.0,6.4672667576815e-06
33.0,61.0,2.5853419174381997e-06
33.0,62.0,0.0016958288615569472
33.0,63.0,1.8756611098069698e-05
33.0,64.0,0.0063236854039132595
33.0,65.0,0.00023980160767678171
33.0,66.0,3.3429707400500774e-05
33.0,67.0,4.165493373875506e-05
33.0,68.0,0.007425409276038408
33.0,69.0,0.001253793598152697
33.0,70.0,0.10945078730583191
33.0,71.0,0.001542111742310226
33.0,72.0,0.00014828007260803133
33.0,73.0,0.0011987641919404268
33.0,74.0,5.082842835690826e-05
33.0,75.0,3.8289340409392025e-07
33.0,76.0,2.3040758605930023e-05
33.0,77.0,0.002043356653302908
33.0,78.0,0.00012999238970223814
33.0,79.0,0.004334978759288788
33.0,80.0,0.0002611273084767163
33.0,81.0,3.9683447539573535e-05
33.0,82.0,0.00011778536281781271
33.0,83.0,0.00015750832972116768
33.0,84.0,5.267438154987758e-06
33.0,85.0,0.00015759681991767138
33.0,86.0,0.00025493689463473856
33.0,87.0,0.0001615770743228495
33.0,88.0,4.701009311247617e-05
33.0,89.0,0.0001460603525629267
33.0,90.0,0.00025994813768193126
33.0,91.0,0.00016445995424874127
33.0,92.0,4.5407781726680696e-05
33.0,93.0,7.50847757444717e-05
33.0,94.0,0.0009028074564412236
33.0,95.0,0.000207684570341371
33.0,96.0,0.0004056335019413382
33.0,97.0,7.613057096023113e-05
33.0,98.0,0.0009509710362181067
33.0,99.0,8.935357982409187e-06
33.0,100.0,5.395792868512217e-06
33.0,101.0,1.6009829778340645e-05
33.0,102.0,1.3071252169538639e-06
33.0,103.0,0.00284868897870183
33.0,104.0,7.340357842622325e-05
33.0,105.0,0.02797253243625164
33.0,106.0,9.39645542530343e-06
33.0,107.0,3.278463793776609e-07
33.0,108.0,0.000197446730453521
33.0,109.0,2.9971758408464666e-07
33.0,110.0,5.1158749556634575e-06
33.0,111.0,0.0002639888261910528
33.0,112.0,4.431667912285775e-05
33.0,113.0,1.0035689683718374e-06
33.0,114.0,1.214730855281232e-05
33.0,115.0,5.911434755034861e-07
33.0,116.0,3.0317391974676866e-07
33.0,117.0,3.311770342406817e-07
33.0,118.0,2.1301527795003494e-06
33.0,119.0,4.534350228624362e-09
33.0,120.0,0.00011586629261728376
33.0,121.0,1.9746250927710207e-06
33.0,122.0,1.1212914330371859e-07
33.0,123.0,1.6618298104731366e-05
33.0,124.0,4.040436397190206e-05
33.0,125.0,2.8935564841958694e-06
33.0,126.0,1.7949250832316466e-05
33.0,127.0,6.360850238706917e-05
33.0,128.0,4.7576770157320425e-05
33.0,129.0,0.0004400381294544786
33.0,130.0,1.54621375259012e-05
33.0,131.0,7.414072570099961e-06
33.0,132.0,3.7422607420012355e-05
33.0,133.0,0.0011245630448684096
33.0,134.0,6.042755558155477e-07
33.0,135.0,8.235541315571027e-08
33.0,136.0,1.7579722566551936e-08
33.0,137.0,3.053138630804142e-09
33.0,138.0,3.953031679770902e-08
33.0,139.0,9.430536920262966e-07
33.0,140.0,2.9202564633123984e-07
33.0,141.0,2.3031752789393067e-05
33.0,142.0,0.0016289459308609366
33.0,143.0,1.22804194688797e-05
33.0,144.0,0.00013918369950260967
33.0,145.0,0.0007517074118368328
33.0,146.0,1.4237249160942156e-05
33.0,147.0,0.00023001911176834255
33.0,148.0,0.0017495895735919476
33.0,149.0,0.00028172231395728886
33.0,150.0,0.0666867345571518
33.0,151.0,2.7806858270196244e-05
33.0,152.0,1.806895852496382e-05
33.0,153.0,8.360910578630865e-05
33.0,154.0,7.373353039241692e-09
33.0,155.0,4.488939794100588e-06
33.0,156.0,1.5413583298595768e-07
33.0,157.0,6.507966610058702e-09
33.0,158.0,1.1657873244530492e-07
33.0,159.0,6.08824493042448e-08
33.0,160.0,5.554724680223444e-07
33.0,161.0,1.5765208027929134e-09
33.0,162.0,4.9640682846074924e-05
33.0,163.0,6.167523451949819e-07
33.0,164.0,8.268085771589995e-09
33.0,165.0,0.0005258957971818745
33.0,166.0,2.1466186808538623e-05
33.0,167.0,2.3758036604704103e-06
33.0,168.0,5.24264105479233e-05
33.0,169.0,0.0011946384329348803
33.0,170.0,0.0007044996018521488
33.0,171.0,0.0006816015811637044
33.0,172.0,0.0015163919888436794
33.0,173.0,5.3852214477956295e-05
33.0,174.0,8.931381307775155e-05
33.0,175.0,8.347701077582315e-05
33.0,176.0,5.495992809301242e-05
33.0,177.0,2.3844018869567662e-05
33.0,178.0,0.001232599257491529
33.0,179.0,6.847331678727642e-05
33.0,180.0,2.1685234969481826e-05
33.0,-179.0,1.3214516911830287e-05
33.0,-178.0,2.1390792426245753e-06
33.0,-177.0,1.725312586131622e-06
33.0,-176.0,1.2394593795761466e-05
33.0,-175.0,6.269702225836227e-06
33.0,-174.0,1.6005075167413452e-06
33.0,-173.0,1.60323270392837e-06
33.0,-172.0,6.838992021585e-07
33.0,-171.0,4.518139178344427e-07
33.0,-170.0,6.204743385751499e-07
33.0,-169.0,2.2134194921363815e-07
33.0,-168.0,9.103282394562484e-08
33.0,-167.0,8.47462633402074e-09
33.0,-166.0,9.403775891314581e-08
33.0,-165.0,9.236983373739349e-07
33.0,-164.0,1.966934405572829e-06
33.0,-163.0,7.087391509230656e-07
33.0,-162.0,2.2449385141953826e-06
33.0,-161.0,0.00014339899644255638
33.0,-160.0,2.2067570171202533e-05
33.0,-159.0,4.1929251892725006e-06
33.0,-158.0,9.466839401284233e-05
33.0,-157.0,3.7408510252134874e-05
33.0,-156.0,0.00012234653695486486
33.0,-155.0,0.000291223987005651
33.0,-154.0,0.00010483208461664617
33.0,-153.0,8.892289770301431e-05
33.0,-152.0,0.00017541676061227918
33.0,-151.0,9.575353033142164e-05
33.0,-150.0,3.486752393655479e-05
33.0,-149.0,5.0360762543277815e-05
33.0,-148.0,4.643205102183856e-05
33.0,-147.0,1.4726772860740311e-05
33.0,-146.0,4.4397575038601644e-06
33.0,-145.0,2.421043063804973e-06
33.0,-144.0,1.1269169135630364e-06
33.0,-143.0,6.092438979976578e-07
33.0,-142.0,4.292426183383213e-06
33.0,-141.0,1.7160493825940648e-06
33.0,-140.0,3.750945722913457e-07
33.0,-139.0,1.8390739597862193e-08
33.0,-138.0,1.157526270390008e-07
33.0,-137.0,2.4315164992572136e-08
33.0,-136.0,2.3875114152360766e-07
33.0,-135.0,2.580818048159017e-08
33.0,-134.0,1.4758282418370072e-07
33.0,-133.0,1.8139929807148292e-06
33.0,-132.0,4.1708048570399114e-07
33.0,-131.0,1.0137055141967721e-06
33.0,-130.0,1.7812329815569683e-06
33.0,-129.0,9.437839253223501e-06
33.0,-128.0,1.2465278814488556e-05
33.0,-127.0,9.40477889344038e-07
33.0,-126.0,2.2888030798640102e-05
33.0,-125.0,0.005419239867478609
33.0,-124.0,1.1208253170025273e-07
33.0,-123.0,1.1949543477385305e-05
33.0,-122.0,1.2496177077991888e-05
33.0,-121.0,3.229215224109794e-07
33.0,-120.0,3.063067197217606e-06
33.0,-119.0,3.1537831091554835e-05
33.0,-118.0,0.0004464268567971885
33.0,-117.0,1.314630117121851e-05
33.0,-116.0,1.355726624296949e-07
33.0,-115.0,9.79788637778256e-07
33.0,-114.0,2.7645427280731383e-07
33.0,-113.0,6.419796591217164e-06
33.0,-112.0,9.627457620808855e-05
33.0,-111.0,5.284175495035015e-05
33.0,-110.0,1.7117114339271211e-06
33.0,-109.0,0.013906236737966537
33.0,-108.0,0.0019855571445077658
33.0,-107.0,0.0007148020667955279
33.0,-106.0,0.0061913118697702885
33.0,-105.0,0.014409709721803665
33.0,-104.0,0.00021578764426521957
33.0,-103.0,0.0007884958176873624
33.0,-102.0,0.00019352864183019847
33.0,-101.0,0.00033982604509219527
33.0,-100.0,0.0005304858204908669
33.0,-99.0,0.0001618226815480739
33.0,-98.0,0.0002874048659577966
33.0,-97.0,0.012361095286905766
33.0,-96.0,0.003291625762358308
33.0,-95.0,0.002379916375502944
33.0,-94.0,0.12880191206932068
33.0,-93.0,0.0012705517001450062
33.0,-92.0,0.002369520952925086
33.0,-91.0,0.003354051150381565
33.0,-90.0,3.787162495427765e-05
33.0,-89.0,0.0005896121729165316
33.0,-88.0,9.376270463690162e-05
33.0,-87.0,6.624743946304079e-06
33.0,-86.0,0.00042659093742258847
33.0,-85.0,4.378377070679562e-06
33.0,-84.0,4.62551406599232e-06
33.0,-83.0,6.140456321190868e-08
33.0,-82.0,1.1979346709267702e-05
33.0,-81.0,4.392056871438399e-05
33.0,-80.0,1.1827100024675019e-05
33.0,-79.0,0.0010752298403531313
33.0,-78.0,1.2288795687709353e-06
33.0,-77.0,1.031977376442228e-06
33.0,-76.0,2.628329980325361e-07
33.0,-75.0,4.025233923954374e-09
33.0,-74.0,3.6248774648584003e-08
33.0,-73.0,3.698142450048181e-07
33.0,-72.0,7.046912173791497e-07
33.0,-71.0,3.2776024454506114e-06
33.0,-70.0,6.247808869375149e-06
33.0,-69.0,2.939246769528836e-06
33.0,-68.0,7.543892621697523e-08
33.0,-67.0,2.6119778340216726e-07
33.0,-66.0,6.506687350338325e-05
33.0,-65.0,2.497732509709749e-07
33.0,-64.0,8.388870469389076e-07
33.0,-63.0,1.27199371036113e-07
33.0,-62.0,2.788902747852262e-05
33.0,-61.0,0.0005599355790764093
33.0,-60.0,0.00043066893704235554
33.0,-59.0,0.0012574662687256932
33.0,-58.0,9.562477498548105e-05
33.0,-57.0,6.366251182043925e-05
33.0,-56.0,1.4453549738391303e-05
33.0,-55.0,4.557747615763219e-06
33.0,-54.0,2.0289116946514696e-05
33.0,-53.0,6.222025695024058e-05
33.0,-52.0,8.009502926142886e-05
33.0,-51.0,0.00010251918865833431
33.0,-50.0,1.5429570339620113e-05
33.0,-49.0,9.878249693429098e-05
33.0,-48.0,7.653769716853276e-05
33.0,-47.0,4.027269096695818e-05
33.0,-46.0,0.00036257467581890523
33.0,-45.0,0.0002352248557144776
33.0,-44.0,0.00017653746181167662
33.0,-43.0,0.0002284165093442425
33.0,-42.0,0.00010879508045036346
33.0,-41.0,2.357412267883774e-05
33.0,-40.0,9.182535723084584e-05
33.0,-39.0,5.267437154543586e-05
33.0,-38.0,0.00010901097994064912
33.0,-37.0,0.00019028320093639195
33.0,-36.0,6.262736860662699e-05
33.0,-35.0,7.68357640481554e-05
33.0,-34.0,0.00011024156992789358
33.0,-33.0,0.00010103172826347873
33.0,-32.0,5.475872603710741e-05
33.0,-31.0,2.5391107556060888e-05
33.0,-30.0,9.55307677941164e-06
33.0,-29.0,4.638806785806082e-06
33.0,-28.0,9.58336840994889e-07
33.0,-27.0,1.20267588954448e-06
33.0,-26.0,1.2691077699855668e-06
33.0,-25.0,9.228718766962629e-08
33.0,-24.0,1.744726461083701e-07
33.0,-23.0,2.1239789305127488e-07
33.0,-22.0,1.1962181645230885e-07
33.0,-21.0,1.0891710644500563e-07
33.0,-20.0,3.5906502660054684e-08
33.0,-19.0,1.6042973527419235e-07
33.0,-18.0,2.6930231911137525e-07
33.0,-17.0,3.053519321838394e-07
33.0,-16.0,2.9904742859798716e-06
33.0,-15.0,1.074053628258298e-07
33.0,-14.0,4.037706169413013e-09
33.0,-13.0,3.6206003528604924e-08
33.0,-12.0,2.097074158768919e-08
33.0,-11.0,1.1200405936051538e-08
33.0,-10.0,1.674014384889233e-07
33.0,-9.0,2.68926100943645e-07
33.0,-8.0,8.239506996687851e-07
33.0,-7.0,1.360572468911414e-06
33.0,-6.0,1.1819927749456838e-05
33.0,-5.0,4.43700046162121e-05
33.0,-4.0,7.064568308123853e-07
33.0,-3.0,4.279938821127871e-06
33.0,-2.0,2.1020450731157325e-05
33.0,-1.0,1.7596663681729297e-08
34.0,0.0,0.0003946092911064625
34.0,1.0,0.0030483088921755552
34.0,2.0,0.0006997998571023345
34.0,3.0,0.0008068240713328123
34.0,4.0,0.00011195202387170866
34.0,5.0,0.00016908477118704468
34.0,6.0,0.001249520806595683
34.0,7.0,0.00025442647165618837
34.0,8.0,4.2978008423233405e-05
34.0,9.0,0.00011565381282707676
34.0,10.0,2.4709966965019703e-05
34.0,11.0,9.749676974024624e-05
34.0,12.0,1.9532110684394866e-07
34.0,13.0,9.564389984006993e-06
34.0,14.0,1.918449197546579e-05
34.0,15.0,2.0164756620033586e-07
34.0,16.0,4.218587037030375e-06
34.0,17.0,4.774725947953584e-09
34.0,18.0,1.6966264126949682e-07
34.0,19.0,0.0005870755994692445
34.0,20.0,0.00010860250768018886
34.0,21.0,0.002239180961623788
34.0,22.0,0.001396793406456709
34.0,23.0,0.0006636132020503283
34.0,24.0,6.168141408124939e-05
34.0,25.0,4.16200709878467e-05
34.0,26.0,0.006793531123548746
34.0,27.0,4.990762681700289e-05
34.0,28.0,4.475791229197057e-06
34.0,29.0,5.867686923011206e-05
34.0,30.0,2.6600778255669866e-06
34.0,31.0,1.2176384416306973e-06
34.0,32.0,8.298105171888892e-07
34.0,33.0,2.8313411348790396e-07
34.0,34.0,5.3927524668040405e-09
34.0,35.0,3.441776073032088e-07
34.0,36.0,1.9450023103217973e-07
34.0,37.0,5.148060111537234e-08
34.0,38.0,1.1448258874224848e-06
34.0,39.0,6.649384158663452e-05
34.0,40.0,0.0008704827632755041
34.0,41.0,0.0001561098761158064
34.0,42.0,0.00032984756398946047
34.0,43.0,0.0004636264347936958
34.0,44.0,7.935287430882454e-05
34.0,45.0,1.1410391380195506e-05
34.0,46.0,7.728084892733023e-05
34.0,47.0,0.00048969651106745
34.0,48.0,1.871064341685269e-05
34.0,49.0,7.058270421111956e-05
34.0,50.0,0.00011875433847308159
34.0,51.0,0.00048218879965133965
34.0,52.0,0.00030236627208068967
34.0,53.0,0.00044684321619570255
34.0,54.0,0.00027566440985538065
34.0,55.0,0.0006021701847203076
34.0,56.0,0.00033771255402825773
34.0,57.0,9.440281428396702e-05
34.0,58.0,4.347491540102055e-06
34.0,59.0,4.164777692494681e-06
34.0,60.0,1.2901994139724593e-08
34.0,61.0,4.508256523649834e-08
34.0,62.0,1.5896928218239736e-08
34.0,63.0,1.1472823757685546e-07
34.0,64.0,4.592485680632308e-08
34.0,65.0,1.8018457836888047e-08
34.0,66.0,1.145602936958312e-07
34.0,67.0,6.609206479879504e-07
34.0,68.0,1.3084206784697017e-07
34.0,69.0,1.450898707844317e-06
34.0,70.0,1.965303226825199e-06
34.0,71.0,0.00015828432515263557
34.0,72.0,2.19730350181635e-06
34.0,73.0,5.21511947226827e-06
34.0,74.0,3.192309304722585e-05
34.0,75.0,4.514806278166361e-05
34.0,76.0,4.04081760052577e-07
34.0,77.0,7.622118118888466e-06
34.0,78.0,2.133945599780418e-05
34.0,79.0,9.779154424904846e-06
34.0,80.0,0.0019004615023732185
34.0,81.0,5.238777703198139e-06
34.0,82.0,3.618105665736948e-06
34.0,83.0,0.0017219482688233256
34.0,84.0,1.0160428246308584e-05
34.0,85.0,1.917871122714132e-05
34.0,86.0,1.8988819647347555e-05
34.0,87.0,7.585273124277592e-06
34.0,88.0,8.155128307407722e-05
34.0,89.0,0.00010403282794868574
34.0,90.0,8.008601434994489e-05
34.0,91.0,7.177774386946112e-05
34.0,92.0,0.0006434724782593548
34.0,93.0,8.347064431291074e-05
34.0,94.0,0.00012128809612477198
34.0,95.0,0.00027819749084301293
34.0,96.0,0.0006905141635797918
34.0,97.0,0.002742357552051544
34.0,98.0,0.004868921358138323
34.0,99.0,0.02274753525853157
34.0,100.0,5.9951806179014966e-05
34.0,101.0,6.637429760303348e-05
34.0,102.0,4.815991815121379e-06
34.0,103.0,0.0009233411401510239
34.0,104.0,0.00037121286732144654
34.0,105.0,0.02968330681324005
34.0,106.0,1.3579018741438631e-05
34.0,107.0,2.479785143805202e-05
34.0,108.0,0.00022054850705899298
34.0,109.0,1.651150967063586e-07
34.0,110.0,0.0002491949708200991
34.0,111.0,0.00015631408314220607
34.0,112.0,7.155578032325138e-07
34.0,113.0,6.760501128155738e-05
34.0,114.0,3.5029975720135553e-07
34.0,115.0,7.247018096734337e-09
34.0,116.0,0.00030164560303092003
34.0,117.0,1.7417255548934918e-07
34.0,118.0,2.3237479496174274e-08
34.0,119.0,0.00011500332038849592
34.0,120.0,1.5330770111177117e-05
34.0,121.0,7.394900421786588e-06
34.0,122.0,0.000763782300055027
34.0,123.0,7.600290700793266e-05
34.0,124.0,0.00012129157403251156
34.0,125.0,0.00017387258412782103
34.0,126.0,0.00016432124539278448
34.0,127.0,7.205308065749705e-05
34.0,128.0,5.066355879534967e-05
34.0,129.0,0.0004230783961247653
34.0,130.0,8.531915955245495e-05
34.0,131.0,0.00036493761581368744
34.0,132.0,5.965104355709627e-05
34.0,133.0,1.1865217857121024e-05
34.0,134.0,1.5730091035948135e-05
34.0,135.0,9.480444532528054e-06
34.0,136.0,2.3850159777794033e-05
34.0,137.0,1.234118826687336e-06
34.0,138.0,2.5464444775025186e-07
34.0,139.0,1.359755287921871e-06
34.0,140.0,4.865466053161072e-06
34.0,141.0,4.908198388875462e-05
34.0,142.0,0.0032743250485509634
34.0,143.0,4.348675429355353e-05
34.0,144.0,0.0002066008746623993
34.0,145.0,0.004090421367436647
34.0,146.0,0.00037178874481469393
34.0,147.0,0.0001115440099965781
34.0,148.0,0.0029411439318209887
34.0,149.0,0.00045103044249117374
34.0,150.0,0.002316988306120038
34.0,151.0,4.317112143326085e-06
34.0,152.0,0.00032834874582476914
34.0,153.0,0.030503394082188606
34.0,154.0,3.053026375710033e-06
34.0,155.0,5.772740152565348e-08
34.0,156.0,7.79752042490145e-07
34.0,157.0,2.300330834259512e-06
34.0,158.0,3.405919812848879e-08
34.0,159.0,5.479888045556436e-07
34.0,160.0,6.276884079170486e-08
34.0,161.0,3.1768583994562505e-06
34.0,162.0,1.4567579000868136e-06
34.0,163.0,4.586879640555708e-06
34.0,164.0,6.673169536952628e-06
34.0,165.0,0.000988846062682569
34.0,166.0,0.00012923871690873057
34.0,167.0,2.8101432690164074e-05
34.0,168.0,0.0017506042495369911
34.0,169.0,0.004198783542960882
34.0,170.0,0.003505060449242592
34.0,171.0,0.0007244627922773361
34.0,172.0,0.0007110161823220551
34.0,173.0,0.0025449004024267197
34.0,174.0,0.00013492519792634994
34.0,175.0,3.597621980588883e-05
34.0,176.0,0.00026628130581229925
34.0,177.0,0.0002518613764550537
34.0,178.0,7.628957973793149e-05
34.0,179.0,8.342711225850508e-05
34.0,180.0,2.4450640921713784e-05
34.0,-179.0,6.095668504713103e-05
34.0,-178.0,6.0535952798090875e-05
34.0,-177.0,5.4404099500970915e-06
34.0,-176.0,9.412279382559063e-07
34.0,-175.0,1.5500021618208848e-05
34.0,-174.0,9.145473427452089e-07
34.0,-173.0,4.7662754809607577e-07
34.0,-172.0,4.2652561660361243e-07
34.0,-171.0,2.4053400693446747e-07
34.0,-170.0,1.825086570761414e-07
34.0,-169.0,7.547185987277771e-07
34.0,-168.0,5.057199814473279e-08
34.0,-167.0,2.1829590579613978e-08
34.0,-166.0,8.427128506127701e-08
34.0,-165.0,1.59331946747443e-07
34.0,-164.0,1.39618089178839e-06
34.0,-163.0,5.778309059678577e-06
34.0,-162.0,1.282561015614192e-06
34.0,-161.0,1.0825475328601897e-05
34.0,-160.0,7.979162182891741e-05
34.0,-159.0,3.232328890589997e-05
34.0,-158.0,5.32987505721394e-05
34.0,-157.0,0.00038273658719845116
34.0,-156.0,0.000185811601113528
34.0,-155.0,0.0005119662382639945
34.0,-154.0,0.0006882423185743392
34.0,-153.0,0.00021238047338556498
34.0,-152.0,0.00019679413526318967
34.0,-151.0,7.175707287387922e-05
34.0,-150.0,4.6425717300735414e-05
34.0,-149.0,8.881069516064599e-05
34.0,-148.0,6.184083758853376e-06
34.0,-147.0,4.974974672222743e-06
34.0,-146.0,1.4358384760271292e-05
34.0,-145.0,2.823006752805668e-06
34.0,-144.0,1.0067458333651302e-06
34.0,-143.0,3.441405624471372e-06
34.0,-142.0,8.098663784039672e-07
34.0,-141.0,8.962787205746281e-07
34.0,-140.0,3.0598700959671987e-06
34.0,-139.0,6.199189783728798e-07
34.0,-138.0,3.9105337634737225e-08
34.0,-137.0,6.489707882195717e-09
34.0,-136.0,7.502138487325283e-06
34.0,-135.0,4.3457568210669706e-08
34.0,-134.0,2.797180265190491e-08
34.0,-133.0,3.3758561812646803e-07
34.0,-132.0,1.7274281844947836e-06
34.0,-131.0,9.174854653792863e-08
34.0,-130.0,2.840267825376941e-06
34.0,-129.0,0.00042594707338139415
34.0,-128.0,8.746545790927485e-05
34.0,-127.0,0.0003078434383496642
34.0,-126.0,2.019367229877389e-06
34.0,-125.0,0.014284706674516201
34.0,-124.0,0.0004932393203489482
34.0,-123.0,1.171099825114652e-06
34.0,-122.0,0.009124046191573143
34.0,-121.0,0.01257928553968668
34.0,-120.0,8.25172108420702e-08
34.0,-119.0,0.0493871308863163
34.0,-118.0,0.009320428594946861
34.0,-117.0,0.00020075785869266838
34.0,-116.0,1.0118965292349458e-06
34.0,-115.0,6.934345947229303e-06
34.0,-114.0,6.058571671019308e-06
34.0,-113.0,3.624108568800466e-09
34.0,-112.0,2.695008660680287e-08
34.0,-111.0,2.8487605959526263e-05
34.0,-110.0,5.394417166826315e-05
34.0,-109.0,0.00020516196673270315
34.0,-108.0,0.0030108701903373003
34.0,-107.0,1.0416909390187357e-05
34.0,-106.0,0.008313160389661789
34.0,-105.0,0.0021536394488066435
34.0,-104.0,0.00016946179675869644
34.0,-103.0,0.0008495895890519023
34.0,-102.0,0.000530683493707329
34.0,-101.0,0.00015210102719720453
34.0,-100.0,0.003653859253972769
34.0,-99.0,0.004054480232298374
34.0,-98.0,0.0006046551861800253
34.0,-97.0,0.024775754660367966
34.0,-96.0,0.05737106502056122
34.0,-95.0,0.0030695712193846703
34.0,-94.0,0.009886374697089195
34.0,-93.0,0.013074924238026142
34.0,-92.0,0.0004601223045028746
34.0,-91.0,0.0017525843577459455
34.0,-90.0,0.0015409280313178897
34.0,-89.0,2.3694165065535344e-05
34.0,-88.0,0.00013757904525846243
34.0,-87.0,2.7247930120211095e-05
34.0,-86.0,2.574290192569606e-06
34.0,-85.0,2.0126448362134397e-05
34.0,-84.0,0.003912697080522776
34.0,-83.0,1.1022579116115594e-07
34.0,-82.0,3.282120815129019e-05
34.0,-81.0,0.000205996009754017
34.0,-80.0,3.614650800898289e-09
34.0,-79.0,1.7969914551940747e-06
34.0,-78.0,3.2383422876591794e-06
34.0,-77.0,1.3865168568827357e-07
34.0,-76.0,2.5245724954992e-10
34.0,-75.0,1.5411480092097918e-07
34.0,-74.0,5.634832689338509e-08
34.0,-73.0,5.369602149585262e-06
34.0,-72.0,1.9672722828545375e-06
34.0,-71.0,4.509888185566524e-06
34.0,-70.0,2.3404705643770285e-05
34.0,-69.0,1.8253894040753949e-07
34.0,-68.0,7.499833287738511e-08
34.0,-67.0,5.715571091968741e-07
34.0,-66.0,2.9147139457563753e-07
34.0,-65.0,2.6067721137224e-07
34.0,-64.0,1.775182113306073e-06
34.0,-63.0,2.5130605081358226e-06
34.0,-62.0,3.987665877502877e-06
34.0,-61.0,0.0001745423360262066
34.0,-60.0,0.01935536041855812
34.0,-59.0,3.239837315049954e-05
34.0,-58.0,0.00011887738219229504
34.0,-57.0,0.017547503113746643
34.0,-56.0,4.7556645768054295e-06
34.0,-55.0,8.929156365411473e-07
34.0,-54.0,0.00012679251085501164
34.0,-53.0,1.2216407412779517e-05
34.0,-52.0,0.00013005785876885056
34.0,-51.0,0.0003964451898355037
34.0,-50.0,3.39744656230323e-05
34.0,-49.0,3.0868537578498945e-05
34.0,-48.0,0.00040534092113375664
34.0,-47.0,4.4047203118680045e-05
34.0,-46.0,0.0004946904955431819
34.0,-45.0,0.003383500035852194
34.0,-44.0,0.0003965803189203143
34.0,-43.0,0.0001761356252245605
34.0,-42.0,0.002064684173092246
34.0,-41.0,6.691543967463076e-05
34.0,-40.0,7.267947512445971e-05
34.0,-39.0,0.00031795469112694263
34.0,-38.0,8.949788752943277e-05
34.0,-37.0,3.936720531783067e-05
34.0,-36.0,0.00010899062181124464
34.0,-35.0,4.498698763200082e-05
34.0,-34.0,6.403697625501081e-05
34.0,-33.0,0.0001182335545308888
34.0,-32.0,5.987451004330069e-05
34.0,-31.0,3.709161319420673e-05
34.0,-30.0,1.3066980500298087e-05
34.0,-29.0,2.267423042212613e-06
34.0,-28.0,2.1773762455268297e-06
34.0,-27.0,1.295964125347382e-06
34.0,-26.0,1.3866203971701907e-06
34.0,-25.0,3.3309018476757046e-07
34.0,-24.0,2.2922276343706471e-07
34.0,-23.0,1.7471208479946654e-07
34.0,-22.0,1.8980594518325233e-07
34.0,-21.0,1.0628573932081053e-07
34.0,-20.0,6.870941149372811e-08
34.0,-19.0,8.922969385594115e-08
34.0,-18.0,4.923532515022089e-08
34.0,-17.0,1.1620622331065533e-07
34.0,-16.0,2.901282414313755e-06
34.0,-15.0,6.635776230723422e-07
34.0,-14.0,8.2181531979586e-07
34.0,-13.0,8.057163540797774e-06
34.0,-12.0,1.613283018286893e-08
34.0,-11.0,4.064319512053771e-07
34.0,-10.0,1.3383969132974016e-07
34.0,-9.0,3.3508399610582273e-08
34.0,-8.0,1.038139885167766e-06
34.0,-7.0,5.288823103910545e-07
34.0,-6.0,6.139726610854268e-05
34.0,-5.0,0.00016238608804997057
34.0,-4.0,1.3857835483577219e-06
34.0,-3.0,1.4094989637669642e-06
34.0,-2.0,3.328278035041876e-05
34.0,-1.0,2.2317699404084124e-06
35.0,0.0,3.3344058465445414e-05
35.0,1.0,0.037207070738077164
35.0,2.0,9.125933138420805e-05
35.0,3.0,0.0001715249236440286
35.0,4.0,0.050136782228946686
35.0,5.0,0.002742926124483347
35.0,6.0,0.03139195218682289
35.0,7.0,0.0034238474909216166
35.0,8.0,1.4305598597275093e-05
35.0,9.0,0.00862732995301485
35.0,10.0,0.00020018307259306312
35.0,11.0,4.2564497562125325e-05
35.0,12.0,7.962536074046511e-06
35.0,13.0,2.9917408994606376e-08
35.0,14.0,5.716525492971414e-07
35.0,15.0,0.00023582621361128986
35.0,16.0,5.927054047560887e-08
35.0,17.0,2.940760879255322e-08
35.0,18.0,0.00029931284370832145
35.0,19.0,2.627537469379604e-05
35.0,20.0,0.0001712413941277191
35.0,21.0,0.0025108675472438335
35.0,22.0,0.0005911359330639243
35.0,23.0,0.00013398364535532892
35.0,24.0,0.00133666698820889
35.0,25.0,0.002647011075168848
35.0,26.0,0.0006515150307677686
35.0,27.0,0.0008555736276321113
35.0,28.0,3.098804199908045e-06
35.0,29.0,3.328138336655684e-05
35.0,30.0,0.0005361665389500558
35.0,31.0,2.2422393897159054e-07
35.0,32.0,1.538859919492097e-07
35.0,33.0,2.31253648053098e-06
35.0,34.0,4.005785740446299e-06
35.0,35.0,6.175551243359223e-05
35.0,36.0,1.8725069139691186e-06
35.0,37.0,5.656278517562896e-05
35.0,38.0,0.00019495305605232716
35.0,39.0,0.0009933514520525932
35.0,40.0,0.01226472295820713
35.0,41.0,0.0019625897984951735
35.0,42.0,0.00013303913874551654
35.0,43.0,0.004951322916895151
35.0,44.0,0.00014114541409071535
35.0,45.0,5.947763202129863e-05
35.0,46.0,0.0009587055537849665
35.0,47.0,0.00013563144602812827
35.0,48.0,0.00012296209752094
35.0,49.0,0.0014763843500986695
35.0,50.0,0.009264935739338398
35.0,51.0,0.03958693519234657
35.0,52.0,0.012990503571927547
35.0,53.0,0.002112400019541383
35.0,54.0,0.045242421329021454
35.0,55.0,0.0016818918520584702
35.0,56.0,0.002196231856942177
35.0,57.0,0.0025910641998052597
35.0,58.0,4.167114457231946e-05
35.0,59.0,4.287047340767458e-05
35.0,60.0,7.973865649546497e-06
35.0,61.0,5.479762990034942e-07
35.0,62.0,1.0836940418812446e-05
35.0,63.0,3.0231230994104408e-06
35.0,64.0,5.983381470286986e-07
35.0,65.0,0.0006465978804044425
35.0,66.0,1.7580179019205389e-06
35.0,67.0,1.1094748453288616e-09
35.0,68.0,4.599092426360585e-05
35.0,69.0,2.9698045977966103e-07
35.0,70.0,2.524065507714113e-07
35.0,71.0,0.003944599535316229
35.0,72.0,1.1872170091464795e-07
35.0,73.0,7.274562085513026e-05
35.0,74.0,0.002317968523129821
35.0,75.0,1.2582012232087436e-07
35.0,76.0,7.261005521286279e-06
35.0,77.0,6.63442988297902e-05
35.0,78.0,8.81581763678696e-06
35.0,79.0,3.842956721200608e-05
35.0,80.0,0.09939655661582947
35.0,81.0,3.5409193515079096e-05
35.0,82.0,0.0023669875226914883
35.0,83.0,0.0023666934575885534
35.0,84.0,2.3808890546206385e-05
35.0,85.0,0.00012257635535206646
35.0,86.0,6.782348918932257e-06
35.0,87.0,0.00015765934949740767
35.0,88.0,0.00022313877707347274
35.0,89.0,0.0005582215380854905
35.0,90.0,0.0017905181739479303
35.0,91.0,0.003077151020988822
35.0,92.0,0.002278754720464349
35.0,93.0,3.129112656097277e-06
35.0,94.0,0.00016008126840461046
35.0,95.0,0.0010413463460281491
35.0,96.0,0.0005573313683271408
35.0,97.0,0.0011587280314415693
35.0,98.0,0.0002590105286799371
35.0,99.0,0.0002778772613964975
35.0,100.0,2.1884510715608485e-05
35.0,101.0,3.7382787354545144e-07
35.0,102.0,4.3294548959238455e-05
35.0,103.0,6.171781933517195e-06
35.0,104.0,9.480665994487936e-07
35.0,105.0,0.015046266838908195
35.0,106.0,1.0437835484822244e-08
35.0,107.0,2.1038827071606647e-06
35.0,108.0,5.497182428371161e-05
35.0,109.0,6.210733317857375e-06
35.0,110.0,8.823485941888976e-09
35.0,111.0,5.7942287412515725e-08
35.0,112.0,6.310119715635665e-06
35.0,113.0,1.5529526535829064e-06
35.0,114.0,1.8609499363719806e-07
35.0,115.0,2.146693987015169e-06
35.0,116.0,6.509074523819436e-08
35.0,117.0,3.527652552293148e-06
35.0,118.0,3.610067551562679e-07
35.0,119.0,1.462682121200487e-05
35.0,120.0,2.6623605663189664e-05
35.0,121.0,8.592352241976187e-05
35.0,122.0,0.0009271260933019221
35.0,123.0,0.00020819531346205622
35.0,124.0,4.6196815674193203e-05
35.0,125.0,2.9615044695674442e-05
35.0,126.0,8.123238330881577e-07
35.0,127.0,0.0004730501095764339
35.0,128.0,0.00040663921390660107
35.0,129.0,4.113198883715086e-05
35.0,130.0,0.0002912261988967657
35.0,131.0,0.0005675025749951601
35.0,132.0,0.0012411477509886026
35.0,133.0,0.00225643627345562
35.0,134.0,0.009764778427779675
35.0,135.0,0.0003036795824300498
35.0,136.0,0.11834409087896347
35.0,137.0,0.0004968089051544666
35.0,138.0,8.974325282906648e-06
35.0,139.0,0.0015174202853813767
35.0,140.0,0.1634024828672409
35.0,141.0,0.0313289649784565
35.0,142.0,0.017330903559923172
35.0,143.0,0.10667507350444794
35.0,144.0,0.00019350943330209702
35.0,145.0,0.015630438923835754
35.0,146.0,0.0023876104969531298
35.0,147.0,0.010625944472849369
35.0,148.0,0.002876324811950326
35.0,149.0,0.029341088607907295
35.0,150.0,0.0002556919935159385
35.0,151.0,3.544023638824001e-05
35.0,152.0,0.0009694267064332962
35.0,153.0,4.726501629193081e-06
35.0,154.0,1.59125568188756e-06
35.0,155.0,1.7707787264953367e-05
35.0,156.0,1.2173046570751467e-07
35.0,157.0,8.023768168641254e-05
35.0,158.0,3.5931883758166805e-05
35.0,159.0,6.437807087422698e-07
35.0,160.0,6.882929142193461e-07
35.0,161.0,4.540152076515369e-06
35.0,162.0,8.006113057490438e-05
35.0,163.0,8.9452141764923e-06
35.0,164.0,3.959000969189219e-05
35.0,165.0,0.0008739870972931385
35.0,166.0,0.0001719359279377386
35.0,167.0,9.506754395260941e-06
35.0,168.0,0.0020121645648032427
35.0,169.0,0.002479260554537177
35.0,170.0,8.44681853777729e-05
35.0,171.0,0.0003596337919589132
35.0,172.0,4.765550693264231e-05
35.0,173.0,0.0016340657602995634
35.0,174.0,0.0016874332213774323
35.0,175.0,0.00043706625001505017
35.0,176.0,0.0009974022395908833
35.0,177.0,0.0022098151966929436
35.0,178.0,0.00017624313477426767
35.0,179.0,0.0001935419422807172
35.0,180.0,0.00018809920584317297
35.0,-179.0,0.00012124820204917341
35.0,-178.0,3.558711978257634e-05
35.0,-177.0,7.783487671986222e-05
35.0,-176.0,5.1814120524795726e-05
35.0,-175.0,9.45337205848773e-07
35.0,-174.0,5.5720124692015816e-06
35.0,-173.0,2.464782710376312e-06
35.0,-172.0,1.187297925753228e-06
35.0,-171.0,2.6021848498203326e-06
35.0,-170.0,8.435592917521717e-07
35.0,-169.0,5.151503614797548e-07
35.0,-168.0,1.2396446891216328e-07
35.0,-167.0,1.3582423719071812e-07
35.0,-166.0,5.74693093113865e-09
35.0,-165.0,8.447694455071542e-08
35.0,-164.0,1.0176430578212603e-06
35.0,-163.0,4.477894322008069e-07
35.0,-162.0,1.6439280443591997e-06
35.0,-161.0,1.0679273145797197e-05
35.0,-160.0,1.3033464711043052e-05
35.0,-159.0,8.888669981388375e-05
35.0,-158.0,0.00025501783238723874
35.0,-157.0,0.00010009836842073128
35.0,-156.0,0.00034498749300837517
35.0,-155.0,0.0003961081965826452
35.0,-154.0,0.00010980953084072098
35.0,-153.0,0.00016524907550774515
35.0,-152.0,0.00019173893088009208
35.0,-151.0,2.0057968868059106e-05
35.0,-150.0,3.960760295740329e-05
35.0,-149.0,2.2086078388383612e-05
35.0,-148.0,4.361269930086564e-06
35.0,-147.0,4.892336619377602e-06
35.0,-146.0,7.2409729909850284e-06
35.0,-145.0,2.4532494080631295e-06
35.0,-144.0,5.416394742496777e-06
35.0,-143.0,2.0663169379986357e-06
35.0,-142.0,1.37040956360579e-06
35.0,-141.0,2.532850089664862e-07
35.0,-140.0,8.489620995533187e-06
35.0,-139.0,2.1755859336280992e-07
35.0,-138.0,4.7434932071155345e-07
35.0,-137.0,9.921954102765085e-08
35.0,-136.0,7.878173846620484e-08
35.0,-135.0,1.4362752835950232e-06
35.0,-134.0,7.30535384718678e-06
35.0,-133.0,8.42989891225443e-07
35.0,-132.0,1.3078063602733891e-05
35.0,-131.0,1.2131407345350453e-07
35.0,-130.0,0.008183890953660011
35.0,-129.0,4.496304882195545e-06
35.0,-128.0,3.6455861845752224e-05
35.0,-127.0,0.007085316348820925
35.0,-126.0,0.004665047395974398
35.0,-125.0,0.00022279817494563758
35.0,-124.0,3.645819379016757e-05
35.0,-123.0,3.663111783680506e-05
35.0,-122.0,5.824794698128244e-06
35.0,-121.0,1.4177089724398684e-06
35.0,-120.0,0.00024485672474838793
35.0,-119.0,1.5971399989211932e-05
35.0,-118.0,2.6113896822721472e-08
35.0,-117.0,0.0008037967490963638
35.0,-116.0,4.3533433199627325e-05
35.0,-115.0,7.021421311037557e-07
35.0,-114.0,0.00029201467987149954
35.0,-113.0,1.827540643262182e-07
35.0,-112.0,1.4816823750152253e-06
35.0,-111.0,0.0005379020585678518
35.0,-110.0,4.774956323672086e-06
35.0,-109.0,2.0105177100049332e-05
35.0,-108.0,0.0019591471645981073
35.0,-107.0,0.0005700317560695112
35.0,-106.0,2.0870360458502546e-05
35.0,-105.0,3.3989759685937315e-05
35.0,-104.0,0.0004190976032987237
35.0,-103.0,1.5068513675942086e-05
35.0,-102.0,0.0008219386218115687
35.0,-101.0,0.002712720539420843
35.0,-100.0,0.0016380870947614312
35.0,-99.0,0.002616753801703453
35.0,-98.0,0.024264032021164894
35.0,-97.0,0.01186362560838461
35.0,-96.0,0.030336927622556686
35.0,-95.0,0.014964212663471699
35.0,-94.0,0.008802613243460655
35.0,-93.0,0.001108968397602439
35.0,-92.0,0.0002571346121840179
35.0,-91.0,0.020047372207045555
35.0,-90.0,0.00903702899813652
35.0,-89.0,7.773340621497482e-05
35.0,-88.0,0.0004042029904667288
35.0,-87.0,5.549268098548055e-05
35.0,-86.0,1.095057200473093e-06
35.0,-85.0,6.1178052419563755e-06
35.0,-84.0,6.617991630264441e-07
35.0,-83.0,3.297797547929804e-06
35.0,-82.0,3.996623127022758e-05
35.0,-81.0,7.118352641555248e-06
35.0,-80.0,3.9965334508451633e-07
35.0,-79.0,2.9947759117021633e-07
35.0,-78.0,1.0594691701726333e-07
35.0,-77.0,6.934432121852296e-07
35.0,-76.0,1.4826063306827564e-05
35.0,-75.0,2.035882928907995e-08
35.0,-74.0,1.082976837096794e-06
35.0,-73.0,2.7672435862768907e-06
35.0,-72.0,5.726286644858192e-08
35.0,-71.0,3.2467488608745043e-07
35.0,-70.0,1.8111303461409989e-06
35.0,-69.0,4.83153201003006e-07
35.0,-68.0,1.3618130651593674e-05
35.0,-67.0,5.072367343927908e-07
35.0,-66.0,9.112565066971001e-07
35.0,-65.0,3.370995182194747e-05
35.0,-64.0,1.8858906969398959e-06
35.0,-63.0,0.0014720080653205514
35.0,-62.0,0.00038049291470088065
35.0,-61.0,0.0001304176403209567
35.0,-60.0,0.0008580052526667714
35.0,-59.0,3.823531369562261e-05
35.0,-58.0,0.0001812064874684438
35.0,-57.0,8.35544506117003e-06
35.0,-56.0,2.0928957383148372e-05
35.0,-55.0,2.7382868211134337e-05
35.0,-54.0,3.368713441886939e-05
35.0,-53.0,0.0002061946870526299
35.0,-52.0,7.579257271572715e-06
35.0,-51.0,3.171264552292996e-06
35.0,-50.0,3.599423507694155e-05
35.0,-49.0,1.0803930308611598e-05
35.0,-48.0,5.574377155426191e-06
35.0,-47.0,0.0012672581942752004
35.0,-46.0,6.904041219968349e-05
35.0,-45.0,0.0009006800246424973
35.0,-44.0,0.002890105824917555
35.0,-43.0,0.0013991824816912413
35.0,-42.0,0.001572802197188139
35.0,-41.0,0.005067594815045595
35.0,-40.0,0.001732843928039074
35.0,-39.0,0.0007153759361244738
35.0,-38.0,0.00015819331747479737
35.0,-37.0,0.00029206983163021505
35.0,-36.0,0.0002697670424822718
35.0,-35.0,9.882772428682074e-05
35.0,-34.0,8.048781455727294e-05
35.0,-33.0,5.017687362851575e-05
35.0,-32.0,4.035742313135415e-05
35.0,-31.0,2.4762830435065553e-05
35.0,-30.0,1.2682227861660067e-05
35.0,-29.0,2.8421025035640923e-06
35.0,-28.0,3.6738283597514965e-06
35.0,-27.0,1.5959045640556724e-06
35.0,-26.0,1.2586505135914194e-06
35.0,-25.0,1.6827023046062095e-06
35.0,-24.0,1.0145024589292007e-06
35.0,-23.0,4.362025549653481e-07
35.0,-22.0,5.82574443797057e-07
35.0,-21.0,5.228582153904426e-07
35.0,-20.0,9.891061125699707e-08
35.0,-19.0,5.277989600926958e-08
35.0,-18.0,1.5516644680246827e-07
35.0,-17.0,5.803752500810333e-08
35.0,-16.0,7.54344569031673e-08
35.0,-15.0,6.170559458951175e-07
35.0,-14.0,3.3136450383608462e-06
35.0,-13.0,0.0003010356449522078
35.0,-12.0,0.0003553779679350555
35.0,-11.0,0.0005282683414407074
35.0,-10.0,0.0085077416151762
35.0,-9.0,7.110634760465473e-05
35.0,-8.0,0.0004215602239128202
35.0,-7.0,0.0015682583907619119
35.0,-6.0,0.0002166297344956547
35.0,-5.0,0.001845771912485361
35.0,-4.0,6.791231862735003e-05
35.0,-3.0,0.000450230814749375
35.0,-2.0,0.003523810300976038
35.0,-1.0,0.00017589125491213053
